Obs,Folha,Ep_Emissao,Tipo,Planta,Sexo,Galho,Ep_Medicao,Idade,A,gs,E,PPFD,Ta,Tl,IdadeE,Estacoes,environment,period_label,WUE,iWUE,LUE,deltaT,bio_unit,time_idx
1,1,1,sombra,1,F,1,2,3,2.029,0.1773,2.1,18.9,19.595,19.365,Jov_Madura,primavera,FUS,Sep 2003,0.9661904761904762,11.443880428652001,0.10735449735449736,-0.23000000000000043,1_1,3
2,1,1,sombra,1,F,1,3,5,7.12925,0.19047000000000003,2.115,388.075,28.1225,27.645,Jov_Madura,primavera,FUS,Nov 2003,3.37080378250591,37.429778967816446,0.018370804612510467,-0.47749999999999915,1_1,5
3,1,1,sombra,1,F,1,4,7,0.626425,0.07305,1.175,6.88825,25.86,25.4275,Madura,verao,FUS,Jan 2004,0.5331276595744681,8.575290896646132,0.09094109534351975,-0.432500000000001,1_1,7
4,1,1,sombra,1,F,1,5,9,1.2203,0.0835,2.4,18.82,27.7833,27.2067,Madura,outono,FUS,Mar 2004,0.5084583333333333,14.614371257485029,0.06484059511158342,-0.5765999999999991,1_1,9
5,2,1,sombra,1,F,3,2,3,1.435,0.09025000000000001,1.275,23.0275,20.295,20.035,Jov_Madura,primavera,FUS,Sep 2003,1.1254901960784316,15.900277008310248,0.06231679513625014,-0.26000000000000156,1_1,3
6,2,1,sombra,1,F,3,3,5,11.3525,0.14265,2.0125,381.25,28.1575,28.1025,Jov_Madura,primavera,FUS,Nov 2003,5.640993788819875,79.58289519803715,0.029777049180327867,-0.054999999999999716,1_1,5
7,3,1,sombra,2,M,2,2,3,1.16905,0.08945,1.425,6.1085,20.485,20.285,Jov_Madura,primavera,FUS,Sep 2003,0.8203859649122807,13.06931246506428,0.1913808627322583,-0.1999999999999993,2_1,3
8,3,1,sombra,2,M,2,3,5,7.3515,0.200703,1.99,88.4025,28.2225,27.9325,Jov_Madura,primavera,FUS,Nov 2003,3.694221105527638,36.62874994394703,0.08315941291253075,-0.28999999999999915,2_1,5
9,3,1,sombra,2,M,2,4,7,1.5785,0.16603199999999999,2.1,25.295,26.045,25.3725,Madura,verao,FUS,Jan 2004,0.7516666666666666,9.507203430663969,0.062403637082427355,-0.672500000000003,2_1,7
10,3,1,sombra,2,M,2,5,9,0.817233,0.19536699999999999,4.26667,6.96767,27.33,26.7333,Madura,outono,FUS,Mar 2004,0.19153883473528535,4.183065717342233,0.11728928034766285,-0.5966999999999985,2_1,9
11,4,1,sombra,2,M,3,2,3,1.37325,0.073475,1.05,16.7775,20.85,20.495,Jov_Madura,primavera,FUS,Sep 2003,1.3078571428571428,18.69003062266077,0.08185069289226643,-0.3550000000000004,2_1,3
12,4,1,sombra,2,M,3,3,5,1.09358,0.19086,1.93,25.235,27.8775,27.1075,Jov_Madura,primavera,FUS,Nov 2003,0.5666217616580311,5.729749554647386,0.04333584307509412,-0.7699999999999996,2_1,5
13,4,1,sombra,2,M,3,4,7,4.5135,0.177642,2.2925,32.6725,26.11,25.48,Madura,verao,FUS,Jan 2004,1.9688113413304251,25.40784273989259,0.13814369882929067,-0.629999999999999,2_1,7
14,4,1,sombra,2,M,3,5,9,1.62775,0.114375,3.65,33.395,30.18,29.905,Madura,outono,FUS,Mar 2004,0.44595890410958905,14.231693989071038,0.04874232669561311,-0.2749999999999986,2_1,9
15,4,1,sombra,2,M,3,6,11,1.4235,0.279125,1.6,22.075,20.655,20.245,Madura,inverno,FUS,May 2004,0.8896875,5.0998656515897896,0.06448471121177803,-0.41000000000000014,2_1,11
17,6,1,sombra,4,F,1,2,3,5.2275,0.09330000000000001,1.975,57.7,23.085,24.925,Jov_Madura,primavera,FUS,Sep 2003,2.6468354430379746,56.02893890675241,0.09059792027729635,1.8399999999999999,4_1,3
18,6,1,sombra,4,F,1,3,5,1.4535,0.21450000000000002,2.01187,14.145,31.3125,30.1575,Jov_Madura,primavera,FUS,Nov 2003,0.722462186920626,6.776223776223776,0.10275715800636268,-1.1550000000000011,4_1,5
19,6,1,sombra,4,F,1,4,7,2.22725,0.167994,2.4675,27.655,28.1275,27.2075,Madura,verao,FUS,Jan 2004,0.9026342451874368,13.257913973118088,0.08053697342252758,-0.9200000000000017,4_1,7
20,6,1,sombra,4,F,1,5,9,1.42632,0.22865000000000002,5.575,6.2255,26.7775,26.5,Madura,outono,FUS,Mar 2004,0.2558421524663677,6.238005685545593,0.22910930848927796,-0.27749999999999986,4_1,9
21,7,1,sombra,4,F,2,2,3,2.9947500000000002,0.100225,1.9,29.935,24.175,23.835,Jov_Madura,primavera,FUS,Sep 2003,1.576184210526316,29.88026939386381,0.10004175714047103,-0.33999999999999986,4_1,3
22,7,1,sombra,4,F,2,3,5,4.378,0.23072499999999999,1.42,11.3022,29.485,28.4775,Jov_Madura,primavera,FUS,Nov 2003,3.083098591549296,18.97497020262217,0.38735821344517,-1.0075000000000003,4_1,5
23,7,1,sombra,4,F,2,4,7,0.3889,0.119448,2.45,6.045,27.46,26.93,Madura,verao,FUS,Jan 2004,0.15873469387755101,3.255810059607528,0.06433416046319272,-0.5300000000000011,4_1,7
24,7,1,sombra,4,F,2,5,9,0.48050000000000004,0.212367,5.36667,6.32433,28.38,27.61,Madura,outono,FUS,Mar 2004,0.08953410587943735,2.26259258736056,0.0759764275425223,-0.7699999999999996,4_1,9
25,7,1,sombra,4,F,2,6,11,0.2756,0.23315000000000002,0.905,9.52175,20.5275,20.155,Madura,inverno,FUS,May 2004,0.3045303867403315,1.1820716277074843,0.028944259196051144,-0.3724999999999987,4_1,11
26,7,1,sombra,4,F,2,7,13,0.5323,0.19847499999999998,2.0,11.1278,21.9175,21.5525,Velha,inverno,FUS,Jul 2004,0.26615,2.681949867741529,0.04783515160229335,-0.365000000000002,4_1,13
27,7,1,sombra,4,F,2,8,15,5.747,0.12115000000000001,2.125,29.8475,21.95,21.215,Velha,primavera,FUS,Sep 2004,2.704470588235294,47.43706149401568,0.19254543931652568,-0.7349999999999994,4_1,15
28,8,1,sombra,4,F,3,2,3,2.584,0.1255,2.15,43.0625,23.64,22.935,Jov_Madura,primavera,FUS,Sep 2003,1.2018604651162792,20.589641434262948,0.06000580551523948,-0.7050000000000018,4_1,3
29,8,1,sombra,4,F,3,3,5,8.3155,0.163825,1.6475,45.93,30.0925,30.9925,Jov_Madura,primavera,FUS,Nov 2003,5.047344461305007,50.758431252861286,0.18104724580883955,0.8999999999999986,4_1,5
30,8,1,sombra,4,F,3,4,7,1.0175,0.16833599999999999,2.52,15.86,28.4175,27.775,Madura,verao,FUS,Jan 2004,0.4037698412698413,6.044458701644332,0.06415510718789408,-0.6425000000000018,4_1,7
31,8,1,sombra,4,F,3,5,9,0.3698,0.20700000000000002,5.6,6.042,28.32,27.74,Madura,outono,FUS,Mar 2004,0.0660357142857143,1.7864734299516907,0.06120489904005297,-0.5800000000000018,4_1,9
32,8,1,sombra,4,F,3,6,11,1.4605000000000001,0.146,1.3,23.605,20.295,20.025,Madura,inverno,FUS,May 2004,1.1234615384615385,10.003424657534248,0.0618724846430841,-0.2700000000000031,4_1,11
33,9,1,sombra,5,M,1,2,3,3.4325,0.133275,3.0,100.335,26.545,25.765,Jov_Madura,primavera,FUS,Sep 2003,1.1441666666666668,25.75501782029638,0.03421039517615987,-0.7800000000000011,5_1,3
34,9,1,sombra,5,M,1,3,5,7.22975,0.196875,2.665,226.872,31.4275,32.3625,Jov_Madura,primavera,FUS,Nov 2003,2.7128517823639773,36.72253968253968,0.03186708804964914,0.9349999999999987,5_1,5
35,9,1,sombra,5,M,1,4,7,1.946,0.201734,2.425,26.5975,28.5525,27.3325,Madura,verao,FUS,Jan 2004,0.8024742268041237,9.646366006721722,0.07316477112510573,-1.2199999999999989,5_1,7
36,9,1,sombra,5,M,1,5,9,0.38020000000000004,0.1439,3.45,8.8865,27.355,27.06,Madura,outono,FUS,Mar 2004,0.11020289855072464,2.6421125781792916,0.04278399819951612,-0.2950000000000017,5_1,9
37,9,1,sombra,5,M,1,6,11,1.53125,0.11825000000000001,1.0,27.02,20.49,20.12,Madura,inverno,FUS,May 2004,1.53125,12.949260042283298,0.05667098445595855,-0.36999999999999744,5_1,11
38,9,1,sombra,5,M,1,7,13,2.255,0.2566,2.0,42.9125,21.08,20.6975,Velha,inverno,FUS,Jul 2004,1.1275,8.787996882307093,0.05254879114477133,-0.38249999999999673,5_1,13
39,9,1,sombra,5,M,1,8,15,1.51075,0.1303,2.575,26.6875,23.315,22.295,Velha,primavera,FUS,Sep 2004,0.5866990291262135,11.594397544128933,0.05660889929742389,-1.0199999999999996,5_1,15
40,10,1,sombra,11,M,1,2,3,3.04575,0.176025,3.925,76.125,26.55,25.76,Jov_Madura,primavera,FUS,Sep 2003,0.7759872611464969,17.30293992330635,0.04000985221674877,-0.7899999999999991,11_1,3
41,10,1,sombra,11,M,1,3,5,2.996,0.17782499999999998,2.055,16.7725,26.8725,27.0975,Jov_Madura,primavera,FUS,Nov 2003,1.4579075425790753,16.84802474342753,0.17862572663586226,0.22500000000000142,11_1,5
42,10,1,sombra,11,M,1,4,7,1.851,0.292626,3.64,35.21,27.405,26.545,Madura,verao,FUS,Jan 2004,0.5085164835164835,6.325480305919501,0.052570292530531096,-0.8599999999999994,11_1,7
43,10,1,sombra,11,M,1,5,9,0.941033,0.23813299999999998,1.9,140.24,27.1133,26.7733,Madura,outono,FUS,Mar 2004,0.4952805263157895,3.9517118584992423,0.006710161152310325,-0.33999999999999986,11_1,9
44,10,1,sombra,11,M,1,6,11,1.6825,0.1187,0.2,19.34,19.08,18.53,Madura,inverno,FUS,May 2004,8.4125,14.174389216512216,0.08699586349534644,-0.5499999999999972,11_1,11
45,10,1,sombra,11,M,1,7,13,1.1484,0.023,0.1,146.125,5.9055,6.00075,Velha,inverno,FUS,Jul 2004,11.484,49.9304347826087,0.007859024807527802,0.09525000000000006,11_1,13
46,10,1,sombra,11,M,1,8,15,1.0348,0.196825,3.75,14.5075,23.01,22.31,Velha,primavera,FUS,Sep 2004,0.2759466666666667,5.257462212625429,0.07132862312596933,-0.7000000000000028,11_1,15
47,11,1,sombra,11,M,2,2,3,6.8335,0.17225000000000001,3.25,28.27,25.37,25.655,Jov_Madura,primavera,FUS,Sep 2003,2.1026153846153846,39.67198838896952,0.24172267421294658,0.28500000000000014,11_1,3
48,11,1,sombra,11,M,2,3,5,2.7165,0.213525,1.5535,21.075,27.075,26.165,Jov_Madura,primavera,FUS,Nov 2003,1.7486321210170581,12.72216368106779,0.1288967971530249,-0.9100000000000001,11_1,5
49,11,1,sombra,11,M,2,4,7,1.2325,0.15565,2.1375,22.152,27.658,26.525,Madura,verao,FUS,Jan 2004,0.5766081871345028,7.918406681657564,0.05563831708197905,-1.1330000000000027,11_1,7
50,11,1,sombra,11,M,2,5,9,0.2404,0.19563699999999998,2.44375,7.557,27.7275,27.1625,Madura,outono,FUS,Mar 2004,0.09837340153452685,1.2288064118750546,0.03181156543601958,-0.5649999999999977,11_1,9
51,12,1,sombra,12,M,1,2,3,0.637775,0.14935,2.925,25.9875,24.235,23.695,Jov_Madura,primavera,FUS,Sep 2003,0.21804273504273505,4.2703381319049205,0.02454160654160654,-0.5399999999999991,12_1,3
52,12,1,sombra,12,M,1,3,5,0.930875,0.180175,2.08,11.8757,27.6425,27.0075,Jov_Madura,primavera,FUS,Nov 2003,0.4475360576923077,5.166504787012626,0.078384853103396,-0.634999999999998,12_1,5
53,12,1,sombra,12,M,1,4,7,1.8325,0.1605,2.525,25.435,28.785,27.985,Madura,verao,FUS,Jan 2004,0.7257425742574257,11.417445482866043,0.0720463927658738,-0.8000000000000007,12_1,7
54,12,1,sombra,12,M,1,5,9,0.0499,0.12706199999999998,1.2625,6.042,29.13,28.46,Madura,outono,FUS,Mar 2004,0.039524752475247525,0.39272166343989556,0.00825885468387951,-0.6699999999999982,12_1,9
55,12,1,sombra,12,M,1,6,11,4.71375,0.186325,0.9,16.6225,19.015,18.41,Madura,inverno,FUS,May 2004,5.2375,25.298537501677178,0.28357647766581445,-0.6050000000000004,12_1,11
56,12,1,sombra,12,M,1,7,13,2.0415,0.094375,0.25,354.875,8.82125,8.918,Velha,inverno,FUS,Jul 2004,8.166,21.631788079470198,0.0057527298344487495,0.09675000000000011,12_1,13
57,12,1,sombra,12,M,1,8,15,2.3155,0.074575,1.825,17.5375,24.0225,24.03,Velha,primavera,FUS,Sep 2004,1.2687671232876714,31.04927924907811,0.13203136136849608,0.007500000000000284,12_1,15
58,13,1,sombra,12,M,2,2,3,1.2505,0.121025,2.675,30.7975,24.5,24.07,Jov_Madura,primavera,FUS,Sep 2003,0.4674766355140187,10.332575914067341,0.04060394512541602,-0.4299999999999997,12_1,3
59,13,1,sombra,12,M,2,3,5,5.173,0.217275,1.5475,300.075,27.9,27.3575,Jov_Madura,primavera,FUS,Nov 2003,3.34281098546042,23.808537567598666,0.017239023577438974,-0.5424999999999969,12_1,5
60,13,1,sombra,12,M,2,4,7,2.255,0.20355,2.955,78.325,29.255,28.4225,Madura,verao,FUS,Jan 2004,0.7631133671742808,11.078359125521985,0.02879029684008937,-0.8324999999999996,12_1,7
61,13,1,sombra,12,M,2,5,9,0.2258,0.48635000000000006,7.85,6.045,29.6,29.46,Madura,outono,FUS,Mar 2004,0.028764331210191084,0.46427469929063425,0.037353184449958644,-0.14000000000000057,12_1,9
62,13,1,sombra,12,M,2,6,11,0.452567,0.08493,0.8,28.7433,19.3867,18.9067,Madura,inverno,FUS,May 2004,0.56570875,5.328705993170846,0.01574513016946558,-0.4800000000000004,12_1,11
63,13,1,sombra,12,M,2,7,13,2.0855,0.058374999999999996,0.525,41.5745,9.6905,9.78725,Velha,inverno,FUS,Jul 2004,3.9723809523809526,35.725910064239834,0.05016296046855645,0.09675000000000011,12_1,13
64,13,1,sombra,12,M,2,8,15,0.19540000000000002,0.0991333,2.16667,4.393,27.2333,26.5833,Velha,primavera,FUS,Sep 2004,0.09018447663926672,1.9710833796514393,0.044479854313680865,-0.6499999999999986,12_1,15
65,14,1,sombra,13,M,1,2,3,2.94,0.23402499999999998,3.475,773.325,24.11,23.55,Jov_Madura,primavera,FUS,Sep 2003,0.8460431654676258,12.562760388847346,0.0038017651052274265,-0.5599999999999987,13_1,3
66,14,1,sombra,13,M,1,3,5,6.32675,0.215825,2.38,186.325,28.18,27.58,Jov_Madura,primavera,FUS,Nov 2003,2.658298319327731,29.31425923780841,0.03395545417952502,-0.6000000000000014,13_1,5
67,14,1,sombra,13,M,1,4,7,0.842325,0.1976,2.13125,14.955,30.515,29.545,Madura,verao,FUS,Jan 2004,0.39522580645161287,4.262778340080971,0.05632397191574724,-0.9699999999999989,13_1,7
68,14,1,sombra,13,M,1,5,9,0.328233,0.18500799999999998,3.16667,71.7267,29.9533,29.6133,Madura,outono,FUS,Mar 2004,0.10365241720798189,1.7741557121854192,0.004576162014981869,-0.33999999999999986,13_1,9
69,14,1,sombra,13,M,1,6,11,0.1605,0.16345,1.9,1.36042,19.1025,18.735,Madura,inverno,FUS,May 2004,0.08447368421052633,0.9819516671765065,0.11797827141618031,-0.3674999999999997,13_1,11
70,14,1,sombra,13,M,1,7,13,0.23665000000000003,0.05675,0.45,7.016,9.105,9.201,Velha,inverno,FUS,Jul 2004,0.525888888888889,4.170044052863436,0.03373004561003421,0.09600000000000009,13_1,13
71,14,1,sombra,13,M,1,8,15,0.5084500000000001,0.113175,2.675,11.725,26.88,26.665,Velha,primavera,FUS,Sep 2004,0.19007476635514023,4.492599955820633,0.04336460554371003,-0.21499999999999986,13_1,15
72,15,2,sombra,1,F,1,2,1,0.554175,0.13905,1.925,44.18,20.63,20.24,Jovem,primavera,FUS,Sep 2003,0.28788311688311685,3.9854368932038833,0.012543571751923947,-0.39000000000000057,1_2,3
73,15,2,sombra,1,F,1,3,3,1.6054300000000001,0.350118,1.88,239.675,27.8925,26.82,Jov_Madura,primavera,FUS,Nov 2003,0.8539521276595746,4.585396923322994,0.006698362365703557,-1.072499999999998,1_2,5
74,15,2,sombra,1,F,1,4,5,0.745475,0.10795,1.425,4.56425,25.5075,25.1625,Jov_Madura,verao,FUS,Jan 2004,0.523140350877193,6.905743399722093,0.1633291340307827,-0.34499999999999886,1_2,7
75,15,2,sombra,1,F,1,5,7,0.934133,0.1394,3.46667,20.1867,25.9767,25.25,Madura,outono,FUS,Mar 2004,0.26946118321040075,6.70109756097561,0.046274675900469124,-0.726700000000001,1_2,9
76,15,2,sombra,1,F,1,6,9,0.6352,0.0683,1.075,4.836,18.91,18.52,Madura,inverno,FUS,May 2004,0.5908837209302326,9.300146412884335,0.13134822167080232,-0.39000000000000057,1_2,11
77,15,2,sombra,1,F,1,7,11,1.06195,0.15917499999999998,1.3,17.72,18.3325,18.3075,Madura,inverno,FUS,Jul 2004,0.8168846153846153,6.671587874980368,0.05992945823927765,-0.02499999999999858,1_2,13
78,15,2,sombra,1,F,1,8,13,0.6557000000000001,0.11412499999999999,1.775,6.589,20.14,19.065,Velha,primavera,FUS,Sep 2004,0.3694084507042254,5.745454545454546,0.09951434208529368,-1.0749999999999993,1_2,15
79,15,2,sombra,1,F,1,9,15,2.3075,0.1831,2.725,21.4,22.18,21.46,Velha,primavera,FUS,Nov 2004,0.846788990825688,12.602403058438012,0.10782710280373833,-0.7199999999999989,1_2,17
80,15,2,sombra,1,F,1,10,17,0.145275,0.117575,1.35,4.98675,26.2375,25.8075,Velha,verao,FUS,Jan 2005,0.10761111111111109,1.2355943015096746,0.029132200330876823,-0.4299999999999997,1_2,19
81,15,2,sombra,1,F,1,11,19,1.00017,0.16615000000000002,0.95,21.91,21.12,20.385,Velha,outono,FUS,Mar 2005,1.0528105263157894,6.019681011134517,0.045649018712916475,-0.7349999999999994,1_2,21
82,15,2,sombra,1,F,1,12,21,0.21685000000000001,0.062775,0.475,6.693,23.48,23.155,Velha,inverno,FUS,May 2005,0.4565263157894737,3.4544006371963367,0.03239952188854027,-0.3249999999999993,1_2,23
83,16,2,sombra,1,F,2,2,1,1.1592500000000001,0.17950000000000002,2.3,37.375,20.6625,20.0675,Jovem,primavera,FUS,Sep 2003,0.5040217391304349,6.458217270194986,0.031016722408026758,-0.5950000000000024,1_2,3
84,16,2,sombra,1,F,2,3,3,3.7905,0.19031,3.1125,51.235,28.2275,27.73,Jov_Madura,primavera,FUS,Nov 2003,1.217831325301205,19.91750302138616,0.07398262906216455,-0.4974999999999987,1_2,5
85,16,2,sombra,1,F,2,4,5,1.4185,0.113525,1.5375,22.6025,25.8325,25.33,Jov_Madura,verao,FUS,Jan 2004,0.9226016260162602,12.495045144241358,0.06275854440880434,-0.5025000000000013,1_2,7
86,16,2,sombra,1,F,2,5,7,1.91633,0.2167,4.33333,32.16,26.7233,25.8567,Madura,outono,FUS,Mar 2004,0.44223034017718477,8.843239501615136,0.05958737562189056,-0.8665999999999983,1_2,9
87,16,2,sombra,1,F,2,6,9,0.45935000000000004,0.088575,1.425,3.87075,18.92,18.255,Madura,inverno,FUS,May 2004,0.3223508771929825,5.1860005644933675,0.11867209197184009,-0.6650000000000027,1_2,11
88,16,2,sombra,1,F,2,7,11,2.321,0.148675,1.15,6.19925,20.28,19.965,Madura,inverno,FUS,Jul 2004,2.0182608695652178,15.611232554229025,0.37440012904786873,-0.3150000000000013,1_2,13
89,16,2,sombra,1,F,2,8,13,1.5385,0.11057499999999999,1.8,7.5605,20.745,19.895,Velha,primavera,FUS,Sep 2004,0.8547222222222222,13.913633280578793,0.20349183255075723,-0.8500000000000014,1_2,15
90,16,2,sombra,1,F,2,9,15,1.52225,0.116425,1.925,21.52,22.1075,21.405,Velha,primavera,FUS,Nov 2004,0.7907792207792208,13.07494094910887,0.07073652416356878,-0.7025000000000006,1_2,17
91,17,2,sombra,2,M,1,2,1,1.4655,0.0847,1.125,31.7975,20.135,19.91,Jovem,primavera,FUS,Sep 2003,1.3026666666666666,17.302243211334122,0.046088528972403495,-0.22500000000000142,2_2,3
92,17,2,sombra,2,M,1,3,3,4.9005,0.125275,1.7625,824.2,28.915,29.79,Jov_Madura,primavera,FUS,Nov 2003,2.7804255319148936,39.11794053083217,0.0059457655908760005,0.875,2_2,5
93,17,2,sombra,2,M,1,4,5,1.322,0.182718,2.4325,27.6425,26.0425,25.595,Jov_Madura,verao,FUS,Jan 2004,0.5434737923946557,7.235193029696035,0.04782490729854391,-0.44750000000000156,2_2,7
94,18,2,sombra,2,M,2,2,1,0.8418249999999999,0.0839,1.175,36.2675,19.88,19.63,Jovem,primavera,FUS,Sep 2003,0.7164468085106382,10.033671036948748,0.02321155304335838,-0.25,2_2,3
95,18,2,sombra,2,M,2,4,5,0.7410749999999999,0.078156,1.3475,10.4263,26.3625,26.26,Jov_Madura,verao,FUS,Jan 2004,0.5499628942486086,9.481997543374787,0.07107746755800236,-0.10249999999999915,2_2,7
96,18,2,sombra,2,M,2,5,7,2.06675,0.158375,3.85,27.8075,27.1175,26.5625,Madura,outono,FUS,Mar 2004,0.5368181818181817,13.049723756906078,0.07432347388294525,-0.5549999999999997,2_2,9
97,18,2,sombra,2,M,2,6,9,2.30775,0.18530000000000002,1.2,35.3825,19.9875,19.3075,Madura,inverno,FUS,May 2004,1.923125,12.45412844036697,0.0652229209354907,-0.6799999999999997,2_2,11
98,18,2,sombra,2,M,2,7,11,1.53475,0.09855000000000001,0.775,30.8875,19.9425,19.6725,Madura,inverno,FUS,Jul 2004,1.9803225806451612,15.573313039066463,0.04968838526912182,-0.2699999999999996,2_2,13
99,18,2,sombra,2,M,2,8,13,2.52875,0.13067499999999999,2.375,58.9725,21.7075,21.115,Velha,primavera,FUS,Sep 2004,1.0647368421052632,19.3514444231873,0.04288015600491755,-0.5925000000000011,2_2,15
100,18,2,sombra,2,M,2,9,15,1.65525,0.15065,2.15,26.445,22.4325,21.5625,Velha,primavera,FUS,Nov 2004,0.7698837209302326,10.987387985396614,0.06259217243335224,-0.870000000000001,2_2,17
101,18,2,sombra,2,M,2,10,17,0.46245,0.0623,0.8,13.6875,27.4625,27.1075,Velha,verao,FUS,Jan 2005,0.5780625,7.422953451043339,0.03378630136986301,-0.3549999999999969,2_2,19
102,18,2,sombra,2,M,2,11,19,1.37785,0.168875,1.025,30.45,21.57,20.8725,Velha,outono,FUS,Mar 2005,1.3442439024390245,8.15899333826795,0.0452495894909688,-0.6975000000000016,2_2,21
103,18,2,sombra,2,M,2,12,21,2.117,0.266275,0.8,57.11,21.01,19.99,Velha,inverno,FUS,May 2005,2.6462499999999998,7.950427189935218,0.037068814568376816,-1.0200000000000031,2_2,23
104,19,2,sombra,2,M,3,2,1,0.8378,0.12332499999999999,1.725,36.0725,20.425,20.1,Jovem,primavera,FUS,Sep 2003,0.48568115942028983,6.793431988647882,0.02322544874904706,-0.3249999999999993,2_2,3
105,19,2,sombra,2,M,3,3,3,5.18175,0.179562,1.0375,867.05,28.055,28.255,Jov_Madura,primavera,FUS,Nov 2003,4.994457831325301,28.85772045310255,0.005976298944697538,0.1999999999999993,2_2,5
106,19,2,sombra,2,M,3,5,7,2.2665,0.21205000000000002,5.5,19.1928,29.2825,28.5625,Madura,outono,FUS,Mar 2004,0.4120909090909091,10.688516859231314,0.11809115918469427,-0.7199999999999989,2_2,9
107,19,2,sombra,2,M,3,6,9,2.317,0.17555,1.3,19.07,20.4275,20.01,Madura,inverno,FUS,May 2004,1.7823076923076924,13.1985189404728,0.12149973780807552,-0.4174999999999969,2_2,11
108,19,2,sombra,2,M,3,7,11,1.44232,0.15460000000000002,1.475,10.73,20.775,20.315,Madura,inverno,FUS,Jul 2004,0.9778440677966102,9.329366106080206,0.13441938490214353,-0.4599999999999973,2_2,13
109,19,2,sombra,2,M,3,8,13,5.42075,0.103225,2.175,199.055,23.9275,23.3,Velha,primavera,FUS,Sep 2004,2.492298850574713,52.51392589004602,0.027232423199618196,-0.6274999999999977,2_2,15
110,19,2,sombra,2,M,3,9,15,1.46275,0.100975,1.675,24.48,22.3025,21.63,Velha,primavera,FUS,Nov 2004,0.8732835820895523,14.486258974993811,0.05975285947712418,-0.6724999999999994,2_2,17
111,19,2,sombra,2,M,3,10,17,0.76565,0.056124999999999994,0.775,15.5625,28.09,27.7975,Velha,verao,FUS,Jan 2005,0.9879354838709677,13.641870824053454,0.04919839357429719,-0.2925000000000004,2_2,19
112,19,2,sombra,2,M,3,11,19,0.0705667,0.056766699999999996,0.5666669999999999,0.926767,22.96,22.3333,Velha,outono,FUS,Mar 2005,,,,-0.6266999999999996,2_2,21
113,19,2,sombra,2,M,3,12,21,1.06358,0.6968249999999999,2.625,26.7775,22.185,21.665,Velha,inverno,FUS,May 2005,0.40517333333333333,1.5263229648764038,0.03971916721127813,-0.5199999999999996,2_2,23
114,20,2,sombra,3,F,1,2,1,0.044175,0.11322499999999999,1.75,25.995,21.255,20.875,Jovem,primavera,FUS,Sep 2003,0.025242857142857143,0.3901523515124752,0.0016993652625504905,-0.379999999999999,3_2,3
115,20,2,sombra,3,F,1,3,3,4.666,0.13122499999999998,1.7625,299.975,28.325,28.235,Jov_Madura,primavera,FUS,Nov 2003,2.647375886524823,35.557248999809495,0.015554629552462704,-0.08999999999999986,3_2,5
116,20,2,sombra,3,F,1,5,7,1.4562,0.18535000000000001,4.9,44.945,29.32,28.85,Madura,outono,FUS,Mar 2004,0.29718367346938773,7.856487725923927,0.03239959951051285,-0.46999999999999886,3_2,9
117,20,2,sombra,3,F,1,6,9,1.682,0.11867499999999999,1.3,24.935,19.3225,18.9575,Madura,inverno,FUS,May 2004,1.2938461538461536,14.17316199705077,0.06745538399839583,-0.365000000000002,3_2,11
118,20,2,sombra,3,F,1,7,11,4.3895,0.53485,3.85,20.0975,19.4775,19.315,Madura,inverno,FUS,Jul 2004,1.14012987012987,8.206973917920912,0.2184102500310984,-0.16249999999999787,3_2,13
119,20,2,sombra,3,F,1,8,13,2.1725,0.083975,1.55,14.93,21.6125,20.955,Velha,primavera,FUS,Sep 2004,1.4016129032258062,25.870794879428402,0.1455123911587408,-0.6575000000000024,3_2,15
121,22,2,sombra,4,F,1,2,1,4.00425,0.0966,2.175,887.975,24.66,25.655,Jovem,primavera,FUS,Sep 2003,1.8410344827586207,41.451863354037265,0.004509417494861905,0.995000000000001,4_2,3
122,22,2,sombra,4,F,1,3,3,1.6895,0.21992499999999998,1.525,680.925,29.68,29.0175,Jov_Madura,primavera,FUS,Nov 2003,1.1078688524590166,7.682164374218484,0.0024811836839593203,-0.6625000000000014,4_2,5
123,22,2,sombra,4,F,1,4,5,1.1184,0.17982,2.9925,15.715,27.12,26.665,Jov_Madura,verao,FUS,Jan 2004,0.373734335839599,6.219552886219553,0.07116767419662744,-0.45500000000000185,4_2,7
124,22,2,sombra,4,F,1,5,7,0.9428500000000001,0.18025000000000002,3.725,7.64725,26.54,25.705,Madura,outono,FUS,Mar 2004,0.25311409395973156,5.230790568654646,0.1232926869135964,-0.8350000000000009,4_2,9
125,22,2,sombra,4,F,1,6,9,0.38887499999999997,0.15795,1.2,4.5945,20.535,19.935,Madura,inverno,FUS,May 2004,0.3240625,2.4620132953466283,0.08463924257264119,-0.6000000000000014,4_2,11
126,22,2,sombra,4,F,1,7,11,1.379,0.13745000000000002,1.275,19.705,21.135,20.6625,Madura,inverno,FUS,Jul 2004,1.0815686274509804,10.032739177882865,0.0699822380106572,-0.47250000000000014,4_2,13
127,22,2,sombra,4,F,1,8,13,2.15725,0.12085000000000001,2.2,13.2375,23.0175,21.625,Velha,primavera,FUS,Sep 2004,0.9805681818181817,17.85064129085643,0.1629650613786591,-1.3924999999999983,4_2,15
128,22,2,sombra,4,F,1,9,15,0.53825,0.0632,1.6,7.402,26.3825,25.8825,Velha,primavera,FUS,Nov 2004,0.33640624999999996,8.516613924050633,0.07271683328830046,-0.5,4_2,17
129,22,2,sombra,4,F,1,10,17,0.502033,0.053700000000000005,0.733333,4.08075,28.4025,27.98,Velha,verao,FUS,Jan 2005,0.6845907657230752,9.348845437616385,0.12302468908901548,-0.42249999999999943,4_2,19
130,22,2,sombra,4,F,1,11,19,0.425425,0.11355000000000001,0.575,8.3125,20.5025,20.2725,Velha,outono,FUS,Mar 2005,0.7398695652173913,3.7465874064288855,0.05117894736842105,-0.23000000000000043,4_2,21
131,22,2,sombra,4,F,1,12,21,0.3423,0.070875,0.5,10.6975,23.33,22.83,Velha,inverno,FUS,May 2005,0.6846,4.82962962962963,0.03199813040430007,-0.5,4_2,23
132,23,2,sombra,4,F,2,5,7,3.5215,0.295025,7.15,10.7285,29.0675,28.49,Madura,outono,FUS,Mar 2004,0.4925174825174825,11.936276586729939,0.32823787109101926,-0.5775000000000006,4_2,9
133,23,2,sombra,4,F,2,6,9,0.73165,0.11520000000000001,0.95,6.411,20.6225,20.1675,Madura,inverno,FUS,May 2004,0.7701578947368422,6.351128472222221,0.11412416159725473,-0.4549999999999983,4_2,11
134,23,2,sombra,4,F,2,7,11,1.421,0.124,1.175,13.87,21.16,20.72,Madura,inverno,FUS,Jul 2004,1.2093617021276595,11.45967741935484,0.10245133381398704,-0.4400000000000013,4_2,13
135,23,2,sombra,4,F,2,8,13,0.673175,0.092375,1.8,16.8652,22.9675,21.9975,Velha,primavera,FUS,Sep 2004,0.3739861111111111,7.287415426251691,0.03991503213718189,-0.9700000000000024,4_2,15
136,23,2,sombra,4,F,2,9,15,0.831025,0.0442,1.275,7.79475,27.975,27.4425,Velha,primavera,FUS,Nov 2004,0.6517843137254903,18.801470588235293,0.10661342570319768,-0.5325000000000024,4_2,17
137,23,2,sombra,4,F,2,10,17,0.528525,0.0488,0.675,5.95475,28.495,27.86,Velha,verao,FUS,Jan 2005,0.783,10.830430327868852,0.088756874763844,-0.6350000000000016,4_2,19
138,23,2,sombra,4,F,2,11,19,0.226767,0.09116669999999999,0.833333,6.569,22.58,22.0533,Velha,outono,FUS,Mar 2005,0.27212050884820355,2.487388487243698,0.034520779418480745,-0.5266999999999982,4_2,21
139,23,2,sombra,4,F,2,12,21,-0.18285,0.112,2.325,1.874,19.76,18.385,Velha,inverno,FUS,May 2005,,,,-1.375,4_2,23
140,24,2,sombra,4,F,3,2,1,0.7091000000000001,0.1704,2.825,79.9875,23.565,22.715,Jovem,primavera,FUS,Sep 2003,0.2510088495575221,4.161384976525822,0.008865135177371466,-0.8500000000000014,4_2,3
141,24,2,sombra,4,F,3,3,3,3.14825,0.21280000000000002,3.305,1500.0,30.87,32.5725,Jov_Madura,primavera,FUS,Nov 2003,0.952571860816944,14.79440789473684,0.002098833333333333,1.702499999999997,4_2,5
142,24,2,sombra,4,F,3,4,5,3.6035,0.12897,2.275,39.0195,27.8925,27.7525,Jov_Madura,verao,FUS,Jan 2004,1.583956043956044,27.940606342560283,0.09235126026730224,-0.13999999999999702,4_2,7
143,24,2,sombra,4,F,3,5,7,0.6704249999999999,0.14775000000000002,3.5,28.8805,28.4425,27.66,Madura,outono,FUS,Mar 2004,0.19154999999999997,4.5375634517766485,0.023213760149581895,-0.7824999999999989,4_2,9
144,24,2,sombra,4,F,3,6,9,0.9434500000000001,0.1386,1.0,5.4105,20.255,19.7075,Madura,inverno,FUS,May 2004,0.9434500000000001,6.806998556998558,0.17437390259680255,-0.5474999999999994,4_2,11
145,24,2,sombra,4,F,3,7,11,2.5775,0.24487499999999998,1.975,40.1575,20.755,20.4725,Madura,inverno,FUS,Jul 2004,1.3050632911392406,10.525778458397143,0.06418477245844488,-0.28249999999999886,4_2,13
146,24,2,sombra,4,F,3,8,13,2.33113,0.237425,5.225,10.9397,23.3825,23.07,Velha,primavera,FUS,Sep 2004,0.44614928229665074,9.81838475307992,0.2130890243790963,-0.3125,4_2,15
147,24,2,sombra,4,F,3,9,15,0.38665000000000005,0.036574999999999996,1.0,1.5715000000000001,26.6425,25.84,Velha,primavera,FUS,Nov 2004,0.38665000000000005,10.571428571428573,0.24603881641743558,-0.8024999999999984,4_2,17
148,24,2,sombra,4,F,3,10,17,0.249225,0.063875,0.875,6.7707500000000005,28.7,28.28,Velha,verao,FUS,Jan 2005,0.28482857142857143,3.901761252446184,0.03680906841930362,-0.41999999999999815,4_2,19
149,24,2,sombra,4,F,3,11,19,0.34625,0.0818,0.65,1.209,22.34,21.32,Velha,outono,FUS,Mar 2005,0.5326923076923077,4.232885085574572,0.28639371381306866,-1.0199999999999996,4_2,21
150,24,2,sombra,4,F,3,12,21,0.09970000000000001,0.06995000000000001,0.55,8.333,23.0975,22.7475,Velha,inverno,FUS,May 2005,0.18127272727272728,1.4253037884203001,0.011964478579143166,-0.3500000000000014,4_2,23
151,25,2,sombra,5,M,1,2,1,0.5788249999999999,0.149275,2.9,102.793,25.91,24.93,Jovem,primavera,FUS,Sep 2003,0.19959482758620686,3.877574945570256,0.005630976817487571,-0.9800000000000004,5_2,3
152,25,2,sombra,5,M,1,3,3,4.568,0.184,3.29375,101.555,31.8375,32.85,Jov_Madura,primavera,FUS,Nov 2003,1.3868690702087285,24.82608695652174,0.04498055241002412,1.0125000000000028,5_2,5
153,25,2,sombra,5,M,1,5,7,1.5502500000000001,0.229325,5.125,25.8075,27.57,26.925,Madura,outono,FUS,Mar 2004,0.3024878048780488,6.7600566881064,0.060069747166521366,-0.6449999999999996,5_2,9
154,25,2,sombra,5,M,1,6,9,0.835575,0.1092,0.7,33.275,20.2425,19.9575,Madura,inverno,FUS,May 2004,1.1936785714285714,7.6517857142857135,0.025111194590533435,-0.28500000000000014,5_2,11
155,25,2,sombra,5,M,1,7,11,1.3785,0.2711,1.95,40.6525,20.9,20.535,Madura,inverno,FUS,Jul 2004,0.706923076923077,5.084839542604205,0.03390935366828608,-0.36499999999999844,5_2,13
156,25,2,sombra,5,M,1,8,13,1.89775,0.146025,2.775,40.5,23.2175,22.4075,Velha,primavera,FUS,Sep 2004,0.6838738738738739,12.996062318096218,0.046858024691358025,-0.8100000000000023,5_2,15
157,25,2,sombra,5,M,1,9,15,0.646925,0.046024999999999996,1.3,8.9725,27.275,26.5125,Velha,primavera,FUS,Nov 2004,0.49763461538461534,14.055947854426943,0.07210086375034828,-0.7624999999999993,5_2,17
158,25,2,sombra,5,M,1,10,17,0.620575,0.04465,0.425,14.315,26.935,26.205,Velha,verao,FUS,Jan 2005,1.4601764705882354,13.898656215005598,0.043351379671673074,-0.7300000000000004,5_2,19
159,25,2,sombra,5,M,1,11,19,0.27402499999999996,0.066025,0.6,10.94,23.38,22.705,Velha,outono,FUS,Mar 2005,0.45670833333333327,4.150321847784929,0.025047989031078608,-0.6750000000000007,5_2,21
160,25,2,sombra,5,M,1,12,21,0.069325,0.07289000000000001,1.4,2.93175,19.8575,18.8575,Velha,inverno,FUS,May 2005,0.04951785714285714,0.9510906845932225,0.02364628634774452,-1.0,5_2,23
161,26,2,sombra,5,M,2,2,1,0.23605,0.09815,1.5,42.495,20.7,20.53,Jovem,primavera,FUS,Sep 2003,0.15736666666666668,2.404992358634743,0.005554771149547006,-0.16999999999999815,5_2,3
162,26,2,sombra,5,M,2,3,3,3.583,0.21412499999999998,2.28,312.675,29.8175,29.3575,Jov_Madura,primavera,FUS,Nov 2003,1.5714912280701756,16.733216579100993,0.011459182857599745,-0.4599999999999973,5_2,5
163,26,2,sombra,5,M,2,4,5,0.8507500000000001,0.07614,1.6275,2.65975,27.6625,27.345,Jov_Madura,verao,FUS,Jan 2004,0.5227342549923196,11.17349619122669,0.3198608891813141,-0.31750000000000256,5_2,7
164,27,2,sombra,5,M,3,2,1,0.12865000000000001,0.07985,1.25,48.605,20.855,20.6,Jovem,primavera,FUS,Sep 2003,0.10292000000000001,1.6111458985597997,0.0026468470321983338,-0.254999999999999,5_2,3
165,27,2,sombra,5,M,3,3,3,2.72175,0.163025,2.805,501.275,30.09,30.63,Jov_Madura,primavera,FUS,Nov 2003,0.9703208556149733,16.69529213310842,0.005429654381327615,0.5399999999999991,5_2,5
166,27,2,sombra,5,M,3,4,5,6.77925,0.20071799999999998,3.22,16.5,28.46,27.7975,Jov_Madura,verao,FUS,Jan 2004,2.1053571428571427,33.77499775804861,0.4108636363636364,-0.6625000000000014,5_2,7
167,28,2,sombra,6,M,1,2,1,2.0285,0.17235,4.825,646.185,27.735,29.445,Jovem,primavera,FUS,Sep 2003,0.4204145077720208,11.769654772265739,0.003139193884104398,1.7100000000000009,6_2,3
168,28,2,sombra,6,M,1,3,3,4.196,0.16725,3.13125,1089.25,30.7375,33.4175,Jov_Madura,primavera,FUS,Nov 2003,1.3400399201596804,25.088191330343793,0.003852191875143447,2.679999999999996,6_2,5
169,28,2,sombra,6,M,1,4,5,0.8256749999999999,0.19974599999999998,3.1325,24.9325,27.61,26.6875,Jov_Madura,verao,FUS,Jan 2004,0.2635833998403831,4.133624703373284,0.03311641431866038,-0.9224999999999994,6_2,7
170,28,2,sombra,6,M,1,5,7,0.917125,0.12795,1.975,89.715,24.4725,24.0525,Madura,outono,FUS,Mar 2004,0.4643670886075949,7.167838999609222,0.010222649501198238,-0.4200000000000017,6_2,9
171,28,2,sombra,6,M,1,6,9,0.58325,0.132125,1.2,10.26,20.3175,19.9325,Madura,inverno,FUS,May 2004,0.4860416666666667,4.4143803216650905,0.05684697855750488,-0.384999999999998,6_2,11
172,28,2,sombra,6,M,1,7,11,1.7385,0.170725,1.425,21.275,21.6625,21.03,Madura,inverno,FUS,Jul 2004,1.22,10.183042905256993,0.08171562867215042,-0.6325000000000003,6_2,13
173,28,2,sombra,6,M,1,8,13,1.2765,0.117225,2.1,14.4475,23.4,22.3275,Velha,primavera,FUS,Sep 2004,0.6078571428571428,10.889315419065898,0.08835438657207129,-1.072499999999998,6_2,15
174,28,2,sombra,6,M,1,9,15,0.666825,0.06375,1.675,6.7707500000000005,27.465,26.49,Velha,primavera,FUS,Nov 2004,0.3981044776119403,10.459999999999999,0.09848613521397186,-0.9750000000000014,6_2,17
175,28,2,sombra,6,M,1,10,17,0.20985,0.0678,1.0,9.4895,29.475,28.605,Velha,verao,FUS,Jan 2005,0.20985,3.095132743362832,0.02211391538015702,-0.870000000000001,6_2,19
176,28,2,sombra,6,M,1,11,19,0.150475,0.050350000000000006,0.55,3.6875,26.165,25.5625,Velha,outono,FUS,Mar 2005,0.27359090909090905,2.98857994041708,0.04080677966101695,-0.6024999999999991,6_2,21
177,28,2,sombra,6,M,1,12,21,0.317575,0.248075,0.95,2.68975,21.4075,19.9625,Velha,inverno,FUS,May 2005,0.3342894736842105,1.2801572105210117,0.11806859373547728,-1.4450000000000003,6_2,23
178,29,2,sombra,6,M,2,2,1,1.9285,0.18105000000000002,4.225,947.325,28.62,27.825,Jovem,primavera,FUS,Sep 2003,0.4564497041420119,10.651753659210163,0.002035732193281081,-0.7950000000000017,6_2,3
179,29,2,sombra,6,M,2,3,3,4.778,0.334225,2.1625,1111.0,29.8,31.2725,Jov_Madura,primavera,FUS,Nov 2003,2.2094797687861267,14.295758845089384,0.0043006300630063,1.4725000000000001,6_2,5
180,29,2,sombra,6,M,2,4,5,3.47575,0.198162,2.73,21.3375,27.8325,27.5575,Jov_Madura,verao,FUS,Jan 2004,1.2731684981684983,17.539942067601256,0.1628939660222613,-0.2749999999999986,6_2,7
181,29,2,sombra,6,M,2,5,7,0.315,0.285025,4.325,7.103,24.5375,23.9475,Madura,outono,FUS,Mar 2004,0.07283236994219652,1.1051662134900448,0.04434745882021681,-0.5899999999999999,6_2,9
182,30,2,sombra,6,M,3,2,1,3.497,0.18085,4.75,731.9,28.715,29.01,Jovem,primavera,FUS,Sep 2003,0.7362105263157894,19.336466685098145,0.00477797513321492,0.2950000000000017,6_2,3
183,30,2,sombra,6,M,3,3,3,3.51275,0.15852000000000002,2.17,1508.5,30.04,32.085,Jov_Madura,primavera,FUS,Nov 2003,1.618778801843318,22.15966439565985,0.0023286377195889957,2.0450000000000017,6_2,5
184,30,2,sombra,6,M,3,4,5,1.32,0.194274,2.905,12.875,28.0275,27.155,Jov_Madura,verao,FUS,Jan 2004,0.45438898450946646,6.794527317088236,0.1025242718446602,-0.8724999999999987,6_2,7
185,30,2,sombra,6,M,3,5,7,0.8127000000000001,0.20175,4.125,13.6575,27.295,26.475,Madura,outono,FUS,Mar 2004,0.19701818181818184,4.02825278810409,0.059505766062602966,-0.8200000000000003,6_2,9
186,30,2,sombra,6,M,3,6,9,0.9698,0.123375,1.475,20.0972,20.68,20.2725,Madura,inverno,FUS,May 2004,0.6574915254237288,7.860587639311044,0.04825547837509703,-0.40749999999999886,6_2,11
187,30,2,sombra,6,M,3,7,11,0.9507000000000001,0.21132499999999999,1.675,10.155,21.185,20.87,Madura,inverno,FUS,Jul 2004,0.5675820895522389,4.498757837454159,0.09361890694239293,-0.3149999999999977,6_2,13
188,30,2,sombra,6,M,3,8,13,0.667825,0.1308,2.55,7.9235,23.815,23.1475,Velha,primavera,FUS,Sep 2004,0.26189215686274514,5.1056957186544345,0.0842840916261753,-0.6675000000000004,6_2,15
189,30,2,sombra,6,M,3,9,15,0.9346249999999999,0.066525,1.75,8.79225,27.4325,26.725,Velha,primavera,FUS,Nov 2004,0.5340714285714285,14.04922961292747,0.10630100372487133,-0.7074999999999996,6_2,17
190,30,2,sombra,6,M,3,10,17,0.2546,0.040275,0.4,4.715,27.03,26.535,Velha,verao,FUS,Jan 2005,0.6365,6.3215394165114835,0.05399787910922588,-0.495000000000001,6_2,19
191,30,2,sombra,6,M,3,11,19,0.0702,0.07100000000000001,0.6,4.3525,22.915,22.17,Velha,outono,FUS,Mar 2005,0.117,0.9887323943661971,0.016128661688684664,-0.7449999999999974,6_2,21
192,30,2,sombra,6,M,3,12,21,0.42615000000000003,0.144025,1.0,11.4825,21.9975,21.3575,Velha,inverno,FUS,May 2005,0.42615000000000003,2.958861308800556,0.03711299804049641,-0.639999999999997,6_2,23
193,31,2,sombra,7,M,1,5,7,0.52575,0.291075,3.675,3.113,25.085,24.55,Madura,outono,FUS,Mar 2004,0.14306122448979594,1.8062355063128064,0.16888853196273693,-0.5350000000000001,7_2,9
194,31,2,sombra,7,M,1,6,9,0.8600249999999999,0.12207499999999999,1.65,3.47775,18.81,18.0875,Madura,inverno,FUS,May 2004,0.5212272727272728,7.045054269916036,0.2472935087340953,-0.7225000000000001,7_2,11
195,31,2,sombra,7,M,1,7,11,0.7142000000000001,0.0589,0.925,7.978,8.10525,7.73625,Madura,inverno,FUS,Jul 2004,0.7721081081081081,12.125636672325976,0.08952118325394837,-0.3689999999999998,7_2,13
196,31,2,sombra,7,M,1,8,13,0.779025,0.209925,3.625,8.9475,22.6325,21.6375,Velha,primavera,FUS,Sep 2004,0.21490344827586205,3.7109682029296174,0.08706621961441743,-0.995000000000001,7_2,15
197,31,2,sombra,7,M,1,9,15,1.1606,0.323175,6.8,52.2675,28.25,27.3,Velha,primavera,FUS,Nov 2004,0.17067647058823532,3.5912431345246385,0.022205003109006555,-0.9499999999999993,7_2,17
198,31,2,sombra,7,M,1,10,17,0.2102,0.07445,1.55,6.408,30.58,30.02,Velha,verao,FUS,Jan 2005,0.13561290322580644,2.8233713901947617,0.03280274656679151,-0.5599999999999987,7_2,19
199,31,2,sombra,7,M,1,11,19,0.16060000000000002,0.0932,0.8,7.2540000000000004,22.81,21.86,Velha,outono,FUS,Mar 2005,0.20075,1.7231759656652361,0.022139509236283432,-0.9499999999999993,7_2,21
200,31,2,sombra,7,M,1,12,21,0.4238,0.46535000000000004,0.7,14.8142,13.14,12.33,Velha,inverno,FUS,May 2005,0.6054285714285714,0.9107123670355646,0.02860768721901959,-0.8100000000000005,7_2,23
201,32,2,sombra,7,M,2,2,1,2.0175,0.062224999999999996,1.1,43.305,21.26,21.285,Jovem,primavera,FUS,Sep 2003,1.834090909090909,32.422659702691845,0.046588153792864566,0.02499999999999858,7_2,3
202,32,2,sombra,7,M,2,3,3,0.16615000000000002,0.2664,1.2725,47.665,27.235,26.4475,Jov_Madura,primavera,FUS,Nov 2003,0.13056974459724952,0.6236861861861862,0.0034857862163012697,-0.7874999999999979,7_2,5
203,32,2,sombra,7,M,2,4,5,0.528475,0.138096,2.9575,2.5685000000000002,28.8425,28.57,Jov_Madura,verao,FUS,Jan 2004,0.17868977176669484,3.8268668172865254,0.20575238466030757,-0.27250000000000085,7_2,7
204,32,2,sombra,7,M,2,5,7,0.923125,0.22755000000000003,3.625,0.876525,25.9675,25.4575,Madura,outono,FUS,Mar 2004,,,,-0.5100000000000016,7_2,9
205,32,2,sombra,7,M,2,6,9,1.40402,0.1076,1.125,15.505,19.0625,18.6125,Madura,inverno,FUS,May 2004,1.248017777777778,13.048513011152417,0.09055272492744276,-0.4499999999999993,7_2,11
206,32,2,sombra,7,M,2,7,11,1.82925,0.6725749999999999,0.875,10.4548,7.845,7.522,Madura,inverno,FUS,Jul 2004,2.0905714285714287,2.7197710292532435,0.17496747905268392,-0.3229999999999995,7_2,13
207,32,2,sombra,7,M,2,8,13,0.9548500000000001,0.16985,3.125,6.61975,22.57,22.07,Velha,primavera,FUS,Sep 2004,0.30555200000000005,5.621725051516044,0.14424260734922015,-0.5,7_2,15
208,32,2,sombra,7,M,2,9,15,0.625475,0.289525,6.85,14.71,28.8825,28.025,Velha,primavera,FUS,Nov 2004,0.0913102189781022,2.160348847249806,0.04252039428959891,-0.8575000000000017,7_2,17
209,32,2,sombra,7,M,2,10,17,0.721475,0.067525,1.15,3.323,28.995,28.52,Velha,verao,FUS,Jan 2005,0.6273695652173913,10.68456127360237,0.2171155582305146,-0.4750000000000014,7_2,19
210,32,2,sombra,7,M,2,11,19,0.38137499999999996,0.05405000000000001,0.825,5.652,26.94,26.1025,Velha,outono,FUS,Mar 2005,0.4622727272727273,7.055966697502311,0.06747611464968152,-0.8375000000000021,7_2,21
211,32,2,sombra,7,M,2,12,21,0.477525,0.132775,0.875,4.08225,21.635,20.98,Velha,inverno,FUS,May 2005,0.5457428571428571,3.596497834682734,0.11697593239022597,-0.6550000000000011,7_2,23
212,33,2,sombra,7,M,3,2,1,2.744,0.09635,2.4,918.3,25.99,27.17,Jovem,primavera,FUS,Sep 2003,1.1433333333333335,28.47950181629476,0.0029881302406620934,1.1800000000000033,7_2,3
213,33,2,sombra,7,M,3,3,3,0.9472,0.20395000000000002,2.425,13.11,26.4125,25.665,Jov_Madura,primavera,FUS,Nov 2003,0.39059793814432997,4.644275557734739,0.07225019069412662,-0.7475000000000023,7_2,5
214,33,2,sombra,7,M,3,4,5,2.47675,0.20313,2.73,27.1125,28.45,27.3975,Jov_Madura,verao,FUS,Jan 2004,0.9072344322344322,12.192930635553585,0.09135085292761641,-1.0524999999999984,7_2,7
215,33,2,sombra,7,M,3,5,7,0.726475,0.222375,3.45,1.9645000000000001,26.0975,25.485,Madura,outono,FUS,Mar 2004,0.21057246376811592,3.2668915120854414,0.36980147620259607,-0.6125000000000007,7_2,9
216,33,2,sombra,7,M,3,6,9,1.207,0.1535,2.0,8.343,19.12,18.615,Madura,inverno,FUS,May 2004,0.6035,7.863192182410424,0.14467218027088577,-0.5050000000000026,7_2,11
217,33,2,sombra,7,M,3,7,11,0.9489500000000001,0.184275,1.7,6.9825,21.2975,21.2075,Madura,inverno,FUS,Jul 2004,0.5582058823529412,5.149640482973817,0.13590404582885787,-0.08999999999999986,7_2,13
218,33,2,sombra,7,M,3,8,13,1.9777500000000001,0.177775,3.2,60.755,22.8425,22.22,Velha,primavera,FUS,Sep 2004,0.618046875,11.125017578399664,0.03255287630647683,-0.6225000000000023,7_2,15
219,33,2,sombra,7,M,3,9,15,0.5034000000000001,0.19017499999999998,3.625,23.715,28.4175,27.5025,Velha,primavera,FUS,Nov 2004,0.1388689655172414,2.647035625082162,0.021227071473750792,-0.9149999999999991,7_2,17
220,34,2,sombra,8,M,1,2,1,2.05125,0.115325,2.6,27.355,26.01,25.37,Jovem,primavera,FUS,Sep 2003,0.7889423076923077,17.78668978972469,0.07498629135441419,-0.6400000000000006,8_2,3
221,34,2,sombra,8,M,1,3,3,0.4132,0.17249,0.9415,28.1075,25.26,24.81,Jov_Madura,primavera,FUS,Nov 2003,0.43887413701540096,2.3955011884746944,0.014700702659432536,-0.45000000000000284,8_2,5
222,34,2,sombra,8,M,1,4,5,1.90875,0.2059,3.12,30.465,29.0925,27.9325,Jov_Madura,verao,FUS,Jan 2004,0.6117788461538461,9.270276833414279,0.06265386509108813,-1.1600000000000001,8_2,7
223,34,2,sombra,8,M,1,5,7,0.62255,0.2096,2.875,16.47,26.53,25.9275,Madura,outono,FUS,Mar 2004,0.21653913043478262,2.9701812977099236,0.03779902853673346,-0.6025000000000027,8_2,9
224,34,2,sombra,8,M,1,6,9,1.80325,0.11670000000000001,1.15,17.4375,19.6525,18.85,Madura,inverno,FUS,May 2004,1.5680434782608696,15.452013710368465,0.10341218637992831,-0.8024999999999984,8_2,11
225,34,2,sombra,8,M,1,7,11,4.6345,0.2506,1.675,232.475,9.69225,10.13,Madura,inverno,FUS,Jul 2004,2.766865671641791,18.49361532322426,0.01993547693300355,0.4377500000000012,8_2,13
226,34,2,sombra,8,M,1,8,13,1.584,0.23615000000000003,4.475,33.885,25.7025,24.53,Velha,primavera,FUS,Sep 2004,0.3539664804469274,6.70760110099513,0.04674634794156707,-1.1724999999999994,8_2,15
227,34,2,sombra,8,M,1,9,15,1.47025,0.22997499999999998,3.55,16.9225,24.0225,23.195,Velha,primavera,FUS,Nov 2004,0.4141549295774648,6.393086205022286,0.08688137095582804,-0.8275000000000006,8_2,17
228,35,2,sombra,8,M,2,2,1,1.8415000000000001,0.15585000000000002,3.8,443.9,28.305,28.13,Jovem,primavera,FUS,Sep 2003,0.4846052631578948,11.815848572345203,0.004148456859653075,-0.1750000000000007,8_2,3
229,35,2,sombra,8,M,2,3,3,1.28775,0.167205,1.485,49.76,25.345,24.8825,Jov_Madura,primavera,FUS,Nov 2003,0.867171717171717,7.701623755270476,0.025879220257234728,-0.4624999999999986,8_2,5
230,35,2,sombra,8,M,2,4,5,0.38886699999999996,0.150785,3.71,4.63233,28.23,27.4367,Jov_Madura,verao,FUS,Jan 2004,0.10481590296495956,2.5789501608250154,0.08394630779758783,-0.7933000000000021,8_2,7
231,35,2,sombra,8,M,2,5,7,1.5215,0.3408,5.2,39.565,27.0875,26.4875,Madura,outono,FUS,Mar 2004,0.29259615384615384,4.46449530516432,0.03845570580058132,-0.5999999999999979,8_2,9
232,35,2,sombra,8,M,2,6,9,2.3585,0.135025,1.15,11.545,20.785,20.34,Madura,inverno,FUS,May 2004,2.050869565217391,17.46713571560822,0.20428757037678646,-0.4450000000000003,8_2,11
233,35,2,sombra,8,M,2,7,11,2.6365,0.25185,2.175,19.2,21.5025,21.1425,Madura,inverno,FUS,Jul 2004,1.212183908045977,10.468532856859241,0.13731770833333334,-0.360000000000003,8_2,13
234,35,2,sombra,8,M,2,8,13,3.955,0.15635000000000002,3.05,16.3775,25.905,25.0475,Velha,primavera,FUS,Sep 2004,1.29672131147541,25.295810681164053,0.24148984887803387,-0.8575000000000017,8_2,15
235,35,2,sombra,8,M,2,9,15,0.7009500000000001,0.189825,2.75,8.01025,25.8625,24.595,Velha,primavera,FUS,Nov 2004,0.2548909090909091,3.692611615962071,0.08750663212758655,-1.2675000000000018,8_2,17
236,35,2,sombra,8,M,2,10,17,0.21692499999999998,0.042300000000000004,0.3,3.95925,26.7,26.0325,Velha,verao,FUS,Jan 2005,0.7230833333333333,5.128250591016547,0.05478941718759866,-0.6675000000000004,8_2,19
237,36,2,sombra,8,M,3,2,1,2.89175,0.128275,3.075,586.3,28.015,27.79,Jovem,primavera,FUS,Sep 2003,0.9404065040650406,22.54336386669265,0.004932201944397066,-0.22500000000000142,8_2,3
238,36,2,sombra,8,M,3,3,3,1.08617,0.17457499999999998,1.518,56.0875,25.1125,24.635,Jov_Madura,primavera,FUS,Nov 2003,0.7155270092226614,6.221795789775169,0.019365634053933586,-0.47749999999999915,8_2,5
239,36,2,sombra,8,M,3,4,5,0.795325,0.17535599999999998,3.5,9.55,28.99,28.3275,Jov_Madura,verao,FUS,Jan 2004,0.22723571428571426,4.535487807659846,0.08328010471204188,-0.6624999999999979,8_2,7
240,37,2,sombra,9,M,1,2,1,0.04655,0.16905,2.925,3.024,24.09,23.13,Jovem,primavera,FUS,Sep 2003,0.015914529914529917,0.2753623188405797,0.015393518518518518,-0.9600000000000009,9_2,3
241,37,2,sombra,9,M,1,3,3,0.84555,0.15105000000000002,1.56875,90.225,25.9525,25.5575,Jov_Madura,primavera,FUS,Nov 2003,0.538996015936255,5.597815292949354,0.009371571072319203,-0.3949999999999996,9_2,5
242,37,2,sombra,9,M,1,4,5,0.819225,0.133218,2.485,18.4275,28.87,28.4175,Jov_Madura,verao,FUS,Jan 2004,0.3296680080482898,6.149506823402243,0.04445665445665446,-0.45250000000000057,9_2,7
243,37,2,sombra,9,M,1,5,7,0.675625,0.1825,2.6125,5.98475,27.1325,26.3775,Madura,outono,FUS,Mar 2004,0.25861244019138757,3.7020547945205484,0.1128910982079452,-0.754999999999999,9_2,9
244,37,2,sombra,9,M,1,6,9,0.44730000000000003,0.053724999999999995,0.925,6.136,20.805,20.08,Madura,inverno,FUS,May 2004,0.4835675675675676,8.325732899022803,0.07289765319426336,-0.7250000000000014,9_2,11
245,37,2,sombra,9,M,1,7,11,0.171,0.20095000000000002,1.6,2.2375,15.75,14.7625,Madura,inverno,FUS,Jul 2004,0.106875,0.850957949738741,0.0764245810055866,-0.9875000000000007,9_2,13
246,37,2,sombra,9,M,1,8,13,1.31508,0.15425000000000003,2.8,66.255,23.24,22.645,Velha,primavera,FUS,Sep 2004,0.46967142857142863,8.525640194489464,0.01984876613085805,-0.5949999999999989,9_2,15
247,37,2,sombra,9,M,1,9,15,0.855775,0.142975,2.175,3.02225,24.7825,23.72,Velha,primavera,FUS,Nov 2004,0.39345977011494254,5.985486973247071,0.28315824303085446,-1.0625,9_2,17
248,37,2,sombra,9,M,1,10,17,0.668,0.08843329999999999,1.36667,3.5863300000000002,30.5467,29.7433,Velha,verao,FUS,Jan 2005,0.4887792956602545,7.553715625222626,0.18626283693915507,-0.8033999999999999,9_2,19
249,37,2,sombra,9,M,1,11,19,1.6906700000000001,0.132747,2.2,5.97733,26.2133,25.5833,Velha,outono,FUS,Mar 2005,0.7684863636363636,12.736031699398104,0.282847023671104,-0.629999999999999,9_2,21
250,37,2,sombra,9,M,1,12,21,0.52075,0.09265000000000001,0.275,4.23375,12.8975,12.58,Velha,inverno,FUS,May 2005,1.8936363636363636,5.62061521856449,0.12299970475346916,-0.3175000000000008,9_2,23
251,38,2,sombra,9,M,2,2,1,0.23635000000000003,0.11875,2.2,7.984,24.08,23.525,Jovem,primavera,FUS,Sep 2003,0.10743181818181818,1.9903157894736845,0.02960295591182365,-0.5549999999999997,9_2,3
252,38,2,sombra,9,M,2,3,3,4.1715,0.15125,1.555,127.813,26.2425,25.8875,Jov_Madura,primavera,FUS,Nov 2003,2.6826366559485533,27.5801652892562,0.032637525134376004,-0.3550000000000004,9_2,5
253,38,2,sombra,9,M,2,4,5,4.37525,0.180648,3.5,69.215,28.805,28.015,Jov_Madura,verao,FUS,Jan 2004,1.2500714285714287,24.219753332447635,0.06321245394784368,-0.7899999999999991,9_2,7
254,38,2,sombra,9,M,2,5,7,0.5776,0.289925,4.975,11.24,27.3125,26.805,Madura,outono,FUS,Mar 2004,0.11610050251256282,1.9922393722514444,0.05138790035587189,-0.5075000000000003,9_2,9
255,38,2,sombra,9,M,2,6,9,1.848,0.085175,1.0,7.97975,20.925,20.09,Madura,inverno,FUS,May 2004,1.848,21.696507191077195,0.23158620257526866,-0.8350000000000009,9_2,11
256,38,2,sombra,9,M,2,7,11,2.2505,0.1617,1.1,29.925,19.6475,19.2275,Madura,inverno,FUS,Jul 2004,2.045909090909091,13.917748917748918,0.07520467836257311,-0.4200000000000017,9_2,13
257,38,2,sombra,9,M,2,8,13,5.90575,0.126325,3.55,412.85,28.7825,29.4275,Velha,primavera,FUS,Sep 2004,1.663591549295775,46.75044528003167,0.01430483226353397,0.6449999999999996,9_2,15
258,38,2,sombra,9,M,2,9,15,0.6132000000000001,0.189875,2.775,8.22175,25.2075,23.98,Velha,primavera,FUS,Nov 2004,0.220972972972973,3.2294930875576044,0.07458266184206526,-1.2274999999999991,9_2,17
259,39,2,sombra,9,M,3,2,1,0.18405000000000002,0.058800000000000005,1.25,15.535,24.345,24.09,Jovem,primavera,FUS,Sep 2003,0.14724,3.1301020408163267,0.011847441261667204,-0.254999999999999,9_2,3
260,39,2,sombra,9,M,3,3,3,0.5965,0.13215000000000002,1.6275,29.83,26.2125,25.8775,Jov_Madura,primavera,FUS,Nov 2003,0.3665130568356375,4.513810064320847,0.019996647670130742,-0.3349999999999973,9_2,5
261,39,2,sombra,9,M,3,4,5,2.3225,0.18048599999999998,3.325,20.735,29.0675,28.6375,Jov_Madura,verao,FUS,Jan 2004,0.6984962406015036,12.868034085746263,0.11200868097419821,-0.4299999999999997,9_2,7
262,39,2,sombra,9,M,3,5,7,0.356825,0.16385000000000002,2.6,8.9145,27.3875,26.7225,Madura,outono,FUS,Mar 2004,0.13724038461538463,2.1777540433323157,0.04002748331370239,-0.6649999999999991,9_2,9
263,39,2,sombra,9,M,3,6,9,0.7383000000000001,0.046400000000000004,0.725,16.471,21.5325,20.84,Madura,inverno,FUS,May 2004,1.018344827586207,15.911637931034482,0.04482423653694372,-0.692499999999999,9_2,11
264,40,2,sombra,10,F,1,2,1,1.50032,0.1525,1.395,201.598,27.305,26.89,Jovem,primavera,FUS,Sep 2003,1.0754982078853048,9.83816393442623,0.0074421373227909005,-0.41499999999999915,10_2,3
265,40,2,sombra,10,F,1,3,3,2.078,0.18435,1.59,67.8275,26.435,25.9325,Jov_Madura,primavera,FUS,Nov 2003,1.3069182389937106,11.272036886357471,0.030636541225903945,-0.5024999999999977,10_2,5
266,40,2,sombra,10,F,1,4,5,0.64595,0.170406,3.7625,7.46475,28.98,28.445,Jov_Madura,verao,FUS,Jan 2004,0.17168106312292358,3.7906529112824665,0.08653337352222111,-0.5350000000000001,10_2,7
267,40,2,sombra,10,F,1,5,7,0.641975,0.292725,4.15,9.517,27.68,27.175,Madura,outono,FUS,Mar 2004,0.15469277108433732,2.1930993253053206,0.06745560575811706,-0.504999999999999,10_2,9
268,40,2,sombra,10,F,1,6,9,0.9972749999999999,0.06565,0.95,8.4315,21.0375,20.305,Madura,inverno,FUS,May 2004,1.0497631578947368,15.19078446306169,0.1182796655399395,-0.7325000000000017,10_2,11
269,40,2,sombra,10,F,1,7,11,0.7995749999999999,0.0645,0.525,27.8975,13.5825,13.6825,Madura,inverno,FUS,Jul 2004,1.5229999999999997,12.396511627906975,0.02866117035576664,0.09999999999999964,10_2,13
270,40,2,sombra,10,F,1,8,13,0.3291,0.10077499999999999,2.45,10.9045,27.1525,26.0275,Velha,primavera,FUS,Sep 2004,0.1343265306122449,3.265690895559415,0.03018020083451786,-1.125,10_2,15
271,40,2,sombra,10,F,1,9,15,1.5465,0.177025,3.05,21.85,25.7675,24.9625,Velha,primavera,FUS,Nov 2004,0.5070491803278688,8.736054229628584,0.07077803203661327,-0.8049999999999997,10_2,17
272,40,2,sombra,10,F,1,10,17,0.60385,0.029300000000000003,0.272263,13.3775,25.655,25.0175,Velha,verao,FUS,Jan 2005,2.2178922585882037,20.609215017064844,0.045139226312838725,-0.6375000000000028,10_2,19
273,40,2,sombra,10,F,1,11,19,1.8135000000000001,0.05995,0.95,46.1225,27.245,26.5975,Velha,outono,FUS,Mar 2005,1.908947368421053,30.25020850708924,0.039319204292915605,-0.6475000000000009,10_2,21
274,40,2,sombra,10,F,1,12,21,1.81175,0.09465000000000001,0.4,21.6475,13.76,13.485,Velha,inverno,FUS,May 2005,4.529375,19.14157422081352,0.08369326712091466,-0.27500000000000036,10_2,23
275,41,2,sombra,10,F,2,2,1,0.16097499999999998,0.17185,0.7425,11.3325,25.5675,25.075,Jovem,primavera,FUS,Sep 2003,0.21680134680134677,0.93671806808263,0.014204720935362894,-0.4924999999999997,10_2,3
276,41,2,sombra,10,F,2,3,3,2.15425,0.178925,2.0125,54.3475,26.4725,26.0025,Jov_Madura,primavera,FUS,Nov 2003,1.0704347826086957,12.039960877462626,0.03963843783062699,-0.46999999999999886,10_2,5
277,41,2,sombra,10,F,2,4,5,0.445775,0.16605799999999998,4.018,8.01,28.09,27.2925,Jov_Madura,verao,FUS,Jan 2004,0.11094449975111996,2.6844536246371753,0.05565230961298377,-0.7974999999999994,10_2,7
278,41,2,sombra,10,F,2,5,7,0.8899,0.197658,2.45,16.3567,27.8467,27.1733,Madura,outono,FUS,Mar 2004,0.36322448979591837,4.5022210080037235,0.05440583980876338,-0.6733999999999973,10_2,9
279,41,2,sombra,10,F,2,6,9,0.9438500000000001,0.1253,1.0,10.666,18.415,18.045,Madura,inverno,FUS,May 2004,0.9438500000000001,7.53272146847566,0.08849146821676356,-0.36999999999999744,10_2,11
280,42,2,sombra,10,F,3,2,1,1.151,0.14482499999999998,2.75,20.3675,24.15,23.645,Jovem,primavera,FUS,Sep 2003,0.41854545454545455,7.947522872432247,0.05651159936172825,-0.504999999999999,10_2,3
281,42,2,sombra,10,F,3,3,3,0.33140000000000003,0.2167,1.7595,42.165,26.455,25.7625,Jov_Madura,primavera,FUS,Nov 2003,0.1883489627735152,1.5293031841255194,0.007859599193644018,-0.692499999999999,10_2,5
282,42,2,sombra,10,F,3,4,5,0.5667,0.172044,4.6025,11.3007,29.1825,29.06,Jov_Madura,verao,FUS,Jan 2004,0.12312873438348723,3.2939248099323426,0.05014733600573415,-0.12250000000000227,10_2,7
283,42,2,sombra,10,F,3,5,7,0.9185749999999999,0.253925,4.15,12.9925,27.7975,27.64,Madura,outono,FUS,Mar 2004,0.22134337349397587,3.617505168849069,0.0707004040792765,-0.15749999999999886,10_2,9
284,42,2,sombra,10,F,3,6,9,0.462325,0.11535000000000001,1.0,3.11275,18.5625,18.2075,Madura,inverno,FUS,May 2004,0.462325,4.008019072388382,0.14852622279334993,-0.3550000000000004,10_2,11
285,42,2,sombra,10,F,3,7,11,0.9812249999999999,0.034075,0.1,6.29025,5.11475,5.21,Madura,inverno,FUS,Jul 2004,9.812249999999999,28.796038151137193,0.15599141528556096,0.09525000000000006,10_2,13
286,42,2,sombra,10,F,3,8,13,0.173375,0.12755,2.925,10.9675,26.955,25.7675,Velha,primavera,FUS,Sep 2004,0.05927350427350428,1.3592708741669934,0.015808069295646227,-1.1875,10_2,15
287,42,2,sombra,10,F,3,9,15,3.162,0.279625,4.35,38.5675,26.5625,25.53,Velha,primavera,FUS,Nov 2004,0.7268965517241379,11.308001788109074,0.08198612821676281,-1.0324999999999989,10_2,17
288,42,2,sombra,10,F,3,10,17,1.06955,0.0587,0.525,10.6958,26.265,25.575,Velha,verao,FUS,Jan 2005,2.037238095238095,18.220613287904598,0.09999719516071728,-0.6900000000000013,10_2,19
289,42,2,sombra,10,F,3,11,19,1.28517,0.13015000000000002,1.925,39.05,27.0575,26.1425,Velha,outono,FUS,Mar 2005,0.6676207792207791,9.874529389166344,0.03291088348271447,-0.9150000000000027,10_2,21
290,42,2,sombra,10,F,3,12,21,2.72625,0.105275,0.4,90.8025,13.835,13.815,Velha,inverno,FUS,May 2005,6.815624999999999,25.896461648064594,0.030023953084992155,-0.02000000000000135,10_2,23
291,43,2,sombra,11,M,1,6,9,0.8758,0.11375,1.575,4.98725,18.15,18.1175,Madura,inverno,FUS,May 2004,0.5560634920634921,7.69934065934066,0.17560779988971878,-0.03249999999999886,11_2,11
292,43,2,sombra,11,M,1,7,11,0.174125,0.0177,0.1,0.756,5.28375,5.37975,Madura,inverno,FUS,Jul 2004,,,,0.0959999999999992,11_2,13
293,43,2,sombra,11,M,1,8,13,0.5436500000000001,0.054700000000000006,1.5,121.345,26.9325,26.5125,Velha,primavera,FUS,Sep 2004,0.3624333333333334,9.93875685557587,0.004480201079566526,-0.4200000000000017,11_2,15
294,43,2,sombra,11,M,1,9,15,0.9227249999999999,0.22902499999999998,4.725,6.89175,26.7975,26.2675,Velha,primavera,FUS,Nov 2004,0.19528571428571428,4.028926973037878,0.13388834476003916,-0.5300000000000011,11_2,17
295,43,2,sombra,11,M,1,10,17,0.3352,0.087975,0.825,6.3477500000000004,23.7675,23.505,Velha,verao,FUS,Jan 2005,0.40630303030303033,3.810173344700199,0.052806112402032215,-0.2624999999999993,11_2,19
296,43,2,sombra,11,M,1,11,19,0.2136,0.04105,0.6,10.415,26.165,25.585,Velha,outono,FUS,Mar 2005,0.35600000000000004,5.20341047503045,0.02050888142102737,-0.5799999999999983,11_2,21
297,43,2,sombra,11,M,1,12,21,0.973325,0.061775,0.3,4.98925,13.61,13.305,Velha,inverno,FUS,May 2005,3.244416666666667,15.755969243221369,0.19508443152778474,-0.3049999999999997,11_2,23
298,44,2,sombra,11,M,2,2,1,0.5053,0.15345,2.625,30.5275,24.76,23.675,Jovem,primavera,FUS,Sep 2003,0.19249523809523808,3.292929292929293,0.016552288919826384,-1.0850000000000009,11_2,3
299,44,2,sombra,11,M,2,3,3,5.25375,0.175375,2.6,477.675,27.5225,28.57,Jov_Madura,primavera,FUS,Nov 2003,2.0206730769230767,29.957234497505347,0.010998586905322657,1.0474999999999994,11_2,5
300,44,2,sombra,11,M,2,4,5,0.7452249999999999,0.115644,2.01875,12.985,27.7675,26.865,Jov_Madura,verao,FUS,Jan 2004,0.3691517027863777,6.444130261838054,0.05739122063919907,-0.9024999999999999,11_2,7
301,44,2,sombra,11,M,2,5,7,0.37410000000000004,0.23140000000000002,3.28333,17.0433,28.5333,27.8533,Madura,outono,FUS,Mar 2004,0.11393920196873299,1.6166810717372515,0.021949974476773867,-0.6799999999999997,11_2,9
302,44,2,sombra,11,M,2,6,9,0.8352,0.102767,1.5,4.957,18.15,17.6867,Madura,inverno,FUS,May 2004,0.5568000000000001,8.127122519875059,0.16848900544684287,-0.46330000000000027,11_2,11
303,44,2,sombra,11,M,2,7,11,0.337367,0.042533299999999996,0.2,6.08833,5.82767,5.92433,Madura,inverno,FUS,Jul 2004,1.6868349999999999,7.93183223497824,0.0554120752324529,0.09665999999999997,11_2,13
304,44,2,sombra,11,M,2,8,13,0.1018,0.1521,4.5,7.253,27.3,26.97,Velha,primavera,FUS,Sep 2004,0.022622222222222224,0.6692965154503615,0.014035571487660279,-0.33000000000000185,11_2,15
305,45,2,sombra,11,M,3,2,1,0.116,0.3826,5.8,29.01,24.325,23.17,Jovem,primavera,FUS,Sep 2003,0.02,0.3031887088342917,0.003998621165115478,-1.1549999999999976,11_2,3
306,45,2,sombra,11,M,3,3,3,0.27940000000000004,0.18115,2.1945,24.78,27.6575,26.98,Jov_Madura,primavera,FUS,Nov 2003,0.12731829573934839,1.5423682031465638,0.011275221953188056,-0.6774999999999984,11_2,5
307,45,2,sombra,11,M,3,4,5,1.28525,0.21503699999999998,3.55,11.5752,27.5675,26.655,Jov_Madura,verao,FUS,Jan 2004,0.3620422535211268,5.976878397671099,0.11103479853479853,-0.9124999999999979,11_2,7
308,45,2,sombra,11,M,3,5,7,0.104825,0.155625,2.8125,4.534,28.025,27.945,Madura,outono,FUS,Mar 2004,0.03727111111111111,0.673574297188755,0.023119761799735336,-0.0799999999999983,11_2,9
309,45,2,sombra,11,M,3,6,9,0.426475,0.10077499999999999,1.025,1.2088700000000001,18.515,18.1075,Madura,inverno,FUS,May 2004,0.41607317073170735,4.231952369139171,0.35278814099117356,-0.40749999999999886,11_2,11
310,45,2,sombra,11,M,3,7,11,0.619575,0.027800000000000002,0.1,7.16675,5.8252500000000005,5.92175,Madura,inverno,FUS,Jul 2004,6.195749999999999,22.28687050359712,0.08645132033348449,0.09649999999999981,11_2,13
311,45,2,sombra,11,M,3,8,13,0.188125,0.11235,2.65,10.873,27.2875,26.43,Velha,primavera,FUS,Sep 2004,0.07099056603773585,1.674454828660436,0.017302032557711764,-0.8575000000000017,11_2,15
312,45,2,sombra,11,M,3,9,15,1.6825,0.233975,4.475,51.2325,27.355,26.4825,Velha,primavera,FUS,Nov 2004,0.375977653631285,7.190939202906295,0.032840482115844435,-0.8724999999999987,11_2,17
313,45,2,sombra,11,M,3,10,17,1.04613,0.09275000000000001,0.95,3.53625,25.365,24.895,Velha,verao,FUS,Jan 2005,1.1011894736842105,11.279029649595685,0.29583032873807,-0.46999999999999886,11_2,19
314,46,2,sombra,12,M,1,2,1,0.4625,0.227175,4.2,37.48,24.295,23.69,Jovem,primavera,FUS,Sep 2003,0.11011904761904762,2.0358754264333667,0.012339914621131272,-0.6050000000000004,12_2,3
315,46,2,sombra,12,M,1,3,3,1.01168,0.15455000000000002,1.8,25.2975,27.64,26.8225,Jov_Madura,primavera,FUS,Nov 2003,0.5620444444444443,6.545972177288902,0.039991303488487,-0.817499999999999,12_2,5
316,46,2,sombra,12,M,1,4,5,5.826,0.25785,2.89,176.262,31.8825,32.305,Jov_Madura,verao,FUS,Jan 2004,2.0159169550173006,22.594531704479344,0.03305306872723559,0.42249999999999943,12_2,7
317,46,2,sombra,12,M,1,5,7,0.42972499999999997,0.189875,3.7375,7.00925,29.21,29.1175,Madura,outono,FUS,Mar 2004,0.11497658862876253,2.263199473337722,0.06130827121303991,-0.09250000000000114,12_2,9
318,46,2,sombra,12,M,1,6,9,1.47325,0.08565,0.925,1.4513500000000001,18.65,18.5325,Madura,inverno,FUS,May 2004,1.5927027027027025,17.200817279626385,1.0150893995245804,-0.11749999999999972,12_2,11
319,46,2,sombra,12,M,1,7,11,2.07525,0.0985,0.9,123.872,8.652,8.747,Madura,inverno,FUS,Jul 2004,2.305833333333333,21.068527918781726,0.01675318070266081,0.09500000000000064,12_2,13
320,46,2,sombra,12,M,1,8,13,0.33352499999999996,0.110675,2.65,9.8515,27.4225,26.635,Velha,primavera,FUS,Sep 2004,0.12585849056603773,3.0135531962954594,0.03385525046947165,-0.7874999999999979,12_2,15
321,46,2,sombra,12,M,1,9,15,1.3665,0.31155000000000005,5.975,20.5525,27.2725,26.7275,Velha,primavera,FUS,Nov 2004,0.22870292887029292,4.386133846894559,0.0664882617686413,-0.5450000000000017,12_2,17
322,46,2,sombra,12,M,1,10,17,1.1186,0.126625,1.25,4.836,25.245,24.9175,Velha,verao,FUS,Jan 2005,0.89488,8.833958538993091,0.23130686517783292,-0.32750000000000057,12_2,19
323,46,2,sombra,12,M,1,11,19,1.0755,0.0675,1.0,18.245,26.67,25.745,Velha,outono,FUS,Mar 2005,1.0755,15.93333333333333,0.05894765689229925,-0.9250000000000007,12_2,21
324,46,2,sombra,12,M,1,12,21,0.5939249999999999,0.058875,0.35,4.838,14.1475,13.7625,Velha,inverno,FUS,May 2005,1.6969285714285713,10.087898089171974,0.12276250516742454,-0.38500000000000156,12_2,23
325,47,2,sombra,12,M,2,2,1,0.576325,0.16197499999999998,3.05,43.765,24.2,23.47,Jovem,primavera,FUS,Sep 2003,0.18895901639344262,3.558110819570922,0.013168627899006054,-0.7300000000000004,12_2,3
326,47,2,sombra,12,M,2,3,3,5.1425,0.1683,2.325,213.85,29.45,31.0025,Jov_Madura,primavera,FUS,Nov 2003,2.2118279569892474,30.555555555555554,0.024047229366378303,1.552500000000002,12_2,5
327,47,2,sombra,12,M,2,4,5,4.983,0.30535,5.49,33.37,33.885,34.6725,Jov_Madura,verao,FUS,Jan 2004,0.9076502732240436,16.318978221712786,0.14932574168414744,0.7875000000000014,12_2,7
328,47,2,sombra,12,M,2,5,7,0.692875,0.237288,4.5375,13.17,29.635,29.4075,Madura,outono,FUS,Mar 2004,0.15269972451790637,2.9199748828427903,0.05261009870918755,-0.2275000000000027,12_2,9
329,47,2,sombra,12,M,2,6,9,0.6748500000000001,0.177625,1.65,7.708,18.9675,18.58,Madura,inverno,FUS,May 2004,0.4090000000000001,3.7992962702322313,0.08755189413596264,-0.38750000000000284,12_2,11
330,47,2,sombra,12,M,2,7,11,1.569,0.071975,0.625,12.695,9.648,9.7495,Madura,inverno,FUS,Jul 2004,2.5103999999999997,21.799235845779783,0.1235919653406853,0.1014999999999997,12_2,13
331,47,2,sombra,12,M,2,8,13,0.64515,0.1168,3.025,7.194,27.255,26.8425,Velha,primavera,FUS,Sep 2004,0.21327272727272728,5.523544520547945,0.0896788990825688,-0.41249999999999787,12_2,15
332,47,2,sombra,12,M,2,9,15,1.5235,0.2175,3.9,12.8132,28.105,27.27,Velha,primavera,FUS,Nov 2004,0.39064102564102565,7.004597701149426,0.11890082102831455,-0.8350000000000009,12_2,17
333,47,2,sombra,12,M,2,10,17,0.555925,0.1075,1.475,6.3475,26.405,25.9125,Velha,verao,FUS,Jan 2005,0.37689830508474575,5.171395348837209,0.08758172508861757,-0.4924999999999997,12_2,19
334,47,2,sombra,12,M,2,11,19,1.6925,0.09530000000000001,1.475,41.5125,27.79,26.7475,Velha,outono,FUS,Mar 2005,1.1474576271186439,17.759706190975862,0.04077085215296597,-1.0425000000000004,12_2,21
335,47,2,sombra,12,M,2,12,21,0.4435,0.084325,0.5,10.8512,14.775,14.155,Velha,inverno,FUS,May 2005,0.887,5.259412985472873,0.040871055735771156,-0.620000000000001,12_2,23
336,48,2,sombra,12,M,3,2,1,0.49995000000000006,0.241025,3.9,37.63,23.725,22.835,Jovem,primavera,FUS,Sep 2003,0.12819230769230772,2.0742661549631785,0.013285942067499336,-0.8900000000000006,12_2,3
337,48,2,sombra,12,M,3,3,3,2.238,0.15387499999999998,1.75,66.89,28.365,27.65,Jov_Madura,primavera,FUS,Nov 2003,1.278857142857143,14.544272948822098,0.033457915981462104,-0.7149999999999999,12_2,5
338,48,2,sombra,12,M,3,4,5,1.9085,0.159987,2.875,42.0425,28.0125,27.54,Jov_Madura,verao,FUS,Jan 2004,0.6638260869565218,11.929094238906913,0.04539454123803295,-0.47250000000000014,12_2,7
339,48,2,sombra,12,M,3,5,7,0.5351,0.24695000000000003,4.5,9.217,29.5475,29.13,Madura,outono,FUS,Mar 2004,0.11891111111111112,2.1668353917797125,0.05805576651838993,-0.4175000000000004,12_2,9
340,48,2,sombra,12,M,3,6,9,0.906175,0.148425,1.525,5.44075,18.9975,18.5525,Madura,inverno,FUS,May 2004,0.5942131147540983,6.105272022907192,0.16655332444975415,-0.4450000000000003,12_2,11
341,48,2,sombra,12,M,3,7,11,2.89275,0.097075,0.9,256.807,9.909,10.0052,Madura,inverno,FUS,Jul 2004,3.2141666666666664,29.799124388359516,0.011264295755178013,0.09619999999999962,12_2,13
342,48,2,sombra,12,M,3,8,13,2.53925,0.151275,3.5,305.875,27.4275,26.7425,Velha,primavera,FUS,Sep 2004,0.7255,16.785655263592794,0.008301593788312219,-0.6849999999999987,12_2,15
343,48,2,sombra,12,M,3,9,15,3.45125,0.37920000000000004,7.275,59.3325,27.935,27.3075,Velha,primavera,FUS,Nov 2004,0.47439862542955324,9.101397679324894,0.0581679517970758,-0.6274999999999977,12_2,17
344,48,2,sombra,12,M,3,10,17,1.14425,0.10352499999999999,1.0,13.45,25.73,25.1275,Velha,verao,FUS,Jan 2005,1.14425,11.052885776382517,0.08507434944237918,-0.6024999999999991,12_2,19
345,48,2,sombra,12,M,3,11,19,0.029,0.0731,1.1,2.525,26.05,25.44,Velha,outono,FUS,Mar 2005,0.026363636363636363,0.3967168262653899,0.011485148514851487,-0.6099999999999994,12_2,21
346,48,2,sombra,12,M,3,12,21,1.44432,0.052725,0.3,7.88725,14.56,14.2125,Velha,inverno,FUS,May 2005,4.8144,27.393456614509248,0.18312085961520175,-0.34750000000000014,12_2,23
347,49,2,sombra,13,M,1,2,1,1.24775,0.1479,3.275,446.725,24.67,25.28,Jovem,primavera,FUS,Sep 2003,0.38099236641221373,8.436443542934414,0.0027931053780289885,0.6099999999999994,13_2,3
348,49,2,sombra,13,M,1,3,3,0.599275,0.3139,1.6975,52.895,28.1475,27.2225,Jov_Madura,primavera,FUS,Nov 2003,0.35303387334315167,1.9091271105447594,0.011329520748652991,-0.9250000000000007,13_2,5
349,49,2,sombra,13,M,1,4,5,0.3426,0.35325,4.815,15.4975,33.96,32.0125,Jov_Madura,verao,FUS,Jan 2004,0.07115264797507788,0.9698513800424629,0.02210679141797064,-1.947499999999998,13_2,7
350,49,2,sombra,13,M,1,5,7,1.448,0.233906,3.18125,13.115,29.84,28.7625,Madura,outono,FUS,Mar 2004,0.45516699410609035,6.190520978512736,0.11040792985131528,-1.0775000000000006,13_2,9
351,49,2,sombra,13,M,1,6,9,0.47922499999999996,0.069025,0.9,4.2335,18.9225,18.6525,Madura,inverno,FUS,May 2004,0.5324722222222221,6.942774357116986,0.11319829927955591,-0.2699999999999996,13_2,11
352,49,2,sombra,13,M,1,7,11,0.605425,0.031525,0.25,4.89875,8.935,9.03125,Madura,inverno,FUS,Jul 2004,2.4217,19.204599524187156,0.1235876499106915,0.0962499999999995,13_2,13
353,49,2,sombra,13,M,1,8,13,2.1065,0.19117499999999998,4.35,32.6425,27.8575,27.0375,Velha,primavera,FUS,Sep 2004,0.48425287356321844,11.018700143847262,0.06453243470935131,-0.8200000000000003,13_2,15
354,49,2,sombra,13,M,1,9,15,0.8661749999999999,0.43215000000000003,6.275,9.5455,27.8325,27.2025,Velha,primavera,FUS,Nov 2004,0.13803585657370515,2.0043387712599787,0.0907417107537583,-0.629999999999999,13_2,17
355,49,2,sombra,13,M,1,10,17,0.50885,0.2084,1.725,8.85675,24.1425,23.6025,Velha,verao,FUS,Jan 2005,0.2949855072463768,2.4416986564299425,0.05745335478589776,-0.5399999999999991,13_2,19
356,49,2,sombra,13,M,1,11,19,0.06955,0.07390000000000001,1.45,6.314,27.395,26.82,Velha,outono,FUS,Mar 2005,0.04796551724137931,0.9411366711772665,0.011015204307887235,-0.5749999999999993,13_2,21
357,49,2,sombra,13,M,1,12,21,-0.0367,0.0214667,1.3,3.7076700000000002,19.55,18.5667,Velha,inverno,FUS,May 2005,,,,-0.9832999999999998,13_2,23
358,50,2,sombra,13,M,2,2,1,0.4857,0.1457,2.9,38.25,24.135,23.628,Jovem,primavera,FUS,Sep 2003,0.16748275862068968,3.333562113932739,0.012698039215686276,-0.5070000000000014,13_2,3
359,50,2,sombra,13,M,2,3,3,1.36025,0.22605000000000003,2.064,5.4105,27.835,27.2225,Jov_Madura,primavera,FUS,Nov 2003,0.6590358527131782,6.017474010174739,0.2514092967378246,-0.6125000000000007,13_2,5
360,50,2,sombra,13,M,2,4,5,1.21845,0.14780000000000001,2.2875,19.49,31.0125,29.915,Jov_Madura,verao,FUS,Jan 2004,0.532655737704918,8.243910690121785,0.06251667521806055,-1.0975000000000001,13_2,7
361,50,2,sombra,13,M,2,5,7,0.9031500000000001,0.278762,5.0875,5.35,29.915,29.5175,Madura,outono,FUS,Mar 2004,0.17752334152334154,3.2398605261836266,0.16881308411214957,-0.39750000000000085,13_2,9
362,50,2,sombra,13,M,2,6,9,0.43445000000000006,0.13,1.375,1.693,19.01,18.6325,Madura,inverno,FUS,May 2004,0.3159636363636364,3.341923076923077,0.2566154754873007,-0.3775000000000013,13_2,11
363,51,2,sombra,14,M,1,2,1,0.4313,0.1034,2.2,13.725,24.255,24.045,Jovem,primavera,FUS,Sep 2003,0.19604545454545455,4.171179883945841,0.03142440801457195,-0.2099999999999973,14_2,3
364,51,2,sombra,14,M,1,3,3,1.26525,0.22225000000000003,1.4875,34.54,28.33,27.455,Jov_Madura,primavera,FUS,Nov 2003,0.8505882352941176,5.69291338582677,0.036631441806601044,-0.875,14_2,5
365,51,2,sombra,14,M,1,4,5,0.340875,0.2632,2.685,5.07575,29.5225,28.6625,Jov_Madura,verao,FUS,Jan 2004,0.12695530726256982,1.2951177811550152,0.06715756292173569,-0.8599999999999994,14_2,7
366,51,2,sombra,14,M,1,5,7,0.75865,0.156062,1.78125,5.74275,29.47,28.91,Madura,outono,FUS,Mar 2004,0.42590877192982457,4.861209006676834,0.13210569848939968,-0.5599999999999987,14_2,9
367,51,2,sombra,14,M,1,6,9,0.349975,0.083175,0.9,0.7861,18.9225,18.4925,Madura,inverno,FUS,May 2004,,,,-0.4299999999999997,14_2,11
368,51,2,sombra,14,M,1,7,11,0.458625,0.041,0.35,4.44525,9.34025,9.4375,Madura,inverno,FUS,Jul 2004,1.310357142857143,11.185975609756097,0.1031719250885777,0.09725000000000072,14_2,13
369,51,2,sombra,14,M,1,8,13,0.919325,0.195025,3.675,12.1125,27.3175,26.3225,Velha,primavera,FUS,Sep 2004,0.250156462585034,4.713882835533906,0.07589886480908152,-0.9949999999999974,14_2,15
370,51,2,sombra,14,M,1,9,15,0.53405,0.22525,4.25,4.05,28.755,27.9375,Velha,primavera,FUS,Nov 2004,0.12565882352941177,2.3709211986681464,0.1318641975308642,-0.817499999999999,14_2,17
371,51,2,sombra,14,M,1,10,17,0.689375,0.1429,1.45,4.4135,25.1475,24.4375,Velha,verao,FUS,Jan 2005,0.4754310344827586,4.824177746675997,0.15619689588761754,-0.7100000000000009,14_2,19
372,51,2,sombra,14,M,1,11,19,0.30795,0.0402,0.85,3.0295,28.2,27.6,Velha,outono,FUS,Mar 2005,0.3622941176470588,7.66044776119403,0.10165043736590196,-0.5999999999999979,14_2,21
373,51,2,sombra,14,M,1,12,21,0.8317,0.0679,0.3,8.3165,11.18,10.945,Velha,inverno,FUS,May 2005,2.7723333333333335,12.248895434462444,0.10000601214453196,-0.23499999999999943,14_2,23
374,52,2,sombra,14,M,2,2,1,0.3798,0.042300000000000004,1.02,18.865,23.756,22.356,Jovem,primavera,FUS,Sep 2003,0.3723529411764706,8.97872340425532,0.020132520540683808,-1.3999999999999986,14_2,3
375,52,2,sombra,14,M,2,3,3,0.515825,0.20365000000000003,0.9325,31.5825,26.3425,25.7075,Jov_Madura,primavera,FUS,Nov 2003,0.5531635388739946,2.532899582617235,0.016332620913480565,-0.6350000000000016,14_2,5
376,52,2,sombra,14,M,2,4,5,0.567375,0.23627499999999999,1.8125,9.908,28.7425,28.4275,Jov_Madura,verao,FUS,Jan 2004,0.31303448275862067,2.401333192254788,0.057264331853048044,-0.3150000000000013,14_2,7
377,52,2,sombra,14,M,2,5,7,0.27785000000000004,0.228994,2.89375,4.018,28.8875,28.3625,Madura,outono,FUS,Mar 2004,0.0960172786177106,1.2133505681371566,0.06915131906421107,-0.5249999999999986,14_2,9
378,52,2,sombra,14,M,2,6,9,0.357875,0.18015,2.15,10.264,18.965,18.7525,Madura,inverno,FUS,May 2004,0.16645348837209303,1.9865389952817096,0.03486701091192518,-0.21249999999999858,14_2,11
379,52,2,sombra,14,M,2,7,11,0.7703249999999999,0.035225,0.275,9.6755,9.07325,9.16925,Madura,inverno,FUS,Jul 2004,2.8011818181818176,21.86870120652945,0.07961604051470209,0.09600000000000009,14_2,13
380,52,2,sombra,14,M,2,8,13,0.41262499999999996,0.111875,2.55,39.505,27.095,26.4275,Velha,primavera,FUS,Sep 2004,0.16181372549019607,3.6882681564245807,0.010444880394886722,-0.6675000000000004,14_2,15
381,52,2,sombra,14,M,2,9,15,0.456175,0.175175,3.75,3.6270000000000002,29.0575,28.3625,Velha,primavera,FUS,Nov 2004,0.12164666666666667,2.604110175538747,0.12577198786876206,-0.6950000000000003,14_2,17
382,52,2,sombra,14,M,2,10,17,0.2444,0.10690000000000001,1.075,4.53875,24.8225,24.28,Velha,verao,FUS,Jan 2005,0.22734883720930235,2.286248830682881,0.05384742495180391,-0.5425000000000004,14_2,19
383,52,2,sombra,14,M,2,11,19,0.13815000000000002,0.027850000000000003,0.65,6.945,28.85,28.47,Velha,outono,FUS,Mar 2005,0.21253846153846156,4.960502692998205,0.01989200863930886,-0.38000000000000256,14_2,21
384,52,2,sombra,14,M,2,12,21,0.43232499999999996,0.081875,0.5,3.11275,11.7925,11.695,Velha,inverno,FUS,May 2005,0.8646499999999999,5.28030534351145,0.13888844269536582,-0.09750000000000014,14_2,23
385,53,2,sombra,15,M,1,2,1,0.248333,0.12436699999999999,2.5666700000000002,22.2033,24.16,23.915,Jovem,primavera,FUS,Sep 2003,0.09675299122988151,1.9967756720030234,0.011184508609080632,-0.245000000000001,15_2,3
386,53,2,sombra,15,M,1,3,3,0.1078,0.137578,1.2,9.82025,25.91,25.39,Jov_Madura,primavera,FUS,Nov 2003,0.08983333333333335,0.7835555103286863,0.01097731727807337,-0.5199999999999996,15_2,5
387,53,2,sombra,15,M,1,4,5,0.366525,0.26875,2.74,4.47125,28.0775,27.6375,Jov_Madura,verao,FUS,Jan 2004,0.13376824817518246,1.3638139534883722,0.0819737209952474,-0.4400000000000013,15_2,7
388,53,2,sombra,15,M,1,5,7,1.16625,0.227738,4.325,11.0262,30.67,30.385,Madura,outono,FUS,Mar 2004,0.26965317919075144,5.121016255521696,0.10577080045709311,-0.28500000000000014,15_2,9
389,53,2,sombra,15,M,1,6,9,0.187467,0.06302,2.675,3.83067,19.1625,18.8825,Madura,inverno,FUS,May 2004,0.07008112149532711,2.9747223103776577,0.048938436357086355,-0.28000000000000114,15_2,11
390,53,2,sombra,15,M,1,7,11,0.742,0.049466699999999995,0.36666699999999997,4.27367,9.95067,10.0433,Madura,inverno,FUS,Jul 2004,2.0236345239686147,14.9999898921901,0.173621266967267,0.09262999999999977,15_2,13
391,53,2,sombra,15,M,1,8,13,0.9115000000000001,0.349775,7.325,4.383,26.27,25.93,Velha,primavera,FUS,Sep 2004,0.1244368600682594,2.605960974912444,0.20796258270590923,-0.33999999999999986,15_2,15
392,53,2,sombra,15,M,1,9,15,0.541625,0.259025,5.375,15.9775,29.745,28.9675,Velha,primavera,FUS,Nov 2004,0.10076744186046512,2.091014380851269,0.033899233296823664,-0.7774999999999999,15_2,17
393,53,2,sombra,15,M,1,10,17,0.5308,0.1061,0.925,6.408,25.01,24.6325,Velha,verao,FUS,Jan 2005,0.5738378378378378,5.0028275212064095,0.08283395755305868,-0.3775000000000013,15_2,19
394,53,2,sombra,15,M,1,11,19,0.2707,0.026666699999999998,0.5666669999999999,10.1783,28.8567,28.2267,Velha,outono,FUS,Mar 2005,0.47770560134964635,10.151237310953363,0.026595796940549993,-0.629999999999999,15_2,21
395,53,2,sombra,15,M,1,12,21,1.00505,0.07302499999999999,0.375,7.283,12.52,12.2275,Velha,inverno,FUS,May 2005,2.6801333333333335,13.763094830537488,0.13799945077577921,-0.2925000000000004,15_2,23
396,54,2,sombra,15,M,2,2,1,-0.204925,0.124625,2.55,5.9545,24.455,23.97,Jovem,primavera,FUS,Sep 2003,,,,-0.48499999999999943,15_2,3
397,54,2,sombra,15,M,2,3,3,0.522,0.19820000000000002,1.94,14.8675,25.4625,24.945,Jov_Madura,primavera,FUS,Nov 2003,0.26907216494845365,2.6337033299697272,0.03511013956616782,-0.5174999999999983,15_2,5
398,54,2,sombra,15,M,2,4,5,0.394075,0.33645,2.625,9.79275,27.72,27.21,Jov_Madura,verao,FUS,Jan 2004,0.15012380952380952,1.1712735919155892,0.0402415051951699,-0.509999999999998,15_2,7
399,54,2,sombra,15,M,2,5,7,0.346775,0.155587,3.0,6.193,30.91,30.625,Madura,outono,FUS,Mar 2004,0.11559166666666666,2.2288173176422195,0.05599467140319716,-0.28500000000000014,15_2,9
400,54,2,sombra,15,M,2,6,9,0.40457499999999996,0.1748,2.35,4.685,19.6275,19.495,Madura,inverno,FUS,May 2004,0.17215957446808508,2.314502288329519,0.08635538954108858,-0.13250000000000028,15_2,11
401,54,2,sombra,15,M,2,7,11,0.5586249999999999,0.03905,0.275,8.10475,10.0235,10.12,Madura,inverno,FUS,Jul 2004,2.031363636363636,14.305377720870677,0.06892563003177149,0.09649999999999892,15_2,13
402,54,2,sombra,15,M,2,8,13,0.46950000000000003,0.18175000000000002,4.025,10.818200000000001,25.9675,25.6825,Velha,primavera,FUS,Sep 2004,0.11664596273291924,2.5832187070151305,0.04339908672422399,-0.28500000000000014,15_2,15
403,54,2,sombra,15,M,2,9,15,1.5110000000000001,0.259975,5.475,18.375,29.505,28.9,Velha,primavera,FUS,Nov 2004,0.2759817351598174,5.812097317049717,0.08223129251700681,-0.6050000000000004,15_2,17
404,54,2,sombra,15,M,2,10,17,0.28855000000000003,0.033174999999999996,0.275,15.4125,26.1425,25.4425,Velha,verao,FUS,Jan 2005,1.0492727272727274,8.697814619442353,0.018721816707218168,-0.6999999999999993,15_2,19
405,54,2,sombra,15,M,2,11,19,0.730233,0.0402,1.03333,7.577,29.7667,29.29,Velha,outono,FUS,Mar 2005,0.706679376385085,18.165,0.09637495050811667,-0.476700000000001,15_2,21
406,54,2,sombra,15,M,2,12,21,0.256725,0.051425,0.3,6.4985,13.1125,12.9175,Velha,inverno,FUS,May 2005,0.85575,4.992221682061254,0.03950527044702624,-0.19500000000000028,15_2,23
407,55,3,sol,16,F,1,3,1,5.1075,0.19865000000000002,3.975,2023.0,26.5775,29.1525,Jovem,primavera,MO,Nov 2003,1.2849056603773585,25.7110495846967,0.002524715768660405,2.5749999999999993,16_3,5
408,55,3,sol,16,F,1,4,3,11.0125,0.29505000000000003,6.25,247.45,30.06,29.25,Jov_Madura,verao,MO,Jan 2004,1.7619999999999998,37.32418234197593,0.04450394018993736,-0.8099999999999987,16_3,7
409,55,3,sol,16,F,1,5,5,1.93225,0.230875,5.0,49.8725,32.3925,31.99,Madura,outono,MO,Mar 2004,0.38645,8.369247428262046,0.03874379668153792,-0.40249999999999986,16_3,9
410,55,3,sol,16,F,1,6,7,2.825,0.2024,2.025,53.4675,18.6575,18.0175,Madura,inverno,MO,May 2004,1.395061728395062,13.957509881422926,0.05283583485294806,-0.6400000000000006,16_3,11
411,55,3,sol,16,F,1,7,9,3.2655,0.11610000000000001,1.825,36.3,20.5925,19.7975,Madura,inverno,MO,Jul 2004,1.7893150684931507,28.1266149870801,0.08995867768595042,-0.7950000000000017,16_3,13
412,55,3,sol,16,F,1,8,11,8.9965,0.152275,3.45,588.425,22.5325,24.13,Madura,primavera,MO,Sep 2004,2.6076811594202893,59.08061073715317,0.01528911925903896,1.5975000000000001,16_3,15
413,55,3,sol,16,F,1,9,13,5.132,0.12217499999999999,3.475,347.575,25.1475,26.6725,Velha,primavera,MO,Nov 2004,1.4768345323741006,42.00532023736444,0.014765158598863555,1.5249999999999986,16_3,17
414,56,3,sol,16,F,2,3,1,10.7417,0.16114,1.0425,1577.53,28.4425,30.0675,Jovem,primavera,MO,Nov 2003,10.30378896882494,66.66066774233586,0.006809189048702719,1.625,16_3,5
415,56,3,sol,16,F,2,4,3,10.3538,0.249275,4.975,261.65,30.0325,28.9325,Jov_Madura,verao,MO,Jan 2004,2.081165829145729,41.53565339484505,0.03957118287789031,-1.0999999999999979,16_3,7
416,56,3,sol,16,F,2,5,5,0.12745,0.17707499999999998,3.5625,12.5045,30.7125,30.255,Madura,outono,MO,Mar 2004,0.03577543859649123,0.719751517718481,0.010192330760926066,-0.4574999999999996,16_3,9
417,56,3,sol,16,F,2,6,7,5.21525,0.179925,1.9,76.2025,18.8625,18.3925,Madura,inverno,MO,May 2004,2.7448684210526317,28.98568848131166,0.06843935566418424,-0.4700000000000024,16_3,11
418,56,3,sol,16,F,2,7,9,3.82225,0.12245,2.225,24.5725,23.0325,22.53,Madura,inverno,MO,Jul 2004,1.7178651685393258,31.214781543487135,0.15554990334723776,-0.5024999999999977,16_3,13
419,56,3,sol,16,F,2,8,11,5.62075,0.113675,2.775,1721.0,24.3275,24.3925,Madura,primavera,MO,Sep 2004,2.0254954954954956,49.445788431933146,0.003265979081929111,0.06499999999999773,16_3,15
420,56,3,sol,16,F,2,9,13,6.17,0.138925,3.25,145.8,24.215,23.7525,Velha,primavera,MO,Nov 2004,1.8984615384615384,44.41245276228181,0.04231824417009602,-0.4624999999999986,16_3,17
421,57,3,sol,16,F,3,3,1,10.455,0.16092499999999998,1.1575,1879.25,29.4025,31.265,Jovem,primavera,MO,Nov 2003,9.032397408207343,64.96815286624205,0.00556338965012638,1.8625000000000007,16_3,5
422,57,3,sol,16,F,3,4,3,17.145,0.43710000000000004,7.675,261.225,29.9125,29.03,Jov_Madura,verao,MO,Jan 2004,2.233876221498371,39.22443376801647,0.0656330749354005,-0.8825000000000003,16_3,7
423,57,3,sol,16,F,3,5,5,0.7894749999999999,0.16585000000000003,2.80625,18.5195,30.745,30.3025,Madura,outono,MO,Mar 2004,0.2813273942093541,4.760174856798311,0.042629390642295956,-0.44250000000000256,16_3,9
424,57,3,sol,16,F,3,6,7,3.30025,0.272825,2.475,42.7375,18.53,17.77,Madura,inverno,MO,May 2004,1.3334343434343434,12.09658205809585,0.07722140976893829,-0.7600000000000016,16_3,11
425,57,3,sol,16,F,3,7,9,2.32,0.048600000000000004,0.925,10.818200000000001,22.425,21.6825,Madura,inverno,MO,Jul 2004,2.508108108108108,47.736625514403286,0.21445342108668722,-0.7424999999999997,16_3,13
426,57,3,sol,16,F,3,8,11,11.52,0.167,4.075,444.875,25.415,25.2025,Madura,primavera,MO,Sep 2004,2.8269938650306745,68.9820359281437,0.02589491430177016,-0.21249999999999858,16_3,15
427,57,3,sol,16,F,3,9,13,8.26275,0.129225,5.45,778.0,28.0275,32.4325,Velha,primavera,MO,Nov 2004,1.5161009174311928,63.94080092861289,0.010620501285347044,4.404999999999998,16_3,17
428,58,3,sol,17,M,1,3,1,14.0475,0.1864,3.81875,1362.25,30.895,31.7625,Jovem,primavera,MO,Nov 2003,3.678559738134206,75.36212446351931,0.010311983850247751,0.8674999999999997,17_3,5
429,58,3,sol,17,M,1,4,3,10.93,0.305625,7.6,1083.38,30.6325,30.975,Jov_Madura,verao,MO,Jan 2004,1.438157894736842,35.762781186094074,0.010088796174934002,0.34250000000000114,17_3,7
430,58,3,sol,17,M,1,5,5,5.34975,0.28967499999999996,5.925,179.025,28.2625,27.17,Madura,outono,MO,Mar 2004,0.9029113924050634,18.468110813843104,0.029882697947214078,-1.0924999999999976,17_3,9
431,58,3,sol,17,M,1,6,7,5.49225,0.345775,3.15,123.775,18.9225,18.4025,Madura,inverno,MO,May 2004,1.7435714285714288,15.883884028631336,0.044372853968895176,-0.5199999999999996,17_3,11
432,58,3,sol,17,M,1,7,9,0.997825,0.155775,2.15,26.655,20.75,19.715,Madura,inverno,MO,Jul 2004,0.4641046511627907,6.405552880757503,0.03743481523166385,-1.0350000000000001,17_3,13
433,58,3,sol,17,M,1,8,11,10.0603,0.14907499999999999,3.925,1415.5,26.0975,26.6375,Madura,primavera,MO,Sep 2004,2.5631337579617837,67.48482307563307,0.0071072412575061816,0.5399999999999991,17_3,15
434,59,3,sol,17,M,2,3,1,9.50375,0.15355000000000002,4.655,1960.0,30.4475,33.82,Jovem,primavera,MO,Nov 2003,2.0416219119226637,61.89352002605014,0.004848852040816327,3.3724999999999987,17_3,5
435,59,3,sol,17,M,2,4,3,19.785,0.41835000000000006,4.58,1789.25,33.8125,34.605,Jov_Madura,verao,MO,Jan 2004,4.319868995633188,47.292936536392965,0.011057705742629594,0.7924999999999969,17_3,7
436,59,3,sol,17,M,2,5,5,2.27225,0.155575,3.975,9.972,27.6975,26.7575,Madura,outono,MO,Mar 2004,0.5716352201257862,14.605495741603729,0.22786301644604895,-0.9400000000000013,17_3,9
437,59,3,sol,17,M,2,6,7,6.8172500000000005,0.2979,3.15,85.935,19.385,18.82,Madura,inverno,MO,May 2004,2.1642063492063492,22.88435716683451,0.0793303077907721,-0.5650000000000013,17_3,11
438,59,3,sol,17,M,2,7,9,0.932925,0.1212,1.775,10.034,20.5375,19.4,Madura,inverno,MO,Jul 2004,0.5255915492957747,7.69740099009901,0.09297638030695635,-1.1375000000000028,17_3,13
439,59,3,sol,17,M,2,8,11,4.3705,0.13440000000000002,2.925,67.2825,24.74,23.5425,Madura,primavera,MO,Sep 2004,1.4941880341880343,32.51860119047618,0.06495745550477464,-1.197499999999998,17_3,15
440,59,3,sol,17,M,2,9,13,0.9802249999999999,0.1179,3.5,9.06825,28.8275,27.0875,Velha,primavera,MO,Nov 2004,0.2800642857142857,8.314037319762509,0.10809417473051579,-1.740000000000002,17_3,17
441,59,3,sol,17,M,2,10,15,0.5255000000000001,0.054700000000000006,1.3,16.31,32.37,31.4,Velha,verao,MO,Jan 2005,0.4042307692307693,9.606946983546619,0.03221949724095648,-0.9699999999999989,17_3,19
442,60,3,sol,17,M,3,3,1,11.0975,0.44647499999999996,1.167,1734.25,31.32,33.9475,Jovem,primavera,MO,Nov 2003,9.50942587832048,24.855814995240497,0.006399019749171111,2.6274999999999977,17_3,5
443,60,3,sol,17,M,3,4,3,15.8275,0.41565,1.015,1993.5,34.2175,34.8075,Jov_Madura,verao,MO,Jan 2004,15.593596059113302,38.078912546613736,0.007939553549034362,0.5899999999999963,17_3,7
444,60,3,sol,17,M,3,5,5,6.46825,0.224775,5.225,183.05,28.4975,27.2425,Madura,outono,MO,Mar 2004,1.2379425837320575,28.77655433210989,0.035335973777656376,-1.254999999999999,17_3,9
445,60,3,sol,17,M,3,6,7,8.4475,0.25482499999999997,3.225,175.725,20.73,20.4775,Madura,inverno,MO,May 2004,2.61937984496124,33.1502011184146,0.04807227201593399,-0.2525000000000013,17_3,11
446,60,3,sol,17,M,3,7,9,2.14775,0.1547,2.425,49.0575,22.2225,21.1175,Madura,inverno,MO,Jul 2004,0.8856701030927835,13.883322559793147,0.043780257860673695,-1.1050000000000004,17_3,13
447,60,3,sol,17,M,3,8,11,5.37025,0.18645,3.95,572.865,25.915,24.0725,Madura,primavera,MO,Sep 2004,1.3595569620253165,28.802628050415663,0.009374372670699032,-1.8424999999999976,17_3,15
448,60,3,sol,17,M,3,9,13,0.9449249999999999,0.146775,3.7,9.6985,28.06,25.6075,Velha,primavera,MO,Nov 2004,0.2553851351351351,6.43791517629024,0.09743001495076559,-2.452499999999997,17_3,17
449,60,3,sol,17,M,3,10,15,3.169,0.1092,2.05,31.4325,31.2225,30.475,Velha,verao,MO,Jan 2005,1.5458536585365856,29.02014652014652,0.1008192157798457,-0.7474999999999987,17_3,19
450,61,3,sol,18,F,1,3,1,15.3575,0.1922,3.24375,1991.25,31.655,32.7525,Jovem,primavera,MO,Nov 2003,4.734489402697495,79.90374609781477,0.007712492153170119,1.0974999999999966,18_3,5
451,61,3,sol,18,F,1,4,3,13.1775,0.35762499999999997,7.25,527.75,34.0325,32.785,Jov_Madura,verao,MO,Jan 2004,1.8175862068965518,36.847256204124434,0.02496920890573188,-1.2475000000000023,18_3,7
452,61,3,sol,18,F,1,5,5,1.4715,0.08605,2.4,226.5,28.5425,27.715,Madura,outono,MO,Mar 2004,0.613125,17.100522951772227,0.0064966887417218545,-0.8275000000000006,18_3,9
453,61,3,sol,18,F,1,6,7,7.5485,0.299825,3.875,441.7,22.39,22.05,Madura,inverno,MO,May 2004,1.948,25.17635287250896,0.017089653611048222,-0.33999999999999986,18_3,11
454,61,3,sol,18,F,1,7,9,1.88975,0.19317499999999999,3.25,59.3975,24.37,23.3475,Madura,inverno,MO,Jul 2004,0.5814615384615385,9.782580561666883,0.031815312092259775,-1.0225000000000009,18_3,13
455,62,3,sol,18,F,2,3,1,4.884,0.20837499999999998,2.525,381.01,31.3625,30.095,Jovem,primavera,MO,Nov 2003,1.9342574257425744,23.438512297540495,0.012818561192619617,-1.2675000000000018,18_3,5
456,62,3,sol,18,F,2,4,3,6.48225,0.20945000000000003,5.5,98.7175,33.61,31.94,Jov_Madura,verao,MO,Jan 2004,1.178590909090909,30.948913821914534,0.06566464912502848,-1.6699999999999982,18_3,7
457,62,3,sol,18,F,2,5,5,4.742,0.153125,3.8,87.0425,27.7475,26.8775,Madura,outono,MO,Mar 2004,1.2478947368421054,30.96816326530612,0.05447913375649826,-0.8699999999999974,18_3,9
458,62,3,sol,18,F,2,6,7,4.592,0.2494,3.6,98.9325,22.4025,21.945,Madura,inverno,MO,May 2004,1.2755555555555553,18.4121892542101,0.046415485305637674,-0.4574999999999996,18_3,11
459,62,3,sol,18,F,2,7,9,1.3447500000000001,0.053950000000000005,1.05,12.3925,23.1125,22.4675,Madura,inverno,MO,Jul 2004,1.2807142857142857,24.925857275254867,0.10851321363728063,-0.6449999999999996,18_3,13
460,62,3,sol,18,F,2,8,11,1.6185,0.08070000000000001,1.775,21.46,23.3875,22.4125,Madura,primavera,MO,Sep 2004,0.911830985915493,20.055762081784387,0.07541938490214352,-0.9749999999999979,18_3,15
461,63,3,sol,18,F,3,3,1,11.22,0.19045,2.435,889.55,31.5125,32.6675,Jovem,primavera,MO,Nov 2003,4.607802874743327,58.913100551325805,0.012613118992749145,1.1549999999999976,18_3,5
462,63,3,sol,18,F,3,4,3,11.05,0.2479,5.975,189.65,32.7225,31.3675,Jov_Madura,verao,MO,Jan 2004,1.8493723849372388,44.5744251714401,0.0582652254152386,-1.3549999999999969,18_3,7
463,63,3,sol,18,F,3,5,5,8.349,0.3294,5.975,76.9575,27.545,26.22,Madura,outono,MO,Mar 2004,1.3973221757322176,25.34608378870674,0.10848845141799046,-1.3250000000000028,18_3,9
464,63,3,sol,18,F,3,6,7,5.4255,0.30427499999999996,4.125,92.7175,22.55,22.0175,Madura,inverno,MO,May 2004,1.3152727272727274,17.83090953906828,0.05851646129371478,-0.5325000000000024,18_3,11
465,63,3,sol,18,F,3,7,9,0.9472,0.112325,2.225,116.085,23.82,23.605,Madura,inverno,MO,Jul 2004,0.4257078651685393,8.432673046961941,0.008159538269371581,-0.21499999999999986,18_3,13
466,63,3,sol,18,F,3,8,11,4.00525,0.15395,3.475,71.275,25.135,23.9225,Madura,primavera,MO,Sep 2004,1.152589928057554,26.01656381942189,0.05619431778323395,-1.2125000000000021,18_3,15
467,64,3,sol,19,F,1,3,1,9.3105,0.2425,1.3525,1779.75,31.715,30.9275,Jovem,primavera,MO,Nov 2003,6.883918669131238,38.393814432989686,0.005231352718078381,-0.7875000000000014,19_3,5
468,64,3,sol,19,F,1,4,3,9.31575,0.26725000000000004,5.865,222.575,31.795,30.0625,Jov_Madura,verao,MO,Jan 2004,1.5883631713554986,34.857811038353596,0.0418544310906436,-1.7325000000000017,19_3,7
469,64,3,sol,19,F,1,5,5,8.8015,0.251375,5.375,231.625,28.095,27.455,Madura,outono,MO,Mar 2004,1.6374883720930233,35.01342615614122,0.03799892066918511,-0.6400000000000006,19_3,9
470,64,3,sol,19,F,1,6,7,4.98175,0.217225,4.1,183.725,22.3975,21.265,Madura,inverno,MO,May 2004,1.2150609756097561,22.933594199562666,0.02711525377602395,-1.1325000000000003,19_3,11
471,64,3,sol,19,F,1,7,9,2.75625,0.11047499999999999,2.35,24.995,23.475,23.2525,Madura,inverno,MO,Jul 2004,1.172872340425532,24.949083503054993,0.11027205441088217,-0.22250000000000014,19_3,13
472,64,3,sol,19,F,1,8,11,2.29025,0.111775,2.775,41.8,25.3325,23.99,Madura,primavera,MO,Sep 2004,0.8253153153153153,20.489823305748153,0.054790669856459334,-1.3425000000000011,19_3,15
473,65,3,sol,19,F,2,3,1,6.6715,0.211425,3.19,1931.25,32.0625,32.15,Jovem,primavera,MO,Nov 2003,2.0913793103448275,31.5549249142722,0.0034544983818770225,0.08749999999999858,19_3,5
474,65,3,sol,19,F,2,4,3,8.91875,0.357975,6.1,107.45,31.3525,29.54,Jov_Madura,verao,MO,Jan 2004,1.4620901639344261,24.914449333053984,0.08300372266170311,-1.8125,19_3,7
475,65,3,sol,19,F,2,5,5,4.80725,0.2684,6.5,72.575,28.3,27.9925,Madura,outono,MO,Mar 2004,0.739576923076923,17.910767511177344,0.066238374095763,-0.307500000000001,19_3,9
476,65,3,sol,19,F,2,6,7,3.97775,0.20565000000000003,3.325,23.7825,22.1325,21.2875,Madura,inverno,MO,May 2004,1.1963157894736842,19.34232920009725,0.16725533480500368,-0.8449999999999989,19_3,11
477,65,3,sol,19,F,2,7,9,0.498,0.23235000000000003,4.75,6.4685,24.235,23.19,Madura,inverno,MO,Jul 2004,0.10484210526315789,2.143318269851517,0.07698848264667234,-1.0449999999999982,19_3,13
478,65,3,sol,19,F,2,8,11,2.3875,0.10027499999999999,2.325,26.02,24.01,22.83,Madura,primavera,MO,Sep 2004,1.0268817204301075,23.809523809523814,0.0917563412759416,-1.1800000000000033,19_3,15
479,66,3,sol,19,F,3,3,1,8.97125,0.217075,2.725,2059.25,32.1675,31.3425,Jovem,primavera,MO,Nov 2003,3.292201834862385,41.32788206840954,0.004356561855044312,-0.8249999999999957,19_3,5
480,66,3,sol,19,F,3,4,3,8.91875,0.357975,6.1,304.05,30.4125,29.02,Jov_Madura,verao,MO,Jan 2004,1.4620901639344261,24.914449333053984,0.029333168886696265,-1.3925000000000018,19_3,7
481,66,3,sol,19,F,3,5,5,11.0725,0.342175,7.1,415.575,28.71,28.1425,Madura,outono,MO,Mar 2004,1.559507042253521,32.35917293782421,0.026643806773747218,-0.5675000000000026,19_3,9
482,66,3,sol,19,F,3,6,7,3.6365,0.226175,2.75,23.27,21.605,21.0475,Madura,inverno,MO,May 2004,1.3223636363636364,16.07825798607273,0.1562741727546197,-0.557500000000001,19_3,11
483,66,3,sol,19,F,3,7,9,5.35475,0.139175,3.325,39.5975,25.6,25.875,Madura,inverno,MO,Jul 2004,1.6104511278195488,38.474941620262264,0.1352294968116674,0.2749999999999986,19_3,13
484,66,3,sol,19,F,3,8,11,2.103,0.084575,1.975,25.6875,23.415,22.4275,Madura,primavera,MO,Sep 2004,1.0648101265822785,24.865503990540944,0.08186861313868614,-0.9875000000000007,19_3,15
485,67,3,sol,20,M,1,3,1,8.4535,0.209375,2.625,150.95,30.5625,30.5925,Jovem,primavera,MO,Nov 2003,3.2203809523809523,40.374925373134325,0.05600198741305068,0.030000000000001137,20_3,5
486,67,3,sol,20,M,1,4,3,11.63,0.41372499999999995,7.15,282.15,30.2175,28.6,Jov_Madura,verao,MO,Jan 2004,1.6265734265734266,28.11045984651641,0.04121920964026228,-1.6174999999999997,20_3,7
487,67,3,sol,20,M,1,5,5,7.57325,0.24795000000000003,5.325,242.925,28.565,28.0475,Madura,outono,MO,Mar 2004,1.4222065727699529,30.543456342004433,0.031175259853864358,-0.5175000000000018,20_3,9
488,68,3,sol,20,M,2,3,1,4.53775,0.427375,1.7875,96.5275,30.135,28.9675,Jovem,primavera,MO,Nov 2003,2.5386013986013984,10.617724480842352,0.047009919453005616,-1.1675000000000004,20_3,5
489,68,3,sol,20,M,2,4,3,12.5075,0.391375,7.225,367.375,30.875,29.79,Jov_Madura,verao,MO,Jan 2004,1.731141868512111,31.957840945384863,0.03404559373936713,-1.0850000000000009,20_3,7
490,68,3,sol,20,M,2,5,5,7.802,0.317775,4.75,445.075,28.4275,27.0775,Madura,outono,MO,Mar 2004,1.6425263157894736,24.551962866808278,0.017529629837667808,-1.3499999999999979,20_3,9
491,68,3,sol,20,M,2,6,7,5.32875,0.24715,3.225,133.225,21.305,20.55,Madura,inverno,MO,May 2004,1.6523255813953488,21.560793040663565,0.03999812347532371,-0.754999999999999,20_3,11
492,68,3,sol,20,M,2,7,9,1.79335,0.19995000000000002,3.4,9.55425,24.64,23.3075,Madura,inverno,MO,Jul 2004,0.5274558823529412,8.968992248062015,0.18770180809587356,-1.3324999999999996,20_3,13
493,68,3,sol,20,M,2,8,11,3.36025,0.118625,2.825,519.222,23.3925,23.295,Madura,primavera,MO,Sep 2004,1.1894690265486725,28.32665964172814,0.006471701892446777,-0.09749999999999659,20_3,15
494,69,3,sol,20,M,3,3,1,8.406,0.187667,3.01333,1839.33,29.8533,31.3433,Jovem,primavera,MO,Nov 2003,2.789604855757584,44.79210516499971,0.00457014238880462,1.4899999999999984,20_3,5
495,69,3,sol,20,M,3,4,3,8.95425,0.280175,5.125,143.025,30.085,28.7725,Jov_Madura,verao,MO,Jan 2004,1.747170731707317,31.95948960471134,0.06260618772941794,-1.3125,20_3,7
496,69,3,sol,20,M,3,5,5,7.4045,0.39197499999999996,6.625,209.3,28.5275,26.915,Madura,outono,MO,Mar 2004,1.1176603773584906,18.890235346642005,0.0353774486383182,-1.6125000000000007,20_3,9
497,69,3,sol,20,M,3,6,7,4.24025,0.2595,2.475,90.8575,20.975,20.145,Madura,inverno,MO,May 2004,1.713232323232323,16.340077071290942,0.046669234790743745,-0.8300000000000018,20_3,11
498,69,3,sol,20,M,3,7,9,2.87575,0.16872499999999999,3.45,19.2225,24.06,23.62,Madura,inverno,MO,Jul 2004,0.8335507246376811,17.04400651948437,0.1496033294316556,-0.4399999999999977,20_3,13
499,69,3,sol,20,M,3,8,11,7.16925,0.2048,4.75,124.98,26.695,25.255,Madura,primavera,MO,Sep 2004,1.5093157894736842,35.006103515625,0.05736317810849736,-1.4400000000000013,20_3,15
500,70,3,sol,21,M,1,3,1,17.2925,0.22225000000000003,1.6625,1767.25,30.855,33.2325,Jovem,primavera,MO,Nov 2003,10.401503759398496,77.80652418447693,0.009784976658650446,2.3775000000000013,21_3,5
501,70,3,sol,21,M,1,4,3,7.949,0.242675,6.825,246.375,34.4625,32.765,Jov_Madura,verao,MO,Jan 2004,1.1646886446886446,32.75574327804677,0.03226382546930492,-1.697499999999998,21_3,7
502,70,3,sol,21,M,1,5,5,1.6627800000000001,0.2093,5.575,48.36,29.5975,28.7675,Madura,outono,MO,Mar 2004,0.2982565022421525,7.944481605351171,0.03438337468982631,-0.8300000000000018,21_3,9
503,71,3,sol,21,M,2,3,1,10.6725,0.207875,3.98,997.175,31.7325,34.0525,Jovem,primavera,MO,Nov 2003,2.681532663316583,51.34095009019843,0.01070273522701632,2.3200000000000003,21_3,5
504,71,3,sol,21,M,2,4,3,4.39475,0.21137499999999998,4.6,41.105,30.0575,28.44,Jov_Madura,verao,MO,Jan 2004,0.9553804347826088,20.791247782377294,0.10691521712687022,-1.6174999999999997,21_3,7
505,71,3,sol,21,M,2,5,5,3.782,0.23582499999999998,4.875,45.6775,30.925,29.265,Madura,outono,MO,Mar 2004,0.7757948717948718,16.037315806212234,0.08279787641617864,-1.6600000000000001,21_3,9
506,71,3,sol,21,M,2,6,7,2.1155,0.250925,2.675,9.2175,17.3975,16.7825,Madura,inverno,MO,May 2004,0.7908411214953271,8.430806017734382,0.2295090859777597,-0.615000000000002,21_3,11
507,71,3,sol,21,M,2,7,9,0.946525,0.12992499999999998,2.3,6.68,22.375,21.6925,Madura,inverno,MO,Jul 2004,0.41153260869565217,7.2851645179911495,0.14169535928143712,-0.682500000000001,21_3,13
508,71,3,sol,21,M,2,8,11,1.7635,0.105625,2.45,25.3875,24.5825,23.2925,Madura,primavera,MO,Sep 2004,0.7197959183673469,16.69585798816568,0.06946331856228459,-1.2899999999999991,21_3,15
509,71,3,sol,21,M,2,9,13,1.17505,0.1447,3.35,6.89175,26.2125,24.1725,Velha,primavera,MO,Nov 2004,0.35076119402985073,8.120594333102972,0.17050096129430115,-2.039999999999999,21_3,17
510,71,3,sol,21,M,2,10,15,1.874,0.04825,0.8,22.445,31.73,30.9225,Velha,verao,MO,Jan 2005,2.3425,38.83937823834197,0.08349298284695923,-0.807500000000001,21_3,19
511,72,3,sol,21,M,3,3,1,11.215,0.21425000000000002,3.55,1093.3,32.14,34.0025,Jovem,primavera,MO,Nov 2003,3.159154929577465,52.345390898483075,0.01025793469313089,1.8624999999999972,21_3,5
512,72,3,sol,21,M,3,4,3,7.4475,0.24717499999999998,6.65,280.875,32.5725,31.5175,Jov_Madura,verao,MO,Jan 2004,1.119924812030075,30.130474360271066,0.02651535380507343,-1.0549999999999997,21_3,7
513,72,3,sol,21,M,3,5,5,0.3418,0.1521,3.6,7.859,28.785,27.625,Madura,outono,MO,Mar 2004,0.09494444444444444,2.2472057856673238,0.043491538363659495,-1.1600000000000001,21_3,9
514,72,3,sol,21,M,3,6,7,8.26275,0.393125,3.575,159.575,18.015,17.5125,Madura,inverno,MO,May 2004,2.311258741258741,21.0181240063593,0.05177972740090867,-0.5025000000000013,21_3,11
515,72,3,sol,21,M,3,7,9,3.349,0.136875,2.75,28.865,24.0375,23.3125,Madura,inverno,MO,Jul 2004,1.217818181818182,24.467579908675802,0.11602286506149317,-0.7250000000000014,21_3,13
516,72,3,sol,21,M,3,8,11,3.259,0.09475,2.4,403.24,25.0625,24.0475,Madura,primavera,MO,Sep 2004,1.3579166666666667,34.39577836411609,0.008082035512349964,-1.0150000000000006,21_3,15
517,73,3,sol,22,M,1,3,1,8.99625,0.15585000000000002,3.405,1367.5,32.18,33.825,Jovem,primavera,MO,Nov 2003,2.642070484581498,57.7237728585178,0.0065786106032906765,1.6450000000000031,22_3,5
518,73,3,sol,22,M,1,4,3,2.4095,0.084725,1.25,51.675,29.47,28.88,Jov_Madura,verao,MO,Jan 2004,1.9276,28.439067571555032,0.04662796323173682,-0.5899999999999999,22_3,7
519,73,3,sol,22,M,1,5,5,3.9685,0.265175,5.6,82.0175,28.82,27.7175,Madura,outono,MO,Mar 2004,0.7086607142857143,14.96558876213821,0.04838601517968726,-1.1024999999999991,22_3,9
520,73,3,sol,22,M,1,6,7,4.47325,0.18860000000000002,1.9,84.33,17.9,17.3775,Madura,inverno,MO,May 2004,2.354342105263158,23.718186638388122,0.053044586742559,-0.5224999999999973,22_3,11
521,73,3,sol,22,M,1,7,9,2.868,0.233125,3.45,80.505,22.135,20.7525,Madura,inverno,MO,Jul 2004,0.8313043478260869,12.302412868632707,0.03562511645239426,-1.3825000000000003,22_3,13
522,73,3,sol,22,M,1,8,11,6.36875,0.11040000000000001,3.475,1459.75,28.7025,28.3025,Madura,primavera,MO,Sep 2004,1.8327338129496404,57.68795289855072,0.004362904606953245,-0.40000000000000213,22_3,15
523,74,3,sol,22,M,2,3,1,7.8105,0.18025000000000002,3.2875,1280.18,31.2325,32.2625,Jovem,primavera,MO,Nov 2003,2.375817490494297,43.33148404993065,0.0061010951584933365,1.0300000000000011,22_3,5
524,74,3,sol,22,M,2,4,3,5.53625,0.15910000000000002,5.3,84.7875,29.535,27.9375,Jov_Madura,verao,MO,Jan 2004,1.0445754716981133,34.79729729729729,0.06529559192097892,-1.5975000000000001,22_3,7
525,74,3,sol,22,M,2,5,5,0.34705,0.22147499999999998,3.075,5.897,22.8925,22.6875,Madura,outono,MO,Mar 2004,0.11286178861788618,1.5669940173834522,0.05885195862302866,-0.2049999999999983,22_3,9
526,74,3,sol,22,M,2,6,7,3.8175,0.237837,2.775,86.3875,16.7775,15.9,Madura,inverno,MO,May 2004,1.3756756756756756,16.05090881570151,0.04419042106786283,-0.8774999999999995,22_3,11
527,74,3,sol,22,M,2,7,9,1.40975,0.181525,2.825,25.48,22.745,21.81,Madura,inverno,MO,Jul 2004,0.49902654867256635,7.766147913510537,0.05532770800627944,-0.9350000000000023,22_3,13
528,74,3,sol,22,M,2,8,11,2.768,0.07835,1.825,779.45,24.85,23.4275,Madura,primavera,MO,Sep 2004,1.5167123287671231,35.3286534779834,0.0035512220155237664,-1.422500000000003,22_3,15
529,74,3,sol,22,M,2,9,13,1.12,0.15675,3.8,11.182,26.91,25.7275,Velha,primavera,MO,Nov 2004,0.2947368421052632,7.145135566188198,0.10016097299230907,-1.182500000000001,22_3,17
530,74,3,sol,22,M,2,10,15,0.955433,0.0502667,1.8,32.12,35.4633,34.7333,Velha,verao,MO,Jan 2005,0.5307961111111111,19.007275194114595,0.02974573474470735,-0.7299999999999969,22_3,19
531,75,3,sol,22,M,3,3,1,8.7655,0.17665,4.2225,1952.5,32.4975,34.3475,Jovem,primavera,MO,Nov 2003,2.075902901124926,49.62071893574865,0.004489372599231754,1.8499999999999943,22_3,5
532,75,3,sol,22,M,3,4,3,6.66625,0.29817499999999997,4.6,180.6,29.19,27.78,Jov_Madura,verao,MO,Jan 2004,1.4491847826086957,22.356837427685086,0.03691168327796235,-1.4100000000000001,22_3,7
533,75,3,sol,22,M,3,5,5,2.435,0.20363699999999998,3.25,76.895,27.7975,26.96,Madura,outono,MO,Mar 2004,0.7492307692307693,11.957551918364542,0.03166655829377723,-0.8374999999999986,22_3,9
534,75,3,sol,22,M,3,6,7,3.8145000000000002,0.238025,2.275,93.52,17.35,16.9175,Madura,inverno,MO,May 2004,1.6767032967032969,16.02562756013024,0.04078806672369547,-0.432500000000001,22_3,11
535,75,3,sol,22,M,3,7,9,0.6053000000000001,0.157525,2.325,23.1225,21.925,20.6275,Madura,inverno,MO,Jul 2004,0.2603440860215054,3.842564672274243,0.026177965185425454,-1.2974999999999994,22_3,13
536,75,3,sol,22,M,3,8,11,1.937,0.046224999999999995,2.0,1774.0,28.39,31.79,Madura,primavera,MO,Sep 2004,0.9685,41.903731746890216,0.0010918827508455467,3.3999999999999986,22_3,15
537,76,3,sol,23,M,1,3,1,9.5935,0.194875,1.86,232.7,26.6725,27.4875,Jovem,primavera,MO,Nov 2003,5.1577956989247316,49.228992944195,0.041226901590030084,0.8150000000000013,23_3,5
538,76,3,sol,23,M,1,4,3,13.7725,0.40652499999999997,6.8,424.375,30.8,31.9475,Jov_Madura,verao,MO,Jan 2004,2.0253676470588236,33.87860525182953,0.03245360824742268,1.1475000000000009,23_3,7
539,76,3,sol,23,M,1,5,5,4.843,0.317675,3.0875,134.8,23.8375,23.1475,Madura,outono,MO,Mar 2004,1.568582995951417,15.245140473754624,0.03592729970326409,-0.6899999999999977,23_3,9
540,76,3,sol,23,M,1,6,7,4.60025,0.20980000000000001,1.45,102.8,16.6825,15.815,Madura,inverno,MO,May 2004,3.172586206896552,21.92683508102955,0.044749513618677045,-0.8675000000000015,23_3,11
541,76,3,sol,23,M,1,7,9,5.1345,0.21180000000000002,2.35,1397.0,15.7525,17.5,Madura,inverno,MO,Jul 2004,2.1848936170212765,24.242209631728045,0.0036753758052970654,1.7475000000000005,23_3,13
542,76,3,sol,23,M,1,8,11,5.166,0.10830000000000001,2.7,87.28,24.4525,24.3175,Madura,primavera,MO,Sep 2004,1.9133333333333333,47.70083102493075,0.05918881759853346,-0.13500000000000156,23_3,15
543,77,3,sol,23,M,2,3,1,10.9425,0.1685,2.4075,1628.0,28.205,28.9075,Jovem,primavera,MO,Nov 2003,4.545171339563863,64.9406528189911,0.006721437346437347,0.7025000000000006,23_3,5
544,77,3,sol,23,M,2,4,3,13.06,0.314625,7.1,677.3,34.0325,34.7975,Jov_Madura,verao,MO,Jan 2004,1.83943661971831,41.50973381009138,0.01928244500221468,0.7650000000000006,23_3,7
545,77,3,sol,23,M,2,5,5,4.23575,0.33038799999999996,2.7,58.035,24.4975,23.7075,Madura,outono,MO,Mar 2004,1.5687962962962962,12.820532222719956,0.07298612906004998,-0.7899999999999991,23_3,9
546,77,3,sol,23,M,2,6,7,3.517,0.29685,1.55,60.605,17.99,17.0725,Madura,inverno,MO,May 2004,2.269032258064516,11.847734546067036,0.05803151555152215,-0.9174999999999969,23_3,11
547,77,3,sol,23,M,2,7,9,5.05925,0.1063,2.425,387.293,16.095,15.165,Madura,inverno,MO,Jul 2004,2.0862886597938144,47.59407337723424,0.013063107259878179,-0.9299999999999997,23_3,13
548,77,3,sol,23,M,2,8,11,2.9995,0.089225,2.35,74.75,26.5525,25.325,Madura,primavera,MO,Sep 2004,1.2763829787234042,33.6172597366209,0.040127090301003344,-1.2274999999999991,23_3,15
549,78,3,sol,23,M,3,3,1,8.29975,0.17377499999999999,2.4375,559.25,28.3425,29.21,Jovem,primavera,MO,Nov 2003,3.4050256410256408,47.761473169328156,0.014840858292355832,0.8674999999999997,23_3,5
550,78,3,sol,23,M,3,4,3,12.92,0.30167499999999997,7.6,1048.57,34.89,35.4025,Jov_Madura,verao,MO,Jan 2004,1.7000000000000002,42.82754620038121,0.012321542672401462,0.5125000000000028,23_3,7
551,78,3,sol,23,M,3,5,5,2.64525,0.2817,3.1625,56.7925,25.03,24.0525,Madura,outono,MO,Mar 2004,0.8364426877470356,9.390308839190627,0.04657745300875996,-0.9775000000000027,23_3,9
552,78,3,sol,23,M,3,6,7,2.36475,0.17295000000000002,1.6,22.67,19.01,18.3275,Madura,inverno,MO,May 2004,1.4779687499999998,13.673026886383346,0.10431186590207321,-0.682500000000001,23_3,11
553,78,3,sol,23,M,3,7,9,5.86625,0.152975,1.15,82.9625,16.045,15.8025,Madura,inverno,MO,Jul 2004,5.10108695652174,38.347769243340416,0.0707096579780021,-0.2425000000000015,23_3,13
554,78,3,sol,23,M,3,8,11,4.617,0.1557,3.6,79.95,25.8875,24.3875,Madura,primavera,MO,Sep 2004,1.2825,29.653179190751445,0.05774859287054409,-1.5,23_3,15
555,79,3,sol,24,M,1,3,1,6.5665000000000004,0.236925,5.7,1658.25,28.145,31.78,Jovem,primavera,MO,Nov 2003,1.1520175438596492,27.715521789595865,0.003959897482285543,3.6350000000000016,24_3,5
556,79,3,sol,24,M,1,4,3,2.62675,0.06275,1.55,943.875,26.745,28.59,Jov_Madura,verao,MO,Jan 2004,1.6946774193548386,41.8605577689243,0.0027829426566017743,1.8449999999999989,24_3,7
557,79,3,sol,24,M,1,5,5,4.28325,0.274675,3.4375,127.467,28.015,27.205,Madura,outono,MO,Mar 2004,1.2460363636363636,15.593883680713569,0.03360281484619548,-0.8100000000000023,24_3,9
558,79,3,sol,24,M,1,6,7,3.00525,0.256875,2.75,48.0275,18.77,18.315,Madura,inverno,MO,May 2004,1.092818181818182,11.6992700729927,0.06257352558430065,-0.4549999999999983,24_3,11
559,79,3,sol,24,M,1,7,9,6.0185,0.2516,2.25,219.385,17.9675,17.1625,Madura,inverno,MO,Jul 2004,2.674888888888889,23.92090620031797,0.02743350730451034,-0.8049999999999997,24_3,13
560,79,3,sol,24,M,1,8,11,5.35675,0.20075,4.575,61.875,25.6425,26.2325,Madura,primavera,MO,Sep 2004,1.1708743169398907,26.68368617683686,0.08657373737373737,0.5900000000000034,24_3,15
561,80,3,sol,24,M,2,3,1,11.8713,0.1648,1.85,930.65,27.0975,27.675,Jovem,primavera,MO,Nov 2003,6.416918918918919,72.03458737864078,0.012755923279428356,0.5775000000000006,24_3,5
562,80,3,sol,24,M,2,4,3,18.725,0.42475,7.35,1057.5,27.43,28.03,Jov_Madura,verao,MO,Jan 2004,2.547619047619048,44.084755738669806,0.017706855791962177,0.6000000000000014,24_3,7
563,80,3,sol,24,M,2,5,5,6.07275,0.335588,3.4,90.7925,25.8525,25.2925,Madura,outono,MO,Mar 2004,1.7861029411764706,18.09584967281309,0.06688603133518738,-0.5599999999999987,24_3,9
564,80,3,sol,24,M,2,6,7,9.976,0.3216,3.4,263.95,20.6275,20.09,Madura,inverno,MO,May 2004,2.934117647058824,31.01990049751244,0.037795036938814176,-0.5375000000000014,24_3,11
565,80,3,sol,24,M,2,7,9,15.3275,0.3613,4.4,1596.0,20.445,21.89,Madura,inverno,MO,Jul 2004,3.483522727272727,42.42319402158871,0.009603696741854637,1.4450000000000003,24_3,13
566,80,3,sol,24,M,2,8,11,12.0925,0.24805000000000002,5.5,1840.75,26.235,26.885,Madura,primavera,MO,Sep 2004,2.1986363636363637,48.75025196532956,0.006569333152247725,0.6500000000000021,24_3,15
567,80,3,sol,24,M,2,9,13,2.35225,0.246025,5.275,61.24,28.2075,26.225,Velha,primavera,MO,Nov 2004,0.4459241706161137,9.561020221522204,0.03841035271064664,-1.9824999999999982,24_3,17
568,80,3,sol,24,M,2,10,15,1.935,0.12205,3.525,72.8775,36.7975,35.6,Velha,verao,MO,Jan 2005,0.548936170212766,15.85415813191315,0.026551404754553875,-1.197499999999998,24_3,19
569,81,3,sol,24,M,3,3,1,12.3525,0.170575,2.00625,1618.5,26.97,27.6025,Jovem,primavera,MO,Nov 2003,6.157009345794392,72.41682544335336,0.00763206672845227,0.6325000000000003,24_3,5
570,81,3,sol,24,M,3,4,3,18.1775,0.43945000000000006,7.275,692.775,27.73,27.8625,Jov_Madura,verao,MO,Jan 2004,2.498625429553264,41.364205256570706,0.02623867778138645,0.13250000000000028,24_3,7
571,81,3,sol,24,M,3,5,5,6.45975,0.260388,2.6625,122.2,27.8625,27.13,Madura,outono,MO,Mar 2004,2.4261971830985916,24.80817088345085,0.05286211129296235,-0.7325000000000017,24_3,9
572,81,3,sol,24,M,3,6,7,3.88825,0.221738,4.025,58.84,20.2675,19.3575,Madura,inverno,MO,May 2004,0.9660248447204969,17.535334493862127,0.06608174711080897,-0.9099999999999966,24_3,11
573,81,3,sol,24,M,3,7,9,0.6819000000000001,0.1907,1.45,26.78,17.96,16.83,Madura,inverno,MO,Jul 2004,0.4702758620689656,3.575773466177242,0.025463032113517553,-1.1300000000000026,24_3,13
574,81,3,sol,24,M,3,8,11,3.4715,0.169625,3.55,148.077,25.2225,23.8525,Madura,primavera,MO,Sep 2004,0.977887323943662,20.465733235077376,0.023443883925255104,-1.370000000000001,24_3,15
575,81,3,sol,24,M,3,9,13,1.427,0.17682499999999998,4.4,139.768,28.78,27.36,Velha,primavera,MO,Nov 2004,0.3243181818181818,8.0701258306235,0.01020977620056093,-1.4200000000000017,24_3,17
576,81,3,sol,24,M,3,10,15,1.0612,0.10885,3.45,46.01,36.0925,34.925,Velha,verao,MO,Jan 2005,0.30759420289855066,9.749196141479098,0.023064551184525103,-1.167500000000004,24_3,19
577,82,3,sol,25,F,1,3,1,5.69525,0.23090000000000002,5.175,1253.32,27.9125,31.0625,Jovem,primavera,MO,Nov 2003,1.1005314009661835,24.665439584235596,0.004544130788625411,3.1499999999999986,25_3,5
578,82,3,sol,25,F,1,4,3,3.792,0.1537,3.15,102.255,27.67,26.9875,Jov_Madura,verao,MO,Jan 2004,1.2038095238095239,24.671437865972674,0.03708376118527212,-0.682500000000001,25_3,7
579,82,3,sol,25,F,1,5,5,2.4665,0.189725,2.7375,68.1875,28.9975,28.485,Madura,outono,MO,Mar 2004,0.9010045662100457,13.000395308999867,0.03617231897341888,-0.5124999999999993,25_3,9
580,82,3,sol,25,F,1,6,7,6.39425,0.22075000000000003,4.375,152.675,19.345,18.7775,Madura,inverno,MO,May 2004,1.4615428571428573,28.966024915062285,0.041881447519240216,-0.567499999999999,25_3,11
581,82,3,sol,25,F,1,7,9,1.80775,0.14930000000000002,1.4,332.332,19.3725,18.86,Madura,inverno,MO,Jul 2004,1.29125,12.108171466845276,0.005439590529951976,-0.5124999999999993,25_3,13
582,82,3,sol,25,F,1,8,11,3.8605,0.119475,3.0,25.6,26.69,25.7975,Madura,primavera,MO,Sep 2004,1.2868333333333333,32.31219920485457,0.15080078125,-0.8925000000000018,25_3,15
583,82,3,sol,25,F,1,9,13,1.822,0.218075,5.8,37.9,30.62,29.5525,Velha,primavera,MO,Nov 2004,0.3141379310344828,8.354923764759832,0.048073878627968344,-1.0675000000000026,25_3,17
584,82,3,sol,25,F,1,10,15,2.305,0.103033,3.16667,62.84,35.28,34.2867,Velha,verao,MO,Jan 2005,0.7278939706379257,22.371473217318727,0.03668045830681095,-0.9932999999999979,25_3,19
585,83,3,sol,25,F,2,3,1,10.2522,0.167925,2.415,1134.13,29.17,29.55,Jovem,primavera,MO,Nov 2003,4.245217391304348,61.0522554711925,0.009039704443053265,0.379999999999999,25_3,5
586,83,3,sol,25,F,2,4,3,9.0495,0.32032499999999997,4.5,171.425,27.8575,26.8025,Jov_Madura,verao,MO,Jan 2004,2.011,28.25099508311871,0.052789849788537256,-1.0550000000000033,25_3,7
587,83,3,sol,25,F,2,5,5,8.87675,0.26858699999999996,5.875,123.375,28.9625,28.64,Madura,outono,MO,Mar 2004,1.510936170212766,33.04981253746458,0.07194934143870314,-0.322499999999998,25_3,9
588,83,3,sol,25,F,2,6,7,5.67525,0.183725,3.725,215.625,19.0775,18.8325,Madura,inverno,MO,May 2004,1.5235570469798658,30.889916995509594,0.02632,-0.245000000000001,25_3,11
589,83,3,sol,25,F,2,7,9,2.901,0.17445000000000002,2.275,38.225,18.1325,17.8875,Madura,inverno,MO,Jul 2004,1.275164835164835,16.629406706792775,0.075892740353172,-0.245000000000001,25_3,13
590,83,3,sol,25,F,2,8,11,3.30875,0.12542499999999998,3.6,34.6075,28.0075,27.655,Madura,primavera,MO,Sep 2004,0.9190972222222221,26.380306956348416,0.09560788846348334,-0.35249999999999915,25_3,15
591,84,3,sol,25,F,3,3,1,7.9565,0.23120000000000002,2.205,1756.0,28.93,28.1825,Jovem,primavera,MO,Nov 2003,3.608390022675737,34.41392733564014,0.004531036446469248,-0.7474999999999987,25_3,5
592,84,3,sol,25,F,3,4,3,10.0925,0.2451,5.525,635.025,27.935,28.4075,Jov_Madura,verao,MO,Jan 2004,1.8266968325791852,41.17707058343533,0.015893075075784416,0.47250000000000014,25_3,7
593,84,3,sol,25,F,3,5,5,5.1755,0.332038,5.875,103.01,29.6725,28.6475,Madura,outono,MO,Mar 2004,0.880936170212766,15.58707135930225,0.05024269488399185,-1.0249999999999986,25_3,9
594,84,3,sol,25,F,3,6,7,4.1965,0.221512,3.475,117.625,18.225,17.3225,Madura,inverno,MO,May 2004,1.2076258992805755,18.94479757304345,0.035676939426142404,-0.9024999999999999,25_3,11
595,85,3,sol,26,M,1,3,1,8.2315,0.40440000000000004,0.975,1718.75,30.3225,33.265,Jovem,primavera,MO,Nov 2003,8.442564102564104,20.35484668644906,0.004789236363636364,2.942499999999999,26_3,5
596,85,3,sol,26,M,1,4,3,17.325,0.40140000000000003,6.6,1622.0,28.9075,30.1325,Jov_Madura,verao,MO,Jan 2004,2.625,43.16143497757847,0.01068125770653514,1.2250000000000014,26_3,7
597,85,3,sol,26,M,1,5,5,5.82125,0.2687,3.4,405.45,28.58,28.2175,Madura,outono,MO,Mar 2004,1.7121323529411765,21.664495720133978,0.014357504007892466,-0.36249999999999716,26_3,9
598,85,3,sol,26,M,1,6,7,3.142,0.283863,2.45,120.7,17.6675,16.6475,Madura,inverno,MO,May 2004,1.2824489795918366,11.068719769748084,0.026031483015741506,-1.0199999999999996,26_3,11
599,85,3,sol,26,M,1,7,9,7.73225,0.2553,3.475,1056.75,17.6725,17.7725,Madura,inverno,MO,Jul 2004,2.225107913669065,30.28691735213474,0.007317009699550508,0.10000000000000142,26_3,13
600,85,3,sol,26,M,1,8,11,5.43025,0.20950000000000002,6.425,425.0,29.8125,29.4175,Madura,primavera,MO,Sep 2004,0.8451750972762646,25.920047732696894,0.012777058823529412,-0.3949999999999996,26_3,15
601,86,3,sol,26,M,2,3,1,8.14825,0.410625,4.485,1828.0,29.7925,32.57,Jovem,primavera,MO,Nov 2003,1.8167781493868451,19.84353120243531,0.004457467177242889,2.7775,26_3,5
602,86,3,sol,26,M,2,4,3,10.3525,0.23632499999999998,5.9,1711.0,28.68,31.065,Jov_Madura,verao,MO,Jan 2004,1.7546610169491523,43.80619909023591,0.006050555230859146,2.3850000000000016,26_3,7
603,86,3,sol,26,M,2,5,5,5.34725,0.266513,3.575,285.1,28.56,28.1525,Madura,outono,MO,Mar 2004,1.4957342657342656,20.063749235496953,0.018755699754472114,-0.40749999999999886,26_3,9
604,86,3,sol,26,M,2,6,7,6.9805,0.290975,5.0,193.475,18.495,17.7025,Madura,inverno,MO,May 2004,1.3961000000000001,23.99003350803334,0.03607959684713787,-0.7925000000000004,26_3,11
605,86,3,sol,26,M,2,7,9,6.44925,0.285225,3.675,224.65,17.7075,17.805,Madura,inverno,MO,Jul 2004,1.7548979591836735,22.61109650276098,0.028707990206988648,0.09750000000000014,26_3,13
606,87,3,sol,26,M,3,3,1,3.82875,0.1725,2.41875,301.372,29.685,28.8,Jovem,primavera,MO,Nov 2003,1.5829457364341084,22.195652173913043,0.012704398550628458,-0.884999999999998,26_3,5
607,87,3,sol,26,M,3,4,3,2.77175,0.191125,3.45,61.7225,28.4575,27.6625,Jov_Madura,verao,MO,Jan 2004,0.8034057971014492,14.502289077828646,0.04490663858398477,-0.7949999999999982,26_3,7
608,87,3,sol,26,M,3,5,5,1.9717500000000001,0.170762,2.1375,5.25925,27.205,26.92,Madura,outono,MO,Mar 2004,0.9224561403508772,11.546772701186448,0.3749108713219566,-0.2849999999999966,26_3,9
609,87,3,sol,26,M,3,6,7,3.27225,0.104737,3.8,63.415,18.8175,18.2225,Madura,inverno,MO,May 2004,0.8611184210526317,31.242540840390696,0.05160056768903257,-0.5949999999999989,26_3,11
610,87,3,sol,26,M,3,7,9,3.3845,0.11040000000000001,1.55,297.325,16.3325,16.435,Madura,inverno,MO,Jul 2004,2.1835483870967742,30.656702898550723,0.011383166568569747,0.10249999999999915,26_3,13
611,87,3,sol,26,M,3,8,11,7.1785,0.20232499999999998,7.475,1628.25,31.3925,32.43,Madura,primavera,MO,Sep 2004,0.9603344481605351,35.48004448288645,0.004408721019499463,1.0375000000000014,26_3,15
612,87,3,sol,26,M,3,9,13,2.47825,0.1504,6.6,220.997,34.7125,34.8925,Velha,primavera,MO,Nov 2004,0.3754924242424243,16.477726063829788,0.011213953130585482,0.17999999999999972,26_3,17
613,87,3,sol,26,M,3,10,15,8.5525,0.162625,6.15,1399.2,34.28,36.2625,Velha,verao,MO,Jan 2005,1.390650406504065,52.590315142198314,0.006112421383647799,1.9825000000000017,26_3,19
614,88,3,sol,27,M,1,3,1,9.0285,0.21480000000000002,1.1225,999.15,30.0275,29.5425,Jovem,primavera,MO,Nov 2003,8.043207126948774,42.032122905027926,0.009036180753640594,-0.48499999999999943,27_3,5
615,88,3,sol,27,M,1,4,3,11.7775,0.35529499999999997,1.8525,90.3275,28.1575,27.3375,Jov_Madura,verao,MO,Jan 2004,6.3576248313090415,33.1485103927722,0.13038664858431817,-0.8200000000000003,27_3,7
616,88,3,sol,27,M,1,5,5,3.60625,0.303,2.4375,14.0533,26.9125,26.07,Madura,outono,MO,Mar 2004,1.4794871794871796,11.901815181518153,0.2566123259305644,-0.8425000000000011,27_3,9
617,88,3,sol,27,M,1,6,7,3.3335,0.213825,2.2,59.73,17.0025,16.5875,Madura,inverno,MO,May 2004,1.5152272727272726,15.589851514088624,0.05580947597522183,-0.4150000000000027,27_3,11
618,88,3,sol,27,M,1,7,9,2.77475,0.166125,2.075,36.57,17.085,17.1875,Madura,inverno,MO,Jul 2004,1.3372289156626505,16.70278404815651,0.07587503418102269,0.10249999999999915,27_3,13
619,88,3,sol,27,M,1,8,11,3.7215000000000003,0.24492499999999998,6.725,78.795,30.3,28.0375,Madura,primavera,MO,Sep 2004,0.5533828996282528,15.194447279779526,0.047230154197601376,-2.2624999999999993,27_3,15
620,88,3,sol,27,M,1,9,13,2.8495,0.2514,6.625,54.5275,31.09,29.335,Velha,primavera,MO,Nov 2004,0.4301132075471698,11.334526650755766,0.05225803493649993,-1.754999999999999,27_3,17
621,88,3,sol,27,M,1,10,15,2.62225,0.03105,0.5,80.345,32.49,32.0125,Velha,verao,MO,Jan 2005,5.2445,84.4524959742351,0.032637376314643106,-0.47749999999999915,27_3,19
622,89,3,sol,27,M,2,3,1,7.67075,0.248825,1.473,213.4,30.355,28.8125,Jovem,primavera,MO,Nov 2003,5.207569585879158,30.827891088114136,0.03594540768509841,-1.5425000000000004,27_3,5
623,89,3,sol,27,M,2,4,3,9.747,0.29805000000000004,5.975,597.525,28.115,27.77,Jov_Madura,verao,MO,Jan 2004,1.6312970711297072,32.70256668344237,0.016312288188778713,-0.34499999999999886,27_3,7
624,89,3,sol,27,M,2,5,5,6.57033,0.207958,3.06667,315.133,27.9467,27.7533,Madura,outono,MO,Mar 2004,2.1424965842428434,31.594504659594726,0.02084938740150984,-0.19340000000000046,27_3,9
625,89,3,sol,27,M,2,6,7,2.5945,0.5951000000000001,2.9,82.61,17.675,16.97,Madura,inverno,MO,May 2004,0.8946551724137931,4.359771466980339,0.031406609369325746,-0.7050000000000018,27_3,11
626,89,3,sol,27,M,2,7,9,1.08627,0.226825,2.65,83.8475,16.24,16.34,Madura,inverno,MO,Jul 2004,0.40991320754716987,4.789022374076932,0.01295530576343958,0.10000000000000142,27_3,13
627,89,3,sol,27,M,2,8,11,3.591,0.17685,5.575,194.85,30.38,29.6925,Madura,primavera,MO,Sep 2004,0.6441255605381166,20.30534351145038,0.01842956120092379,-0.6875,27_3,15
628,89,3,sol,27,M,2,9,13,1.76925,0.30625,4.41,38.385,30.76,29.565,Velha,primavera,MO,Nov 2004,0.40119047619047615,5.777142857142857,0.04609222352481438,-1.1950000000000003,27_3,17
629,89,3,sol,27,M,2,10,15,8.6895,0.275675,6.325,77.735,34.535,33.6625,Velha,verao,MO,Jan 2005,1.3738339920948617,31.520812551011158,0.11178362385026051,-0.8724999999999952,27_3,19
630,90,3,sol,27,M,3,3,1,12.5347,0.297775,1.716,302.375,29.7325,29.46,Jovem,primavera,MO,Nov 2003,7.3046037296037305,42.094534463940896,0.04145415460934271,-0.27250000000000085,27_3,5
631,90,3,sol,27,M,3,4,3,16.5375,0.338925,5.0,282.823,28.415,27.375,Jov_Madura,verao,MO,Jan 2004,3.3075,48.79398096924099,0.058472967191494335,-1.0399999999999991,27_3,7
632,90,3,sol,27,M,3,5,5,6.49125,0.23175,4.2375,98.3875,27.4925,27.09,Madura,outono,MO,Mar 2004,1.5318584070796462,28.009708737864077,0.06597636894930758,-0.40249999999999986,27_3,9
633,90,3,sol,27,M,3,6,7,6.78925,0.220825,2.725,136.875,18.36,18.1325,Madura,inverno,MO,May 2004,2.491467889908257,30.7449337710857,0.049601826484018265,-0.22749999999999915,27_3,11
634,90,3,sol,27,M,3,7,9,3.21725,0.184725,2.5,258.432,17.155,17.26,Madura,inverno,MO,Jul 2004,1.2869,17.416429828122887,0.012449116208519068,0.10500000000000043,27_3,13
635,90,3,sol,27,M,3,8,11,1.91125,0.1781,6.925,1830.0,32.2925,32.265,Madura,primavera,MO,Sep 2004,0.2759927797833935,10.731330713082537,0.001044398907103825,-0.027499999999996305,27_3,15
636,91,3,sol,28,M,1,3,1,11.088,0.17302499999999998,1.0925,1985.5,30.1225,31.865,Jovem,primavera,MO,Nov 2003,10.149199084668192,64.08322496749025,0.005584487534626039,1.7424999999999997,28_3,5
637,91,3,sol,28,M,1,4,3,13.515,0.33197499999999996,6.25,431.425,29.3425,29.6675,Jov_Madura,verao,MO,Jan 2004,2.1624,40.71089690488742,0.031326418265051864,0.3249999999999993,28_3,7
638,91,3,sol,28,M,1,5,5,6.34075,0.25568799999999997,4.425,42.9225,27.015,26.19,Madura,outono,MO,Mar 2004,1.4329378531073447,24.79877819842934,0.14772555186673655,-0.8249999999999993,28_3,9
639,91,3,sol,28,M,1,6,7,3.9295,0.23615000000000003,2.525,108.238,18.345,17.595,Madura,inverno,MO,May 2004,1.5562376237623763,16.63984755452043,0.036304255437092335,-0.75,28_3,11
640,91,3,sol,28,M,1,7,9,0.9329000000000001,0.065275,0.85,20.44,13.015,13.11,Madura,inverno,MO,Jul 2004,1.097529411764706,14.291842206051323,0.045640900195694716,0.09499999999999886,28_3,13
641,91,3,sol,28,M,1,8,11,2.676,0.09095,1.9,39.835,24.4775,24.105,Madura,primavera,MO,Sep 2004,1.408421052631579,29.422759758108853,0.06717710556043681,-0.3724999999999987,28_3,15
642,92,3,sol,28,M,2,3,1,10.445,0.181925,2.3265000000000002,1461.5,30.4475,31.235,Jovem,primavera,MO,Nov 2003,4.4895766172361915,57.413769410471346,0.007146767020184742,0.7874999999999979,28_3,5
643,92,3,sol,28,M,2,4,3,12.425,0.40195000000000003,6.6,700.025,29.715,29.4475,Jov_Madura,verao,MO,Jan 2004,1.8825757575757578,30.911804950864536,0.017749366094068072,-0.2674999999999983,28_3,7
644,92,3,sol,28,M,2,5,5,7.02725,0.323563,3.5,202.125,26.84,26.495,Madura,outono,MO,Mar 2004,2.0077857142857143,21.71833615091961,0.03476685219542363,-0.34499999999999886,28_3,9
645,92,3,sol,28,M,2,6,7,3.00925,0.140375,2.325,330.2,20.335,20.005,Madura,inverno,MO,May 2004,1.294301075268817,21.437221727515585,0.009113416111447609,-0.33000000000000185,28_3,11
646,93,3,sol,28,M,3,3,1,13.4833,0.202233,2.45,1157.9,29.7333,31.3133,Jovem,primavera,MO,Nov 2003,5.5033877551020405,66.67210593721104,0.011644615251748855,1.5800000000000018,28_3,5
647,93,3,sol,28,M,3,4,3,16.59,0.31327499999999997,6.25,1594.5,30.135,30.75,Jov_Madura,verao,MO,Jan 2004,2.6544,52.95666746468758,0.010404515522107244,0.6149999999999984,28_3,7
648,93,3,sol,28,M,3,5,5,7.51475,0.318563,4.425,272.625,27.1475,26.5775,Madura,outono,MO,Mar 2004,1.6982485875706217,23.589525462781303,0.027564419990829897,-0.5700000000000003,28_3,9
649,93,3,sol,28,M,3,6,7,11.565,0.21480000000000002,3.775,1260.75,21.8625,23.0625,Madura,inverno,MO,May 2004,3.063576158940397,53.84078212290502,0.009173111243307554,1.1999999999999993,28_3,11
650,93,3,sol,28,M,3,7,9,2.13725,0.09697499999999999,1.1,1574.5,15.075,15.17,Madura,inverno,MO,Jul 2004,1.9429545454545452,22.039185357050787,0.0013574150523975865,0.09500000000000064,28_3,13
651,94,3,sol,29,M,1,3,1,10.725,0.211675,2.07,1480.45,30.6675,30.93,Jovem,primavera,MO,Nov 2003,5.181159420289855,50.66729656312744,0.007244418926677699,0.2624999999999993,29_3,5
652,94,3,sol,29,M,1,4,3,11.9715,0.3456,5.7,171.0,30.2525,29.6025,Jov_Madura,verao,MO,Jan 2004,2.100263157894737,34.63975694444444,0.07000877192982456,-0.6500000000000021,29_3,7
653,94,3,sol,29,M,1,5,5,1.68202,0.348875,4.8875,54.1625,26.58,25.6325,Madura,outono,MO,Mar 2004,0.3441473145780051,4.8212683625940524,0.03105506577429033,-0.947499999999998,29_3,9
654,94,3,sol,29,M,1,6,7,1.56325,0.222075,2.475,44.9775,19.65,18.485,Madura,inverno,MO,May 2004,0.6316161616161616,7.039288528650231,0.03475626702240009,-1.1649999999999991,29_3,11
655,94,3,sol,29,M,1,7,9,0.6143500000000001,0.036125,0.65,1358.0,16.005,16.1,Madura,inverno,MO,Jul 2004,0.9451538461538462,17.006228373702424,0.0004523932253313697,0.09500000000000242,29_3,13
656,94,3,sol,29,M,1,8,11,3.6565,0.0516,1.85,1530.0,28.0525,31.99,Madura,primavera,MO,Sep 2004,1.9764864864864864,70.8624031007752,0.0023898692810457515,3.9375,29_3,15
657,95,3,sol,29,M,2,3,1,9.6975,0.16240000000000002,3.3825,581.35,31.235,32.97,Jovem,primavera,MO,Nov 2003,2.8669623059866964,59.71366995073891,0.01668100111808721,1.7349999999999994,29_3,5
658,95,3,sol,29,M,2,4,3,12.795,0.3068,6.5,125.575,30.45,30.3,Jov_Madura,verao,MO,Jan 2004,1.9684615384615385,41.70469361147327,0.10189130001990841,-0.14999999999999858,29_3,7
659,95,3,sol,29,M,2,5,5,2.81375,0.153075,2.45,77.555,26.4425,25.5725,Madura,outono,MO,Mar 2004,1.148469387755102,18.38151233055692,0.03628070401650441,-0.8699999999999974,29_3,9
660,95,3,sol,29,M,2,6,7,4.4935,0.162025,2.625,960.7,21.7625,21.66,Madura,inverno,MO,May 2004,1.711809523809524,27.73337447924703,0.004677318621838243,-0.10249999999999915,29_3,11
661,95,3,sol,29,M,2,7,9,0.7319,0.517475,0.225,1106.25,15.23,15.3275,Madura,inverno,MO,Jul 2004,3.2528888888888887,1.4143678438571912,0.0006616045197740113,0.09750000000000014,29_3,13
662,95,3,sol,29,M,2,8,11,1.32915,0.032575,0.65,351.205,26.34,25.2975,Madura,primavera,MO,Sep 2004,2.0448461538461538,40.80276285495012,0.003784541791830982,-1.0425000000000004,29_3,15
663,96,3,sol,29,M,3,3,1,7.59975,0.171475,2.66,1006.63,31.485,33.54,Jovem,primavera,MO,Nov 2003,2.8570488721804512,44.31987170141421,0.007549695518710947,2.0549999999999997,29_3,5
664,96,3,sol,29,M,3,4,3,11.2275,0.302875,5.2,151.02,30.805,30.5175,Jov_Madura,verao,MO,Jan 2004,2.159134615384615,37.06974824597606,0.07434445768772346,-0.2875000000000014,29_3,7
665,96,3,sol,29,M,3,5,5,1.52685,0.17243799999999998,1.7,106.75,26.075,25.3325,Madura,outono,MO,Mar 2004,0.8981470588235294,8.854486830049062,0.01430304449648712,-0.7424999999999997,29_3,9
666,96,3,sol,29,M,3,6,7,3.1325,0.20270000000000002,2.625,654.25,21.725,20.9075,Madura,inverno,MO,May 2004,1.1933333333333334,15.45387271830291,0.004787925105082155,-0.8175000000000026,29_3,11
667,96,3,sol,29,M,3,7,9,0.5436,0.113233,1.1,1097.33,16.1633,16.26,Madura,inverno,MO,Jul 2004,0.4941818181818181,4.8007206379765615,0.0004953842508634595,0.096700000000002,29_3,13
668,96,3,sol,29,M,3,8,11,2.84275,0.12472499999999999,2.5,538.713,26.98,25.835,Madura,primavera,MO,Sep 2004,1.1371,22.792142713970737,0.005276928531518638,-1.1449999999999996,29_3,15
669,96,3,sol,29,M,3,9,13,1.07522,0.370875,1.1525,48.6075,33.9,32.785,Velha,primavera,MO,Nov 2004,0.932945770065076,2.899143916413886,0.022120454662346346,-1.115000000000002,29_3,17
670,96,3,sol,29,M,3,10,15,5.22,0.14445000000000002,4.55,210.8,35.9525,35.8125,Velha,verao,MO,Jan 2005,1.1472527472527472,36.13707165109034,0.02476280834914611,-0.14000000000000057,29_3,19
671,97,3,sol,30,M,1,3,1,6.31925,0.195075,2.0025,1761.75,31.3575,32.1425,Jovem,primavera,MO,Nov 2003,3.1556803995006244,32.39395104447008,0.003586916418334043,0.7849999999999966,30_3,5
672,97,3,sol,30,M,1,4,3,15.085,0.399875,5.4,319.5,30.535,29.645,Jov_Madura,verao,MO,Jan 2004,2.7935185185185185,37.72428884026259,0.04721439749608764,-0.8900000000000006,30_3,7
673,97,3,sol,30,M,1,5,5,4.4975,0.29525,2.05,89.83,26.5275,25.9975,Madura,outono,MO,Mar 2004,2.19390243902439,15.23285351397121,0.05006679283090281,-0.5300000000000011,30_3,9
674,97,3,sol,30,M,1,6,7,7.1595,0.203425,2.825,570.575,20.1325,21.2675,Madura,inverno,MO,May 2004,2.5343362831858407,35.19478923436156,0.01254786837839022,1.134999999999998,30_3,11
675,97,3,sol,30,M,1,7,9,1.13075,0.038375,0.225,67.305,10.735,10.8025,Madura,inverno,MO,Jul 2004,5.025555555555555,29.465798045602604,0.01680038630116633,0.06750000000000078,30_3,13
676,97,3,sol,30,M,1,8,11,1.676,0.1411,2.375,20.0075,25.975,24.4775,Madura,primavera,MO,Sep 2004,0.7056842105263158,11.878100637845499,0.08376858677995751,-1.4975000000000023,30_3,15
677,98,3,sol,30,M,2,3,1,5.9385,0.305675,1.1175,85.8625,31.2175,30.745,Jovem,primavera,MO,Nov 2003,5.314093959731545,19.42749652408604,0.06916290580870578,-0.47250000000000014,30_3,5
678,98,3,sol,30,M,2,4,3,11.535,0.30177499999999996,4.275,410.65,30.17,29.5,Jov_Madura,verao,MO,Jan 2004,2.6982456140350877,38.22384226658935,0.028089614026543287,-0.6700000000000017,30_3,7
679,98,3,sol,30,M,2,5,5,6.16525,0.262094,2.08125,177.1,27.3375,27.0675,Madura,outono,MO,Mar 2004,2.9622822822822825,23.523048982426154,0.03481225296442688,-0.2699999999999996,30_3,9
680,98,3,sol,30,M,2,6,7,2.25,0.17785,2.3,496.025,22.73,21.6825,Madura,inverno,MO,May 2004,0.9782608695652175,12.651110486364914,0.00453606169043899,-1.0474999999999994,30_3,11
681,98,3,sol,30,M,2,7,9,0.934975,0.05185000000000001,0.325,208.842,10.31,10.4075,Madura,inverno,MO,Jul 2004,2.8768461538461536,18.032304725168753,0.004476949081123529,0.09750000000000014,30_3,13
682,98,3,sol,30,M,2,8,11,1.81375,0.18055000000000002,3.075,33.065,26.715,25.3625,Madura,primavera,MO,Sep 2004,0.5898373983739837,10.045693713652726,0.054854075306215035,-1.3524999999999991,30_3,15
683,99,3,sol,30,M,3,3,1,7.773,0.16021000000000002,1.99,2040.25,31.1825,34.07,Jovem,primavera,MO,Nov 2003,3.906030150753769,48.51757068847137,0.0038098272270555076,2.8874999999999993,30_3,5
684,99,3,sol,30,M,3,4,3,13.0095,0.42,5.325,1912.25,29.98,29.0125,Jov_Madura,verao,MO,Jan 2004,2.4430985915492953,30.974999999999998,0.006803242253889397,-0.9675000000000011,30_3,7
685,99,3,sol,30,M,3,5,5,1.97125,0.18275000000000002,1.7,14.6575,27.6675,27.045,Madura,outono,MO,Mar 2004,1.1595588235294119,10.78659370725034,0.13448746375575643,-0.6224999999999987,30_3,9
686,99,3,sol,30,M,3,6,7,1.41875,0.21175000000000002,2.175,18.86,20.4975,19.47,Madura,inverno,MO,May 2004,0.6522988505747127,6.700118063754426,0.0752253446447508,-1.0274999999999999,30_3,11
687,99,3,sol,30,M,3,7,9,4.4555,0.126475,1.05,1410.0,13.18,13.2725,Madura,inverno,MO,Jul 2004,4.243333333333333,35.22830598932595,0.003159929078014184,0.09250000000000114,30_3,13
688,99,3,sol,30,M,3,8,11,4.46875,0.08125,3.225,1887.5,30.2675,34.6275,Madura,primavera,MO,Sep 2004,1.3856589147286822,55.0,0.0023675496688741722,4.359999999999999,30_3,15
689,100,3,sombra,1,F,1,3,1,1.6054300000000001,0.350118,1.88,239.675,27.8925,26.82,Jovem,primavera,FUS,Nov 2003,0.8539521276595746,4.585396923322994,0.006698362365703557,-1.072499999999998,1_3,5
690,100,3,sombra,1,F,1,4,3,1.38425,0.1326,1.3,26.505,25.845,25.0425,Jov_Madura,verao,FUS,Jan 2004,1.0648076923076923,10.439291101055806,0.05222599509526504,-0.8024999999999984,1_3,7
691,100,3,sombra,1,F,1,5,5,0.7717,0.058600000000000006,1.6,69.64,25.78,25.46,Jov_Madura,outono,FUS,Mar 2004,0.48231250000000003,13.168941979522184,0.011081275129236071,-0.3200000000000003,1_3,9
692,100,3,sombra,1,F,1,6,7,1.31325,0.167,1.425,14.6925,18.805,17.6025,Madura,inverno,FUS,May 2004,0.921578947368421,7.86377245508982,0.08938233792751403,-1.2025000000000006,1_3,11
693,100,3,sombra,1,F,1,7,9,1.729,0.194675,1.0,3.47745,18.285,17.8675,Madura,inverno,FUS,Jul 2004,1.729,8.881469115191988,0.4972034105450833,-0.4175000000000004,1_3,13
694,100,3,sombra,1,F,1,8,11,1.7922500000000001,0.134925,2.075,11.94,20.1,19.0475,Madura,primavera,FUS,Sep 2004,0.8637349397590361,13.283305540114881,0.15010469011725294,-1.052500000000002,1_3,15
695,100,3,sombra,1,F,1,9,13,4.23275,0.19720000000000001,2.525,26.595,21.815,20.92,Velha,primavera,FUS,Nov 2004,1.6763366336633665,21.46424949290061,0.1591558563639782,-0.8949999999999996,1_3,17
696,100,3,sombra,1,F,1,10,15,0.386275,0.10005000000000001,0.95,6.74025,26.065,25.705,Velha,verao,FUS,Jan 2005,0.40660526315789475,3.8608195902048967,0.057308705166722304,-0.360000000000003,1_3,19
697,100,3,sombra,1,F,1,11,17,0.6059500000000001,0.129,0.75,10.578,20.5025,20.0525,Velha,outono,FUS,Mar 2005,0.8079333333333335,4.697286821705427,0.057283985630553994,-0.45000000000000284,1_3,21
698,100,3,sombra,1,F,1,12,19,0.6402249999999999,0.1592,0.95,9.8475,20.9225,20.48,Velha,inverno,FUS,May 2005,0.6739210526315789,4.0215138190954764,0.065013962934755,-0.442499999999999,1_3,23
699,101,3,sombra,1,F,2,3,1,3.7905,0.19031,3.1125,51.235,28.2275,27.73,Jovem,primavera,FUS,Nov 2003,1.217831325301205,19.91750302138616,0.07398262906216455,-0.4974999999999987,1_3,5
700,101,3,sombra,1,F,2,4,3,1.46075,0.160056,1.785,28.7125,25.7125,24.9775,Jov_Madura,verao,FUS,Jan 2004,0.8183473389355742,9.12649322737042,0.050875054418807145,-0.7349999999999994,1_3,7
701,101,3,sombra,1,F,2,5,5,4.4105,0.169175,3.5,123.652,26.43,25.7725,Jov_Madura,outono,FUS,Mar 2004,1.260142857142857,26.070636914437713,0.03566865072946657,-0.6574999999999989,1_3,9
702,101,3,sombra,1,F,2,6,7,1.19275,0.07715000000000001,1.35,15.0775,19.1475,18.5625,Madura,inverno,FUS,May 2004,0.8835185185185185,15.460142579390794,0.07910794229812634,-0.5850000000000009,1_3,11
703,101,3,sombra,1,F,2,7,9,4.911,0.157725,1.0,71.6375,19.52,19.1725,Madura,inverno,FUS,Jul 2004,4.911,31.136471707085114,0.06855348106787645,-0.34750000000000014,1_3,13
704,101,3,sombra,1,F,2,8,11,5.985,0.14225000000000002,2.025,327.625,20.775,19.8625,Madura,primavera,FUS,Sep 2004,2.9555555555555557,42.073813708260104,0.018267836703548264,-0.9124999999999979,1_3,15
705,101,3,sombra,1,F,2,9,13,3.7115,0.214725,2.625,51.8675,22.08,21.05,Velha,primavera,FUS,Nov 2004,1.413904761904762,17.284899289789266,0.0715573335903986,-1.0299999999999976,1_3,17
706,101,3,sombra,1,F,2,10,15,0.32195,0.1131,1.175,7.0125,26.7575,26.2875,Velha,verao,FUS,Jan 2005,0.274,2.8465959328028294,0.04591087344028521,-0.46999999999999886,1_3,19
707,101,3,sombra,1,F,2,11,17,1.88233,0.17452499999999999,0.975,51.8075,21.0,20.3175,Velha,outono,FUS,Mar 2005,1.930594871794872,10.785446211144537,0.03633315639627467,-0.682500000000001,1_3,21
708,101,3,sombra,1,F,2,12,19,2.44825,0.15725,0.825,55.5325,22.34,21.8425,Velha,inverno,FUS,May 2005,2.9675757575757573,15.569157392686803,0.04408679602034844,-0.4974999999999987,1_3,23
709,102,3,sombra,2,M,1,3,1,4.9005,0.125275,1.7625,824.2,28.915,29.79,Jovem,primavera,FUS,Nov 2003,2.7804255319148936,39.11794053083217,0.0059457655908760005,0.875,2_3,5
710,102,3,sombra,2,M,1,4,3,1.67175,0.162522,1.9075,21.4875,26.1375,25.5625,Jov_Madura,verao,FUS,Jan 2004,0.8764089121887287,10.286299700963562,0.07780104712041885,-0.5749999999999993,2_3,7
711,102,3,sombra,2,M,1,5,5,3.2265,0.234375,5.025,50.1725,27.38,26.9325,Jov_Madura,outono,FUS,Mar 2004,0.6420895522388059,13.7664,0.06430813692759979,-0.447499999999998,2_3,9
712,102,3,sombra,2,M,1,6,7,2.56475,0.094735,1.5,43.0125,19.96,19.11,Madura,inverno,FUS,May 2004,1.7098333333333333,27.072887528368607,0.059628015111886076,-0.8500000000000014,2_3,11
713,102,3,sombra,2,M,1,7,9,1.70075,0.250225,1.7,11.5463,19.545,19.4325,Madura,inverno,FUS,Jul 2004,1.0004411764705883,6.796882805475073,0.1472982687094567,-0.11250000000000071,2_3,13
714,102,3,sombra,2,M,1,8,11,1.7610000000000001,0.151975,2.375,31.69,21.265,20.1275,Madura,primavera,FUS,Sep 2004,0.7414736842105264,11.587432143444646,0.055569580309245824,-1.1374999999999993,2_3,15
715,102,3,sombra,2,M,1,9,13,2.638,0.192875,2.6,39.325,22.0575,21.0625,Velha,primavera,FUS,Nov 2004,1.0146153846153845,13.677252106286454,0.06708200890019071,-0.995000000000001,2_3,17
716,102,3,sombra,2,M,1,10,15,0.66785,0.10725000000000001,1.1,20.8525,27.3425,26.4925,Velha,verao,FUS,Jan 2005,0.6071363636363636,6.227039627039627,0.03202733485193622,-0.8500000000000014,2_3,19
717,102,3,sombra,2,M,1,11,17,0.8280500000000001,0.07195,0.6,32.645,22.185,21.74,Velha,outono,FUS,Mar 2005,1.3800833333333336,11.50868658790827,0.025365293306785112,-0.4450000000000003,2_3,21
718,102,3,sombra,2,M,1,12,19,1.5195,0.16965000000000002,0.75,36.8075,22.1025,21.4925,Velha,inverno,FUS,May 2005,2.0260000000000002,8.956675508399645,0.0412823473476873,-0.6099999999999994,2_3,23
719,103,3,sombra,3,F,1,3,1,4.666,0.13122499999999998,1.7625,299.975,28.325,28.235,Jovem,primavera,FUS,Nov 2003,2.647375886524823,35.557248999809495,0.015554629552462704,-0.08999999999999986,3_3,5
720,103,3,sombra,3,F,1,4,3,5.6005,0.277825,4.325,16.015,26.885,27.155,Jov_Madura,verao,FUS,Jan 2004,1.2949132947976878,20.158373076576982,0.3497034030596316,0.2699999999999996,3_3,7
721,103,3,sombra,3,F,1,5,5,2.17575,0.205225,5.2,31.2525,29.7275,28.8725,Jov_Madura,outono,FUS,Mar 2004,0.4184134615384615,10.601778535753441,0.06961843052555795,-0.8550000000000004,3_3,9
722,103,3,sombra,3,F,1,6,7,1.78375,0.18212499999999998,1.2,29.14,19.825,19.3575,Madura,inverno,FUS,May 2004,1.4864583333333334,9.794097460535347,0.06121310912834591,-0.4674999999999976,3_3,11
723,103,3,sombra,3,F,1,7,9,2.649,0.17635,1.275,43.2275,20.44,20.0375,Madura,inverno,FUS,Jul 2004,2.0776470588235294,15.021264530762688,0.06128043490833382,-0.40249999999999986,3_3,13
724,103,3,sombra,3,F,1,8,11,0.9607249999999999,0.25245,5.6,9.7925,24.1625,23.1975,Madura,primavera,FUS,Sep 2004,0.1715580357142857,3.8056050703109525,0.09810824610671431,-0.9649999999999999,3_3,15
725,103,3,sombra,3,F,1,9,13,0.452275,0.15795,2.2,5.9245,21.7275,20.955,Velha,primavera,FUS,Nov 2004,0.20557954545454543,2.8634061411839187,0.07633977550848173,-0.7725000000000009,3_3,17
726,103,3,sombra,3,F,1,10,15,0.7145,0.060425,0.975,19.91,29.6125,28.69,Velha,verao,FUS,Jan 2005,0.7328205128205129,11.824575920562681,0.03588648920140633,-0.9224999999999994,3_3,19
727,103,3,sombra,3,F,1,11,17,0.1326,0.1025,0.8,3.6270000000000002,21.4,20.93,Velha,outono,FUS,Mar 2005,0.16574999999999998,1.293658536585366,0.03655913978494623,-0.46999999999999886,3_3,21
728,103,3,sombra,3,F,1,12,19,0.729775,0.129875,0.95,12.4325,23.1725,22.8925,Velha,inverno,FUS,May 2005,0.7681842105263158,5.619056785370549,0.058698974462095314,-0.28000000000000114,3_3,23
729,104,3,sombra,3,F,3,3,1,5.18175,0.179562,1.0375,867.05,28.055,28.255,Jovem,primavera,FUS,Nov 2003,4.994457831325301,28.85772045310255,0.005976298944697538,0.1999999999999993,3_3,5
730,104,3,sombra,3,F,3,4,3,1.91625,0.21787199999999998,3.115,9.430250000000001,27.5,26.725,Jov_Madura,verao,FUS,Jan 2004,0.6151685393258427,8.795301828596608,0.2032024601680761,-0.7749999999999986,3_3,7
731,104,3,sombra,3,F,3,5,5,0.664975,0.21455000000000002,4.775,8.43275,28.295,27.3625,Jov_Madura,outono,FUS,Mar 2004,0.13926178010471202,3.0993940806338847,0.07885624499718359,-0.932500000000001,3_3,9
732,104,3,sombra,3,F,3,6,7,1.12235,0.171925,1.3,1.93425,21.2875,20.6575,Madura,inverno,FUS,May 2004,0.8633461538461538,6.528137269158063,0.5802507431821119,-0.6300000000000026,3_3,11
733,104,3,sombra,3,F,3,7,9,2.0085,0.12257499999999999,1.175,38.255,20.9775,20.675,Madura,inverno,FUS,Jul 2004,1.7093617021276597,16.385886192127273,0.05250294079205333,-0.30249999999999844,3_3,13
734,104,3,sombra,3,F,3,8,11,2.9865,0.171,3.0,294.4,23.1475,21.3575,Madura,primavera,FUS,Sep 2004,0.9954999999999999,17.464912280701753,0.010144361413043479,-1.7899999999999991,3_3,15
735,104,3,sombra,3,F,3,9,13,0.6235,0.07845,1.775,2.417,25.7,24.9475,Velha,primavera,FUS,Nov 2004,0.3512676056338029,7.947737412364564,0.2579644187008689,-0.7524999999999977,3_3,17
736,104,3,sombra,3,F,3,10,15,0.31243299999999996,0.0661667,0.933333,6.28733,29.48,27.6667,Velha,verao,FUS,Jan 2005,0.3347497624106294,4.721906941104815,0.04969247677471995,-1.8133000000000017,3_3,19
737,104,3,sombra,3,F,3,11,17,0.14626699999999998,0.1129,1.06667,10.7167,22.9367,22.0967,Velha,outono,FUS,Mar 2005,0.13712488398473752,1.295544729849424,0.013648511202142449,-0.8399999999999999,3_3,21
738,104,3,sombra,3,F,3,12,19,0.4097,0.045274999999999996,0.3,6.44025,23.1425,22.56,Velha,inverno,FUS,May 2005,1.3656666666666668,9.049144119271123,0.0636155428748884,-0.5824999999999996,3_3,23
739,105,3,sombra,4,F,1,3,1,1.6895,0.21992499999999998,1.525,680.925,29.68,29.0175,Jovem,primavera,FUS,Nov 2003,1.1078688524590166,7.682164374218484,0.0024811836839593203,-0.6625000000000014,4_3,5
740,105,3,sombra,4,F,1,4,3,2.4405,0.18514799999999998,2.8,35.1512,27.78,27.0125,Jov_Madura,verao,FUS,Jan 2004,0.8716071428571429,13.181346814440342,0.06942863970504563,-0.7675000000000018,4_3,7
741,105,3,sombra,4,F,1,5,5,1.044,0.107525,2.725,23.4825,26.4525,26.16,Jov_Madura,outono,FUS,Mar 2004,0.38311926605504587,9.709369913973495,0.044458639412328325,-0.2925000000000004,4_3,9
742,105,3,sombra,4,F,1,6,7,1.13873,0.168,1.2,16.62,20.6425,20.2,Madura,inverno,FUS,May 2004,0.9489416666666667,6.778154761904761,0.06851564380264741,-0.442499999999999,4_3,11
743,105,3,sombra,4,F,1,7,9,1.52275,0.159,1.325,22.275,21.2775,20.7325,Madura,inverno,FUS,Jul 2004,1.149245283018868,9.577044025157234,0.06836139169472503,-0.5449999999999982,4_3,13
744,105,3,sombra,4,F,1,8,11,1.05385,0.12742499999999998,2.45,7.82875,22.7475,21.5875,Madura,primavera,FUS,Sep 2004,0.4301428571428571,8.27035511084952,0.13461280536484113,-1.1600000000000001,4_3,15
745,105,3,sombra,4,F,1,9,13,1.11735,0.08785000000000001,2.225,6.589,27.535,26.6125,Velha,primavera,FUS,Nov 2004,0.5021797752808989,12.718838929994307,0.16957808468659888,-0.9224999999999994,4_3,17
746,105,3,sombra,4,F,1,10,15,0.68945,0.06355000000000001,0.975,8.40325,28.475,27.8625,Velha,verao,FUS,Jan 2005,0.7071282051282052,10.84893784421715,0.08204563710469163,-0.6125000000000007,4_3,19
747,105,3,sombra,4,F,1,11,17,0.29417499999999996,0.0989,0.7,3.9295,22.69,21.7525,Velha,outono,FUS,Mar 2005,0.42024999999999996,2.9744691607684524,0.07486321414938286,-0.9375,4_3,21
748,105,3,sombra,4,F,1,12,19,0.67335,0.08905,0.6,8.3345,23.5,22.95,Velha,inverno,FUS,May 2005,1.12225,7.56148231330713,0.0807906893034975,-0.5500000000000007,4_3,23
749,106,3,sombra,4,F,3,3,1,3.14825,0.21280000000000002,3.305,1500.0,30.87,32.5725,Jovem,primavera,FUS,Nov 2003,0.952571860816944,14.79440789473684,0.002098833333333333,1.702499999999997,4_3,5
750,106,3,sombra,4,F,3,4,3,0.7886249999999999,0.155987,2.2625,15.525,28.7425,27.8875,Jov_Madura,verao,FUS,Jan 2004,0.34856353591160216,5.055709770686018,0.05079710144927536,-0.8550000000000004,4_3,7
751,106,3,sombra,4,F,3,5,5,0.6855749999999999,0.263275,5.275,22.6375,28.705,27.5675,Jov_Madura,outono,FUS,Mar 2004,0.12996682464454976,2.60402620833729,0.03028492545554942,-1.1374999999999993,4_3,9
752,106,3,sombra,4,F,3,6,7,1.40125,0.1385,1.0,22.426,20.2625,19.575,Madura,inverno,FUS,May 2004,1.40125,10.117328519855596,0.06248327833764382,-0.6875,4_3,11
753,106,3,sombra,4,F,3,7,9,1.10095,0.22715000000000002,2.075,11.635,20.83,20.485,Madura,inverno,FUS,Jul 2004,0.5305783132530121,4.846797270526084,0.09462397937258274,-0.34499999999999886,4_3,13
754,106,3,sombra,4,F,3,8,11,3.9005,0.139675,2.6,28.7875,23.0525,21.96,Madura,primavera,FUS,Sep 2004,1.5001923076923076,27.92554143547521,0.13549283543204516,-1.0924999999999976,4_3,15
755,106,3,sombra,4,F,3,9,13,0.574525,0.068,1.725,2.53875,26.8,25.9975,Velha,primavera,FUS,Nov 2004,0.3330579710144927,8.448897058823528,0.22630231413096996,-0.802500000000002,4_3,17
756,106,3,sombra,4,F,3,10,15,0.27985000000000004,0.10725000000000001,1.35,6.527,28.79,28.055,Velha,verao,FUS,Jan 2005,0.2072962962962963,2.6093240093240095,0.04287574689750269,-0.7349999999999994,4_3,19
757,106,3,sombra,4,F,3,11,17,0.27315,0.1364,1.05,5.0175,21.655,21.03,Velha,outono,FUS,Mar 2005,0.2601428571428571,2.0025659824046924,0.05443946188340807,-0.625,4_3,21
758,106,3,sombra,4,F,3,12,19,0.6469,0.0521,0.4,13.0025,23.1825,22.8875,Velha,inverno,FUS,May 2005,1.61725,12.416506717850288,0.049751970774850995,-0.2950000000000017,4_3,23
759,107,3,sombra,5,M,1,3,1,4.568,0.184,3.29375,101.555,31.8375,32.85,Jovem,primavera,FUS,Nov 2003,1.3868690702087285,24.82608695652174,0.04498055241002412,1.0125000000000028,5_3,5
760,107,3,sombra,5,M,1,4,3,2.76425,0.199926,3.43,30.77,28.08,27.5725,Jov_Madura,verao,FUS,Jan 2004,0.8059037900874636,13.826365755329473,0.08983587910302243,-0.5074999999999967,5_3,7
761,107,3,sombra,5,M,1,5,5,2.42875,0.310875,6.175,44.12,27.3975,26.785,Jov_Madura,outono,FUS,Mar 2004,0.3933198380566802,7.812625653397667,0.05504873073436083,-0.6125000000000007,5_3,9
762,107,3,sombra,5,M,1,6,7,1.9,0.146975,1.8,9.73225,20.23,19.5325,Madura,inverno,FUS,May 2004,1.0555555555555556,12.927368600102058,0.19522720850779623,-0.6975000000000016,5_3,11
763,107,3,sombra,5,M,1,7,9,1.9745000000000001,0.416425,2.975,11.486,20.8825,20.385,Madura,inverno,FUS,Jul 2004,0.6636974789915967,4.741550099057454,0.17190492773811597,-0.4974999999999987,5_3,13
764,107,3,sombra,5,M,1,8,11,3.823,0.19645,3.425,30.98,23.0825,21.8125,Madura,primavera,FUS,Sep 2004,1.1162043795620438,19.460422499363705,0.12340219496449321,-1.2699999999999996,5_3,15
765,107,3,sombra,5,M,1,9,13,1.427,0.09025000000000001,2.35,17.95,27.2875,26.6425,Velha,primavera,FUS,Nov 2004,0.6072340425531915,15.81163434903047,0.07949860724233984,-0.6450000000000031,5_3,17
766,107,3,sombra,5,M,1,10,15,0.7843,0.15685000000000002,1.5,10.7273,25.365,24.8325,Velha,verao,FUS,Jan 2005,0.5228666666666667,5.000318775900541,0.07311252598510343,-0.5324999999999989,5_3,19
767,107,3,sombra,5,M,1,11,17,0.1716,0.116,0.9,14.565,22.93,22.17,Velha,outono,FUS,Mar 2005,0.19066666666666665,1.4793103448275862,0.011781668383110197,-0.759999999999998,5_3,21
768,107,3,sombra,5,M,1,12,19,0.0961,0.44930000000000003,1.7,5.10825,19.7225,18.935,Velha,inverno,FUS,May 2005,0.056529411764705884,0.2138882706432228,0.018812704938090345,-0.7875000000000014,5_3,23
769,108,3,sombra,5,M,2,3,1,3.583,0.21412499999999998,2.28,312.675,29.8175,29.3575,Jovem,primavera,FUS,Nov 2003,1.5714912280701756,16.733216579100993,0.011459182857599745,-0.4599999999999973,5_3,5
770,108,3,sombra,5,M,2,4,3,2.4155,0.24967799999999998,2.94,33.972,26.845,26.0125,Jov_Madura,verao,FUS,Jan 2004,0.8215986394557824,9.674460705388542,0.07110267278935595,-0.8324999999999996,5_3,7
771,108,3,sombra,5,M,2,5,5,1.83525,0.35662499999999997,6.775,29.545,27.9625,26.515,Jov_Madura,outono,FUS,Mar 2004,0.27088560885608853,5.146161934805469,0.06211710949399221,-1.447499999999998,5_3,9
772,108,3,sombra,5,M,2,6,7,2.27475,0.16255,0.9625,27.4125,20.0075,19.485,Madura,inverno,FUS,May 2004,2.3633766233766234,13.994155644417102,0.08298221614227086,-0.5225000000000009,5_3,11
773,108,3,sombra,5,M,2,7,9,1.73425,0.27097499999999997,1.975,51.2625,21.2875,20.635,Madura,inverno,FUS,Jul 2004,0.8781012658227848,6.400036903773412,0.03383077298219946,-0.6524999999999999,5_3,13
774,108,3,sombra,5,M,2,8,11,7.17725,0.2404,4.275,61.5425,23.7525,22.985,Madura,primavera,FUS,Sep 2004,1.6788888888888887,29.85544925124792,0.11662265913799408,-0.7675000000000018,5_3,15
775,108,3,sombra,5,M,2,9,13,0.24026699999999998,0.058100000000000006,1.6,11.9267,27.48,26.7867,Velha,primavera,FUS,Nov 2004,0.15016687499999998,4.135404475043028,0.020145304233358766,-0.6933000000000007,5_3,17
776,108,3,sombra,5,M,2,10,15,0.3443,0.0495,0.43333299999999997,16.522,26.8233,26.14,Velha,verao,FUS,Jan 2005,0.7945390727223637,6.955555555555555,0.020838881491344875,-0.6832999999999991,5_3,19
777,108,3,sombra,5,M,2,11,17,0.178525,0.0596,0.55,4.111,23.1425,22.5675,Velha,outono,FUS,Mar 2005,0.32459090909090904,2.9953859060402683,0.04342617368036974,-0.5749999999999993,5_3,21
778,108,3,sombra,5,M,2,12,19,-0.031875,0.070425,1.425,2.87125,19.95,18.68,Velha,inverno,FUS,May 2005,,,,-1.2699999999999996,5_3,23
779,109,3,sombra,5,M,3,3,1,2.72175,0.163025,2.805,501.275,30.09,30.63,Jovem,primavera,FUS,Nov 2003,0.9703208556149733,16.69529213310842,0.005429654381327615,0.5399999999999991,5_3,5
780,109,3,sombra,6,M,1,3,1,4.196,0.16725,3.13125,1089.25,30.7375,33.4175,Jovem,primavera,FUS,Nov 2003,1.3400399201596804,25.088191330343793,0.003852191875143447,2.679999999999996,6_3,5
781,109,3,sombra,6,M,1,4,3,3.4907500000000002,0.22402799999999998,2.765,97.96,28.1925,27.615,Jov_Madura,verao,FUS,Jan 2004,1.2624773960217,15.58175763743818,0.035634442629644755,-0.5775000000000006,6_3,7
782,109,3,sombra,6,M,1,5,5,0.811233,0.23993299999999998,4.66667,11.8847,27.6133,27.18,Jov_Madura,outono,FUS,Mar 2004,0.17383551868891522,3.3810813852200408,0.06825860139507096,-0.43329999999999913,6_3,9
783,109,3,sombra,6,M,1,6,7,2.3985,0.134575,1.3,23.98,20.23,19.8175,Madura,inverno,FUS,May 2004,1.8449999999999998,17.822775404049786,0.1000208507089241,-0.4125000000000014,6_3,11
784,109,3,sombra,6,M,1,7,9,1.0965,0.15380000000000002,1.3,8.9515,21.475,20.92,Madura,inverno,FUS,Jul 2004,0.8434615384615385,7.129388816644993,0.12249343685415853,-0.5549999999999997,6_3,13
785,109,3,sombra,6,M,1,8,11,1.95825,0.12925,2.325,11.33,23.47,22.63,Madura,primavera,FUS,Sep 2004,0.842258064516129,15.150870406189554,0.17283759929391,-0.8399999999999999,6_3,15
786,109,3,sombra,6,M,1,9,13,0.550025,0.06280000000000001,1.675,12.6353,27.745,26.8,Velha,primavera,FUS,Nov 2004,0.3283731343283582,8.758359872611464,0.04353082237857431,-0.9450000000000003,6_3,17
787,109,3,sombra,6,M,1,10,15,0.6377,0.047400000000000005,0.825,8.131,29.785,29.315,Velha,verao,FUS,Jan 2005,0.7729696969696971,13.453586497890296,0.07842823760915017,-0.46999999999999886,6_3,19
788,109,3,sombra,6,M,1,11,17,1.00937,0.04895000000000001,0.55,13.0875,26.0825,25.6025,Velha,outono,FUS,Mar 2005,1.8352181818181819,20.620429009193053,0.07712473734479466,-0.4800000000000004,6_3,21
789,109,3,sombra,6,M,1,12,19,0.18005000000000002,0.058175,1.475,3.9895,21.37,20.7575,Velha,inverno,FUS,May 2005,0.12206779661016949,3.0949720670391065,0.045130968793081844,-0.6125000000000007,6_3,23
790,110,3,sombra,6,M,2,3,1,4.778,0.334225,2.1625,1111.0,29.8,31.2725,Jovem,primavera,FUS,Nov 2003,2.2094797687861267,14.295758845089384,0.0043006300630063,1.4725000000000001,6_3,5
791,110,3,sombra,6,M,2,4,3,1.82125,0.18495,2.6425,26.7375,28.4125,27.695,Jov_Madura,verao,FUS,Jan 2004,0.6892147587511825,9.847256015139227,0.06811594202898551,-0.7175000000000011,6_3,7
792,110,3,sombra,6,M,2,5,5,0.49837499999999996,0.2993,4.425,7.0125,24.415,23.97,Jov_Madura,outono,FUS,Mar 2004,0.1126271186440678,1.6651353157367188,0.07106951871657753,-0.4450000000000003,6_3,9
793,110,3,sombra,6,M,2,6,7,0.7520749999999999,0.139725,1.075,14.7475,20.425,19.935,Madura,inverno,FUS,May 2004,0.6996046511627907,5.382537126498479,0.05099677911510425,-0.490000000000002,6_3,11
794,110,3,sombra,6,M,2,7,9,2.1985,0.230175,1.775,39.3225,21.0575,20.6325,Madura,inverno,FUS,Jul 2004,1.2385915492957749,9.55142826110568,0.055909466590374476,-0.4250000000000007,6_3,13
795,110,3,sombra,6,M,2,8,11,3.7105,0.12595,2.3,466.0,23.3025,22.83,Madura,primavera,FUS,Sep 2004,1.6132608695652175,29.46010321556173,0.007962446351931331,-0.47250000000000014,6_3,15
796,110,3,sombra,6,M,2,9,13,0.853725,0.04895000000000001,1.325,6.80075,27.175,26.2625,Velha,primavera,FUS,Nov 2004,0.6443207547169811,17.44075587334014,0.12553394846156674,-0.9125000000000014,6_3,17
797,110,3,sombra,6,M,2,10,15,0.43527499999999997,0.07895,1.075,18.0125,29.67,28.825,Velha,verao,FUS,Jan 2005,0.404906976744186,5.513299556681443,0.024165163081193614,-0.8450000000000024,6_3,19
798,110,3,sombra,6,M,2,11,17,0.33505,0.06960000000000001,0.775,5.5315,26.4025,25.825,Velha,outono,FUS,Mar 2005,0.43232258064516127,4.813936781609195,0.060571273614751876,-0.5775000000000006,6_3,21
799,110,3,sombra,6,M,2,12,19,0.965525,0.07932499999999999,0.6,13.147,22.0375,21.39,Velha,inverno,FUS,May 2005,1.6092083333333334,12.171761739678539,0.07344070890697497,-0.6475000000000009,6_3,23
800,111,3,sombra,6,M,3,3,1,3.51275,0.15852000000000002,2.17,1508.5,30.04,32.085,Jovem,primavera,FUS,Nov 2003,1.618778801843318,22.15966439565985,0.0023286377195889957,2.0450000000000017,6_3,5
801,111,3,sombra,6,M,3,4,3,2.4325,0.236286,2.7825,59.635,28.34,27.1575,Jov_Madura,verao,FUS,Jan 2004,0.8742138364779874,10.294727575903778,0.04078980464492329,-1.182500000000001,6_3,7
802,111,3,sombra,6,M,3,5,5,1.38892,0.167175,3.525,23.18,27.27,27.0275,Jov_Madura,outono,FUS,Mar 2004,0.39401985815602836,8.308180050844923,0.059918895599654874,-0.24249999999999972,6_3,9
803,111,3,sombra,6,M,3,6,7,2.3085,0.12225000000000001,1.375,52.745,20.6475,20.1475,Madura,inverno,FUS,May 2004,1.678909090909091,18.883435582822084,0.0437671817233861,-0.5,6_3,11
804,111,3,sombra,6,M,3,7,9,1.9115,0.26945,2.275,7.59,21.2325,20.89,Madura,inverno,FUS,Jul 2004,0.8402197802197803,7.09408053442197,0.2518445322793149,-0.34250000000000114,6_3,13
805,111,3,sombra,6,M,3,8,11,2.25575,0.1683,2.75,48.725,23.55,22.6875,Madura,primavera,FUS,Sep 2004,0.8202727272727273,13.403149138443256,0.046295536172396096,-0.8625000000000007,6_3,15
806,111,3,sombra,6,M,3,9,13,0.6562,0.06855,1.675,8.34125,27.4475,26.495,Velha,primavera,FUS,Nov 2004,0.3917611940298507,9.572574762946754,0.07866926419901094,-0.9525000000000006,6_3,17
807,111,3,sombra,6,M,3,10,15,1.385,0.052375,1.025,27.865,30.155,29.6625,Velha,verao,FUS,Jan 2005,1.351219512195122,26.443914081145586,0.049703929660864885,-0.4924999999999997,6_3,19
808,111,3,sombra,6,M,3,11,17,1.27877,0.07755000000000001,0.825,10.9095,26.5375,25.8375,Velha,outono,FUS,Mar 2005,1.5500242424242425,16.489619600257896,0.1172161877262936,-0.7000000000000028,6_3,21
809,111,3,sombra,6,M,3,12,19,0.7170249999999999,0.12525,0.7,6.653,21.79,21.2,Velha,inverno,FUS,May 2005,1.0243214285714286,5.7247504990019955,0.10777468811062678,-0.5899999999999999,6_3,23
810,112,3,sombra,7,M,2,3,1,0.16615000000000002,0.2664,1.2725,47.665,27.235,26.4475,Jovem,primavera,FUS,Nov 2003,0.13056974459724952,0.6236861861861862,0.0034857862163012697,-0.7874999999999979,7_3,5
811,112,3,sombra,7,M,2,4,3,0.869625,0.08811000000000001,1.8725,5.07775,28.9375,28.3375,Jov_Madura,verao,FUS,Jan 2004,0.46441922563417887,9.86976506639428,0.17126187780020677,-0.6000000000000014,7_3,7
812,112,3,sombra,7,M,2,5,5,3.7195,0.36515000000000003,5.5,150.85,25.8775,25.5075,Jov_Madura,outono,FUS,Mar 2004,0.6762727272727272,10.186224839107215,0.024656943984090157,-0.370000000000001,7_3,9
813,112,3,sombra,7,M,2,6,7,2.47025,0.10285000000000001,1.2,40.925,19.2225,18.5675,Madura,inverno,FUS,May 2004,2.0585416666666667,24.01798736023335,0.06036041539401345,-0.6550000000000011,7_3,11
814,112,3,sombra,7,M,2,7,9,1.9615,0.305,0.55,10.2218,7.80175,7.419,Madura,inverno,FUS,Jul 2004,3.566363636363636,6.4311475409836065,0.19189379561329709,-0.3827500000000006,7_3,13
815,112,3,sombra,7,M,2,8,11,0.5535749999999999,0.171675,3.025,7.2540000000000004,22.615,22.035,Madura,primavera,FUS,Sep 2004,0.18299999999999997,3.224552206203582,0.07631306865177831,-0.5799999999999983,7_3,15
816,112,3,sombra,7,M,2,9,13,0.977275,0.23420000000000002,5.3,10.576,28.95,27.9775,Velha,primavera,FUS,Nov 2004,0.18439150943396226,4.172822374039282,0.09240497352496217,-0.9725000000000001,7_3,17
817,112,3,sombra,7,M,2,10,15,1.783,0.0756,1.2,7.251,29.4,28.73,Velha,verao,FUS,Jan 2005,1.4858333333333333,23.584656084656082,0.24589711763894634,-0.6699999999999982,7_3,19
818,112,3,sombra,7,M,2,11,17,0.5174,0.058225,0.825,11.0308,26.83,26.1725,Velha,outono,FUS,Mar 2005,0.6271515151515151,8.886217260626879,0.04690502955361352,-0.6574999999999989,7_3,21
819,112,3,sombra,7,M,2,12,19,0.3633,0.25165000000000004,0.4,5.864,12.3175,11.525,Velha,inverno,FUS,May 2005,0.90825,1.4436717663421417,0.06195429740791269,-0.7925000000000004,7_3,23
820,113,3,sombra,7,M,3,3,1,0.9472,0.20395000000000002,2.425,13.11,26.4125,25.665,Jovem,primavera,FUS,Nov 2003,0.39059793814432997,4.644275557734739,0.07225019069412662,-0.7475000000000023,7_3,5
821,113,3,sombra,7,M,3,4,3,1.741,0.141768,2.4325,31.7025,29.19,28.31,Jov_Madura,verao,FUS,Jan 2004,0.7157245632065776,12.280627504091191,0.05491680466840155,-0.8800000000000026,7_3,7
822,113,3,sombra,7,M,3,5,5,0.7157749999999999,0.297625,4.325,11.9375,26.035,25.3025,Jov_Madura,outono,FUS,Mar 2004,0.16549710982658958,2.4049559008819825,0.05996020942408376,-0.7325000000000017,7_3,9
823,113,3,sombra,7,M,3,6,7,2.08275,0.1082,0.95,21.76,19.5175,18.5425,Madura,inverno,FUS,May 2004,2.1923684210526315,19.249075785582253,0.09571461397058822,-0.9749999999999979,7_3,11
824,113,3,sombra,7,M,3,7,9,2.0675,0.24980000000000002,0.425,34.775,8.145,7.889,Madura,inverno,FUS,Jul 2004,4.864705882352941,8.276621297037629,0.059453630481667866,-0.25599999999999934,7_3,13
825,113,3,sombra,7,M,3,8,11,1.458,0.121475,2.075,24.1775,22.7775,22.1725,Madura,primavera,FUS,Sep 2004,0.7026506024096385,12.002469643959662,0.060304001654430776,-0.6050000000000004,7_3,15
826,113,3,sombra,7,M,3,9,13,1.11265,0.2892,6.175,20.6925,28.36,27.57,Velha,primavera,FUS,Nov 2004,0.18018623481781376,3.8473374827109263,0.053770689863477106,-0.7899999999999991,7_3,17
827,113,3,sombra,7,M,3,10,15,0.3453,0.053700000000000005,1.0,11.11,29.39,28.81,Velha,verao,FUS,Jan 2005,0.3453,6.4301675977653625,0.03108010801080108,-0.5800000000000018,7_3,19
828,113,3,sombra,7,M,3,11,17,0.63895,0.08950000000000001,1.3,12.695,26.72,25.84,Velha,outono,FUS,Mar 2005,0.4915,7.139106145251396,0.05033083891295786,-0.879999999999999,7_3,21
829,113,3,sombra,7,M,3,12,19,0.534675,0.20427499999999998,0.3,8.10475,13.0525,12.26,Velha,inverno,FUS,May 2005,1.7822500000000001,2.617427487455636,0.06597057281223974,-0.7925000000000004,7_3,23
830,114,3,sombra,8,M,1,3,1,0.4132,0.17249,0.9415,28.1075,25.26,24.81,Jovem,primavera,FUS,Nov 2003,0.43887413701540096,2.3955011884746944,0.014700702659432536,-0.45000000000000284,8_3,5
831,114,3,sombra,8,M,1,4,3,2.45525,0.14631000000000002,1.95,45.6125,29.14,28.0025,Jov_Madura,verao,FUS,Jan 2004,1.2591025641025642,16.781149613833637,0.05382844614963004,-1.1374999999999993,8_3,7
832,114,3,sombra,8,M,1,5,5,0.5422,0.26225000000000004,4.35,10.4583,26.305,25.6625,Jov_Madura,outono,FUS,Mar 2004,0.12464367816091955,2.0674928503336507,0.0518439899410038,-0.6424999999999983,8_3,9
833,114,3,sombra,8,M,1,6,7,0.8231,0.096875,1.075,15.14,19.105,18.38,Madura,inverno,FUS,May 2004,0.7656744186046512,8.496516129032258,0.0543659180977543,-0.7250000000000014,8_3,11
834,114,3,sombra,8,M,1,7,9,2.45425,0.13017499999999999,0.2,37.035,8.5105,8.435,Madura,inverno,FUS,Jul 2004,12.27125,18.853466487420782,0.0662683947617119,-0.0754999999999999,8_3,13
835,114,3,sombra,8,M,1,8,11,1.2945,0.143625,2.4,33.185,25.855,25.03,Madura,primavera,FUS,Sep 2004,0.539375,9.013054830287206,0.039008588217568176,-0.8249999999999993,8_3,15
836,114,3,sombra,8,M,1,9,13,1.6765,0.251225,4.75,39.2925,28.3225,27.3075,Velha,primavera,FUS,Nov 2004,0.3529473684210527,6.673300825952833,0.04266717566965707,-1.0150000000000006,8_3,17
837,114,3,sombra,8,M,1,10,15,0.72155,0.067525,1.2,16.105,30.0325,29.6075,Velha,verao,FUS,Jan 2005,0.6012916666666667,10.685671973343206,0.04480285625582117,-0.42499999999999716,8_3,19
838,114,3,sombra,8,M,1,11,17,0.25125,0.12675,1.725,8.70375,26.21,25.4325,Velha,outono,FUS,Mar 2005,0.14565217391304344,1.9822485207100589,0.02886686772942697,-0.7774999999999999,8_3,21
839,114,3,sombra,8,M,1,12,19,2.4735,0.141675,0.7,51.8675,21.1325,20.5075,Velha,inverno,FUS,May 2005,3.533571428571429,17.45897300158814,0.047688822480358606,-0.625,8_3,23
840,115,3,sombra,8,M,2,3,1,1.28775,0.167205,1.485,49.76,25.345,24.8825,Jovem,primavera,FUS,Nov 2003,0.867171717171717,7.701623755270476,0.025879220257234728,-0.4624999999999986,8_3,5
841,115,3,sombra,8,M,2,4,3,1.729,0.18432,2.2225,37.265,26.4775,25.685,Jov_Madura,verao,FUS,Jan 2004,0.7779527559055118,9.380425347222221,0.046397423856165305,-0.7925000000000004,8_3,7
842,115,3,sombra,8,M,2,9,13,1.493,0.1428,2.425,8.36875,23.6575,22.875,Velha,primavera,FUS,Nov 2004,0.6156701030927836,10.455182072829132,0.1784017923823749,-0.7824999999999989,8_3,17
843,115,3,sombra,8,M,2,10,15,0.389675,0.1125,1.575,5.4405,30.6225,29.7875,Velha,verao,FUS,Jan 2005,0.24741269841269842,3.4637777777777776,0.07162485065710872,-0.8349999999999973,8_3,19
844,115,3,sombra,8,M,2,11,17,0.6362329999999999,0.0628333,0.9,11.12,26.9233,26.16,Velha,outono,FUS,Mar 2005,0.7069255555555555,10.125729509670828,0.057215197841726614,-0.763300000000001,8_3,21
845,115,3,sombra,8,M,2,12,19,0.648475,0.073075,0.4,10.6357,12.3775,11.7125,Velha,inverno,FUS,May 2005,1.6211875,8.874101950051317,0.060971539249884826,-0.6649999999999991,8_3,23
846,116,3,sombra,8,M,3,3,1,1.08617,0.17457499999999998,1.518,56.0875,25.1125,24.635,Jovem,primavera,FUS,Nov 2003,0.7155270092226614,6.221795789775169,0.019365634053933586,-0.47749999999999915,8_3,5
847,116,3,sombra,8,M,3,9,13,1.12637,0.14915,2.3,16.47,24.005,23.1125,Velha,primavera,FUS,Nov 2004,0.4897260869565218,7.551927589674825,0.0683891924711597,-0.8924999999999983,8_3,17
848,116,3,sombra,8,M,3,10,15,0.4808,0.039525,0.875,25.66,30.52,29.99,Velha,verao,FUS,Jan 2005,0.5494857142857142,12.164452877925365,0.018737334372564304,-0.5300000000000011,8_3,19
849,116,3,sombra,8,M,3,11,17,0.5827,0.063625,0.975,24.9225,27.2325,26.61,Velha,outono,FUS,Mar 2005,0.5976410256410256,9.158349705304518,0.023380479486407865,-0.6225000000000023,8_3,21
850,116,3,sombra,8,M,3,12,19,1.471,0.20502499999999999,0.425,34.67,13.3125,12.88,Velha,inverno,FUS,May 2005,3.4611764705882355,7.174734788440435,0.042428612633400635,-0.4324999999999992,8_3,23
851,117,3,sombra,9,M,1,3,1,0.84555,0.15105000000000002,1.56875,90.225,25.9525,25.5575,Jovem,primavera,FUS,Nov 2003,0.538996015936255,5.597815292949354,0.009371571072319203,-0.3949999999999996,9_3,5
852,117,3,sombra,9,M,1,4,3,1.7922500000000001,0.141318,2.2225,34.82,28.715,27.8275,Jov_Madura,verao,FUS,Jan 2004,0.8064116985376828,12.68239007062087,0.05147185525560023,-0.8874999999999993,9_3,7
853,117,3,sombra,9,M,1,5,5,0.862725,0.30265000000000003,4.275,6.83125,27.07,26.08,Jov_Madura,outono,FUS,Mar 2004,0.20180701754385963,2.8505699653064593,0.12629094236047575,-0.990000000000002,9_3,9
854,117,3,sombra,9,M,1,6,7,1.09518,0.092725,1.35,11.0575,21.23,20.5775,Madura,inverno,FUS,May 2004,0.8112444444444444,11.811054192504718,0.09904408772326476,-0.6524999999999999,9_3,11
855,117,3,sombra,9,M,1,7,9,0.928975,0.20715000000000003,1.55,9.0705,15.57,15.15,Madura,inverno,FUS,Jul 2004,0.5993387096774193,4.48455225681873,0.1024171765613803,-0.41999999999999993,9_3,13
856,117,3,sombra,9,M,1,8,11,2.59488,0.127575,2.175,43.9225,23.2225,22.33,Madura,primavera,FUS,Sep 2004,1.193048275862069,20.340035273368606,0.059078604359952186,-0.8925000000000018,9_3,15
857,117,3,sombra,9,M,1,9,13,0.7332000000000001,0.1449,1.875,9.0985,24.5225,23.0275,Velha,primavera,FUS,Nov 2004,0.39104000000000005,5.060041407867495,0.08058471176567568,-1.495000000000001,9_3,17
858,117,3,sombra,9,M,1,10,15,0.0525667,0.035500000000000004,0.6,8.457,30.49,30.12,Velha,verao,FUS,Jan 2005,0.08761116666666667,1.480752112676056,0.006215762090575854,-0.36999999999999744,9_3,19
859,117,3,sombra,9,M,1,11,17,0.345175,0.050324999999999995,0.575,9.40075,26.3475,25.095,Velha,outono,FUS,Mar 2005,0.600304347826087,6.858917039244909,0.036717815067946705,-1.2525000000000013,9_3,21
860,117,3,sombra,9,M,1,12,19,0.4807,0.1046,0.275,16.1475,12.675,12.355,Velha,inverno,FUS,May 2005,1.748,4.595602294455067,0.029769314135315063,-0.3200000000000003,9_3,23
861,118,3,sombra,9,M,2,3,1,4.1715,0.15125,1.555,127.813,26.2425,25.8875,Jovem,primavera,FUS,Nov 2003,2.6826366559485533,27.5801652892562,0.032637525134376004,-0.3550000000000004,9_3,5
862,118,3,sombra,9,M,2,4,3,4.37525,0.180648,3.5,69.215,28.805,28.015,Jov_Madura,verao,FUS,Jan 2004,1.2500714285714287,24.219753332447635,0.06321245394784368,-0.7899999999999991,9_3,7
863,118,3,sombra,9,M,2,9,13,0.6745749999999999,0.1686,2.275,11.78,25.225,23.81,Velha,primavera,FUS,Nov 2004,0.2965164835164835,4.001037959667852,0.05726443123938879,-1.4150000000000027,9_3,17
864,118,3,sombra,9,M,2,10,15,0.392175,0.055075,0.95,3.17275,29.7925,29.3125,Velha,verao,FUS,Jan 2005,0.41281578947368425,7.120744439400817,0.12360728075013788,-0.4800000000000004,9_3,19
865,118,3,sombra,9,M,2,11,17,1.0457,0.049174999999999996,0.7,21.9375,26.95,26.2775,Velha,outono,FUS,Mar 2005,1.493857142857143,21.264870360955772,0.04766723646723647,-0.6724999999999994,9_3,21
866,118,3,sombra,9,M,2,12,19,0.6663749999999999,0.08715,0.25,8.40325,13.14,12.8475,Velha,inverno,FUS,May 2005,2.6654999999999998,7.64629948364888,0.07929967572070329,-0.2925000000000004,9_3,23
867,119,3,sombra,9,M,3,3,1,0.5965,0.13215000000000002,1.6275,29.83,26.2125,25.8775,Jovem,primavera,FUS,Nov 2003,0.3665130568356375,4.513810064320847,0.019996647670130742,-0.3349999999999973,9_3,5
868,119,3,sombra,9,M,3,4,3,2.20875,0.225468,4.62,51.8725,29.2875,28.575,Jov_Madura,verao,FUS,Jan 2004,0.4780844155844156,9.796290382670712,0.04258036531881055,-0.7125000000000021,9_3,7
869,119,3,sombra,9,M,3,9,13,0.693275,0.21695,3.25,9.2195,25.665,24.41,Velha,primavera,FUS,Nov 2004,0.2133153846153846,3.195551970500115,0.07519659417538911,-1.254999999999999,9_3,17
870,119,3,sombra,9,M,3,10,15,0.354375,0.050625,0.9,8.429,30.5375,29.9675,Velha,verao,FUS,Jan 2005,0.39375,6.999999999999999,0.04204235377862142,-0.5700000000000003,9_3,19
871,120,3,sombra,10,F,1,3,1,2.078,0.18435,1.59,67.8275,26.435,25.9325,Jovem,primavera,FUS,Nov 2003,1.3069182389937106,11.272036886357471,0.030636541225903945,-0.5024999999999977,10_3,5
872,120,3,sombra,10,F,1,4,3,0.727125,0.17798000000000003,3.087,15.02,28.5575,27.57,Jov_Madura,verao,FUS,Jan 2004,0.23554421768707481,4.085430947297449,0.04841045272969374,-0.9875000000000007,10_3,7
873,120,3,sombra,10,F,1,5,5,0.32530000000000003,0.1733,1.88,8.705,27.69,27.56,Jov_Madura,outono,FUS,Mar 2004,0.17303191489361705,1.8770917484131564,0.037369327972429645,-0.13000000000000256,10_3,9
874,120,3,sombra,10,F,1,6,7,0.758625,0.12992499999999998,1.575,5.894,21.3775,20.2775,Madura,inverno,FUS,May 2004,0.4816666666666667,5.838945545507024,0.12871140142517815,-1.1000000000000014,10_3,11
875,120,3,sombra,10,F,1,7,9,0.029400000000000003,0.21180000000000002,1.9,4.7755,15.355,15.055,Madura,inverno,FUS,Jul 2004,0.015473684210526318,0.1388101983002833,0.006156423411161136,-0.3000000000000007,10_3,13
876,120,3,sombra,10,F,1,8,11,0.4601,0.07755000000000001,1.9,7.31475,27.505,26.45,Madura,primavera,FUS,Sep 2004,0.24215789473684213,5.932946486137975,0.06290030417991045,-1.0549999999999997,10_3,15
877,120,3,sombra,10,F,1,9,13,1.7670000000000001,0.240775,3.15,11.815,25.8325,24.7325,Velha,primavera,FUS,Nov 2004,0.560952380952381,7.3388017858997,0.1495556495979687,-1.0999999999999979,10_3,17
878,120,3,sombra,10,F,1,10,15,1.46,0.07155,0.475,15.6825,25.815,25.055,Velha,verao,FUS,Jan 2005,3.073684210526316,20.405310971348705,0.09309740156225092,-0.7600000000000016,10_3,19
879,120,3,sombra,10,F,1,11,17,0.241475,0.054275,0.725,14.9925,26.355,25.67,Velha,outono,FUS,Mar 2005,0.33306896551724136,4.449101796407186,0.01610638652659663,-0.6849999999999987,10_3,21
880,120,3,sombra,10,F,1,12,19,0.901825,0.044500000000000005,0.225,22.276,13.6275,13.4575,Velha,inverno,FUS,May 2005,4.008111111111111,20.26573033707865,0.04048415334889567,-0.16999999999999993,10_3,23
881,121,3,sombra,10,F,2,3,1,2.15425,0.178925,2.0125,54.3475,26.4725,26.0025,Jovem,primavera,FUS,Nov 2003,1.0704347826086957,12.039960877462626,0.03963843783062699,-0.46999999999999886,10_3,5
882,121,3,sombra,10,F,2,4,3,2.22925,0.207288,3.22,21.1575,27.79,26.56,Jov_Madura,verao,FUS,Jan 2004,0.6923136645962732,10.754361082165875,0.1053645279451731,-1.2300000000000004,10_3,7
883,121,3,sombra,10,F,2,5,5,0.6757500000000001,0.1839,2.675,11.36,27.875,27.3475,Jov_Madura,outono,FUS,Mar 2004,0.2526168224299066,3.674551386623165,0.05948503521126761,-0.5274999999999999,10_3,9
884,121,3,sombra,10,F,2,6,7,1.74225,0.10595,0.775,21.67,18.4125,18.065,Madura,inverno,FUS,May 2004,2.2480645161290322,16.44407739499764,0.08039916935856022,-0.34750000000000014,10_3,11
885,121,3,sombra,10,F,2,7,9,0.6072000000000001,0.0238,0.1,9.435,4.8395,4.93525,Madura,inverno,FUS,Jul 2004,6.072,25.51260504201681,0.06435612082670907,0.09574999999999978,10_3,13
886,121,3,sombra,10,F,2,8,11,0.418875,0.07832499999999999,1.85,14.96,26.815,25.87,Madura,primavera,FUS,Sep 2004,0.2264189189189189,5.34790935205873,0.027999665775401066,-0.9450000000000003,10_3,15
887,121,3,sombra,10,F,2,9,13,3.33675,0.173975,2.775,68.1325,26.01,25.4675,Velha,primavera,FUS,Nov 2004,1.2024324324324325,19.179479810317574,0.048974424833963234,-0.5425000000000004,10_3,17
888,121,3,sombra,10,F,2,10,15,1.11825,0.050525,0.375,22.2425,26.1875,25.38,Velha,verao,FUS,Jan 2005,2.9819999999999998,22.132607619990104,0.05027537372147915,-0.807500000000001,10_3,19
889,121,3,sombra,10,F,2,11,17,1.524,0.072625,0.825,47.165,27.1225,26.145,Velha,outono,FUS,Mar 2005,1.8472727272727274,20.984509466437178,0.03231209583377505,-0.9774999999999991,10_3,21
890,121,3,sombra,10,F,2,12,19,1.1251,0.09762499999999999,0.35,73.7825,13.6525,13.425,Velha,inverno,FUS,May 2005,3.214571428571429,11.5247119078105,0.015248873377833497,-0.22749999999999915,10_3,23
891,122,3,sombra,10,F,3,3,1,0.33140000000000003,0.2167,1.7595,42.165,26.455,25.7625,Jovem,primavera,FUS,Nov 2003,0.1883489627735152,1.5293031841255194,0.007859599193644018,-0.692499999999999,10_3,5
892,122,3,sombra,10,F,3,4,3,3.0332500000000002,0.243504,3.9025,39.655,28.01,27.1775,Jov_Madura,verao,FUS,Jan 2004,0.7772581678411276,12.456674223010712,0.07649098474341193,-0.8325000000000031,10_3,7
893,122,3,sombra,10,F,3,9,13,2.3072500000000002,0.2093,3.375,16.8025,26.44,25.585,Velha,primavera,FUS,Nov 2004,0.6836296296296297,11.023650262780698,0.13731587561374797,-0.8550000000000004,10_3,17
894,122,3,sombra,10,F,3,10,15,0.9691500000000001,0.05115,0.45,13.2575,26.585,25.63,Velha,verao,FUS,Jan 2005,2.1536666666666666,18.947214076246336,0.07310201772581558,-0.9550000000000018,10_3,19
895,122,3,sombra,10,F,3,11,17,1.06708,0.07805000000000001,1.05,33.1125,26.935,25.94,Velha,outono,FUS,Mar 2005,1.0162666666666667,13.671748878923765,0.03222589656474142,-0.9949999999999974,10_3,21
896,122,3,sombra,10,F,3,12,19,1.74655,0.08220000000000001,0.325,37.8,13.9525,13.58,Velha,inverno,FUS,May 2005,5.374,21.247566909975667,0.04620502645502646,-0.3725000000000005,10_3,23
897,123,3,sombra,11,M,1,3,1,1.50032,0.1525,1.395,201.598,27.305,26.89,Jovem,primavera,FUS,Nov 2003,1.0754982078853048,9.83816393442623,0.0074421373227909005,-0.41499999999999915,11_3,5
898,124,3,sombra,11,M,2,3,1,5.25375,0.175375,2.6,477.675,27.5225,28.57,Jovem,primavera,FUS,Nov 2003,2.0206730769230767,29.957234497505347,0.010998586905322657,1.0474999999999994,11_3,5
899,124,3,sombra,11,M,2,4,3,1.76225,0.135713,1.8375,16.4328,27.4525,26.4825,Jov_Madura,verao,FUS,Jan 2004,0.9590476190476191,12.985123016954898,0.10723978871525243,-0.9699999999999989,11_3,7
900,124,3,sombra,11,M,2,5,5,0.527067,0.152525,1.91667,15.11,28.48,27.83,Jov_Madura,outono,FUS,Mar 2004,0.27499100001565213,3.455610555646615,0.03488199867637326,-0.6500000000000021,11_3,9
901,124,3,sombra,11,M,2,6,7,0.84235,0.097275,1.6,10.7282,18.2075,17.6475,Madura,inverno,FUS,May 2004,0.52646875,8.659470573117451,0.07851736544807145,-0.5599999999999987,11_3,11
902,124,3,sombra,11,M,2,7,9,0.6260500000000001,0.024874999999999998,0.1,8.37275,5.82075,5.92125,Madura,inverno,FUS,Jul 2004,6.2605,25.167839195979905,0.07477232689379237,0.10049999999999937,11_3,13
903,124,3,sombra,11,M,2,8,11,0.49485000000000007,0.09555000000000001,2.325,6.86125,27.185,26.2375,Madura,primavera,FUS,Sep 2004,0.21283870967741936,5.178963893249608,0.07212242667152488,-0.947499999999998,11_3,15
904,124,3,sombra,11,M,2,9,13,0.21685000000000001,0.16775,3.9,86.3875,27.4,27.0975,Velha,primavera,FUS,Nov 2004,0.05560256410256411,1.2926974664679582,0.0025102011286355086,-0.30249999999999844,11_3,17
905,124,3,sombra,11,M,2,10,15,5.497,0.11627499999999999,1.125,149.863,25.2275,25.1325,Velha,verao,FUS,Jan 2005,4.886222222222222,47.275854654912926,0.03668016788666983,-0.09499999999999886,11_3,19
906,125,3,sombra,11,M,3,3,1,0.27940000000000004,0.18115,2.1945,24.78,27.6575,26.98,Jovem,primavera,FUS,Nov 2003,0.12731829573934839,1.5423682031465638,0.011275221953188056,-0.6774999999999984,11_3,5
907,125,3,sombra,11,M,3,4,3,1.0207,0.16378299999999998,4.935,28.605,27.7525,26.625,Jov_Madura,verao,FUS,Jan 2004,0.20682877406281663,6.2320265228992024,0.035682572976752314,-1.1275000000000013,11_3,7
908,125,3,sombra,11,M,3,5,5,0.296925,0.18795,2.7625,6.07525,27.69,27.25,Jov_Madura,outono,FUS,Mar 2004,0.10748416289592759,1.5798084596967277,0.04887453191226699,-0.4400000000000013,11_3,9
909,125,3,sombra,11,M,3,6,7,0.4852,0.072675,0.725,2.13667,18.41,18.09,Madura,inverno,FUS,May 2004,0.6692413793103449,6.676298589611283,0.22708232904472847,-0.3200000000000003,11_3,11
910,125,3,sombra,11,M,3,7,9,0.40495000000000003,0.038375,0.15,3.71975,5.75525,5.851,Madura,inverno,FUS,Jul 2004,2.699666666666667,10.552442996742672,0.10886484306741046,0.09574999999999978,11_3,13
911,125,3,sombra,11,M,3,8,11,0.461925,0.1087,2.575,3.536,27.3,26.495,Madura,primavera,FUS,Sep 2004,0.1793883495145631,4.249540018399264,0.13063489819004523,-0.8049999999999997,11_3,15
912,125,3,sombra,11,M,3,9,13,3.7575,0.297075,5.1,68.7325,27.2475,26.39,Velha,primavera,FUS,Nov 2004,0.736764705882353,12.648321131027519,0.05466846106281598,-0.8574999999999982,11_3,17
913,125,3,sombra,11,M,3,10,15,0.402875,0.14682499999999998,1.175,33.2775,25.1525,24.5225,Velha,verao,FUS,Jan 2005,0.3428723404255319,2.743912821386004,0.01210652843512884,-0.629999999999999,11_3,19
914,125,3,sombra,11,M,3,11,17,1.1353,0.06455000000000001,0.725,14.8678,26.21,25.575,Velha,outono,FUS,Mar 2005,1.5659310344827586,17.58791634391944,0.07635964971280215,-0.6350000000000016,11_3,21
915,125,3,sombra,11,M,3,12,19,1.17667,0.06762499999999999,0.3,15.5925,13.5425,13.295,Velha,inverno,FUS,May 2005,3.9222333333333337,17.399926062846585,0.07546384479717815,-0.2475000000000005,11_3,23
916,126,3,sombra,12,M,1,3,1,1.01168,0.15455000000000002,1.8,25.2975,27.64,26.8225,Jovem,primavera,FUS,Nov 2003,0.5620444444444443,6.545972177288902,0.039991303488487,-0.817499999999999,12_3,5
917,126,3,sombra,12,M,1,4,3,3.5815,0.28145000000000003,2.42,65.195,32.065,31.3075,Jov_Madura,verao,FUS,Jan 2004,1.4799586776859506,12.725173210161662,0.05493519441674976,-0.7574999999999967,12_3,7
918,126,3,sombra,12,M,1,5,5,0.44742499999999996,0.199188,3.35,21.76,28.955,28.3775,Jov_Madura,outono,FUS,Mar 2004,0.1335597014925373,2.246244753700022,0.020561810661764702,-0.577499999999997,12_3,9
919,126,3,sombra,12,M,1,6,7,0.770625,0.114025,1.075,89.6575,18.565,18.3125,Madura,inverno,FUS,May 2004,0.7168604651162791,6.758386318789739,0.008595209547444442,-0.2525000000000013,12_3,11
920,126,3,sombra,12,M,1,7,9,3.0615,0.079525,0.6,171.4,8.782,8.882,Madura,inverno,FUS,Jul 2004,5.1025,38.49732788431311,0.017861726954492417,0.09999999999999964,12_3,13
921,126,3,sombra,12,M,1,8,11,3.63825,0.094875,2.5,56.0,27.635,27.395,Madura,primavera,FUS,Sep 2004,1.4553,38.34782608695652,0.06496875,-0.240000000000002,12_3,15
922,126,3,sombra,12,M,1,9,13,3.0005,0.367525,6.175,47.3025,27.155,26.1925,Velha,primavera,FUS,Nov 2004,0.4859109311740891,8.164070471396505,0.06343216531895778,-0.9625000000000021,12_3,17
923,126,3,sombra,12,M,1,10,15,0.48610000000000003,0.096825,0.975,118.22,25.2425,24.9425,Velha,verao,FUS,Jan 2005,0.4985641025641026,5.020397624580429,0.004111825410252073,-0.3000000000000007,12_3,19
924,126,3,sombra,12,M,1,11,17,0.45586699999999997,0.046566699999999996,0.766667,18.5533,26.8233,26.3833,Velha,outono,FUS,Mar 2005,0.5946088719091861,9.789549184288344,0.024570669368791535,-0.4400000000000013,12_3,21
925,126,3,sombra,12,M,1,12,19,0.694875,0.0781,0.4,19.375,14.4175,14.12,Velha,inverno,FUS,May 2005,1.7371874999999999,8.897247119078106,0.035864516129032256,-0.2975000000000012,12_3,23
926,127,3,sombra,12,M,2,3,1,5.1425,0.1683,2.325,213.85,29.45,31.0025,Jovem,primavera,FUS,Nov 2003,2.2118279569892474,30.555555555555554,0.024047229366378303,1.552500000000002,12_3,5
927,127,3,sombra,12,M,2,4,3,9.1645,0.163375,5.56,1943.75,34.8075,37.79,Jov_Madura,verao,FUS,Jan 2004,1.648291366906475,56.094873756694724,0.004714855305466238,2.9825000000000017,12_3,7
928,127,3,sombra,12,M,2,5,5,0.8379000000000001,0.177038,2.85,12.0275,29.52,28.57,Jov_Madura,outono,FUS,Mar 2004,0.29400000000000004,4.732882206080051,0.06966535023903556,-0.9499999999999993,12_3,9
929,127,3,sombra,12,M,2,6,7,0.8282,0.1763,1.425,7.76825,19.1,18.55,Madura,inverno,FUS,May 2004,0.5811929824561404,4.6976744186046515,0.1066134586296785,-0.5500000000000007,12_3,11
930,127,3,sombra,12,M,2,7,9,0.971625,0.062375,0.425,10.46,9.55425,9.652,Madura,inverno,FUS,Jul 2004,2.2861764705882353,15.577154308617233,0.09288957934990438,0.09774999999999956,12_3,13
931,127,3,sombra,12,M,2,8,11,1.08365,0.147525,3.025,18.555,27.085,26.0825,Madura,primavera,FUS,Sep 2004,0.3582314049586777,7.345534655143196,0.05840204796550795,-1.0025000000000013,12_3,15
932,127,3,sombra,12,M,2,9,13,2.44475,0.31987499999999996,5.4,18.7075,28.1275,27.0775,Velha,primavera,FUS,Nov 2004,0.45273148148148146,7.642829230168035,0.13068288119738072,-1.0500000000000007,12_3,17
933,127,3,sombra,12,M,2,10,15,2.64975,0.12855,1.425,82.5625,26.5975,26.1275,Velha,verao,FUS,Jan 2005,1.8594736842105264,20.61260210035006,0.03209386828160485,-0.46999999999999886,12_3,19
934,127,3,sombra,12,M,2,11,17,2.6875,0.08625,1.3,98.355,27.51,26.58,Velha,outono,FUS,Mar 2005,2.067307692307692,31.159420289855074,0.027324487824716588,-0.9300000000000033,12_3,21
935,127,3,sombra,12,M,2,12,19,0.5542,0.06835000000000001,0.4,11.3007,14.725,14.175,Velha,inverno,FUS,May 2005,1.3855,8.108266276517922,0.0490412098365588,-0.5499999999999989,12_3,23
936,128,3,sombra,12,M,3,3,1,2.238,0.15387499999999998,1.75,66.89,28.365,27.65,Jovem,primavera,FUS,Nov 2003,1.278857142857143,14.544272948822098,0.033457915981462104,-0.7149999999999999,12_3,5
937,128,3,sombra,12,M,3,4,3,4.20275,0.2338,3.4125,154.548,34.7925,34.055,Jov_Madura,verao,FUS,Jan 2004,1.2315750915750916,17.975834046193327,0.027193816807723165,-0.7374999999999972,12_3,7
938,128,3,sombra,12,M,3,5,5,1.395,0.217,3.3875,19.7575,29.675,28.8725,Jov_Madura,outono,FUS,Mar 2004,0.4118081180811808,6.428571428571429,0.07060609894976591,-0.802500000000002,12_3,9
939,128,3,sombra,12,M,3,6,7,0.342733,0.129833,1.3,8.383000000000001,19.0467,18.7433,Madura,inverno,FUS,May 2004,0.26364076923076923,2.639798818482204,0.040884289633782656,-0.3033999999999999,12_3,11
940,128,3,sombra,12,M,3,7,9,3.227,0.10200000000000001,0.8,64.7125,9.52375,9.62075,Madura,inverno,FUS,Jul 2004,4.0337499999999995,31.63725490196078,0.04986671817655012,0.09699999999999953,12_3,13
941,128,3,sombra,12,M,3,8,11,1.232,0.19955,3.75,22.655,27.225,25.9725,Madura,primavera,FUS,Sep 2004,0.32853333333333334,6.17389125532448,0.0543809313617303,-1.2525000000000013,12_3,15
942,128,3,sombra,12,M,3,9,13,2.921,0.225425,4.35,30.9775,28.2825,27.58,Velha,primavera,FUS,Nov 2004,0.6714942528735632,12.95774647887324,0.09429424582358163,-0.7025000000000006,12_3,17
943,128,3,sombra,12,M,3,10,15,1.427,0.092675,0.725,32.825,26.0275,25.1625,Velha,verao,FUS,Jan 2005,1.9682758620689655,15.397895872673322,0.04347296268088347,-0.8649999999999984,12_3,19
944,128,3,sombra,12,M,3,11,17,0.1932,0.09280000000000001,1.2,8.84,25.84,24.83,Velha,outono,FUS,Mar 2005,0.161,2.081896551724138,0.021855203619909502,-1.0100000000000016,12_3,21
945,128,3,sombra,12,M,3,12,19,-0.099025,0.0543,0.3,6.52875,14.4625,14.0175,Velha,inverno,FUS,May 2005,,,,-0.4450000000000003,12_3,23
946,129,3,sombra,13,M,1,9,13,1.09113,0.145025,2.45,26.3525,28.245,27.33,Velha,primavera,FUS,Nov 2004,0.4453591836734693,7.523737286674711,0.04140517977421497,-0.9150000000000027,13_3,17
947,129,3,sombra,13,M,1,10,15,0.6242249999999999,0.170375,1.45,13.115,24.28,23.6475,Velha,verao,FUS,Jan 2005,0.43049999999999994,3.663829787234042,0.047596263820053365,-0.6325000000000003,13_3,19
948,129,3,sombra,13,M,1,11,17,0.20965000000000003,0.057350000000000005,1.05,8.461,27.065,26.425,Velha,outono,FUS,Mar 2005,0.1996666666666667,3.655623365300785,0.024778394988772014,-0.6400000000000006,13_3,21
949,129,3,sombra,13,M,1,12,19,0.816125,0.05995,0.35,11.031,14.9575,14.56,Velha,inverno,FUS,May 2005,2.3317857142857146,13.613427856547121,0.07398467953947964,-0.3974999999999991,13_3,23
950,130,3,sombra,13,M,2,3,1,0.599275,0.3139,1.6975,52.895,28.1475,27.2225,Jovem,primavera,FUS,Nov 2003,0.35303387334315167,1.9091271105447594,0.011329520748652991,-0.9250000000000007,13_3,5
951,130,3,sombra,13,M,2,4,3,0.18355000000000002,0.19242499999999998,2.9125,4.26175,32.6925,31.3075,Jov_Madura,verao,FUS,Jan 2004,0.06302145922746781,0.9538781343380539,0.043069161729336544,-1.3850000000000016,13_3,7
952,130,3,sombra,13,M,2,5,5,0.7238,0.171263,3.3,14.595,30.23,29.6225,Jov_Madura,outono,FUS,Mar 2004,0.21933333333333335,4.22624851836065,0.049592326139088726,-0.6075000000000017,13_3,9
953,130,3,sombra,13,M,2,6,7,0.775825,0.084,0.825,8.4075,18.75,18.4025,Madura,inverno,FUS,May 2004,0.9403939393939394,9.236011904761904,0.0922777282188522,-0.34750000000000014,13_3,11
954,130,3,sombra,13,M,2,7,9,1.0207,0.035550000000000005,0.275,11.7005,9.309,9.40425,Madura,inverno,FUS,Jul 2004,3.711636363636363,28.711673699015467,0.08723558822272552,0.09525000000000006,13_3,13
955,130,3,sombra,13,M,2,8,11,6.72325,0.182525,3.175,249.325,26.9125,26.2575,Madura,primavera,FUS,Sep 2004,2.1175590551181105,36.83468018079715,0.026965807680737995,-0.6550000000000011,13_3,15
956,130,3,sombra,13,M,2,9,13,1.5385,0.1956,3.7,24.57,28.4,27.5625,Velha,primavera,FUS,Nov 2004,0.4158108108108108,7.865541922290388,0.06261701261701262,-0.8374999999999986,13_3,17
957,130,3,sombra,13,M,2,10,15,0.971725,0.1241,1.025,22.91,24.04,23.5525,Velha,verao,FUS,Jan 2005,0.9480243902439025,7.830177276390008,0.042414884329986906,-0.4875000000000007,13_3,19
958,130,3,sombra,13,M,2,11,17,1.16523,0.12057499999999999,1.1,255.4,23.6175,23.1025,Velha,outono,FUS,Mar 2005,1.0593,9.663943603566246,0.0045623727486296005,-0.5150000000000006,13_3,21
959,130,3,sombra,13,M,2,12,19,0.34735000000000005,0.106525,0.85,3.66175,23.2025,23.0,Velha,inverno,FUS,May 2005,0.4086470588235295,3.260736916216851,0.09485901549805421,-0.20250000000000057,13_3,23
960,131,3,sombra,13,M,3,3,1,1.36025,0.22605000000000003,2.064,5.4105,27.835,27.2225,Jovem,primavera,FUS,Nov 2003,0.6590358527131782,6.017474010174739,0.2514092967378246,-0.6125000000000007,13_3,5
961,131,3,sombra,13,M,3,4,3,0.444025,0.25429199999999996,4.7425,16.495,30.3025,30.0575,Jov_Madura,verao,FUS,Jan 2004,0.09362677912493411,1.7461225677567525,0.02691876326159442,-0.24499999999999744,13_3,7
962,131,3,sombra,13,M,3,5,5,0.5555749999999999,0.176175,3.6375,21.76,30.055,29.7025,Jov_Madura,outono,FUS,Mar 2004,0.15273539518900342,3.15354051369377,0.02553193933823529,-0.35249999999999915,13_3,9
963,131,3,sombra,13,M,3,6,7,0.770825,0.12560000000000002,1.575,7.91925,19.0025,18.8125,Madura,inverno,FUS,May 2004,0.4894126984126984,6.137141719745222,0.09733560627584682,-0.19000000000000128,13_3,11
964,131,3,sombra,13,M,3,7,9,0.8397,0.03195,0.25,7.3185,9.46925,9.56475,Madura,inverno,FUS,Jul 2004,3.3588,26.281690140845072,0.11473662635786021,0.09549999999999947,13_3,13
965,131,3,sombra,13,M,3,8,11,2.40625,0.15792499999999998,3.175,16.6232,26.9425,25.94,Madura,primavera,FUS,Sep 2004,0.7578740157480316,15.23666297293019,0.14475251455796717,-1.0024999999999977,13_3,15
966,132,3,sombra,14,M,1,3,1,1.26525,0.22225000000000003,1.4875,34.54,28.33,27.455,Jovem,primavera,FUS,Nov 2003,0.8505882352941176,5.69291338582677,0.036631441806601044,-0.875,14_3,5
967,132,3,sombra,14,M,1,4,3,1.01772,0.1283,2.295,25.4775,29.1875,29.1125,Jov_Madura,verao,FUS,Jan 2004,0.44345098039215686,7.932346063912704,0.0399458345599058,-0.07499999999999929,14_3,7
968,132,3,sombra,14,M,1,5,5,0.9740249999999999,0.298238,4.45,18.7042,29.9867,29.3992,Jov_Madura,outono,FUS,Mar 2004,0.21888202247191008,3.265931906732207,0.05207520236096705,-0.5874999999999986,14_3,9
969,132,3,sombra,14,M,1,6,7,1.09557,0.24535,2.275,35.82,19.06,18.57,Madura,inverno,FUS,May 2004,0.48156923076923075,4.4653352353780305,0.03058542713567839,-0.48999999999999844,14_3,11
970,132,3,sombra,14,M,1,7,9,0.303675,0.033225,0.275,4.3845,9.32325,9.4175,Madura,inverno,FUS,Jul 2004,1.104272727272727,9.139954853273137,0.06926103318508381,0.09425000000000061,14_3,13
971,132,3,sombra,14,M,1,8,11,3.744,0.15525,2.825,134.65,27.0725,26.325,Madura,primavera,FUS,Sep 2004,1.3253097345132743,24.115942028985508,0.027805421463052357,-0.7475000000000023,14_3,15
972,132,3,sombra,14,M,1,9,13,0.9377500000000001,0.1955,3.25,15.7375,28.495,27.32,Velha,primavera,FUS,Nov 2004,0.2885384615384616,4.796675191815857,0.05958697378872121,-1.1750000000000007,14_3,17
973,132,3,sombra,14,M,1,10,15,1.2145,0.10542499999999999,0.9,180.98,24.585,24.0975,Velha,verao,FUS,Jan 2005,1.3494444444444442,11.520037941664691,0.0067106862636755445,-0.4875000000000007,14_3,19
974,132,3,sombra,14,M,1,11,17,0.7200249999999999,0.04465,0.975,14.6482,28.0075,27.7625,Velha,outono,FUS,Mar 2005,0.7384871794871795,16.125979843225082,0.04915450362501877,-0.245000000000001,14_3,21
975,132,3,sombra,14,M,1,12,19,0.8317,0.0679,0.3,8.3165,11.18,10.945,Velha,inverno,FUS,May 2005,2.7723333333333335,12.248895434462444,0.10000601214453196,-0.23499999999999943,14_3,23
976,133,3,sombra,14,M,2,3,1,0.515825,0.20365000000000003,0.9325,31.5825,26.3425,25.7075,Jovem,primavera,FUS,Nov 2003,0.5531635388739946,2.532899582617235,0.016332620913480565,-0.6350000000000016,14_3,5
977,133,3,sombra,14,M,2,4,3,1.8105,0.27975,3.05,33.09,28.6875,27.8525,Jov_Madura,verao,FUS,Jan 2004,0.5936065573770493,6.471849865951743,0.05471441523118766,-0.8350000000000009,14_3,7
978,133,3,sombra,14,M,2,5,5,0.791175,0.18085,2.1,25.015,29.3275,28.4775,Jov_Madura,outono,FUS,Mar 2004,0.37675,4.374758086812275,0.031628023186088344,-0.8500000000000014,14_3,9
979,133,3,sombra,14,M,2,6,7,0.326525,0.074075,0.725,2.1165,19.105,18.6775,Madura,inverno,FUS,May 2004,0.4503793103448276,4.4080323995950055,0.15427592723836525,-0.427500000000002,14_3,11
980,133,3,sombra,14,M,2,7,9,1.925,0.07305,0.55,50.2,9.153,9.249,Madura,inverno,FUS,Jul 2004,3.5,26.351813826146476,0.038346613545816734,0.09600000000000009,14_3,13
981,133,3,sombra,14,M,2,8,11,0.8017249999999999,0.10002499999999999,2.25,6.95175,27.0175,26.5575,Madura,primavera,FUS,Sep 2004,0.3563222222222222,8.015246188452886,0.11532707591613622,-0.4599999999999973,14_3,15
982,133,3,sombra,14,M,2,9,13,0.706325,0.16275,2.9,12.0875,29.1125,28.115,Velha,primavera,FUS,Nov 2004,0.2435603448275862,4.3399385560675885,0.05843433298862461,-0.9975000000000023,14_3,17
983,133,3,sombra,14,M,2,10,15,0.525775,0.101575,0.875,6.559,24.9575,24.315,Velha,verao,FUS,Jan 2005,0.6008857142857142,5.17622446468127,0.08016084769019667,-0.6424999999999983,14_3,19
984,133,3,sombra,14,M,2,11,17,0.16497499999999998,0.039875,0.875,2.525,28.755,28.28,Velha,outono,FUS,Mar 2005,0.18854285714285712,4.137304075235109,0.06533663366336633,-0.47499999999999787,14_3,21
985,133,3,sombra,14,M,2,12,19,0.39195,0.0724,0.425,16.932,11.57,11.4025,Velha,inverno,FUS,May 2005,0.9222352941176472,5.413674033149171,0.02314847625797307,-0.16750000000000043,14_3,23
986,134,3,sombra,14,M,3,3,1,0.16097499999999998,0.17185,0.7425,11.3325,25.5675,25.075,Jovem,primavera,FUS,Nov 2003,0.21680134680134677,0.93671806808263,0.014204720935362894,-0.4924999999999997,14_3,5
987,134,3,sombra,14,M,3,4,3,1.11425,0.33297499999999997,3.4,15.4125,28.4175,27.92,Jov_Madura,verao,FUS,Jan 2004,0.3277205882352941,3.3463473233726257,0.07229521492295214,-0.4974999999999987,14_3,7
988,134,3,sombra,14,M,3,5,5,0.6073500000000001,0.132437,1.70625,9.673,28.825,28.46,Jov_Madura,outono,FUS,Mar 2004,0.35595604395604397,4.585954076277778,0.06278817326579138,-0.36499999999999844,14_3,9
989,134,3,sombra,14,M,3,6,7,0.848375,0.115575,1.45,4.98725,19.095,18.745,Madura,inverno,FUS,May 2004,0.5850862068965518,7.3404715552671425,0.1701087773823249,-0.34999999999999787,14_3,11
990,134,3,sombra,14,M,3,7,9,0.5749500000000001,0.036000000000000004,0.2,8.01425,8.84,8.93675,Madura,inverno,FUS,Jul 2004,2.87475,15.970833333333333,0.07174096141248401,0.09675000000000011,14_3,13
991,135,3,sombra,15,M,1,9,13,1.0555,0.32082499999999997,5.675,26.445,29.49,28.64,Velha,primavera,FUS,Nov 2004,0.1859911894273128,3.2899555832619036,0.03991302703724712,-0.8499999999999979,15_3,17
992,135,3,sombra,15,M,1,10,15,0.67295,0.115225,1.275,12.18,25.7175,25.1,Velha,verao,FUS,Jan 2005,0.5278039215686275,5.840312432197875,0.055250410509031206,-0.6174999999999997,15_3,19
993,135,3,sombra,15,M,1,11,17,0.5494,0.036000000000000004,0.75,12.3075,28.75,27.97,Velha,outono,FUS,Mar 2005,0.7325333333333334,15.26111111111111,0.04463944749136706,-0.7800000000000011,15_3,21
994,135,3,sombra,15,M,1,12,19,0.4771,0.066875,0.35,5.38025,12.48,12.165,Velha,inverno,FUS,May 2005,1.3631428571428572,7.134205607476636,0.08867617675758561,-0.3150000000000013,15_3,23
995,136,3,sombra,15,M,2,3,1,0.1078,0.137578,1.2,9.82025,25.91,25.39,Jovem,primavera,FUS,Nov 2003,0.08983333333333335,0.7835555103286863,0.01097731727807337,-0.5199999999999996,15_3,5
996,136,3,sombra,15,M,2,4,3,0.49982499999999996,0.2122,3.1375,10.4555,27.97,27.645,Jov_Madura,verao,FUS,Jan 2004,0.1593067729083665,2.3554429783223374,0.04780498302328917,-0.3249999999999993,15_3,7
997,136,3,sombra,15,M,2,5,5,1.0092,0.15112499999999998,3.0375,12.6007,30.7625,30.36,Jov_Madura,outono,FUS,Mar 2004,0.33224691358024694,6.677915632754344,0.08009078860698216,-0.40249999999999986,15_3,9
998,136,3,sombra,15,M,2,6,7,2.0315,0.13597499999999998,1.5,96.465,19.6425,19.2475,Madura,inverno,FUS,May 2004,1.3543333333333332,14.940246368817798,0.02105945161457523,-0.3949999999999996,15_3,11
999,136,3,sombra,15,M,2,7,9,0.565925,0.049624999999999996,0.3,8.77025,9.8095,9.90675,Madura,inverno,FUS,Jul 2004,1.8864166666666669,11.404030226700254,0.06452780707505487,0.09725000000000072,15_3,13
1000,136,3,sombra,15,M,2,8,11,0.8935500000000001,0.064375,1.4,22.9075,25.81,25.4275,Madura,primavera,FUS,Sep 2004,0.6382500000000001,13.880388349514563,0.03900687547746372,-0.3825000000000003,15_3,15
1001,136,3,sombra,15,M,2,9,13,1.4292500000000001,0.232675,5.175,45.7825,29.515,29.025,Velha,primavera,FUS,Nov 2004,0.27618357487922707,6.142688299129688,0.031218260252279806,-0.490000000000002,15_3,17
1002,136,3,sombra,15,M,2,10,15,0.341775,0.024624999999999998,0.2,10.695,25.8125,25.37,Velha,verao,FUS,Jan 2005,1.708875,13.879187817258885,0.03195652173913043,-0.442499999999999,15_3,19
1003,136,3,sombra,15,M,2,11,17,0.909775,0.033624999999999995,0.75,14.6775,28.995,28.51,Velha,outono,FUS,Mar 2005,1.2130333333333334,27.05650557620818,0.06198432975642991,-0.48499999999999943,15_3,21
1004,136,3,sombra,15,M,2,12,19,0.995375,0.054900000000000004,0.275,4.59625,12.2525,11.9575,Velha,inverno,FUS,May 2005,3.619545454545454,18.13069216757741,0.21656241501223822,-0.29499999999999993,15_3,23
1005,137,3,sombra,15,M,3,3,1,0.522,0.19820000000000002,1.94,14.8675,25.4625,24.945,Jovem,primavera,FUS,Nov 2003,0.26907216494845365,2.6337033299697272,0.03511013956616782,-0.5174999999999983,15_3,5
1006,137,3,sombra,15,M,3,4,3,1.46375,0.156672,2.24,18.0425,27.38,26.5475,Jov_Madura,verao,FUS,Jan 2004,0.6534598214285714,9.342767054738562,0.08112789247609811,-0.8324999999999996,15_3,7
1007,137,3,sombra,15,M,3,5,5,0.891825,0.212925,4.6375,27.0987,31.015,30.7475,Jov_Madura,outono,FUS,Mar 2004,0.19230727762803232,4.188446636139486,0.03291025030721031,-0.26750000000000185,15_3,9
1008,137,3,sombra,15,M,3,6,7,0.6311249999999999,0.271575,3.35,14.5675,23.365,22.1625,Madura,inverno,FUS,May 2004,0.18839552238805968,2.3239436619718306,0.043324180538870764,-1.202499999999997,15_3,11
1009,137,3,sombra,15,M,3,7,9,0.614525,0.037524999999999996,0.25,8.6795,10.25,10.35,Madura,inverno,FUS,Jul 2004,2.4581,16.376415722851434,0.07080188950976438,0.09999999999999964,15_3,13
1010,137,3,sombra,15,M,3,8,11,0.774575,0.05265,1.25,19.915,26.645,26.355,Madura,primavera,FUS,Sep 2004,0.61966,14.711775878442545,0.038894049711272916,-0.28999999999999915,15_3,15
1011,137,3,sombra,15,M,3,9,13,1.898,0.28045000000000003,5.7,23.785,29.78,28.95,Velha,primavera,FUS,Nov 2004,0.3329824561403508,6.76769477625245,0.07979819213790204,-0.8300000000000018,15_3,17
1012,137,3,sombra,15,M,3,10,15,0.7712249999999999,0.044975,0.35,19.645,26.2825,25.61,Velha,verao,FUS,Jan 2005,2.2035,17.147859922178988,0.03925808093662509,-0.6724999999999994,15_3,19
1013,137,3,sombra,15,M,3,11,17,0.7270249999999999,0.027424999999999998,0.675,25.915,29.6275,29.2425,Velha,outono,FUS,Mar 2005,1.0770740740740739,26.50957155879672,0.028054215705190042,-0.38500000000000156,15_3,21
1014,137,3,sombra,15,M,3,12,19,0.5312,0.083925,0.525,4.808,13.0325,12.6875,Velha,inverno,FUS,May 2005,1.0118095238095237,6.329460828120346,0.11048252911813644,-0.34500000000000064,15_3,23
1015,138,4,sol,16,F,1,4,1,11.8025,0.285725,7.25,1005.47,31.15,31.49,Jovem,verao,MO,Jan 2004,1.6279310344827587,41.30720097996325,0.011738291545247496,0.33999999999999986,16_4,7
1016,138,4,sol,16,F,1,5,3,4.405,0.15487499999999998,2.8,222.475,33.0,32.44,Jov_Madura,outono,MO,Mar 2004,1.573214285714286,28.442292171105734,0.01979997752556467,-0.5600000000000023,16_4,9
1017,138,4,sol,16,F,1,6,5,5.5885,0.2877,3.1,151.4,18.3775,18.0425,Madura,inverno,MO,May 2004,1.802741935483871,19.424748001390334,0.03691215323645971,-0.33500000000000085,16_4,11
1018,138,4,sol,16,F,1,7,7,6.8105,0.147025,2.125,111.64,20.245,19.2325,Madura,inverno,MO,Jul 2004,3.204941176470588,46.322054072436664,0.06100412038695808,-1.0124999999999993,16_4,13
1019,138,4,sol,16,F,1,8,9,9.17775,0.182575,3.5,1503.75,21.6775,23.055,Madura,primavera,MO,Sep 2004,2.6222142857142856,50.268382856360404,0.006103241895261845,1.3775000000000013,16_4,15
1020,138,4,sol,16,F,1,9,11,9.60725,0.18867499999999998,4.075,506.275,24.36,24.1125,Madura,primavera,MO,Nov 2004,2.3576073619631903,50.91957069034054,0.01897634684706928,-0.24749999999999872,16_4,17
1021,139,4,sol,16,F,2,4,1,13.2975,0.257225,5.5,602.275,30.135,30.0375,Jovem,verao,MO,Jan 2004,2.4177272727272725,51.6959860044708,0.022078784608359967,-0.09750000000000014,16_4,7
1022,139,4,sol,16,F,2,5,3,0.9759500000000001,0.24398799999999998,3.56875,335.95,33.63,32.345,Jov_Madura,outono,MO,Mar 2004,0.27347110332749563,3.999991802875552,0.002905045393659771,-1.2850000000000037,16_4,9
1023,139,4,sol,16,F,2,6,5,3.977,0.21862499999999999,2.6,128.4,18.9025,18.495,Madura,inverno,MO,May 2004,1.5296153846153846,18.190966266437965,0.030973520249221183,-0.40749999999999886,16_4,11
1024,139,4,sol,16,F,2,7,7,9.40575,0.18330000000000002,3.5,1249.7,22.3175,24.1025,Madura,inverno,MO,Jul 2004,2.6873571428571426,51.31342062193125,0.0075264063375210044,1.7850000000000001,16_4,13
1025,139,4,sol,16,F,2,8,9,10.8925,0.141175,3.575,1745.0,24.6575,25.5325,Madura,primavera,MO,Sep 2004,3.0468531468531466,77.15601204179211,0.006242120343839541,0.875,16_4,15
1026,139,4,sol,16,F,2,9,11,9.4055,0.16540000000000002,3.95,587.275,24.7175,24.6025,Madura,primavera,MO,Nov 2004,2.381139240506329,56.8651753325272,0.016015495296070836,-0.11500000000000199,16_4,17
1027,140,4,sol,16,F,3,4,1,11.645,0.2033,5.975,422.425,30.2525,30.4525,Jovem,verao,MO,Jan 2004,1.9489539748953975,57.279881947860304,0.027567023732023434,0.1999999999999993,16_4,7
1028,140,4,sol,16,F,3,5,3,6.32125,0.196375,2.11875,178.5,30.325,29.8425,Jov_Madura,outono,MO,Mar 2004,2.983480825958702,32.18968809675366,0.035413165266106446,-0.48249999999999815,16_4,9
1029,140,4,sol,16,F,3,6,5,6.5355,0.32292499999999996,3.775,110.975,19.08,18.325,Madura,inverno,MO,May 2004,1.7312582781456953,20.238445459472015,0.05889164226177067,-0.754999999999999,16_4,11
1030,140,4,sol,16,F,3,7,7,10.6812,0.270625,4.2,416.663,22.935,21.3925,Madura,inverno,MO,Jul 2004,2.543142857142857,39.46863741339492,0.02563510558892918,-1.5425000000000004,16_4,13
1031,140,4,sol,16,F,3,8,9,10.555,0.1474,3.75,541.725,25.1975,24.72,Madura,primavera,MO,Sep 2004,2.8146666666666667,71.60786974219809,0.019484055563247032,-0.4775000000000027,16_4,15
1032,140,4,sol,16,F,3,9,11,11.4375,0.172375,6.375,1665.5,27.2425,30.7325,Madura,primavera,MO,Nov 2004,1.7941176470588236,66.35242929659174,0.0068673071149804865,3.490000000000002,16_4,17
1033,140,4,sol,16,F,3,10,13,5.11175,0.11817499999999999,3.075,234.655,34.44,33.565,Velha,verao,MO,Jan 2005,1.6623577235772355,43.25576475565898,0.021784108584943854,-0.875,16_4,19
1034,140,4,sol,16,F,3,11,15,2.406,0.128475,3.1,30.9775,27.9725,26.4825,Velha,outono,MO,Mar 2005,0.7761290322580645,18.727378867483946,0.07766927608748286,-1.4899999999999984,16_4,21
1035,140,4,sol,16,F,3,12,17,1.8567500000000001,0.108525,2.50147,12.6975,14.4625,13.7775,Velha,inverno,MO,May 2005,0.7422635490331686,17.10896106887814,0.14622957275054146,-0.6850000000000005,16_4,23
1036,141,4,sol,17,F,1,4,1,13.045,0.32942499999999997,4.17,2299.0,32.6175,35.3525,Jovem,verao,MO,Jan 2004,3.128297362110312,39.59930181376642,0.005674206176598521,2.7349999999999994,17_4,7
1037,141,4,sol,17,F,1,5,3,12.1698,0.303975,7.275,419.4,27.2525,27.445,Jov_Madura,outono,MO,Mar 2004,1.6728247422680411,40.03552923760178,0.02901716738197425,0.192499999999999,17_4,9
1038,141,4,sol,17,F,1,6,5,7.736,0.2726,3.125,144.975,19.26,18.9175,Madura,inverno,MO,May 2004,2.47552,28.37857666911225,0.05336092429729264,-0.34250000000000114,17_4,11
1039,141,4,sol,17,F,1,7,7,1.927,0.148475,2.25,25.7,21.555,20.19,Madura,inverno,MO,Jul 2004,0.8564444444444445,12.97861592860751,0.07498054474708171,-1.3649999999999984,17_4,13
1040,141,4,sol,17,F,1,8,9,4.2265,0.09545000000000001,3.0,1306.93,26.2325,27.4025,Madura,primavera,MO,Sep 2004,1.4088333333333332,44.27972760607647,0.0032339145937425873,1.1699999999999982,17_4,15
1041,141,4,sol,17,F,1,9,11,5.73575,0.2121,5.875,340.9,28.9325,28.0725,Madura,primavera,MO,Nov 2004,0.9762978723404256,27.042668552569545,0.016825315341742447,-0.8599999999999994,17_4,17
1042,141,4,sol,17,F,1,10,13,0.43720000000000003,0.1253,2.4,143.8,33.08,31.24,Velha,verao,MO,Jan 2005,0.1821666666666667,3.489225857940942,0.0030403337969401945,-1.8399999999999999,17_4,19
1043,141,4,sol,17,F,1,11,15,0.330625,0.05135000000000001,1.375,3.74775,27.7625,26.8725,Velha,outono,MO,Mar 2005,0.24045454545454545,6.4386562804284315,0.0882195984257221,-0.8900000000000006,17_4,21
1044,142,4,sol,17,F,2,4,1,7.782,0.288125,6.925,79.185,33.0575,31.7675,Jovem,verao,MO,Jan 2004,1.1237545126353792,27.009110629067244,0.09827618867209699,-1.2899999999999991,17_4,7
1045,142,4,sol,17,F,2,5,3,15.6375,0.40145000000000003,7.75,453.2,27.4225,26.5675,Jov_Madura,outono,MO,Mar 2004,2.017741935483871,38.95254701706314,0.03450463371579876,-0.8550000000000004,17_4,9
1046,142,4,sol,17,F,2,6,5,7.44075,0.2863,2.9,120.24,19.3425,18.8725,Madura,inverno,MO,May 2004,2.565775862068966,25.989346838980094,0.06188248502994013,-0.4700000000000024,17_4,11
1047,142,4,sol,17,F,2,7,7,1.35925,0.155325,2.125,16.9225,20.7625,19.665,Madura,inverno,MO,Jul 2004,0.6396470588235295,8.751005955255112,0.08032205643374207,-1.0975000000000001,17_4,13
1048,142,4,sol,17,F,2,8,9,6.3905,0.19545,3.875,1161.55,24.8125,23.6925,Madura,primavera,MO,Sep 2004,1.6491612903225807,32.696341775390124,0.00550170031423529,-1.120000000000001,17_4,15
1049,142,4,sol,17,F,2,9,11,1.82,0.1302,4.125,13.9025,29.8725,28.2275,Madura,primavera,MO,Nov 2004,0.4412121212121212,13.978494623655914,0.13091170652760295,-1.6449999999999996,17_4,17
1050,142,4,sol,17,F,2,10,13,0.9528329999999999,0.17676699999999998,2.83333,20.1767,31.3767,30.1267,Velha,verao,MO,Jan 2005,0.3362943956404654,5.390333037275057,0.047224422229601465,-1.25,17_4,19
1051,143,4,sol,19,F,1,4,1,12.045,0.312975,7.05,754.175,33.0275,31.575,Jovem,verao,MO,Jan 2004,1.7085106382978723,38.4855020369039,0.015971094242052574,-1.4525000000000041,19_4,7
1052,143,4,sol,19,F,1,5,3,12.065,0.271825,6.025,591.7,27.7225,27.23,Jov_Madura,outono,MO,Mar 2004,2.0024896265560166,44.38517428492597,0.0203904005408146,-0.4924999999999997,19_4,9
1053,143,4,sol,19,F,1,6,5,8.1705,0.34862499999999996,4.65,248.65,22.4725,21.635,Madura,inverno,MO,May 2004,1.7570967741935484,23.436357117246327,0.03285944098129902,-0.8374999999999986,19_4,11
1054,143,4,sol,19,F,1,7,7,4.516,0.135075,2.825,40.5925,24.7925,24.63,Madura,inverno,MO,Jul 2004,1.59858407079646,33.43327780862484,0.11125207858594567,-0.16250000000000142,19_4,13
1055,143,4,sol,19,F,1,8,9,3.9345,0.13265000000000002,3.1,31.19,26.0075,24.735,Madura,primavera,MO,Sep 2004,1.2691935483870966,29.6607614021862,0.12614620070535426,-1.2725000000000009,19_4,15
1056,143,4,sol,19,F,1,9,11,0.667275,0.14912499999999998,4.275,2.05525,27.8175,26.7175,Madura,primavera,MO,Nov 2004,0.15608771929824558,4.474601844090528,0.32466853180878236,-1.0999999999999979,19_4,17
1057,143,4,sol,19,F,1,10,13,6.76925,0.03705,0.6,276.825,32.165,32.095,Velha,verao,MO,Jan 2005,11.282083333333334,182.70580296896088,0.024453174388151363,-0.07000000000000028,19_4,19
1058,143,4,sol,19,F,1,11,15,1.4571800000000001,0.234725,5.675,10.937,28.8,26.8725,Velha,outono,MO,Mar 2005,0.2567718061674009,6.208030674193206,0.1332339764103502,-1.927500000000002,19_4,21
1059,143,4,sol,19,F,1,12,17,2.57175,0.106975,2.6200200000000002,24.9775,15.4675,14.8375,Velha,inverno,MO,May 2005,0.9815764765154464,24.040663706473477,0.10296266639975979,-0.629999999999999,19_4,23
1062,146,4,sol,21,M,2,4,1,4.72525,0.20315000000000003,3.85,77.35,32.3125,31.38,Jovem,verao,MO,Jan 2004,1.2273376623376624,23.25990647304947,0.06108920491273433,-0.932500000000001,21_4,7
1063,146,4,sol,21,M,2,5,3,5.87075,0.251975,5.675,34.8175,31.5275,30.3925,Jov_Madura,outono,MO,Mar 2004,1.0344933920704846,23.298938386744716,0.16861492065771522,-1.1350000000000016,21_4,9
1064,146,4,sol,21,M,2,6,5,2.68925,0.2082,1.95,49.27,20.4625,19.845,Madura,inverno,MO,May 2004,1.379102564102564,12.916666666666666,0.05458189567688248,-0.6174999999999997,21_4,11
1065,146,4,sol,21,M,2,7,7,1.13325,0.148025,2.525,21.155,22.6975,21.545,Madura,inverno,MO,Jul 2004,0.4488118811881189,7.6558013849012,0.05356889624202316,-1.1524999999999999,21_4,13
1066,146,4,sol,21,M,2,8,9,3.1815,0.179775,4.0,33.7925,24.735,22.8075,Madura,primavera,MO,Sep 2004,0.795375,17.69712140175219,0.0941481097876748,-1.9274999999999984,21_4,15
1067,146,4,sol,21,M,2,9,11,1.7085000000000001,0.24767499999999998,5.175,28.3775,26.185,23.8575,Madura,primavera,MO,Nov 2004,0.3301449275362319,6.89815282123751,0.0602061492379526,-2.327499999999997,21_4,17
1068,146,4,sol,21,M,2,10,13,3.79575,0.141175,2.9,29.0,32.775,31.4725,Velha,verao,MO,Jan 2005,1.3088793103448275,26.886842571276784,0.13088793103448276,-1.3024999999999984,21_4,19
1069,146,4,sol,21,M,2,11,15,4.57775,0.351025,5.075,59.0625,28.905,27.645,Velha,outono,MO,Mar 2005,0.9020197044334975,13.041093939178122,0.0775068783068783,-1.2600000000000016,21_4,21
1070,147,4,sol,22,F,2,4,1,9.11675,0.28735000000000005,5.9,484.025,30.03,28.8575,Jovem,verao,MO,Jan 2004,1.5452118644067796,31.726987993735854,0.018835287433500335,-1.1724999999999994,22_4,7
1071,147,4,sol,22,F,2,5,3,5.45625,0.30615000000000003,4.3875,128.65,27.64,26.8325,Jov_Madura,outono,MO,Mar 2004,1.2435897435897434,17.82214600685938,0.04241158181111543,-0.807500000000001,22_4,9
1072,147,4,sol,22,F,2,6,5,5.39125,0.23815000000000003,3.025,120.75,16.7525,16.025,Madura,inverno,MO,May 2004,1.7822314049586778,22.638043250052487,0.044648033126294,-0.7275000000000027,22_4,11
1073,147,4,sol,22,F,2,7,7,3.582,0.46680000000000005,7.025,76.93,22.6375,21.485,Madura,inverno,MO,Jul 2004,0.5098932384341637,7.673521850899742,0.04656180943715065,-1.1524999999999999,22_4,13
1074,147,4,sol,22,F,2,8,9,2.3555,0.089325,2.2,43.98,25.1675,23.755,Madura,primavera,MO,Sep 2004,1.070681818181818,26.36999720123146,0.053558435652569354,-1.4125000000000014,22_4,15
1075,147,4,sol,22,F,2,9,11,2.03275,0.15475000000000003,5.425,38.515,32.4225,30.925,Madura,primavera,MO,Nov 2004,0.3747004608294931,13.135702746365103,0.05277813838764118,-1.4974999999999987,22_4,17
1076,147,4,sol,22,F,2,10,13,1.7695,0.04685,1.0,119.35,31.905,31.26,Velha,verao,MO,Jan 2005,1.7695,37.769477054429025,0.01482614160033515,-0.6449999999999996,22_4,19
1077,148,4,sol,22,F,3,4,1,10.1073,0.2901,6.425,500.875,29.645,28.7325,Jovem,verao,MO,Jan 2004,1.5731206225680936,34.84074457083764,0.02017928624906414,-0.9124999999999979,22_4,7
1078,148,4,sol,22,F,3,5,3,6.22525,0.30710000000000004,4.325,167.0,28.4075,27.32,Jov_Madura,outono,MO,Mar 2004,1.4393641618497108,20.271084337349397,0.03727694610778443,-1.0874999999999986,22_4,9
1079,148,4,sol,22,F,3,6,5,4.99275,0.21767499999999998,2.475,151.85,17.2075,16.8875,Madura,inverno,MO,May 2004,2.017272727272727,22.936717583553467,0.03287948633519921,-0.3200000000000003,22_4,11
1080,148,4,sol,22,F,3,7,7,2.28175,0.2436,3.15,42.65,22.4375,20.075,Madura,inverno,MO,Jul 2004,0.7243650793650794,9.366789819376027,0.05349941383352873,-2.3625000000000007,22_4,13
1081,148,4,sol,22,F,3,8,9,4.75675,0.087825,3.4,1216.47,28.465,31.24,Madura,primavera,MO,Sep 2004,1.399044117647059,54.16168516937091,0.003910289608457258,2.7749999999999986,22_4,15
1082,148,4,sol,22,F,3,9,11,7.4115,0.157125,7.85,1983.25,35.6675,37.13,Madura,primavera,MO,Nov 2004,0.9441401273885351,47.169451073985684,0.003737047775116602,1.4625000000000057,22_4,17
1083,148,4,sol,22,F,3,10,13,4.908,0.054575,0.825,408.45,31.275,31.075,Velha,verao,MO,Jan 2005,5.94909090909091,89.93128721942283,0.012016158648549395,-0.1999999999999993,22_4,19
1084,148,4,sol,22,F,3,11,15,1.3000800000000001,0.16272499999999998,1.9,23.9375,27.725,26.6325,Velha,outono,MO,Mar 2005,0.6842526315789474,7.989430019972348,0.054311436031331595,-1.0925000000000011,22_4,21
1085,148,4,sol,22,F,3,12,17,0.5447500000000001,0.09515000000000001,1.4948000000000001,6.7135,14.4975,13.5325,Velha,inverno,MO,May 2005,0.36443002408348946,5.725170782974251,0.08114247411931184,-0.9649999999999999,22_4,23
1086,149,4,sol,23,F,1,4,1,8.80025,0.25337499999999996,6.15,532.6,29.555,28.7625,Jovem,verao,MO,Jan 2004,1.4309349593495935,34.73211642821905,0.016523188133683815,-0.7925000000000004,23_4,7
1087,149,4,sol,23,F,1,5,3,7.18475,0.40573699999999996,3.45,186.4,23.755,23.2825,Jov_Madura,outono,MO,Mar 2004,2.082536231884058,17.70789945210814,0.038544796137339056,-0.47250000000000014,23_4,9
1088,150,4,sol,23,F,2,4,1,10.0153,0.3007,7.525,520.6,33.15,32.46,Jovem,verao,MO,Jan 2004,1.3309368770764118,33.3066178915863,0.01923799462159047,-0.6899999999999977,23_4,7
1089,150,4,sol,23,F,2,5,3,5.8985,0.40136299999999997,4.3125,188.875,24.6775,23.87,Jov_Madura,outono,MO,Mar 2004,1.367768115942029,14.69617279121394,0.03122964923891463,-0.8074999999999974,23_4,9
1090,150,4,sol,23,F,2,6,5,5.481,0.2248,3.5,5.71525,17.945,17.4275,Madura,inverno,MO,May 2004,1.566,24.381672597864767,0.9590131665281483,-0.5175000000000018,23_4,11
1091,150,4,sol,23,F,2,7,7,5.445,0.155975,3.375,571.075,16.05,14.6725,Madura,inverno,MO,Jul 2004,1.6133333333333335,34.90944061548325,0.009534649564417984,-1.3775000000000013,23_4,13
1092,150,4,sol,23,F,2,8,9,12.63,0.26080000000000003,6.275,710.75,26.9825,26.285,Madura,primavera,MO,Sep 2004,2.0127490039840636,48.42791411042945,0.017769961308476964,-0.6975000000000016,23_4,15
1093,150,4,sol,23,F,2,9,11,6.49125,0.21180000000000002,6.325,81.24,30.7725,29.725,Madura,primavera,MO,Nov 2004,1.0262845849802371,30.648016997167137,0.07990214180206795,-1.0474999999999994,23_4,17
1094,150,4,sol,23,F,2,10,13,2.342,0.0761333,1.9,96.3033,32.4867,31.44,Velha,verao,MO,Jan 2005,1.2326315789473685,30.761834834428562,0.024319000491156588,-1.0466999999999977,23_4,19
1095,150,4,sol,23,F,2,11,15,0.8739,0.12560000000000002,1.475,76.1125,26.2625,25.27,Velha,outono,MO,Mar 2005,0.5924745762711864,6.9578025477707,0.011481688290359665,-0.9924999999999997,23_4,21
1096,150,4,sol,23,F,2,12,17,0.3575,0.055066699999999996,0.623263,6.248,15.2033,14.433300000000001,Velha,inverno,MO,May 2005,0.5735941328139164,6.492126820746477,0.05721830985915492,-0.7699999999999996,23_4,23
1097,151,4,sol,25,M,2,4,1,9.5115,0.321625,6.1,346.8,28.3325,27.6125,Jovem,verao,MO,Jan 2004,1.5592622950819672,29.57326078507579,0.027426470588235292,-0.7199999999999989,25_4,7
1098,151,4,sol,25,M,2,5,3,11.0675,0.346675,4.1375,476.9,28.47,28.0025,Jov_Madura,outono,MO,Mar 2004,2.674924471299094,31.92471334823682,0.023207171314741037,-0.4674999999999976,25_4,9
1099,151,4,sol,25,M,2,6,5,7.27225,0.223662,4.25,194.525,19.1225,18.4625,Madura,inverno,MO,May 2004,1.7111176470588234,32.51446378911035,0.037384654928672406,-0.6600000000000001,25_4,11
1100,151,4,sol,25,M,2,7,7,9.002,0.402725,3.675,1088.2,18.7,18.945,Madura,inverno,MO,Jul 2004,2.44952380952381,22.352722080824385,0.008272376401396803,0.245000000000001,25_4,13
1101,151,4,sol,25,M,2,8,9,9.7305,0.2139,6.075,108.475,28.775,28.1225,Madura,primavera,MO,Sep 2004,1.6017283950617283,45.49088359046283,0.0897026964738419,-0.6524999999999999,25_4,15
1102,151,4,sol,25,M,2,9,11,4.2555,0.2539,1.015,832.05,33.5475,34.9775,Madura,primavera,MO,Nov 2004,4.192610837438424,16.76053564395431,0.005114476293491978,1.4299999999999997,25_4,17
1103,151,4,sol,25,M,2,10,13,4.25725,0.076775,1.975,214.932,33.92,33.7775,Velha,verao,MO,Jan 2005,2.1555696202531642,55.450993161836536,0.01980742746543093,-0.1424999999999983,25_4,19
1104,152,4,sol,30,M,2,4,1,5.3015,0.149,2.3,104.107,30.0225,29.8175,Jovem,verao,MO,Jan 2004,2.305,35.580536912751676,0.05092356902033485,-0.20500000000000185,30_4,7
1105,152,4,sol,30,M,2,5,3,8.65225,0.36605000000000004,1.9,253.55,27.7925,27.05,Jov_Madura,outono,MO,Mar 2004,4.553815789473685,23.636798251604972,0.03412443305068034,-0.7424999999999997,30_4,9
1106,152,4,sol,30,M,2,6,5,8.3505,0.16877499999999998,3.4,1514.75,22.945,25.4725,Madura,inverno,MO,May 2004,2.456029411764706,49.477114501555334,0.00551279088958574,2.5275,30_4,11
1107,152,4,sol,30,M,2,7,7,1.5325,0.07415000000000001,0.4,45.58,10.5775,10.6825,Madura,inverno,MO,Jul 2004,3.83125,20.667565745111258,0.03362220272049144,0.10499999999999865,30_4,13
1108,152,4,sol,30,M,2,8,9,3.538,0.14930000000000002,2.825,513.05,26.56,25.43,Madura,primavera,MO,Sep 2004,1.2523893805309734,23.69725385130609,0.00689601403371991,-1.129999999999999,30_4,15
1109,152,4,sol,30,M,2,9,11,1.8815,0.267025,0.835,68.6,34.8075,33.285,Madura,primavera,MO,Nov 2004,2.253293413173653,7.04615672689823,0.02742711370262391,-1.5225000000000009,30_4,17
1110,152,4,sol,30,M,2,10,13,4.366,0.19547499999999998,5.45,251.675,35.3125,34.6575,Velha,verao,MO,Jan 2005,0.8011009174311926,22.33533699961632,0.017347769941392668,-0.6550000000000011,30_4,19
1111,152,4,sol,30,M,2,11,15,2.33325,0.11477499999999999,1.775,81.1875,27.1275,26.1325,Velha,outono,MO,Mar 2005,1.3145070422535212,20.328904378131128,0.028739030023094688,-0.995000000000001,30_4,21
1112,152,4,sol,30,M,2,12,17,1.48,0.039875,0.166497,163.25,15.2925,14.6675,Velha,inverno,MO,May 2005,8.889049051934869,37.11598746081505,0.009065849923430321,-0.625,30_4,23
1113,153,4,sombra,2,M,2,4,1,1.783,0.15842499999999998,3.525,25.265,27.29,26.4825,Jovem,verao,FUS,Jan 2004,0.5058156028368794,11.254536847088529,0.07057193746289332,-0.8074999999999974,2_4,7
1114,153,4,sombra,2,M,2,5,3,2.7165,0.180425,4.575,37.0675,27.41,26.7475,Jov_Madura,outono,FUS,Mar 2004,0.5937704918032787,15.056117500346403,0.07328522290416133,-0.6625000000000014,2_4,9
1115,153,4,sombra,2,M,2,6,5,1.485,0.09745000000000001,1.375,14.235,18.985,18.2975,Jov_Madura,inverno,FUS,May 2004,1.08,15.238583889173935,0.10432033719704954,-0.6875,2_4,11
1116,153,4,sombra,2,M,2,7,7,3.548,0.22965000000000002,1.9,54.1,20.165,19.7275,Madura,inverno,FUS,Jul 2004,1.8673684210526318,15.449597213150446,0.0655822550831793,-0.4375,2_4,13
1117,153,4,sombra,2,M,2,8,9,10.3062,0.175875,3.175,352.575,21.535,21.045,Madura,primavera,FUS,Sep 2004,3.2460472440944885,58.599573560767595,0.02923122739842587,-0.48999999999999844,2_4,15
1118,153,4,sombra,2,M,2,9,11,2.2855,0.3057,4.225,34.1525,22.2475,21.1325,Madura,primavera,FUS,Nov 2004,0.5409467455621302,7.476283938501798,0.06692043042237024,-1.1149999999999984,2_4,17
1119,153,4,sombra,2,M,2,10,13,0.69815,0.093525,0.975,17.8,27.5125,27.0125,Velha,verao,FUS,Jan 2005,0.7160512820512821,7.4648489708634065,0.03922191011235955,-0.5,2_4,19
1120,153,4,sombra,2,M,2,11,15,4.023,0.093275,0.9,10.9983,23.1875,23.3225,Velha,outono,FUS,Mar 2005,4.47,43.13052800857679,0.36578380295136514,0.13500000000000156,2_4,21
1121,153,4,sombra,2,M,2,12,17,1.67675,0.33240000000000003,1.375,42.62,22.2825,21.795,Velha,inverno,FUS,May 2005,1.2194545454545453,5.044374247894103,0.039341858282496485,-0.48749999999999716,2_4,23
1122,154,4,sombra,2,M,3,4,1,1.0479,0.089375,2.5,18.6775,28.2125,27.6075,Jovem,verao,FUS,Jan 2004,0.41916000000000003,11.724755244755245,0.05610493909784501,-0.6049999999999969,2_4,7
1123,154,4,sombra,2,M,3,5,3,1.16175,0.13315000000000002,3.625,28.17,27.49,26.5025,Jov_Madura,outono,FUS,Mar 2004,0.32048275862068965,8.725122042808861,0.041240681576144834,-0.9874999999999972,2_4,9
1124,154,4,sombra,2,M,3,6,5,3.05,0.18609399999999998,1.05938,39.465,20.0575,19.5,Jov_Madura,inverno,FUS,May 2004,2.8790424587966545,16.38956656313476,0.0772836690738629,-0.557500000000001,2_4,11
1125,154,4,sombra,2,M,3,7,7,4.56575,0.11032499999999999,0.975,103.478,20.8675,20.7375,Madura,inverno,FUS,Jul 2004,4.682820512820514,41.38454566054838,0.04412290535186224,-0.129999999999999,2_4,13
1126,154,4,sombra,2,M,3,8,9,7.354,0.106125,2.225,780.9,23.2325,24.4675,Madura,primavera,FUS,Sep 2004,3.3051685393258428,69.29564193168434,0.0094173389678576,1.2349999999999994,2_4,15
1127,154,4,sombra,2,M,3,9,11,3.971,0.172075,2.2,74.51,22.3,21.2275,Madura,primavera,FUS,Nov 2004,1.805,23.077146593055353,0.05329485975036907,-1.0725000000000016,2_4,17
1128,154,4,sombra,2,M,3,10,13,1.08358,0.07392499999999999,0.975,20.6625,28.3275,27.905,Velha,verao,FUS,Jan 2005,1.1113641025641026,14.657828880622255,0.05244186327888687,-0.42249999999999943,2_4,19
1129,154,4,sombra,2,M,3,11,15,0.47795000000000004,0.0794,0.65,9.669,23.105,22.255,Velha,outono,FUS,Mar 2005,0.7353076923076923,6.019521410579346,0.049431171786120595,-0.8500000000000014,2_4,21
1130,154,4,sombra,2,M,3,12,17,0.7552749999999999,0.1318,0.8,21.465,22.8025,22.38,Velha,inverno,FUS,May 2005,0.9440937499999998,5.73046282245827,0.03518634987188446,-0.42249999999999943,2_4,23
1131,155,4,sombra,3,F,2,4,1,1.286,0.21385,4.35,20.25,28.18,26.87,Jovem,verao,FUS,Jan 2004,0.295632183908046,6.013560907177928,0.06350617283950617,-1.3099999999999987,3_4,7
1132,155,4,sombra,3,F,2,5,3,1.578,0.1966,5.075,26.8925,28.1875,27.5275,Jov_Madura,outono,FUS,Mar 2004,0.310935960591133,8.026449643947101,0.05867807009389236,-0.6600000000000001,3_4,9
1133,155,4,sombra,3,F,2,6,5,2.25225,0.18467499999999998,1.4,32.765,19.7475,19.4675,Jov_Madura,inverno,FUS,May 2004,1.6087500000000001,12.195749289292001,0.06873950862200519,-0.2799999999999976,3_4,11
1134,155,4,sombra,3,F,2,7,7,1.9995,0.167125,1.45,26.2625,20.8375,20.4475,Madura,inverno,FUS,Jul 2004,1.3789655172413795,11.964098728496635,0.07613517372679676,-0.389999999999997,3_4,13
1135,155,4,sombra,3,F,2,8,9,3.48775,0.203125,4.325,14.9975,24.365,23.38,Madura,primavera,FUS,Sep 2004,0.8064161849710982,17.170461538461538,0.23255542590431738,-0.9849999999999994,3_4,15
1136,155,4,sombra,3,F,2,9,11,1.2517,0.05075,1.325,4.171,26.3625,25.725,Madura,primavera,FUS,Nov 2004,0.9446792452830189,24.664039408866994,0.30009590026372573,-0.6374999999999993,3_4,17
1137,155,4,sombra,3,F,2,10,13,0.6980500000000001,0.07265,1.025,16.9525,28.61,28.0475,Velha,verao,FUS,Jan 2005,0.6810243902439026,9.608396421197522,0.041176817578528244,-0.5625,3_4,19
1138,155,4,sombra,3,F,2,11,15,0.7228500000000001,0.09185,0.7,11.2725,22.5425,21.6525,Velha,outono,FUS,Mar 2005,1.0326428571428574,7.869896570495374,0.06412508316699934,-0.8900000000000006,3_4,21
1139,155,4,sombra,3,F,2,12,17,0.022350000000000002,0.310375,0.525,4.022,12.215,11.6175,Velha,inverno,FUS,May 2005,0.04257142857142857,0.07200966572694321,0.005556936847339632,-0.5975000000000001,3_4,23
1140,156,4,sombra,3,F,3,4,1,2.14475,0.151146,2.3275,65.075,27.445,26.6825,Jovem,verao,FUS,Jan 2004,0.9214822771213749,14.18992232675691,0.03295812524010757,-0.7624999999999993,3_4,7
1141,156,4,sombra,3,F,3,5,3,1.52112,0.2048,4.35,30.405,28.305,27.37,Jov_Madura,outono,FUS,Mar 2004,0.3496827586206897,7.4273437499999995,0.05002861371484953,-0.9349999999999987,3_4,9
1142,156,4,sombra,3,F,3,6,5,2.4282500000000002,0.15145,1.4,37.78,20.45,19.9,Jov_Madura,inverno,FUS,May 2004,1.734464285714286,16.03334433806537,0.06427342509264161,-0.5500000000000007,3_4,11
1143,156,4,sombra,3,F,3,7,7,1.38975,0.23115000000000002,1.225,20.705,19.1825,18.81,Madura,inverno,FUS,Jul 2004,1.1344897959183673,6.012329656067489,0.06712146824438542,-0.3725000000000023,3_4,13
1144,156,4,sombra,3,F,3,8,9,5.6370000000000005,0.16097499999999998,3.125,215.75,24.0575,22.9475,Madura,primavera,FUS,Sep 2004,1.80384,35.017859916136054,0.026127462340672078,-1.1099999999999994,3_4,15
1145,156,4,sombra,3,F,3,9,11,0.9647500000000001,0.04735,1.125,6.4985,25.59,24.5275,Madura,primavera,FUS,Nov 2004,0.8575555555555556,20.374868004223867,0.14845733630837887,-1.0625,3_4,17
1146,156,4,sombra,3,F,3,10,13,1.06502,0.077475,1.0,15.2625,28.4375,27.87,Velha,verao,FUS,Jan 2005,1.06502,13.746627944498226,0.06978018018018019,-0.567499999999999,3_4,19
1147,156,4,sombra,3,F,3,11,15,0.49045000000000005,0.057,0.375,4.2315,21.9425,21.1675,Velha,outono,FUS,Mar 2005,1.3078666666666667,8.60438596491228,0.11590452558194496,-0.7749999999999986,3_4,21
1148,156,4,sombra,3,F,3,12,17,-0.056975,0.13490000000000002,1.65,3.65725,19.46,18.3925,Velha,inverno,FUS,May 2005,,,,-1.0675000000000026,3_4,23
1149,157,4,sombra,4,F,2,4,1,1.705,0.1158,3.16667,11.238,29.4667,28.8733,Jovem,verao,FUS,Jan 2004,0.5384204858731728,14.723661485319518,0.15171738743548677,-0.593399999999999,4_4,7
1150,157,4,sombra,4,F,2,5,3,1.2995,0.17445000000000002,5.3,32.5225,29.1875,28.98,Jov_Madura,outono,FUS,Mar 2004,0.24518867924528304,7.449125824018343,0.039956952878776236,-0.20749999999999957,4_4,9
1151,157,4,sombra,4,F,2,6,5,1.26025,0.085925,0.9,15.12,19.145,18.215,Jov_Madura,inverno,FUS,May 2004,1.400277777777778,14.666860634274077,0.08334986772486773,-0.9299999999999997,4_4,11
1152,157,4,sombra,4,F,2,7,7,2.0455,0.15625,1.15,32.7925,21.0625,20.2575,Madura,inverno,FUS,Jul 2004,1.7786956521739132,13.0912,0.06237706792711749,-0.8049999999999997,4_4,13
1153,157,4,sombra,4,F,2,8,9,1.4105,0.134175,2.175,10.8805,22.9575,21.6775,Madura,primavera,FUS,Sep 2004,0.6485057471264368,10.512390534749397,0.12963558659988053,-1.2800000000000011,4_4,15
1154,157,4,sombra,4,F,2,9,11,1.53675,0.0867,1.925,100.465,27.235,26.23,Madura,primavera,FUS,Nov 2004,0.7983116883116883,17.72491349480969,0.015296371870800777,-1.004999999999999,4_4,17
1155,157,4,sombra,4,F,2,10,13,0.6929000000000001,0.08795,1.05,17.375,29.2175,28.1925,Velha,verao,FUS,Jan 2005,0.659904761904762,7.878339965889711,0.039879136690647486,-1.0250000000000021,4_4,19
1156,157,4,sombra,4,F,2,11,15,0.056,0.0745,0.5,1.813,22.44,21.65,Velha,outono,FUS,Mar 2005,0.112,0.7516778523489933,0.03088803088803089,-0.7900000000000027,4_4,21
1157,158,4,sombra,4,F,3,12,17,0.247075,0.067225,0.5,8.55375,23.395,22.7275,Velha,inverno,FUS,May 2005,0.49415,3.675343994049833,0.028884991962589503,-0.6675000000000004,4_4,23
1158,159,4,sombra,6,M,3,4,1,2.22525,0.199425,2.67,64.1125,27.995,26.8675,Jovem,verao,FUS,Jan 2004,0.8334269662921349,11.158330199323053,0.0347085201793722,-1.1275000000000013,6_4,7
1159,159,4,sombra,6,M,3,5,3,0.8571000000000001,0.382,0.86,34.33,27.25,27.12,Jov_Madura,outono,FUS,Mar 2004,0.9966279069767443,2.243717277486911,0.024966501602097294,-0.129999999999999,6_4,9
1160,159,4,sombra,6,M,3,6,5,1.18495,0.11455000000000001,1.15,28.2275,20.5125,20.1375,Jov_Madura,inverno,FUS,May 2004,1.030391304347826,10.344391095591444,0.0419785670002657,-0.375,6_4,11
1161,159,4,sombra,6,M,3,7,7,3.88075,0.282975,2.2,65.135,21.35,21.0575,Madura,inverno,FUS,Jul 2004,1.7639772727272724,13.71410902023147,0.05958010286328394,-0.2925000000000004,6_4,13
1162,159,4,sombra,6,M,3,8,9,2.75975,0.189,3.05,40.8025,23.5375,22.2525,Madura,primavera,FUS,Sep 2004,0.9048360655737705,14.601851851851851,0.06763678696158323,-1.2850000000000001,6_4,15
1163,159,4,sombra,6,M,3,9,11,0.5495,0.061924999999999994,1.575,3.5965,26.705,26.0375,Madura,primavera,FUS,Nov 2004,0.3488888888888889,8.87363746467501,0.15278743222577507,-0.6674999999999969,6_4,17
1164,159,4,sombra,6,M,3,10,13,0.9041,0.0548,1.05,12.145,29.9625,29.39,Velha,verao,FUS,Jan 2005,0.8610476190476191,16.498175182481752,0.07444215726636476,-0.572499999999998,6_4,19
1165,159,4,sombra,6,M,3,11,15,0.245525,0.07997499999999999,0.975,3.748,26.24,25.6325,Velha,outono,FUS,Mar 2005,0.2518205128205128,3.0700218818380747,0.06550827107790821,-0.6074999999999982,6_4,21
1166,159,4,sombra,6,M,3,12,17,1.1708,0.232425,1.225,23.9775,21.87,21.455,Velha,inverno,FUS,May 2005,0.9557551020408163,5.037323867914381,0.04882911062454385,-0.4150000000000027,6_4,23
1167,160,4,sombra,9,M,1,4,1,1.067,0.1068,2.267,25.98,28.67,27.673,Jovem,verao,FUS,Jan 2004,0.470666078517865,9.990636704119849,0.041070053887605845,-0.9970000000000034,9_4,7
1168,160,4,sombra,9,M,1,5,3,0.3753,0.25132499999999997,5.325,8.64325,27.5025,27.0575,Jov_Madura,outono,FUS,Mar 2004,0.07047887323943662,1.493285586392122,0.04342116680646747,-0.4450000000000003,9_4,9
1169,160,4,sombra,9,M,1,6,5,1.965,0.09472499999999999,1.15,46.6975,20.845,20.29,Jov_Madura,inverno,FUS,May 2004,1.7086956521739132,20.74425969912906,0.042079340435783506,-0.5549999999999997,9_4,11
1170,160,4,sombra,9,M,1,7,7,0.545875,0.18387499999999998,1.525,10.552200000000001,16.295,15.1875,Madura,inverno,FUS,Jul 2004,0.35795081967213116,2.9687287559483346,0.05173091867098804,-1.1075000000000017,9_4,13
1171,160,4,sombra,9,M,1,8,9,0.57215,0.128,2.0,15.14,23.125,22.1225,Madura,primavera,FUS,Sep 2004,0.286075,4.469921875000001,0.03779062087186262,-1.0025000000000013,9_4,15
1172,160,4,sombra,9,M,1,9,11,2.07725,0.210025,2.9,55.3125,25.7825,24.57,Madura,primavera,FUS,Nov 2004,0.7162931034482758,9.89048922747292,0.037554802259887,-1.2124999999999986,9_4,17
1173,160,4,sombra,9,M,1,10,13,0.516733,0.0640333,1.1,16.35,30.11,29.4367,Velha,verao,FUS,Jan 2005,0.4697572727272727,8.069754330949678,0.03160446483180428,-0.6733000000000011,9_4,19
1174,160,4,sombra,9,M,1,11,15,0.5533,0.0582,0.775,12.7225,26.05,25.1525,Velha,outono,FUS,Mar 2005,0.7139354838709677,9.506872852233677,0.04348988013362154,-0.8975000000000009,9_4,21
1175,160,4,sombra,9,M,1,12,17,0.40625,0.087175,0.25,7.10325,13.015,12.69,Velha,inverno,FUS,May 2005,1.625,4.660166332090622,0.05719213036286207,-0.32500000000000107,9_4,23
1176,161,4,sombra,10,F,1,4,1,1.088,0.1253,2.6,53.2,26.78,25.98,Jovem,verao,FUS,Jan 2004,0.4184615384615385,8.683160415003991,0.020451127819548873,-0.8000000000000007,10_4,7
1177,161,4,sombra,10,F,1,5,3,0.9525500000000001,0.2066,3.15,20.945,27.4625,26.9475,Jov_Madura,outono,FUS,Mar 2004,0.30239682539682544,4.610600193610843,0.04547863451897828,-0.514999999999997,10_4,9
1178,161,4,sombra,10,F,1,6,5,2.9115,0.130875,1.45,25.3875,21.165,19.92,Jov_Madura,inverno,FUS,May 2004,2.007931034482759,22.246418338108885,0.1146824224519941,-1.2449999999999974,10_4,11
1179,161,4,sombra,10,F,1,7,7,1.047,0.1612,1.5,7.86,16.14,15.08,Madura,inverno,FUS,Jul 2004,0.698,6.495037220843671,0.133206106870229,-1.0600000000000005,10_4,13
1180,161,4,sombra,10,F,1,8,9,0.58335,0.075975,2.075,27.385,27.98,27.535,Madura,primavera,FUS,Sep 2004,0.2811325301204819,7.678183613030603,0.0213018075588826,-0.4450000000000003,10_4,15
1181,161,4,sombra,10,F,1,9,11,4.0385,0.194275,2.5,105.313,26.0275,24.9525,Madura,primavera,FUS,Nov 2004,1.6154,20.7875434307039,0.0383475924149915,-1.0749999999999993,10_4,17
1182,161,4,sombra,10,F,1,10,13,1.01698,0.062424999999999994,0.475,15.2525,25.7875,25.0725,Velha,verao,FUS,Jan 2005,2.1410105263157897,16.291229475370447,0.06667628257662678,-0.7149999999999999,10_4,19
1183,161,4,sombra,10,F,1,11,15,0.7137249999999999,0.069375,0.725,13.0975,26.5275,25.24,Velha,outono,FUS,Mar 2005,0.984448275862069,10.287927927927926,0.054493223897690395,-1.2875000000000014,10_4,21
1184,161,4,sombra,10,F,1,12,17,0.2429,0.11537499999999999,0.35,4.53575,13.4275,13.0925,Velha,inverno,FUS,May 2005,0.6940000000000001,2.105308775731311,0.05355233423358871,-0.33500000000000085,10_4,23
1185,162,4,sombra,11,M,2,4,1,0.9517500000000001,0.178275,2.6375,22.06,29.0625,28.39,Jovem,verao,FUS,Jan 2004,0.3608530805687204,5.3386621792175015,0.04314369900271986,-0.6724999999999994,11_4,7
1186,162,4,sombra,11,M,2,5,3,0.45,0.165762,1.95,9.76325,28.4375,27.33,Jov_Madura,outono,FUS,Mar 2004,0.23076923076923078,2.7147355847540453,0.04609120938212174,-1.1075000000000017,11_4,9
1187,162,4,sombra,11,M,2,6,5,0.82445,0.0974,3.8,76.29,18.015,17.82,Jov_Madura,inverno,FUS,May 2004,0.2169605263157895,8.464579055441478,0.010806789880718311,-0.19500000000000028,11_4,11
1188,162,4,sombra,11,M,2,7,7,0.711367,0.0413,0.2,13.22,5.66633,5.7620000000000005,Madura,inverno,FUS,Jul 2004,3.5568349999999995,17.224382566585955,0.05380990922844175,0.09567000000000014,11_4,13
1189,162,4,sombra,11,M,2,8,9,0.679775,0.07517499999999999,1.9,11.875,27.165,26.17,Madura,primavera,FUS,Sep 2004,0.3577763157894737,9.042567342866645,0.05724421052631579,-0.9949999999999974,11_4,15
1190,162,4,sombra,11,M,2,9,11,4.65825,0.25720000000000004,5.15,155.025,27.585,27.0025,Madura,primavera,FUS,Nov 2004,0.904514563106796,18.11139191290824,0.03004837929366231,-0.5824999999999996,11_4,17
1191,162,4,sombra,11,M,2,10,13,4.114,0.29165,2.5,519.825,24.74,24.245,Velha,verao,FUS,Jan 2005,1.6456,14.105948911366362,0.007914201894868465,-0.49499999999999744,11_4,19
1192,162,4,sombra,11,M,2,11,15,0.4995,0.09192499999999999,1.3,31.095,26.0125,25.1675,Velha,outono,FUS,Mar 2005,0.3842307692307692,5.433777536034811,0.016063675832127353,-0.8449999999999989,11_4,21
1193,162,4,sombra,11,M,2,12,17,0.463675,0.0809,0.35,6.408,13.6075,13.3275,Velha,inverno,FUS,May 2005,1.3247857142857145,5.731458590852905,0.07235877028714106,-0.27999999999999936,11_4,23
1194,163,4,sombra,11,M,3,4,1,0.5294500000000001,0.2099,3.725,9.3685,25.3925,25.0325,Jovem,verao,FUS,Jan 2004,0.1421342281879195,2.5223916150547883,0.056513849602391,-0.35999999999999943,11_4,7
1195,163,4,sombra,11,M,3,5,3,0.3423,0.142587,2.4625,10.216,27.6175,27.525,Jov_Madura,outono,FUS,Mar 2004,0.13900507614213198,2.4006396095015674,0.03350626468285043,-0.09250000000000114,11_4,9
1196,163,4,sombra,11,M,3,6,5,0.33947499999999997,0.061724999999999995,0.725,3.74775,18.4475,18.1975,Jov_Madura,inverno,FUS,May 2004,0.4682413793103448,5.499797488861887,0.09058101527583216,-0.25,11_4,11
1197,163,4,sombra,11,M,3,7,7,0.6201500000000001,0.039625,0.15,10.8825,5.7855,5.88125,Madura,inverno,FUS,Jul 2004,4.134333333333334,15.650473186119877,0.05698598667585574,0.09574999999999978,11_4,13
1198,163,4,sombra,11,M,3,8,9,0.104825,0.105725,2.35,10.6625,27.2325,26.14,Madura,primavera,FUS,Sep 2004,0.0446063829787234,0.991487349255143,0.009831184056271982,-1.0925000000000011,11_4,15
1199,163,4,sombra,11,M,3,9,11,2.0425,0.343175,5.05,31.735,27.3,25.7025,Madura,primavera,FUS,Nov 2004,0.4044554455445545,5.951773876302178,0.06436111548763196,-1.5975000000000001,11_4,17
1200,163,4,sombra,11,M,3,10,13,1.41225,0.13695000000000002,0.975,30.8275,25.115,24.12,Velha,verao,FUS,Jan 2005,1.4484615384615385,10.312157721796275,0.04581136971859541,-0.9949999999999974,11_4,19
1201,163,4,sombra,11,M,3,11,15,0.70965,0.029300000000000003,0.375,37.125,26.5225,25.7575,Velha,outono,FUS,Mar 2005,1.8924,24.22013651877133,0.019115151515151516,-0.7650000000000006,11_4,21
1202,163,4,sombra,11,M,3,12,17,0.723125,0.06165,0.3,11.3982,13.53,13.2975,Velha,inverno,FUS,May 2005,2.410416666666667,11.729521492295214,0.06344203470723449,-0.23249999999999993,11_4,23
1203,164,4,sombra,12,M,1,4,1,1.46025,0.1425,2.21,148.25,28.8675,27.8075,Jovem,verao,FUS,Jan 2004,0.6607466063348416,10.247368421052633,0.00984991568296796,-1.0599999999999987,12_4,7
1204,164,4,sombra,12,M,1,5,3,0.38180000000000003,0.26235,4.55,16.8325,28.86,28.8,Jov_Madura,outono,FUS,Mar 2004,0.08391208791208792,1.4553077949304365,0.022682311005495323,-0.05999999999999872,12_4,9
1205,164,4,sombra,12,M,1,6,5,2.44775,0.14055,1.175,144.137,18.5275,18.0125,Jov_Madura,inverno,FUS,May 2004,2.083191489361702,17.415510494485947,0.01698210730069309,-0.5150000000000006,12_4,11
1206,164,4,sombra,12,M,1,7,7,2.55,0.104975,0.425,89.6925,9.15125,9.2475,Madura,inverno,FUS,Jul 2004,6.0,24.291497975708502,0.028430470775148424,0.09625000000000128,12_4,13
1207,164,4,sombra,12,M,1,8,9,3.07925,0.099925,2.4,25.2975,27.5325,27.0325,Madura,primavera,FUS,Sep 2004,1.2830208333333335,30.815611708781585,0.12172151398359522,-0.5,12_4,15
1208,164,4,sombra,12,M,1,9,11,4.20625,0.32020000000000004,4.85,96.485,27.36,26.3875,Madura,primavera,FUS,Nov 2004,0.8672680412371134,13.136321049344158,0.04359485930455511,-0.9725000000000001,12_4,17
1209,164,4,sombra,12,M,1,10,13,0.28607499999999997,0.10325000000000001,0.975,28.1075,25.1775,24.8575,Velha,verao,FUS,Jan 2005,0.29341025641025636,2.7707021791767548,0.010177888463933112,-0.31999999999999673,12_4,19
1210,164,4,sombra,12,M,1,11,15,0.83,0.0329,0.475,38.1025,26.625,25.8275,Velha,outono,FUS,Mar 2005,1.7473684210526317,25.227963525835865,0.0217833475493734,-0.7974999999999994,12_4,21
1211,164,4,sombra,12,M,1,12,17,1.03995,0.081425,0.4,22.94,14.525,14.28,Velha,inverno,FUS,May 2005,2.5998749999999995,12.771875959471906,0.045333478639930244,-0.245000000000001,12_4,23
1212,165,4,sombra,12,M,2,4,1,1.5105,0.138,2.825,54.25,29.5125,28.6675,Jovem,verao,FUS,Jan 2004,0.5346902654867256,10.945652173913043,0.02784331797235023,-0.8449999999999989,12_4,7
1213,165,4,sombra,12,M,2,5,3,0.6401,0.22306299999999998,3.7375,24.6325,29.4425,28.7375,Jov_Madura,outono,FUS,Mar 2004,0.17126421404682274,2.8695928952807055,0.02598599411346798,-0.7049999999999983,12_4,9
1214,165,4,sombra,12,M,2,6,5,1.0353,0.14300000000000002,1.325,17.5975,18.9675,18.6575,Jov_Madura,inverno,FUS,May 2004,0.7813584905660379,7.23986013986014,0.05883222048586448,-0.3100000000000023,12_4,11
1215,165,4,sombra,12,M,2,7,7,1.787,0.06670000000000001,0.425,47.205,9.51475,9.61175,Madura,inverno,FUS,Jul 2004,4.2047058823529415,26.791604197901044,0.03785615930515835,0.09700000000000131,12_4,13
1216,165,4,sombra,12,M,2,8,9,1.188,0.14795000000000003,2.875,21.76,27.11,25.8925,Madura,primavera,FUS,Sep 2004,0.4132173913043478,8.02973977695167,0.05459558823529411,-1.2175000000000011,12_4,15
1217,165,4,sombra,12,M,2,9,11,1.90975,0.24550000000000002,4.3,70.245,28.1225,27.0175,Madura,primavera,FUS,Nov 2004,0.4441279069767442,7.779022403258655,0.02718698839775073,-1.1050000000000004,12_4,17
1218,165,4,sombra,12,M,2,10,13,4.7627500000000005,0.142975,1.5,119.125,26.5675,26.065,Velha,verao,FUS,Jan 2005,3.175166666666667,33.31176779157196,0.03998111227701994,-0.5024999999999977,12_4,19
1219,165,4,sombra,12,M,2,11,15,2.888,0.09245,1.225,79.745,27.1375,26.36,Velha,outono,FUS,Mar 2005,2.357551020408163,31.238507301243914,0.03621543670449558,-0.7774999999999999,12_4,21
1220,165,4,sombra,12,M,2,12,17,2.0035,0.06415,0.375,48.445,15.1875,14.8675,Velha,inverno,FUS,May 2005,5.342666666666666,31.231488698363208,0.041356177108060686,-0.3200000000000003,12_4,23
1221,166,4,sombra,12,M,3,4,1,1.3155000000000001,0.146525,2.955,58.625,28.5125,27.4225,Jovem,verao,FUS,Jan 2004,0.4451776649746193,8.977990104077804,0.022439232409381664,-1.0899999999999999,12_4,7
1222,166,4,sombra,12,M,3,5,3,0.8774500000000001,0.251938,3.8875,19.5475,29.6,28.8475,Jov_Madura,outono,FUS,Mar 2004,0.22571061093247588,3.4828013241353033,0.04488809310653537,-0.7525000000000013,12_4,9
1223,166,4,sombra,12,M,3,6,5,1.16174,0.11066899999999999,1.75625,29.74,19.075,18.655,Jov_Madura,inverno,FUS,May 2004,0.6614889679715302,10.497429271069587,0.03906321452589106,-0.41999999999999815,12_4,11
1224,166,4,sombra,12,M,3,7,7,2.62425,0.0937,0.925,66.1675,9.38,9.4765,Madura,inverno,FUS,Jul 2004,2.837027027027027,28.00693703308431,0.03966070956285185,0.09649999999999892,12_4,13
1225,166,4,sombra,12,M,3,8,9,1.2235,0.20420000000000002,3.75,25.495,27.3225,25.98,Madura,primavera,FUS,Sep 2004,0.32626666666666665,5.991674828599412,0.04798980192194548,-1.3425000000000011,12_4,15
1226,166,4,sombra,12,M,3,9,11,3.544,0.3256,5.0,91.0625,27.9225,26.69,Madura,primavera,FUS,Nov 2004,0.7088,10.884520884520885,0.03891832532601235,-1.2324999999999982,12_4,17
1227,166,4,sombra,12,M,3,10,13,0.86265,0.1199,1.025,10.276,26.19,25.15,Velha,verao,FUS,Jan 2005,0.8416097560975611,7.194745621351125,0.08394803425457377,-1.0400000000000027,12_4,19
1228,166,4,sombra,12,M,3,11,15,0.38193299999999997,0.09706669999999999,1.16667,5.26133,25.84,25.1767,Velha,outono,FUS,Mar 2005,0.3273702075136928,3.93474796196842,0.07259248136877937,-0.6632999999999996,12_4,21
1229,166,4,sombra,12,M,3,12,17,0.22852499999999998,0.042800000000000005,0.275,15.475,14.66,14.2,Velha,inverno,FUS,May 2005,0.8309999999999998,5.339369158878504,0.014767366720516963,-0.46000000000000085,12_4,23
1230,167,4,sombra,13,M,2,4,1,0.9112,0.1569,2.8125,17.98,29.97,29.2,Jovem,verao,FUS,Jan 2004,0.3239822222222222,5.807520713830465,0.05067853170189099,-0.7699999999999996,13_4,7
1231,167,4,sombra,13,M,2,5,3,0.9025749999999999,0.2521,4.8125,20.095,30.3675,29.9625,Jov_Madura,outono,FUS,Mar 2004,0.18754805194805194,3.580226100753669,0.04491540184125404,-0.40500000000000114,13_4,9
1232,167,4,sombra,13,M,2,6,5,0.80915,0.1144,1.225,7.4055,20.1425,19.0175,Jov_Madura,inverno,FUS,May 2004,0.660530612244898,7.072989510489511,0.10926338532172035,-1.125,13_4,11
1233,167,4,sombra,13,M,2,7,7,1.17928,0.039674999999999995,0.3,33.26,9.1095,9.2065,Madura,inverno,FUS,Jul 2004,3.930933333333334,29.72350346565848,0.035456404088995794,0.09699999999999953,13_4,13
1234,167,4,sombra,13,M,2,8,9,8.453,0.159875,2.8,298.75,26.3475,26.8225,Madura,primavera,FUS,Sep 2004,3.0189285714285714,52.87255668491009,0.028294560669456063,0.4750000000000014,13_4,15
1235,167,4,sombra,13,M,2,9,11,3.6805,0.194375,3.2,35.24,28.145,27.1875,Madura,primavera,FUS,Nov 2004,1.15015625,18.935048231511253,0.10444097616345062,-0.9574999999999996,13_4,17
1236,167,4,sombra,13,M,2,10,13,0.7771,0.155275,1.4,20.035,24.1875,23.8025,Velha,verao,FUS,Jan 2005,0.5550714285714287,5.004669135404927,0.03878712253556277,-0.38500000000000156,13_4,19
1237,167,4,sombra,13,M,2,11,15,0.8098000000000001,0.0767,1.4,24.305,28.455,27.76,Velha,outono,FUS,Mar 2005,0.5784285714285715,10.558018252933508,0.03331824727422342,-0.6949999999999967,13_4,21
1238,167,4,sombra,13,M,2,12,17,0.9103500000000001,0.06345,0.325,17.016,9.635,9.46925,Velha,inverno,FUS,May 2005,2.8010769230769235,14.347517730496454,0.05349964739069112,-0.16574999999999918,13_4,23
1239,168,4,sombra,14,M,3,10,13,0.80815,0.08410000000000001,0.75,16.1975,24.795,24.205,Velha,verao,FUS,Jan 2005,1.0775333333333335,9.609393579072533,0.04989350208365488,-0.5900000000000034,14_4,19
1240,168,4,sombra,14,M,3,11,15,0.07995000000000001,0.047450000000000006,0.85,8.579,29.075,28.205,Velha,outono,FUS,Mar 2005,0.09405882352941178,1.684931506849315,0.009319267979951043,-0.870000000000001,14_4,21
1241,168,4,sombra,14,M,3,12,17,0.37587499999999996,0.06115,0.3,29.6175,11.6425,11.315,Velha,inverno,FUS,May 2005,1.2529166666666667,6.146770237121831,0.012690976618553219,-0.32750000000000057,14_4,23
1242,169,4,sombra,15,M,2,10,13,1.19578,0.04675000000000001,0.475,27.4725,25.955,25.375,Velha,verao,FUS,Jan 2005,2.5174315789473685,25.578181818181815,0.04352643552643553,-0.5799999999999983,15_4,19
1243,169,4,sombra,15,M,2,11,15,0.3397,0.029733299999999997,0.6333329999999999,10.933300000000001,28.8633,28.17,Velha,outono,FUS,Mar 2005,0.5363687033519492,11.424900700561325,0.031070216677489867,-0.6932999999999971,15_4,21
1244,169,4,sombra,15,M,2,12,17,0.36865000000000003,0.061450000000000005,0.375,5.0795,12.655,12.465,Velha,inverno,FUS,May 2005,0.9830666666666668,5.999186330349878,0.07257604094891229,-0.1899999999999995,15_4,23
1245,170,4,sombra,15,M,3,4,1,1.345,0.24995000000000003,4.6,19.1875,30.605,30.27,Jovem,verao,FUS,Jan 2004,0.2923913043478261,5.381076215243048,0.07009771986970684,-0.33500000000000085,15_4,7
1246,170,4,sombra,15,M,3,5,3,1.0314,0.2958,6.35,27.85,31.065,30.605,Jov_Madura,outono,FUS,Mar 2004,0.16242519685039372,3.4868154158215012,0.03703411131059246,-0.46000000000000085,15_4,9
1247,170,4,sombra,15,M,3,6,5,0.845325,0.147233,1.8,3.5985,17.9475,17.44,Jov_Madura,inverno,FUS,May 2004,0.46962499999999996,5.741409874145062,0.23491037932471862,-0.5075000000000003,15_4,11
1248,170,4,sombra,15,M,3,7,7,0.7965500000000001,0.04945,0.325,17.95,9.8875,9.986,Madura,inverno,FUS,Jul 2004,2.450923076923077,16.108190091001013,0.044376044568245135,0.09850000000000136,15_4,13
1249,170,4,sombra,15,M,3,8,9,1.307,0.10035000000000001,2.35,18.7075,26.6,26.265,Madura,primavera,FUS,Sep 2004,0.5561702127659574,13.024414549078225,0.06986502739542964,-0.33500000000000085,15_4,15
1250,170,4,sombra,15,M,3,9,11,1.656,0.173925,3.0,27.1275,29.1475,28.02,Madura,primavera,FUS,Nov 2004,0.5519999999999999,9.521345407503233,0.06104506497097041,-1.1275000000000013,15_4,17
1251,171,5,sol,16,F,1,5,1,4.67375,0.17427499999999999,3.775,690.825,33.03,32.6275,Jovem,outono,MO,Mar 2004,1.2380794701986755,26.818247023382586,0.006765461585785112,-0.4025000000000034,16_5,9
1252,171,5,sol,16,F,1,6,3,4.8025,0.226425,3.125,212.2,18.1825,17.9375,Jov_Madura,inverno,MO,May 2004,1.5368000000000002,21.210113724191235,0.022631950989632426,-0.245000000000001,16_5,11
1253,171,5,sol,16,F,1,7,5,7.42175,0.13445000000000001,2.95,1668.5,21.5175,22.685,Madura,inverno,MO,Jul 2004,2.515847457627119,55.20081814801041,0.004448157027270003,1.1675000000000004,16_5,13
1254,171,5,sol,16,F,1,8,7,8.899,0.13555,3.0,1198.05,20.59,23.515,Madura,primavera,MO,Sep 2004,2.966333333333333,65.65105127259314,0.0074279036768081464,2.9250000000000007,16_5,15
1255,171,5,sol,16,F,1,9,9,7.365,0.12315000000000001,3.575,595.95,24.975,25.6025,Madura,primavera,MO,Nov 2004,2.06013986013986,59.80511571254567,0.012358419330480744,0.6274999999999977,16_5,17
1256,172,5,sol,16,F,2,5,1,3.603,0.196094,3.55625,502.85,33.35,32.32,Jovem,outono,MO,Mar 2004,1.013145869947276,18.37384111701531,0.007165158596002784,-1.0300000000000011,16_5,9
1257,172,5,sol,16,F,2,6,3,7.2455,0.22935000000000003,2.475,175.075,18.975,18.3425,Jov_Madura,inverno,MO,May 2004,2.927474747474747,31.591454109439717,0.04138512066257318,-0.6325000000000003,16_5,11
1258,172,5,sol,16,F,2,7,5,6.6985,0.29560000000000003,4.45,1319.75,21.1675,22.5225,Madura,inverno,MO,Jul 2004,1.5052808988764044,22.660690121786196,0.005075582496684978,1.3550000000000004,16_5,13
1259,172,5,sol,16,F,2,8,7,9.84,0.1333,3.55,1583.5,24.0225,26.3575,Madura,primavera,MO,Sep 2004,2.7718309859154933,73.81845461365342,0.0062140827281338806,2.335000000000001,16_5,15
1260,172,5,sol,16,F,2,9,9,5.9055,0.094175,3.25,142.095,26.505,27.8975,Madura,primavera,MO,Nov 2004,1.817076923076923,62.70772498009026,0.04156022379394067,1.3925000000000018,16_5,17
1261,173,5,sol,16,F,3,5,1,5.41275,0.15806299999999998,2.13438,276.4,30.6375,30.5475,Jovem,outono,MO,Mar 2004,2.5359823461614144,34.24425703675117,0.019583031837916064,-0.08999999999999986,16_5,9
1262,173,5,sol,16,F,3,6,3,7.638,0.33097499999999996,3.85,289.85,18.995,17.5275,Jov_Madura,inverno,MO,May 2004,1.9838961038961038,23.0772716972581,0.026351561152320162,-1.4675000000000011,16_5,11
1263,173,5,sol,16,F,3,7,5,9.95325,0.1303,3.175,1207.0,23.47,24.895,Madura,inverno,MO,Jul 2004,3.13488188976378,76.38718342287031,0.008246271748135874,1.4250000000000007,16_5,13
1264,173,5,sol,16,F,3,8,7,14.845,0.19655,4.35,625.693,24.345,24.265,Madura,primavera,MO,Sep 2004,3.41264367816092,75.52785550750446,0.023725692951655206,-0.0799999999999983,16_5,15
1265,175,5,sol,17,F,1,5,1,3.7825,0.16915000000000002,4.775,955.425,26.1475,27.52,Jovem,outono,MO,Mar 2004,0.7921465968586388,22.361809045226128,0.003958971138498574,1.3724999999999987,17_5,9
1266,175,5,sol,17,F,2,5,1,13.25,0.28485000000000005,5.875,473.875,27.39,26.8125,Jovem,outono,MO,Mar 2004,2.25531914893617,46.51571002281902,0.02796096016882089,-0.5775000000000006,17_5,9
1267,175,5,sol,17,F,2,6,3,10.039,0.300575,3.075,64.08,19.3575,19.1,Jov_Madura,inverno,MO,May 2004,3.264715447154471,33.39931797388339,0.15666354556803994,-0.2575000000000003,17_5,11
1268,175,5,sol,17,F,2,7,5,2.46,0.202975,2.875,49.1175,21.005,19.8825,Madura,inverno,MO,Jul 2004,0.8556521739130435,12.119719177238578,0.05008398228737212,-1.1224999999999987,17_5,13
1269,175,5,sol,17,F,2,8,7,8.0165,0.249,4.825,353.825,25.0075,23.3125,Madura,primavera,MO,Sep 2004,1.6614507772020726,32.19477911646587,0.02265668056242493,-1.6950000000000003,17_5,15
1270,175,5,sol,17,F,2,9,9,7.468,0.12890000000000001,5.25,799.6,30.5325,31.93,Madura,primavera,MO,Nov 2004,1.4224761904761904,57.936384794414266,0.009339669834917458,1.3975000000000009,17_5,17
1271,176,5,sol,17,F,3,5,1,10.415,0.261875,6.45,397.725,28.1775,27.645,Jovem,outono,MO,Mar 2004,1.6147286821705424,39.77088305489259,0.026186435351059145,-0.5324999999999989,17_5,9
1272,177,5,sol,18,F,1,5,1,9.459,0.26997499999999997,6.8,269.275,29.255,28.5125,Jovem,outono,MO,Mar 2004,1.391029411764706,35.03657746087601,0.03512765759910872,-0.7424999999999997,18_5,9
1273,177,5,sol,18,F,1,6,3,9.42825,0.429625,5.5,328.2,21.7925,21.8725,Jov_Madura,inverno,MO,May 2004,1.7142272727272727,21.945301134710505,0.028727148080438757,0.0799999999999983,18_5,11
1274,177,5,sol,18,F,1,7,5,16.22,0.344975,6.3,1185.78,24.66,25.2625,Madura,inverno,MO,Jul 2004,2.5746031746031743,47.01789984781506,0.013678759972338882,0.6024999999999991,18_5,13
1275,177,5,sol,18,F,1,8,7,3.478,0.18942499999999998,3.975,62.6275,23.8825,22.8375,Madura,primavera,MO,Sep 2004,0.8749685534591195,18.360828824072854,0.05553470919324578,-1.0450000000000017,18_5,15
1276,177,5,sol,18,F,1,9,9,7.783,0.237225,7.025,43.7025,27.8775,28.155,Madura,primavera,MO,Nov 2004,1.107900355871886,32.80851512277374,0.17809049825524856,0.27749999999999986,18_5,17
1277,178,5,sol,18,F,2,5,1,7.63275,0.35810000000000003,6.85,463.475,28.68,27.185,Jovem,outono,MO,Mar 2004,1.1142700729927006,21.314576933817367,0.016468525810453636,-1.495000000000001,18_5,9
1278,178,5,sol,18,F,2,6,3,7.20575,0.2592,5.35,90.0475,22.245,21.515,Jov_Madura,inverno,MO,May 2004,1.346869158878505,27.79996141975309,0.08002165523751353,-0.7300000000000004,18_5,11
1279,178,5,sol,18,F,2,7,5,4.0,0.178,2.9,24.615,22.5725,21.42,Madura,inverno,MO,Jul 2004,1.3793103448275863,22.471910112359552,0.1625025391021735,-1.1524999999999999,18_5,13
1280,178,5,sol,18,F,2,8,7,5.93125,0.15895,3.125,171.325,23.245,22.46,Madura,primavera,MO,Sep 2004,1.8980000000000001,37.31519345706197,0.03461987450751496,-0.7850000000000001,18_5,15
1281,178,5,sol,18,F,2,9,9,0.725175,0.05555,1.75,11.063,27.86,26.8375,Madura,primavera,MO,Nov 2004,0.4143857142857143,13.054455445544555,0.06554957968001446,-1.0225000000000009,18_5,17
1282,179,5,sol,18,F,3,5,1,9.71125,0.33125,6.625,374.85,27.92,27.33,Jovem,outono,MO,Mar 2004,1.4658490566037736,29.316981132075473,0.02590702947845805,-0.5900000000000034,18_5,9
1283,179,5,sol,18,F,3,6,3,12.65,0.291,4.1,464.575,22.8025,22.7625,Jov_Madura,inverno,MO,May 2004,3.085365853658537,43.470790378006875,0.027229187967497175,-0.03999999999999915,18_5,11
1284,179,5,sol,18,F,3,7,5,2.6517500000000003,0.127625,2.575,11.3033,24.18,24.03,Madura,inverno,MO,Jul 2004,1.0298058252427185,20.77766895200784,0.2345996301964913,-0.14999999999999858,18_5,13
1285,179,5,sol,18,F,3,8,7,5.77275,0.16802499999999998,3.65,1415.0,25.0675,24.21,Madura,primavera,MO,Sep 2004,1.5815753424657535,34.35649456926053,0.004079681978798586,-0.8574999999999982,18_5,15
1286,179,5,sol,18,F,3,9,9,2.90325,0.19647499999999998,5.15,27.4125,28.7,27.0375,Madura,primavera,MO,Nov 2004,0.5637378640776698,14.776689146201807,0.10590971272229821,-1.6624999999999979,18_5,17
1287,180,5,sol,19,F,3,5,1,7.366,0.2706,7.775,482.55,29.68,29.605,Jovem,outono,MO,Mar 2004,0.9473954983922829,27.220990391722097,0.01526473940524298,-0.07499999999999929,19_5,9
1288,180,5,sol,19,F,3,6,3,10.2067,0.31805,4.1,343.675,21.8275,21.3475,Jov_Madura,inverno,MO,May 2004,2.489439024390244,32.091495047948435,0.02969869789772314,-0.4800000000000004,19_5,11
1289,180,5,sol,19,F,3,7,5,4.8535,0.185525,3.65,87.1775,25.335,24.16,Madura,inverno,MO,Jul 2004,1.3297260273972604,26.160894758118854,0.05567376903444123,-1.1750000000000007,19_5,13
1290,180,5,sol,19,F,3,8,7,6.99525,0.14152499999999998,3.4,240.458,24.8375,24.275,Madura,primavera,MO,Sep 2004,2.0574264705882355,49.42766295707473,0.029091358989927558,-0.5625,19_5,15
1291,180,5,sol,19,F,3,9,9,3.12675,0.16097499999999998,4.825,42.6575,29.8875,28.3075,Madura,primavera,MO,Nov 2004,0.6480310880829016,19.4238235750893,0.07329895094649241,-1.5799999999999983,19_5,17
1292,180,5,sol,19,F,3,10,11,4.56375,0.056225,0.8,774.825,31.6225,30.9075,Madura,verao,MO,Jan 2005,5.7046874999999995,81.16940862605603,0.005890039686380795,-0.7149999999999999,19_5,19
1293,181,5,sol,20,F,1,5,1,13.0025,0.321775,7.875,947.0,29.2125,28.7925,Jovem,outono,MO,Mar 2004,1.651111111111111,40.408670654960765,0.013730200633579725,-0.41999999999999815,20_5,9
1294,181,5,sol,20,F,1,6,3,10.0407,0.275,3.775,293.675,21.265,20.5025,Jov_Madura,inverno,MO,May 2004,2.6597880794701987,36.511636363636356,0.03418983570273261,-0.7624999999999993,20_5,11
1295,181,5,sol,20,F,1,7,5,7.09125,0.276875,4.95,657.57,25.1425,24.3275,Madura,inverno,MO,Jul 2004,1.4325757575757574,25.611738148984198,0.010784022993749713,-0.8149999999999977,20_5,13
1296,181,5,sol,20,F,1,8,7,8.998,0.251675,4.775,988.25,23.73,22.89,Madura,primavera,MO,Sep 2004,1.884397905759162,35.75245852786332,0.009104983556792309,-0.8399999999999999,20_5,15
1297,181,5,sol,20,F,1,9,9,9.2305,0.288975,4.47,126.175,33.8125,31.505,Madura,primavera,MO,Nov 2004,2.0649888143176733,31.942209533696687,0.07315633049336238,-2.307500000000001,20_5,17
1298,181,5,sol,20,F,1,10,11,3.48775,0.129125,3.875,1006.4,35.725,35.52,Madura,verao,MO,Jan 2005,0.9000645161290323,27.010648596321396,0.0034655703497615264,-0.2049999999999983,20_5,19
1299,181,5,sol,20,F,1,11,13,5.689,0.153325,2.7,97.1225,29.4175,29.36,Velha,outono,MO,Mar 2005,2.107037037037037,37.10419044513289,0.058575510309145665,-0.057500000000000995,20_5,21
1300,181,5,sol,20,F,1,12,15,0.657725,0.072075,0.325304,31.13,15.4975,14.7975,Velha,inverno,MO,May 2005,2.021877997196469,9.12556364897676,0.021128332797944106,-0.7000000000000011,20_5,23
1301,182,5,sol,21,M,2,5,1,8.92375,0.27063000000000004,6.95,324.4,32.7175,31.4775,Jovem,outono,MO,Mar 2004,1.2839928057553958,32.97398662380371,0.027508477188655983,-1.240000000000002,21_5,9
1302,182,5,sol,21,M,2,6,3,6.42225,0.23602499999999998,3.0,225.825,18.0025,17.965,Jov_Madura,inverno,MO,May 2004,2.14075,27.21004130918335,0.028439056791763534,-0.03750000000000142,21_5,11
1303,182,5,sol,21,M,2,7,5,2.6965,0.28950000000000004,4.725,44.5825,22.9725,21.9125,Madura,inverno,MO,Jul 2004,0.5706878306878307,9.314335060449048,0.06048337352100039,-1.0599999999999987,21_5,13
1304,182,5,sol,21,M,2,8,7,7.05,0.264075,5.55,386.78,25.105,23.295,Madura,primavera,MO,Sep 2004,1.2702702702702702,26.69696109059926,0.01822741610217695,-1.8099999999999987,21_5,15
1305,182,5,sol,21,M,2,9,9,2.53,0.38335,6.875,14.325,26.4075,22.4525,Madura,primavera,MO,Nov 2004,0.368,6.599713055954088,0.17661431064572425,-3.9549999999999983,21_5,17
1306,183,5,sol,21,M,3,5,1,5.9645,0.338325,7.525,334.575,29.4325,28.985,Jovem,outono,MO,Mar 2004,0.792624584717608,17.62949826350403,0.017827094074572218,-0.44750000000000156,21_5,9
1307,183,5,sol,21,M,3,6,3,10.0185,0.42610000000000003,3.7,182.15,17.875,17.255,Jov_Madura,inverno,MO,May 2004,2.7077027027027025,23.51208636470312,0.055001372495196266,-0.620000000000001,21_5,11
1308,183,5,sol,21,M,3,7,5,8.90375,0.30732499999999996,4.675,750.75,24.055,23.1875,Madura,inverno,MO,Jul 2004,1.9045454545454548,28.971772553485728,0.01185980685980686,-0.8674999999999997,21_5,13
1309,183,5,sol,21,M,3,8,7,6.95125,0.1553,3.6,340.223,25.8825,24.53,Madura,primavera,MO,Sep 2004,1.9309027777777776,44.76014166130071,0.020431452312159964,-1.3524999999999991,21_5,15
1310,183,5,sol,21,M,3,9,9,0.579525,0.12885000000000002,2.625,11.8475,24.795,23.3375,Madura,primavera,MO,Nov 2004,0.22077142857142856,4.497671711292199,0.04891538299219244,-1.4575000000000031,21_5,17
1311,183,5,sol,21,M,3,10,11,4.45575,0.03205,0.55,47.2525,31.6075,31.4925,Madura,verao,MO,Jan 2005,8.101363636363637,139.02496099843992,0.09429659806359453,-0.11500000000000199,21_5,19
1312,183,5,sol,21,M,3,11,13,0.61595,0.11775000000000001,2.0,25.315,27.88,27.085,Velha,outono,MO,Mar 2005,0.307975,5.230997876857749,0.02433142405688327,-0.7949999999999982,21_5,21
1313,184,5,sol,22,F,2,5,1,5.41775,0.27605,4.5125,216.675,27.4925,26.7575,Jovem,outono,MO,Mar 2004,1.2006094182825484,19.625973555515305,0.02500403830621899,-0.7349999999999994,22_5,9
1314,184,5,sol,22,F,2,6,3,8.0495,0.2892,4.575,184.625,16.7875,15.4675,Jov_Madura,inverno,MO,May 2004,1.7594535519125682,27.833679114799445,0.0435991875423155,-1.320000000000002,22_5,11
1315,184,5,sol,22,F,2,7,5,2.4245,0.210675,3.45,199.99,22.66,21.7875,Madura,inverno,MO,Jul 2004,0.7027536231884058,11.508247300344133,0.012123106155307765,-0.8724999999999987,22_5,13
1316,184,5,sol,22,F,2,8,7,6.12025,0.218075,4.675,304.103,25.1675,23.6625,Madura,primavera,MO,Sep 2004,1.3091443850267381,28.064885933738395,0.020125582450682827,-1.504999999999999,22_5,15
1317,185,5,sol,22,F,3,5,1,6.7245,0.23463699999999998,3.775,209.625,28.8,27.425,Jovem,outono,MO,Mar 2004,1.7813245033112584,28.65916287712509,0.03207871198568873,-1.375,22_5,9
1318,185,5,sol,22,F,3,6,3,8.68825,0.311725,5.45,233.875,17.2425,17.0825,Jov_Madura,inverno,MO,May 2004,1.5941743119266054,27.871521373005056,0.037149118118653124,-0.16000000000000014,22_5,11
1319,185,5,sol,22,F,3,7,5,2.54225,0.2831,4.125,197.83,23.1775,21.81,Madura,inverno,MO,Jul 2004,0.6163030303030304,8.980042387848817,0.01285067987666178,-1.3674999999999997,22_5,13
1320,185,5,sol,22,F,3,8,7,15.0325,0.226325,5.95,1292.25,27.6225,28.2475,Madura,primavera,MO,Sep 2004,2.526470588235294,66.4199712802386,0.0116328109885858,0.625,22_5,15
1321,185,5,sol,22,F,3,9,9,3.42975,0.3347,6.45,76.94,28.1225,25.4375,Madura,primavera,MO,Nov 2004,0.5317441860465116,10.247236331042725,0.04457694307252404,-2.6849999999999987,22_5,17
1322,186,5,sol,23,F,1,5,1,5.54725,0.321025,4.7,309.0,23.61,23.935,Jovem,outono,MO,Mar 2004,1.1802659574468084,17.27980686862394,0.017952265372168284,0.3249999999999993,23_5,9
1323,186,5,sol,23,F,1,6,3,4.4905,0.21032499999999998,2.975,49.3525,16.5125,15.9325,Jov_Madura,inverno,MO,May 2004,1.5094117647058822,21.35029121597528,0.09098829846512335,-0.5800000000000001,23_5,11
1324,186,5,sol,23,F,1,7,5,13.755,0.35495000000000004,3.675,1524.25,15.0425,17.9625,Madura,inverno,MO,Jul 2004,3.7428571428571433,38.75193689252007,0.009024110218140069,2.919999999999998,23_5,13
1325,186,5,sol,23,F,1,8,7,15.1175,0.246575,5.025,134.075,25.2275,24.3725,Madura,primavera,MO,Sep 2004,3.008457711442786,61.309946263814254,0.11275405556591461,-0.8550000000000004,23_5,15
1326,187,5,sol,23,F,2,5,1,10.7175,0.450713,4.6,367.275,24.47,24.2175,Jovem,outono,MO,Mar 2004,2.329891304347826,23.778990177784976,0.02918113130488054,-0.2524999999999977,23_5,9
1327,187,5,sol,23,F,2,6,3,8.44175,0.294825,5.725,219.35,17.2475,16.79,Jov_Madura,inverno,MO,May 2004,1.4745414847161575,28.633087424743493,0.03848529746979713,-0.4574999999999996,23_5,11
1328,187,5,sol,23,F,2,7,5,9.8125,0.3551,4.525,1492.0,16.55,18.235,Madura,inverno,MO,Jul 2004,2.1685082872928176,27.633061109546606,0.0065767426273458445,1.6849999999999987,23_5,13
1329,187,5,sol,23,F,2,8,7,12.495,0.24645000000000003,5.8,1154.1,26.765,25.3125,Madura,primavera,MO,Sep 2004,2.154310344827586,50.69993913572732,0.010826618144008319,-1.4525000000000006,23_5,15
1330,188,5,sol,23,F,3,9,9,9.66175,0.23385000000000003,6.975,1854.75,31.4475,31.9,Madura,primavera,MO,Nov 2004,1.3851971326164876,41.316014539234544,0.005209192613559779,0.452499999999997,23_5,17
1331,188,5,sol,23,F,3,10,11,3.689,0.0971,2.3,90.6375,33.1975,32.24,Madura,verao,MO,Jan 2005,1.603913043478261,37.99176107106076,0.04070059302165219,-0.957499999999996,23_5,19
1332,188,5,sol,23,F,3,11,13,1.101,0.06670000000000001,0.8,19.95,25.4,24.42,Velha,outono,MO,Mar 2005,1.37625,16.506746626686652,0.05518796992481203,-0.9799999999999969,23_5,21
1333,189,5,sol,24,M,2,5,1,8.53425,0.279975,3.3125,498.9,25.5275,25.7525,Jovem,outono,MO,Mar 2004,2.576377358490566,30.482185909456206,0.017106133493686112,0.22500000000000142,24_5,9
1334,189,5,sol,24,M,2,6,3,10.5015,0.314625,4.675,395.125,19.655,19.165,Jov_Madura,inverno,MO,May 2004,2.2463101604278077,33.37783075089392,0.02657766529579247,-0.490000000000002,24_5,11
1335,189,5,sol,24,M,2,7,5,8.83275,0.275925,4.15,1487.25,18.76,20.575,Madura,inverno,MO,Jul 2004,2.1283734939759036,32.01141614569177,0.005938981341401917,1.8149999999999977,24_5,13
1336,189,5,sol,24,M,2,8,7,7.8445,0.16720000000000002,4.65,1664.5,26.1875,27.0425,Madura,primavera,MO,Sep 2004,1.6869892473118278,46.91686602870813,0.0047128266746770805,0.8550000000000004,24_5,15
1337,189,5,sol,24,M,2,9,9,5.918,0.269275,6.7,24.045,28.9075,27.48,Madura,primavera,MO,Nov 2004,0.8832835820895523,21.977532262556867,0.2461218548554793,-1.4274999999999984,24_5,17
1338,190,5,sol,24,M,3,5,1,11.1275,0.379687,5.15,655.525,27.4675,27.6575,Jovem,outono,MO,Mar 2004,2.1606796116504854,29.307034478399313,0.016974943747378055,0.18999999999999773,24_5,9
1339,190,5,sol,24,M,3,6,3,9.22775,0.35375,3.675,225.225,20.8525,20.3375,Jov_Madura,inverno,MO,May 2004,2.5109523809523813,26.085512367491166,0.040971250971250976,-0.5150000000000006,24_5,11
1340,190,5,sol,24,M,3,7,5,5.49225,0.20895000000000002,2.125,142.825,18.35,17.305,Madura,inverno,MO,Jul 2004,2.5845882352941176,26.28499641062455,0.038454402240504115,-1.0450000000000017,24_5,13
1341,190,5,sol,24,M,3,8,7,11.8725,0.22142499999999998,5.275,793.025,26.1825,26.3775,Madura,primavera,MO,Sep 2004,2.2507109004739334,53.618606751721806,0.014971154755524732,0.19500000000000028,24_5,15
1342,190,5,sol,24,M,3,9,9,2.13325,0.2672,6.55,27.56,29.145,27.48,Madura,primavera,MO,Nov 2004,0.32568702290076335,7.983720059880239,0.07740384615384616,-1.6649999999999991,24_5,17
1343,191,5,sol,25,M,2,5,1,7.78425,0.219612,3.3625,673.25,28.725,28.5425,Jovem,outono,MO,Mar 2004,2.315018587360595,35.44546746079449,0.011562198291867805,-0.182500000000001,25_5,9
1344,191,5,sol,25,M,2,6,3,9.358,0.269462,5.5,356.45,19.3225,19.1525,Jov_Madura,inverno,MO,May 2004,1.7014545454545456,34.72845892927389,0.026253331463038296,-0.1700000000000017,25_5,11
1345,191,5,sol,25,M,2,7,5,10.3062,0.39695,4.475,735.9,19.1225,19.8975,Madura,inverno,MO,Jul 2004,2.3030614525139668,25.96347146995843,0.014004891969017531,0.7750000000000021,25_5,13
1346,191,5,sol,25,M,2,8,7,8.4595,0.21412499999999998,6.4,864.65,28.4425,28.645,Madura,primavera,MO,Sep 2004,1.321796875,39.50729713952131,0.009783727519805703,0.20250000000000057,25_5,15
1347,191,5,sol,25,M,2,9,9,6.52025,0.166375,7.4,1997.75,31.11,35.66,Madura,primavera,MO,Nov 2004,0.8811148648648648,39.1900826446281,0.003263796771367789,4.549999999999997,25_5,17
1348,192,5,sol,26,F,1,5,1,11.0325,0.40521199999999996,4.975,371.275,29.625,29.425,Jovem,outono,MO,Mar 2004,2.2175879396984928,27.226488850280845,0.029715170695576058,-0.1999999999999993,26_5,9
1349,192,5,sol,26,F,1,6,3,5.16625,0.301737,2.45,127.8,17.725,17.0825,Jov_Madura,inverno,MO,May 2004,2.108673469387755,17.121698697872652,0.04042449139280125,-0.6425000000000018,26_5,11
1350,192,5,sol,26,F,1,7,5,13.7,0.30710000000000004,4.25,988.6,18.8425,18.945,Madura,inverno,MO,Jul 2004,3.2235294117647055,44.61087593617713,0.013857980983208576,0.10249999999999915,26_5,13
1351,192,5,sol,26,F,1,8,7,8.861,0.22245,6.525,712.2,29.4425,28.6675,Madura,primavera,MO,Sep 2004,1.358007662835249,39.833670487750055,0.012441729851165402,-0.7749999999999986,26_5,15
1352,193,5,sol,27,M,1,5,1,9.7545,0.411425,4.325,455.3,27.3925,26.93,Jovem,outono,MO,Mar 2004,2.2553757225433526,23.709059974478947,0.021424335602899188,-0.4624999999999986,27_5,9
1353,193,5,sol,27,M,1,6,3,8.486,0.222775,3.375,200.05,16.76,15.7725,Jov_Madura,inverno,MO,May 2004,2.5143703703703704,38.09224553922119,0.0424193951512122,-0.9875000000000007,27_5,11
1354,193,5,sol,27,M,1,7,5,7.3525,0.21612499999999998,2.75,791.025,17.23,17.3325,Madura,inverno,MO,Jul 2004,2.673636363636364,34.01966454598034,0.009294902183875351,0.10249999999999915,27_5,13
1355,193,5,sol,27,M,1,8,7,3.873,0.147925,5.125,326.475,32.02,30.2375,Madura,primavera,MO,Sep 2004,0.7557073170731707,26.182186919046817,0.011863082931311738,-1.7825000000000024,27_5,15
1356,193,5,sol,27,M,1,9,9,3.843,0.30017499999999997,2.22,151.375,32.685,30.86,Madura,primavera,MO,Nov 2004,1.7310810810810808,12.802531856417092,0.02538728323699422,-1.8250000000000028,27_5,17
1357,194,5,sol,27,M,2,5,1,9.676,0.28868699999999997,5.8875,592.6,27.145,27.96,Jovem,outono,MO,Mar 2004,1.6434819532908704,33.51726956877172,0.01632804589942626,0.8150000000000013,27_5,9
1358,194,5,sol,27,M,2,6,3,10.549,0.19415000000000002,2.275,636.825,17.8675,17.9925,Jov_Madura,inverno,MO,May 2004,4.636923076923077,54.33427762039659,0.016564990381973066,0.125,27_5,11
1359,194,5,sol,27,M,2,7,5,7.241,0.359575,4.225,181.372,16.895,16.99,Madura,inverno,MO,Jul 2004,1.713846153846154,20.137662518250714,0.03992347220078071,0.09499999999999886,27_5,13
1360,194,5,sol,27,M,2,8,7,6.96825,0.23815000000000003,5.85,131.53,30.2125,28.895,Madura,primavera,MO,Sep 2004,1.1911538461538462,29.259920218349777,0.05297840796776401,-1.317499999999999,27_5,15
1361,194,5,sol,27,M,2,9,9,4.58725,0.67615,0.1053,81.65,31.95,30.14,Madura,primavera,MO,Nov 2004,43.56362773029439,6.784367374103379,0.05618187385180649,-1.8099999999999987,27_5,17
1362,195,5,sol,27,M,3,5,1,10.167,0.35265599999999997,4.0375,529.025,27.97,27.635,Jovem,outono,MO,Mar 2004,2.5181424148606815,28.829794473934943,0.019218373422806106,-0.3349999999999973,27_5,9
1363,195,5,sol,27,M,3,6,3,11.224,0.370425,4.15,574.0,19.23,18.6475,Jov_Madura,inverno,MO,May 2004,2.7045783132530117,30.30033070122157,0.019554006968641114,-0.5824999999999996,27_5,11
1364,195,5,sol,27,M,3,7,5,8.46325,0.244525,3.225,133.475,17.1125,17.21,Madura,inverno,MO,Jul 2004,2.624263565891473,34.610980472344345,0.0634070050571268,0.09750000000000014,27_5,13
1365,195,5,sol,27,M,3,8,7,9.169,0.269825,0.10400000000000001,1541.75,31.76,33.615,Madura,primavera,MO,Sep 2004,88.16346153846153,33.981284165662935,0.005947137992540944,1.8550000000000004,27_5,15
1366,196,5,sol,28,F,2,5,1,8.1375,0.44403099999999995,3.325,554.425,27.035,26.6625,Jovem,outono,MO,Mar 2004,2.4473684210526314,18.32642315514007,0.014677368444785137,-0.3724999999999987,28_5,9
1367,196,5,sol,28,F,2,6,3,9.6935,0.196825,3.45,825.125,20.4875,21.6675,Jov_Madura,inverno,MO,May 2004,2.809710144927536,49.24933316397816,0.011747916982275413,1.1799999999999997,28_5,11
1368,196,5,sol,28,F,2,7,5,3.27575,0.07775,0.75,1653.5,13.525,13.6175,Madura,inverno,MO,Jul 2004,4.367666666666667,42.131832797427656,0.001981100695494406,0.09249999999999936,28_5,13
1369,196,5,sol,28,F,2,8,7,9.10475,0.135525,3.0,539.325,25.29,26.245,Madura,primavera,MO,Sep 2004,3.0349166666666663,67.18133185759085,0.01688175033606823,0.9550000000000018,28_5,15
1370,197,5,sol,28,F,3,5,1,8.17425,0.252631,4.625,447.45,27.86,28.4325,Jovem,outono,MO,Mar 2004,1.7674054054054056,32.356480400267586,0.018268521622527657,0.5725000000000016,28_5,9
1371,197,5,sol,28,F,3,6,3,15.8175,0.26642499999999997,4.375,975.85,21.5725,22.5,Jov_Madura,inverno,MO,May 2004,3.6154285714285717,59.36942854461857,0.01620894604703592,0.9274999999999984,28_5,11
1372,197,5,sol,28,F,3,7,5,4.566,0.1268,1.65,1540.25,14.6425,14.74,Madura,inverno,MO,Jul 2004,2.767272727272727,36.00946372239748,0.0029644538224314235,0.09750000000000014,28_5,13
1373,197,5,sol,28,F,3,8,7,9.57675,0.2383,3.675,90.36,25.055,23.7575,Madura,primavera,MO,Sep 2004,2.605918367346939,40.18778850188838,0.10598439575033201,-1.2974999999999994,28_5,15
1374,198,5,sol,29,F,1,5,1,4.94,0.275,1.1425,141.825,26.8,26.4775,Jovem,outono,MO,Mar 2004,4.3238512035010945,17.963636363636365,0.034831658734355724,-0.32250000000000156,29_5,9
1375,198,5,sol,29,F,1,6,3,7.669,0.274233,3.3,1194.33,22.0267,21.5867,Jov_Madura,inverno,MO,May 2004,2.3239393939393937,27.96527040874001,0.00642117337754222,-0.4400000000000013,29_5,11
1376,198,5,sol,29,F,1,7,5,1.74625,0.040424999999999996,0.219195,1282.2,15.1733,15.27,Madura,inverno,MO,Jul 2004,7.9666506991491595,43.19727891156463,0.0013619170176259554,0.09670000000000023,29_5,13
1377,198,5,sol,29,F,1,8,7,4.9135,0.0936,2.0,57.4275,25.775,25.4875,Madura,primavera,MO,Sep 2004,2.45675,52.49465811965812,0.08556005398110661,-0.28749999999999787,29_5,15
1378,198,5,sol,29,F,1,9,9,4.044,0.44405000000000006,1.3925,341.1,33.08,32.8975,Madura,primavera,MO,Nov 2004,2.9041292639138234,9.107082535750477,0.011855760773966577,-0.18249999999999744,29_5,17
1379,199,5,sol,29,F,2,5,1,10.9775,0.29910000000000003,3.7,324.175,26.615,26.005,Jovem,outono,MO,Mar 2004,2.9668918918918914,36.7017719826145,0.033862882702244156,-0.6099999999999994,29_5,9
1380,199,5,sol,29,F,2,6,3,8.5965,0.24730000000000002,3.8,9.76725,21.085,21.7,Jov_Madura,inverno,MO,May 2004,2.2622368421052634,34.76142337242216,0.8801351455117868,0.6149999999999984,29_5,11
1381,199,5,sol,29,F,2,7,5,1.672,0.13955,1.25,824.85,14.23,14.325,Madura,inverno,MO,Jul 2004,1.3376,11.981368685059117,0.00202703521852458,0.09499999999999886,29_5,13
1382,199,5,sol,29,F,2,8,7,3.026,0.07285000000000001,1.675,801.325,26.785,25.8125,Madura,primavera,MO,Sep 2004,1.8065671641791043,41.53740562800274,0.003776245593236202,-0.9725000000000001,29_5,15
1383,200,5,sol,29,F,3,5,1,3.958,0.22075000000000003,1.3925,197.325,26.2,25.7675,Jovem,outono,MO,Mar 2004,2.8423698384201077,17.92978482446206,0.020058279488154064,-0.432500000000001,29_5,9
1384,200,5,sol,29,F,3,6,3,8.96875,0.34395000000000003,4.65,982.7,23.0325,21.72,Jov_Madura,inverno,MO,May 2004,1.928763440860215,26.075737752580313,0.009126640887351175,-1.3125,29_5,11
1385,200,5,sol,29,F,3,7,5,1.4704300000000001,0.088375,0.3,1159.0,16.9375,17.0375,Madura,inverno,MO,Jul 2004,4.901433333333334,16.638528995756722,0.0012687057808455566,0.10000000000000142,29_5,13
1386,200,5,sol,29,F,3,8,7,14.0275,0.291975,5.05,1612.75,26.7475,25.795,Madura,primavera,MO,Sep 2004,2.7777227722772277,48.043496874732426,0.008697876298248334,-0.952499999999997,29_5,15
1387,201,5,sol,30,M,1,5,1,4.02975,0.17332499999999998,1.33,275.325,26.505,26.685,Jovem,outono,MO,Mar 2004,3.0298872180451126,23.249675465166597,0.014636338872241896,0.17999999999999972,30_5,9
1388,201,5,sol,30,M,1,6,3,7.80075,0.2692,2.8,275.775,20.03,18.76,Jov_Madura,inverno,MO,May 2004,2.785982142857143,28.977526002971768,0.028286646722871907,-1.2699999999999996,30_5,11
1389,201,5,sol,30,M,1,7,5,1.66475,0.09875,0.5,83.885,8.8165,8.914,Madura,inverno,MO,Jul 2004,3.3295,16.858227848101265,0.019845621982476008,0.09750000000000014,30_5,13
1390,201,5,sol,30,M,1,8,7,4.192,0.13447499999999998,2.525,49.69,26.6425,25.355,Madura,primavera,MO,Sep 2004,1.6601980198019803,31.173080498233876,0.08436305091567721,-1.2874999999999979,30_5,15
1391,201,5,sol,30,M,1,9,9,4.32925,0.3276,4.32,171.3,32.905,31.3275,Madura,primavera,MO,Nov 2004,1.0021412037037036,13.21504884004884,0.025272913018096903,-1.5775000000000006,30_5,17
1392,202,5,sol,30,M,3,5,1,9.305250000000001,0.38481299999999996,2.64375,258.025,27.865,27.56,Jovem,outono,MO,Mar 2004,3.519716312056738,24.181225686242414,0.03606336595291155,-0.3049999999999997,30_5,9
1393,202,5,sol,30,M,3,6,3,1.3056,0.224525,2.975,64.08,21.7425,20.525,Jov_Madura,inverno,MO,May 2004,0.4388571428571429,5.814942656719742,0.020374531835205996,-1.2175000000000011,30_5,11
1394,202,5,sol,30,M,3,7,5,6.225,0.113533,1.03333,433.3,12.7633,12.8667,Madura,inverno,MO,Jul 2004,6.024212981332197,54.82987325271066,0.014366489729979228,0.1034000000000006,30_5,13
1395,202,5,sol,30,M,3,8,7,12.64,0.241025,5.975,111.475,29.1875,31.0375,Madura,primavera,MO,Sep 2004,2.1154811715481174,52.44269266673582,0.11338865216416238,1.8500000000000014,30_5,15
1396,202,5,sol,30,M,3,9,9,3.64475,0.35935,0.8875,66.0225,32.88,30.8825,Madura,primavera,MO,Nov 2004,4.106760563380282,10.142618616947265,0.05520466507629975,-1.9975000000000023,30_5,17
1397,203,5,sombra,1,F,1,5,1,2.6445,0.183075,3.175,81.0375,25.465,24.42,Jovem,outono,FUS,Mar 2004,0.8329133858267717,14.444899631298648,0.03263304025913929,-1.0449999999999982,1_5,9
1398,203,5,sombra,1,F,1,6,3,0.8883000000000001,0.079,1.35,21.3775,18.87,17.4475,Jov_Madura,inverno,FUS,May 2004,0.658,11.244303797468355,0.04155303473277979,-1.4224999999999994,1_5,11
1399,203,5,sombra,1,F,1,7,5,1.0122,0.15465,1.55,16.14,18.445,18.045,Jov_Madura,inverno,FUS,Jul 2004,0.6530322580645161,6.545101842870999,0.06271375464684015,-0.3999999999999986,1_5,13
1400,203,5,sombra,1,F,1,8,7,1.193,0.13895000000000002,1.95,24.27,19.9125,18.6825,Madura,primavera,FUS,Sep 2004,0.6117948717948718,8.585822238215185,0.04915533580552122,-1.2300000000000004,1_5,15
1401,203,5,sombra,1,F,1,9,9,2.37475,0.16190000000000002,2.0,38.96,21.565,20.575,Madura,primavera,FUS,Nov 2004,1.187375,14.668004941321803,0.06095354209445585,-0.990000000000002,1_5,17
1402,204,5,sombra,1,F,3,5,1,2.68425,0.14002499999999998,3.2,63.0525,26.71,25.9625,Jovem,outono,FUS,Mar 2004,0.8388281249999999,19.169791108730585,0.04257166646841917,-0.7475000000000023,1_5,9
1403,204,5,sombra,1,F,3,6,3,2.3585,0.172475,1.1,40.0375,19.265,18.375,Jov_Madura,inverno,FUS,May 2004,2.1440909090909086,13.674445571822003,0.05890727443022166,-0.8900000000000006,1_5,11
1404,204,5,sombra,1,F,3,7,5,3.762,0.15262499999999998,1.075,72.8775,19.955,19.415,Jov_Madura,inverno,FUS,Jul 2004,3.4995348837209304,24.648648648648653,0.05162087063908614,-0.5399999999999991,1_5,13
1405,204,5,sombra,1,F,3,8,7,4.915,0.1197,1.925,78.18,21.29,20.29,Madura,primavera,FUS,Sep 2004,2.553246753246753,41.060985797827904,0.06286774111025838,-1.0,1_5,15
1406,204,5,sombra,1,F,3,9,9,2.0065,0.169125,2.525,24.24,22.01,20.9175,Madura,primavera,FUS,Nov 2004,0.7946534653465347,11.8640059127864,0.08277640264026404,-1.0925000000000011,1_5,17
1407,205,5,sombra,2,M,2,5,1,2.4545,0.121,3.2,56.885,27.965,27.23,Jovem,outono,FUS,Mar 2004,0.7670312499999999,20.285123966942148,0.04314845741408104,-0.7349999999999994,2_5,9
1408,205,5,sombra,2,M,2,6,3,2.85425,0.153125,1.0,74.81,20.0825,19.715,Jov_Madura,inverno,FUS,May 2004,2.85425,18.639999999999997,0.03815332174842935,-0.3674999999999997,2_5,11
1409,205,5,sombra,2,M,2,7,5,4.03625,0.1626,1.175,65.0825,19.8575,19.595,Jov_Madura,inverno,FUS,Jul 2004,3.435106382978723,24.82318573185732,0.0620174394038336,-0.26250000000000284,2_5,13
1410,205,5,sombra,2,M,2,8,7,4.69425,0.06885000000000001,1.45,335.65,22.8275,23.315,Madura,primavera,FUS,Sep 2004,3.2374137931034483,68.18082788671023,0.013985550424549383,0.4875000000000007,2_5,15
1411,205,5,sombra,2,M,2,9,9,3.4165,0.21245000000000003,2.6,44.855,22.295,21.24,Madura,primavera,FUS,Nov 2004,1.3140384615384615,16.08143092492351,0.07616765132092299,-1.0550000000000033,2_5,17
1412,205,5,sombra,2,M,2,10,11,0.8672749999999999,0.11535000000000001,1.25,17.192,27.43,26.95,Madura,verao,FUS,Jan 2005,0.6938199999999999,7.518638925010835,0.050446428571428566,-0.4800000000000004,2_5,19
1413,205,5,sombra,2,M,2,11,13,1.6367500000000001,0.113775,0.95,28.8925,22.545,22.055,Velha,outono,FUS,Mar 2005,1.7228947368421055,14.385849263898045,0.0566496495630354,-0.490000000000002,2_5,21
1414,205,5,sombra,2,M,2,12,15,1.27255,0.13265000000000002,0.8,14.3625,21.0075,20.5525,Velha,inverno,FUS,May 2005,1.5906875,9.593290614398793,0.08860226283724978,-0.45500000000000185,2_5,23
1415,206,5,sombra,2,M,3,5,1,0.8882,0.088975,2.975,76.68,28.1925,28.1875,Jovem,outono,FUS,Mar 2004,0.2985546218487395,9.982579376229278,0.011583202921231089,-0.004999999999999005,2_5,9
1416,206,5,sombra,2,M,3,6,3,2.0755,0.09855000000000001,1.7,45.3075,20.155,19.2475,Jov_Madura,inverno,FUS,May 2004,1.2208823529411765,21.060375443937083,0.04580919273850908,-0.9075000000000024,2_5,11
1417,206,5,sombra,2,M,3,7,5,3.8855,0.115925,0.95,76.8375,20.5625,20.24,Jov_Madura,inverno,FUS,Jul 2004,4.09,33.517360362303215,0.05056775662925004,-0.32250000000000156,2_5,13
1418,206,5,sombra,2,M,3,10,11,1.25725,0.08145000000000001,0.925,16.8,28.08,27.635,Madura,verao,FUS,Jan 2005,1.3591891891891892,15.435850214855737,0.07483630952380951,-0.44499999999999673,2_5,19
1419,206,5,sombra,2,M,3,11,13,0.213525,0.058725,0.525,4.59425,22.575,21.915,Velha,outono,FUS,Mar 2005,0.4067142857142857,3.636015325670498,0.0464765739783425,-0.6600000000000001,2_5,21
1420,206,5,sombra,2,M,3,12,15,1.0563,0.30145000000000005,1.3,23.7975,22.53,21.985,Velha,inverno,FUS,May 2005,0.8125384615384615,3.5040636921545856,0.04438701544279861,-0.5450000000000017,2_5,23
1421,207,5,sombra,3,F,2,5,1,2.01125,0.14102499999999998,3.675,40.53,29.0525,28.315,Jovem,outono,FUS,Mar 2004,0.5472789115646258,14.261655734798795,0.04962373550456452,-0.7374999999999972,3_5,9
1422,207,5,sombra,3,F,2,6,3,1.5905,0.12925,1.075,30.8125,20.365,20.065,Jov_Madura,inverno,FUS,May 2004,1.4795348837209303,12.305609284332688,0.051618661257606495,-0.29999999999999716,3_5,11
1423,207,5,sombra,3,F,2,7,5,2.04375,0.15,1.2,35.575,20.86,20.6125,Jov_Madura,inverno,FUS,Jul 2004,1.7031250000000002,13.625000000000002,0.057449051300070275,-0.24749999999999872,3_5,13
1424,207,5,sombra,3,F,2,8,7,5.44575,0.166675,3.1,36.1175,23.6125,22.6375,Madura,primavera,FUS,Sep 2004,1.756693548387097,32.67286635668217,0.15077870838236312,-0.9750000000000014,3_5,15
1425,207,5,sombra,3,F,2,9,9,0.492925,0.11247499999999999,2.55,4.3805,26.1075,24.9925,Madura,primavera,FUS,Nov 2004,0.19330392156862747,4.382529450989109,0.11252710877753683,-1.115000000000002,3_5,17
1427,209,5,sombra,4,F,1,5,1,0.3739,0.2024,4.4,12.57,26.89,26.3,Jovem,outono,FUS,Mar 2004,0.08497727272727272,1.8473320158102768,0.029745425616547336,-0.5899999999999999,4_5,9
1428,209,5,sombra,4,F,1,6,3,1.6035,0.18295,1.4,14.9925,20.99,20.3875,Jov_Madura,inverno,FUS,May 2004,1.145357142857143,8.76468980595791,0.10695347673836918,-0.6024999999999991,4_5,11
1429,209,5,sombra,4,F,1,7,5,5.52925,0.27895000000000003,2.675,99.2425,21.615,21.1825,Jov_Madura,inverno,FUS,Jul 2004,2.0670093457943928,19.82165262591862,0.055714537622490366,-0.43249999999999744,4_5,13
1430,209,5,sombra,4,F,1,8,7,7.0425,0.283325,5.225,17.4375,23.4825,22.1175,Madura,primavera,FUS,Sep 2004,1.3478468899521532,24.85661342980676,0.4038709677419355,-1.365000000000002,4_5,15
1431,209,5,sombra,4,F,1,9,9,1.15692,0.09705000000000001,2.75,18.2825,27.2025,26.78,Madura,primavera,FUS,Nov 2004,0.4206981818181818,11.920865533230291,0.06328018597019007,-0.42249999999999943,4_5,17
1432,209,5,sombra,4,F,1,10,11,0.9197500000000001,0.059300000000000005,0.925,4.13875,29.1025,28.6375,Madura,verao,FUS,Jan 2005,0.9943243243243244,15.510118043844857,0.22222893385684087,-0.46499999999999986,4_5,19
1433,209,5,sombra,4,F,1,11,13,1.0611,0.080875,0.7,23.33,22.9775,22.215,Velha,outono,FUS,Mar 2005,1.5158571428571428,13.120247295208655,0.045482211744534935,-0.7624999999999993,4_5,21
1434,209,5,sombra,4,F,1,12,15,1.41,0.11675,0.55,25.695,20.535,19.96,Velha,inverno,FUS,May 2005,2.5636363636363635,12.077087794432547,0.0548744892002335,-0.5749999999999993,4_5,23
1435,210,5,sombra,4,F,2,5,1,2.472,0.199,5.05,60.755,27.755,27.3,Jovem,outono,FUS,Mar 2004,0.4895049504950495,12.422110552763819,0.040688009217348366,-0.4549999999999983,4_5,9
1436,210,5,sombra,4,F,2,6,3,1.52525,0.1554,1.2,21.6975,20.615,20.1225,Jov_Madura,inverno,FUS,May 2004,1.2710416666666666,9.814993564993564,0.07029611706417789,-0.4924999999999997,4_5,11
1437,210,5,sombra,4,F,2,7,5,1.745,0.13565000000000002,1.2,17.075,21.0575,20.5725,Jov_Madura,inverno,FUS,Jul 2004,1.4541666666666668,12.863988204939181,0.10219619326500733,-0.48499999999999943,4_5,13
1438,210,5,sombra,4,F,2,8,7,5.782,0.16715000000000002,3.175,30.7375,23.1425,22.24,Madura,primavera,FUS,Sep 2004,1.8211023622047244,34.59168411606341,0.18810898739324927,-0.9024999999999999,4_5,15
1439,210,5,sombra,4,F,2,9,9,1.7192500000000002,0.0623,1.675,8.46325,27.0775,26.345,Madura,primavera,FUS,Nov 2004,1.0264179104477613,27.596308186195827,0.20314300062032908,-0.7325000000000017,4_5,17
1440,210,5,sombra,4,F,2,10,11,0.17593299999999998,0.0688333,0.9666669999999999,15.3113,28.1833,27.3933,Madura,verao,FUS,Jan 2005,0.18199959241393363,2.5559285985126383,0.011490402513176541,-0.7899999999999991,4_5,19
1441,210,5,sombra,4,F,2,11,13,0.11345000000000001,0.06325,0.5,1.5110000000000001,21.82,21.235,Velha,outono,FUS,Mar 2005,0.22690000000000002,1.7936758893280633,0.07508272667107875,-0.5850000000000009,4_5,21
1442,210,5,sombra,4,F,2,12,15,0.2691,0.07845,0.55,5.0195,23.175,22.765,Velha,inverno,FUS,May 2005,0.48927272727272725,3.430210325047801,0.05361091742205399,-0.41000000000000014,4_5,23
1443,211,5,sombra,5,M,1,5,1,0.9028,0.3612,7.9,32.945,27.46,26.78,Jovem,outono,FUS,Mar 2004,0.11427848101265822,2.4994462901439647,0.0274032478373046,-0.6799999999999997,5_5,9
1444,211,5,sombra,5,M,1,6,3,2.00275,0.12027499999999999,1.2,30.9625,20.0075,19.48,Jov_Madura,inverno,FUS,May 2004,1.6689583333333333,16.651423820411555,0.06468308437626161,-0.5274999999999999,5_5,11
1445,211,5,sombra,5,M,1,7,5,1.09808,0.142175,1.325,27.0825,21.5775,21.0975,Jov_Madura,inverno,FUS,Jul 2004,0.8287396226415095,7.723439423245999,0.040545739868919045,-0.4800000000000004,5_5,13
1446,211,5,sombra,5,M,1,8,7,2.14125,0.2609,4.125,10.0625,23.175,21.93,Madura,primavera,FUS,Sep 2004,0.519090909090909,8.207167497125335,0.2127950310559006,-1.245000000000001,5_5,15
1447,212,5,sombra,6,M,1,5,1,0.7001000000000001,0.282925,5.225,15.865,27.3825,26.64,Jovem,outono,FUS,Mar 2004,0.13399043062200958,2.4745073782804634,0.04412858493539237,-0.7424999999999997,6_5,9
1448,212,5,sombra,6,M,1,6,3,1.473,0.18230000000000002,1.2,25.2375,20.1125,19.6425,Jov_Madura,inverno,FUS,May 2004,1.2275,8.080087767416346,0.05836552748885587,-0.4700000000000024,6_5,11
1449,212,5,sombra,6,M,1,7,5,0.840225,0.201425,1.4,20.5525,21.4275,20.7075,Jov_Madura,inverno,FUS,Jul 2004,0.6001607142857143,4.171403748293409,0.04088188784819365,-0.7199999999999989,6_5,13
1450,212,5,sombra,6,M,1,8,7,7.607,0.1398,3.45,112.35,24.59,26.96,Madura,primavera,FUS,Sep 2004,2.204927536231884,54.41344778254649,0.06770805518469071,2.370000000000001,6_5,15
1451,212,5,sombra,6,M,1,9,9,1.0555,0.11007499999999999,2.45,12.9595,27.0625,26.0525,Madura,primavera,FUS,Nov 2004,0.43081632653061225,9.588916647740179,0.08144604344303408,-1.0100000000000016,6_5,17
1452,212,5,sombra,6,M,2,11,13,0.228675,0.07607499999999999,0.85,4.171,26.205,25.455,Velha,outono,FUS,Mar 2005,0.26902941176470585,3.005915215248111,0.05482498201870054,-0.75,6_5,21
1453,212,5,sombra,6,M,2,12,15,0.8354,0.22652499999999998,1.075,21.365,21.925,21.29,Velha,inverno,FUS,May 2005,0.7771162790697675,3.687893168524446,0.039101333957406975,-0.6350000000000016,6_5,23
1454,213,5,sombra,6,M,3,5,1,1.6105,0.2727,5.675,48.7775,26.7175,26.48,Jovem,outono,FUS,Mar 2004,0.28378854625550665,5.905757242390906,0.033017272307928856,-0.2375000000000007,6_5,9
1455,213,5,sombra,6,M,3,6,3,1.61775,0.136075,1.325,32.64,20.5075,19.91,Jov_Madura,inverno,FUS,May 2004,1.2209433962264151,11.888664339518648,0.049563419117647056,-0.5975000000000001,6_5,11
1456,213,5,sombra,6,M,3,7,5,2.09275,0.27625,1.925,18.9475,21.5075,21.0,Jov_Madura,inverno,FUS,Jul 2004,1.0871428571428572,7.575565610859729,0.1104499274310595,-0.5075000000000003,6_5,13
1457,213,5,sombra,6,M,3,8,7,2.31175,0.144725,2.375,25.0225,22.9975,21.825,Madura,primavera,FUS,Sep 2004,0.9733684210526315,15.973397823458283,0.09238685183334998,-1.1724999999999994,6_5,15
1458,213,5,sombra,6,M,3,9,9,1.16425,0.07050000000000001,1.8,10.7282,27.5825,26.565,Madura,primavera,FUS,Nov 2004,0.6468055555555555,16.51418439716312,0.10852239891128056,-1.0174999999999983,6_5,17
1459,213,5,sombra,6,M,3,10,11,0.7086669999999999,0.0314333,0.4,8.01533,27.2333,26.8833,Madura,verao,FUS,Jan 2005,1.7716674999999997,22.545103441254973,0.08841395176493044,-0.3500000000000014,6_5,19
1460,214,5,sombra,7,M,1,5,1,0.6666000000000001,0.09,0.86,9.673,24.49,23.76,Jovem,outono,FUS,Mar 2004,0.7751162790697675,7.406666666666668,0.06891347048485476,-0.7299999999999969,7_5,9
1461,214,5,sombra,7,M,1,6,3,1.828,0.1066,1.45,23.905,18.8,18.6375,Jov_Madura,inverno,FUS,May 2004,1.2606896551724138,17.148217636022515,0.07646935787492157,-0.16250000000000142,7_5,11
1462,214,5,sombra,7,M,1,7,5,1.77425,0.184275,0.35,27.3625,8.3145,7.94025,Jov_Madura,inverno,FUS,Jul 2004,5.069285714285715,9.628272961606296,0.06484239378711741,-0.37425000000000086,7_5,13
1463,214,5,sombra,7,M,1,8,7,0.844425,0.14707499999999998,2.375,25.3925,22.77,21.775,Madura,primavera,FUS,Sep 2004,0.3555473684210526,5.741458439571647,0.033254898099832626,-0.995000000000001,7_5,15
1464,214,5,sombra,7,M,1,9,9,0.73145,0.19605000000000003,4.025,11.0258,28.6525,27.41,Madura,primavera,FUS,Nov 2004,0.18172670807453414,3.7309359857179287,0.06633985742531154,-1.2424999999999997,7_5,17
1465,215,5,sombra,7,M,2,5,1,4.03975,0.400875,5.7,85.505,25.48,25.27,Jovem,outono,FUS,Mar 2004,0.7087280701754385,10.077330838790147,0.047245775100871294,-0.21000000000000085,7_5,9
1466,215,5,sombra,7,M,2,6,3,1.1665,0.1575,2.1,41.1467,18.9733,18.38,Jov_Madura,inverno,FUS,May 2004,0.5554761904761905,7.406349206349207,0.028349782607110657,-0.5932999999999993,7_5,11
1467,215,5,sombra,7,M,2,7,5,2.78225,0.176875,0.45,60.615,7.9045,7.5965,Jov_Madura,inverno,FUS,Jul 2004,6.182777777777777,15.730035335689045,0.04590035469768209,-0.30799999999999983,7_5,13
1468,215,5,sombra,7,M,2,8,7,0.9431,0.14912499999999998,2.525,15.845,22.5375,21.89,Madura,primavera,FUS,Sep 2004,0.37350495049504956,6.32422464375524,0.059520353423793,-0.6475000000000009,7_5,15
1469,215,5,sombra,7,M,2,9,9,2.11975,0.20075,4.3,46.615,29.2,28.17,Madura,primavera,FUS,Nov 2004,0.49296511627906975,10.55915317559153,0.04547356001287139,-1.0299999999999976,7_5,17
1470,215,5,sombra,7,M,2,10,11,0.9841500000000001,0.11835000000000001,1.65,30.21,30.025,29.205,Madura,verao,FUS,Jan 2005,0.5964545454545456,8.315589353612168,0.03257696127110229,-0.8200000000000003,7_5,19
1471,215,5,sombra,7,M,2,11,13,0.9388749999999999,0.112525,1.6,11.42,27.2325,26.425,Velha,outono,FUS,Mar 2005,0.5867968749999999,8.343701399688957,0.0822132224168126,-0.807500000000001,7_5,21
1472,215,5,sombra,7,M,2,12,15,0.22080000000000002,0.216225,0.4,2.87275,12.555,11.7725,Velha,inverno,FUS,May 2005,0.552,1.0211585154353104,0.07686015142285267,-0.7824999999999989,7_5,23
1473,216,5,sombra,7,M,3,5,1,0.5025,0.23122499999999999,4.2,14.6873,25.9825,25.6125,Jovem,outono,FUS,Mar 2004,0.11964285714285712,2.173207914369121,0.03421323183975271,-0.370000000000001,7_5,9
1474,216,5,sombra,7,M,3,6,3,2.833,0.11375,1.15,41.8025,19.6575,18.9425,Jov_Madura,inverno,FUS,May 2004,2.463478260869566,24.905494505494506,0.06777106632378446,-0.7149999999999999,7_5,11
1475,216,5,sombra,7,M,3,7,5,3.3795,0.258675,0.425,57.2775,8.14875,7.90975,Jov_Madura,inverno,FUS,Jul 2004,7.951764705882353,13.06465642215135,0.059002226004975775,-0.23899999999999988,7_5,13
1476,216,5,sombra,7,M,3,8,7,1.277,0.2162,2.975,21.3075,22.7625,21.8075,Madura,primavera,FUS,Sep 2004,0.42924369747899155,5.906567992599444,0.05993194884430364,-0.9549999999999983,7_5,15
1477,216,5,sombra,7,M,3,9,9,2.682,0.27155,4.625,31.5825,28.335,27.0925,Madura,primavera,FUS,Nov 2004,0.5798918918918918,9.876634137359602,0.0849204464497744,-1.2424999999999997,7_5,17
1478,216,5,sombra,7,M,3,10,11,0.3375,0.119533,1.43333,7.85933,29.2133,28.2967,Madura,verao,FUS,Jan 2005,0.23546566387363693,2.8234880744229627,0.04294259179853754,-0.916599999999999,7_5,19
1479,216,5,sombra,7,M,3,11,13,2.30475,0.080525,1.175,28.6975,27.3425,26.425,Velha,outono,FUS,Mar 2005,1.9614893617021274,28.621546103694502,0.08031187385660771,-0.9175000000000004,7_5,21
1480,216,5,sombra,7,M,3,12,15,-0.200925,0.0723875,1.75,2.176,19.845,18.9175,Velha,inverno,FUS,May 2005,,,,-0.9274999999999984,7_5,23
1481,217,5,sombra,8,M,1,5,1,0.42095000000000005,0.3956,5.3,13.6,26.235,25.33,Jovem,outono,FUS,Mar 2004,0.0794245283018868,1.0640798786653185,0.030952205882352944,-0.9050000000000011,8_5,9
1482,217,5,sombra,8,M,1,6,3,3.14975,0.137425,1.4,39.4025,20.46,19.7925,Jov_Madura,inverno,FUS,May 2004,2.249821428571429,22.919774422412228,0.0799378212042383,-0.6675000000000004,8_5,11
1483,217,5,sombra,9,M,1,5,1,0.1,0.385,5.6,6.287,27.1,26.31,Jovem,outono,FUS,Mar 2004,0.01785714285714286,0.25974025974025977,0.01590583744234134,-0.7900000000000027,9_5,9
1484,217,5,sombra,9,M,1,6,3,2.867,0.03535,0.6,10.695,21.185,20.925,Jov_Madura,inverno,FUS,May 2004,4.778333333333333,81.1032531824611,0.26806919121084616,-0.259999999999998,9_5,11
1485,217,5,sombra,9,M,1,7,5,0.647625,0.184075,1.175,14.0592,15.3675,14.815,Jov_Madura,inverno,FUS,Jul 2004,0.5511702127659575,3.5182670107293226,0.04606414305223626,-0.5525000000000002,9_5,13
1486,217,5,sombra,9,M,1,8,7,0.937375,0.08595000000000001,1.625,22.7575,23.1675,22.65,Madura,primavera,FUS,Sep 2004,0.5768461538461538,10.906050029086677,0.041189717675491594,-0.5175000000000018,9_5,15
1487,218,5,sombra,9,M,2,5,1,0.48927499999999996,0.155862,2.9,16.015,27.2125,26.98,Jovem,outono,FUS,Mar 2004,0.16871551724137931,3.13915515006865,0.030551045894473928,-0.23249999999999815,9_5,9
1488,218,5,sombra,9,M,2,6,3,1.0189,0.0891,1.525,24.0575,21.0175,20.5975,Jov_Madura,inverno,FUS,May 2004,0.6681311475409836,11.435465768799101,0.042352696664241914,-0.41999999999999815,9_5,11
1489,218,5,sombra,9,M,2,7,5,0.69725,0.18655000000000002,1.725,16.8325,16.03,15.365,Jov_Madura,inverno,FUS,Jul 2004,0.40420289855072467,3.7376038595550787,0.04142284271498589,-0.6650000000000009,9_5,13
1490,218,5,sombra,9,M,2,8,7,2.08533,0.12036699999999999,3.2,20.38,29.2367,27.7633,Madura,primavera,FUS,Sep 2004,0.6516656249999999,17.324765093422617,0.10232237487733072,-1.473399999999998,9_5,15
1491,219,5,sombra,9,M,3,5,1,0.3156,0.23263299999999998,3.33333,10.1527,27.1933,26.48,Jovem,outono,FUS,Mar 2004,0.09468009468009467,1.3566432965228494,0.031085327055857065,-0.7133000000000003,9_5,9
1492,219,5,sombra,9,M,3,6,3,1.40067,0.09730000000000001,1.8,26.1933,21.0133,20.4567,Jov_Madura,inverno,FUS,May 2004,0.77815,14.395375128468652,0.053474361764267966,-0.5565999999999995,9_5,11
1493,219,5,sombra,9,M,3,7,5,0.34785000000000005,0.14865,1.475,5.62475,16.9475,16.27,Jov_Madura,inverno,FUS,Jul 2004,0.2358305084745763,2.3400605449041376,0.06184274856660297,-0.677500000000002,9_5,13
1494,219,5,sombra,9,M,3,8,7,2.97575,0.095275,2.55,49.03,28.175,27.335,Madura,primavera,FUS,Sep 2004,1.1669607843137255,31.233272107058518,0.06069243320416072,-0.8399999999999999,9_5,15
1495,219,5,sombra,9,M,3,9,9,1.08425,0.247325,3.425,16.9175,25.62,24.4775,Madura,primavera,FUS,Nov 2004,0.31656934306569345,4.38390781360558,0.06409043889463573,-1.1425000000000018,9_5,17
1496,220,5,sombra,10,F,1,5,1,0.848775,0.248437,3.975,16.29,27.4025,26.8925,Jovem,outono,FUS,Mar 2004,0.21352830188679242,3.4164597060824273,0.052104051565377535,-0.5100000000000016,10_5,9
1497,220,5,sombra,10,F,1,6,3,3.6335,0.106475,1.375,72.9375,21.1125,20.395,Jov_Madura,inverno,FUS,May 2004,2.6425454545454548,34.12538154496361,0.049816623821765216,-0.7175000000000011,10_5,11
1498,220,5,sombra,10,F,1,7,5,2.69375,0.14595000000000002,1.325,37.6475,16.345,15.4425,Jov_Madura,inverno,FUS,Jul 2004,2.0330188679245285,18.4566632408359,0.0715518958762202,-0.9024999999999981,10_5,13
1499,220,5,sombra,10,F,1,8,7,0.8772500000000001,0.090875,2.375,26.7475,28.64,27.34,Madura,primavera,FUS,Sep 2004,0.3693684210526316,9.65337001375516,0.0327974577063277,-1.3000000000000007,10_5,15
1500,220,5,sombra,10,F,1,9,9,5.32225,0.411775,6.05,106.36,27.4925,26.3275,Madura,primavera,FUS,Nov 2004,0.8797107438016529,12.925141157185356,0.050039958631064314,-1.1649999999999991,10_5,17
1501,220,5,sombra,10,F,1,10,11,1.2945,0.15365,1.125,11.3632,23.5975,22.8,Madura,verao,FUS,Jan 2005,1.1506666666666667,8.4249918646274,0.11392037454238242,-0.7974999999999994,10_5,19
1502,220,5,sombra,10,F,1,11,13,1.456,0.058600000000000006,0.833333,13.5033,26.57,25.86,Velha,outono,FUS,Mar 2005,1.7472006988802795,24.846416382252556,0.10782549450874972,-0.7100000000000009,10_5,21
1503,220,5,sombra,10,F,1,12,15,1.11205,0.083175,0.3,13.1525,13.7325,13.3325,Velha,inverno,FUS,May 2005,3.7068333333333334,13.370003005710851,0.08455046569093329,-0.40000000000000036,10_5,23
1504,221,5,sombra,11,M,1,5,1,0.0606,0.14775000000000002,1.9,19.95,28.52,27.79,Jovem,outono,FUS,Mar 2004,0.03189473684210527,0.41015228426395933,0.0030375939849624062,-0.7300000000000004,11_5,9
1505,221,5,sombra,11,M,1,6,3,1.60325,0.139975,1.8,16.4725,18.3525,18.0075,Jov_Madura,inverno,FUS,May 2004,0.8906944444444445,11.453831041257368,0.0973288814691152,-0.34499999999999886,11_5,11
1506,221,5,sombra,11,M,1,7,5,0.2398,0.020800000000000003,0.1,2.419,5.7135,5.81,Jov_Madura,inverno,FUS,Jul 2004,2.398,11.528846153846153,0.09913187267465895,0.09649999999999981,11_5,13
1507,221,5,sombra,11,M,1,8,7,0.316725,0.114025,2.7,11.1145,26.905,26.01,Madura,primavera,FUS,Sep 2004,0.11730555555555554,2.7776803332602498,0.028496558549642358,-0.8949999999999996,11_5,15
1508,221,5,sombra,11,M,1,9,9,3.50575,0.2988,5.275,61.115,26.8675,25.5525,Madura,primavera,FUS,Nov 2004,0.6645971563981042,11.73276439089692,0.05736316779841283,-1.3150000000000013,11_5,17
1509,221,5,sombra,11,M,1,10,11,3.04975,0.19897499999999999,1.5,45.4775,24.1275,23.55,Madura,verao,FUS,Jan 2005,2.033166666666667,15.327302424927757,0.06706063437963829,-0.5775000000000006,11_5,19
1510,221,5,sombra,11,M,1,11,13,0.299367,0.0382333,0.6,6.86133,26.31,25.73,Velha,outono,FUS,Mar 2005,0.498945,7.830006826509875,0.04363104529296798,-0.5799999999999983,11_5,21
1511,221,5,sombra,11,M,1,12,15,0.506775,0.07100000000000001,0.375,6.53025,13.81,13.6025,Velha,inverno,FUS,May 2005,1.3514,7.1376760563380275,0.07760422648443781,-0.20750000000000135,11_5,23
1512,222,5,sombra,11,M,2,5,1,0.7846500000000001,0.21212499999999998,1.9225,18.8,27.8825,27.4275,Jovem,outono,FUS,Mar 2004,0.4081404421326398,3.698998232174426,0.04173670212765958,-0.45500000000000185,11_5,9
1513,222,5,sombra,11,M,2,6,3,1.64175,0.08095000000000001,0.975,22.375,17.885,17.2975,Jov_Madura,inverno,FUS,May 2004,1.683846153846154,20.28103767757875,0.07337430167597765,-0.5875000000000021,11_5,11
1514,222,5,sombra,11,M,2,7,5,1.32833,0.0456,0.2,14.51,5.297,5.39367,Jov_Madura,inverno,FUS,Jul 2004,6.641649999999999,29.13004385964912,0.09154583046175052,0.09667000000000048,11_5,13
1515,222,5,sombra,11,M,2,8,7,0.367675,0.1119,2.7,22.88,27.1525,26.18,Madura,primavera,FUS,Sep 2004,0.1361759259259259,3.285746201966041,0.01606971153846154,-0.9725000000000001,11_5,15
1516,222,5,sombra,11,M,2,9,9,6.851,0.4872,7.05,170.75,27.48,26.155,Madura,primavera,FUS,Nov 2004,0.9717730496453901,14.061986863711,0.04012298682284041,-1.3249999999999993,11_5,17
1517,222,5,sombra,11,M,2,10,11,2.3775,0.1514,1.125,122.9,25.1725,24.4925,Madura,verao,FUS,Jan 2005,2.1133333333333333,15.70343461030383,0.01934499593165175,-0.6799999999999997,11_5,19
1518,222,5,sombra,11,M,2,11,13,0.887675,0.06985000000000001,0.875,3.31485,25.8025,24.9775,Velha,outono,FUS,Mar 2005,1.0144857142857142,12.708303507516105,0.26778738102779914,-0.8249999999999993,11_5,21
1519,222,5,sombra,11,M,2,12,15,0.499525,0.058300000000000005,0.3,3.56625,13.6825,13.3525,Velha,inverno,FUS,May 2005,1.6650833333333335,8.568181818181817,0.1400701016473887,-0.33000000000000007,11_5,23
1520,223,5,sombra,12,M,1,5,1,0.6281,0.255212,3.8375,27.8025,28.73,28.0475,Jovem,outono,FUS,Mar 2004,0.1636742671009772,2.4610911712615393,0.022591493570722057,-0.682500000000001,12_5,9
1521,223,5,sombra,12,M,1,6,3,4.336,0.13852499999999998,1.525,50.98,18.585,18.675,Jov_Madura,inverno,FUS,May 2004,2.8432786885245904,31.30120916802022,0.08505296194586114,0.08999999999999986,12_5,11
1522,223,5,sombra,12,M,1,7,5,0.46995000000000003,0.07045000000000001,0.6,7.557,10.003,10.095,Jov_Madura,inverno,FUS,Jul 2004,0.7832500000000001,6.67068843151171,0.06218737594283446,0.09200000000000053,12_5,13
1523,223,5,sombra,12,M,1,8,7,1.5322500000000001,0.1361,3.6,21.7525,27.35,26.965,Madura,primavera,FUS,Sep 2004,0.42562500000000003,11.2582659808964,0.07044017928973681,-0.38500000000000156,12_5,15
1524,223,5,sombra,12,M,1,9,9,2.13275,0.16090000000000002,3.1,41.8625,27.7525,26.7725,Madura,primavera,FUS,Nov 2004,0.6879838709677419,13.255127408328153,0.050946551209316224,-0.9800000000000004,12_5,17
1525,223,5,sombra,12,M,1,10,11,1.01295,0.09055,0.95,27.2,25.1025,24.8225,Madura,verao,FUS,Jan 2005,1.0662631578947368,11.186637217007178,0.03724080882352941,-0.2799999999999976,12_5,19
1526,223,5,sombra,12,M,1,11,13,0.26345,0.0763,1.05,38.83,26.455,25.635,Velha,outono,FUS,Mar 2005,0.2509047619047619,3.4528178243774574,0.006784702549575071,-0.8199999999999967,12_5,21
1527,223,5,sombra,12,M,1,12,15,1.50675,0.0539,0.3,24.9475,14.185,14.0725,Velha,inverno,FUS,May 2005,5.0225,27.954545454545453,0.060396833350035074,-0.11250000000000071,12_5,23
1528,224,5,sombra,12,M,2,5,1,0.480967,0.148717,2.58333,18.73,29.3867,28.7533,Jovem,outono,FUS,Mar 2004,0.18618101442711538,3.2341090796613705,0.02567896422851041,-0.6334000000000017,12_5,9
1529,224,5,sombra,12,M,2,6,3,0.926275,0.12965000000000002,1.25,11.4575,18.855,18.295,Jov_Madura,inverno,FUS,May 2004,0.74102,7.144427304280755,0.08084442504909448,-0.5599999999999987,12_5,11
1530,224,5,sombra,12,M,2,7,5,2.19925,0.0847,0.625,110.995,9.4115,9.50775,Jov_Madura,inverno,FUS,Jul 2004,3.5188,25.965171192443922,0.019813955583584848,0.0962499999999995,12_5,13
1531,224,5,sombra,12,M,2,8,7,1.1031,0.18865,3.8,26.1275,26.995,25.925,Madura,primavera,FUS,Sep 2004,0.29028947368421054,5.847336337132255,0.04221988326475935,-1.0700000000000003,12_5,15
1532,224,5,sombra,12,M,2,9,9,2.3695,0.29317499999999996,5.275,73.09,28.03,27.2675,Madura,primavera,FUS,Nov 2004,0.4491943127962085,8.082203462096018,0.032418935558899985,-0.7625000000000028,12_5,17
1533,224,5,sombra,12,M,2,10,11,5.05075,0.20270000000000002,2.0,116.96,26.3375,25.9,Madura,verao,FUS,Jan 2005,2.525375,24.917365564874196,0.04318356703146375,-0.4375,12_5,19
1534,224,5,sombra,12,M,2,11,13,1.44775,0.06810000000000001,0.825,37.25,27.07,25.9525,Velha,outono,FUS,Mar 2005,1.754848484848485,21.259177679882523,0.03886577181208054,-1.1174999999999997,12_5,21
1535,224,5,sombra,12,M,2,12,15,1.47207,0.04855,0.225,37.65,15.195,14.675,Velha,inverno,FUS,May 2005,6.542533333333333,30.320700308959832,0.039098804780876496,-0.5199999999999996,12_5,23
1536,225,5,sombra,12,M,3,5,1,0.9802000000000001,0.24878799999999998,4.4,9.63525,29.7925,29.1725,Jovem,outono,FUS,Mar 2004,0.22277272727272726,3.939900638294452,0.1017306245297216,-0.620000000000001,12_5,9
1537,225,5,sombra,12,M,3,6,3,0.895025,0.12615,1.175,12.9025,19.0625,18.555,Jov_Madura,inverno,FUS,May 2004,0.761723404255319,7.0949266745937365,0.06936833946909514,-0.5075000000000003,12_5,11
1538,225,5,sombra,12,M,3,7,5,1.4495,0.097,0.9,21.0125,9.48725,9.5855,Jov_Madura,inverno,FUS,Jul 2004,1.6105555555555555,14.943298969072165,0.06898274836406901,0.09825000000000017,12_5,13
1539,225,5,sombra,12,M,3,8,7,1.6845,0.14375,3.175,29.1825,27.2675,26.285,Madura,primavera,FUS,Sep 2004,0.5305511811023623,11.718260869565219,0.05772295039835518,-0.9824999999999982,12_5,15
1540,225,5,sombra,12,M,3,9,9,2.3695,0.29317499999999996,5.275,73.09,28.03,27.2675,Madura,primavera,FUS,Nov 2004,0.4491943127962085,8.082203462096018,0.032418935558899985,-0.7625000000000028,12_5,17
1541,225,5,sombra,12,M,3,10,11,2.786,0.081675,0.8,68.375,26.305,25.65,Madura,verao,FUS,Jan 2005,3.4825,34.11080501989593,0.04074588665447898,-0.6550000000000011,12_5,19
1542,225,5,sombra,12,M,3,11,13,1.0455,0.047075,0.95,24.55,29.16,28.4175,Velha,outono,FUS,Mar 2005,1.1005263157894738,22.209240573552844,0.04258655804480652,-0.7424999999999997,12_5,21
1543,225,5,sombra,12,M,3,12,15,0.377575,0.050374999999999996,0.225,9.76575,13.4475,13.2475,Velha,inverno,FUS,May 2005,1.678111111111111,7.495285359801489,0.038663185111230576,-0.1999999999999993,12_5,23
1544,226,5,sombra,13,M,1,6,3,0.40902499999999997,0.07225000000000001,0.8,9.03625,18.9625,18.5525,Jov_Madura,inverno,FUS,May 2004,0.5112812499999999,5.661245674740483,0.04526490524277216,-0.41000000000000014,13_5,11
1545,226,5,sombra,13,M,1,7,5,0.7147249999999999,0.031375,0.225,10.3418,8.9385,9.03425,Jov_Madura,inverno,FUS,Jul 2004,3.1765555555555554,22.7800796812749,0.06911030961728132,0.09575000000000067,13_5,13
1546,226,5,sombra,13,M,1,8,7,1.22375,0.14120000000000002,3.125,13.8425,27.19,25.9975,Madura,primavera,FUS,Sep 2004,0.39159999999999995,8.666784702549574,0.08840527361387032,-1.1925000000000026,13_5,15
1547,227,5,sombra,13,M,2,5,1,0.963475,0.224137,4.25,21.305,30.4225,29.65,Jovem,outono,FUS,Mar 2004,0.22669999999999998,4.298598624948134,0.045222952358601264,-0.7725000000000009,13_5,9
1548,227,5,sombra,13,M,2,6,3,0.8321000000000001,0.0874,0.925,8.1915,18.995,18.74,Jov_Madura,inverno,FUS,May 2004,0.8995675675675676,9.520594965675057,0.10158090703778308,-0.25500000000000256,13_5,11
1549,227,5,sombra,13,M,2,7,5,1.3606,0.053875,0.4,24.01,8.68375,8.781,Jov_Madura,inverno,FUS,Jul 2004,3.4015,25.254756380510443,0.056668054977092874,0.09725000000000072,13_5,13
1550,227,5,sombra,13,M,2,8,7,5.468,0.16325,2.75,301.225,25.6525,24.7025,Madura,primavera,FUS,Sep 2004,1.9883636363636363,33.494640122511484,0.01815254377956677,-0.9499999999999993,13_5,15
1551,227,5,sombra,13,M,2,9,9,3.612,0.23207499999999998,3.9,74.7475,27.9725,27.0975,Madura,primavera,FUS,Nov 2004,0.9261538461538462,15.563934073036735,0.048322686377470815,-0.875,13_5,17
1552,227,5,sombra,13,M,2,10,11,0.745525,0.148,1.3,21.005,23.875,23.4175,Madura,verao,FUS,Jan 2005,0.5734807692307692,5.037331081081081,0.03549273982385147,-0.4574999999999996,13_5,19
1553,227,5,sombra,13,M,2,11,13,0.038650000000000004,0.030950000000000002,0.75,43.945,28.645,28.425,Velha,outono,FUS,Mar 2005,0.05153333333333334,1.248788368336026,0.0008795084765047218,-0.21999999999999886,13_5,21
1554,227,5,sombra,13,M,2,12,15,1.0681,0.053325,0.325,21.2475,14.65,14.3675,Velha,inverno,FUS,May 2005,3.2864615384615385,20.030004688232538,0.05026944346393694,-0.28250000000000064,13_5,23
1555,228,5,sombra,15,M,1,6,3,0.374525,0.06665,0.825,7.406,19.095,18.7875,Jov_Madura,inverno,FUS,May 2004,0.45396969696969697,5.619279819954989,0.05057048339184445,-0.30749999999999744,15_5,11
1556,228,5,sombra,15,M,1,7,5,5.136,0.10465,0.75,68.77,10.54,10.64,Jov_Madura,inverno,FUS,Jul 2004,6.848,49.077878643096035,0.07468372836992876,0.10000000000000142,15_5,13
1557,228,5,sombra,15,M,1,8,7,1.29875,0.077875,1.55,20.3075,26.07,25.465,Madura,primavera,FUS,Sep 2004,0.8379032258064516,16.67736757624398,0.06395420411178136,-0.6050000000000004,15_5,15
1558,229,5,sombra,15,M,2,7,5,0.7451749999999999,0.05505,0.375,9.82775,9.96825,10.0638,Jov_Madura,inverno,FUS,Jul 2004,1.9871333333333332,13.53633060853769,0.07582356083538958,0.09555000000000113,15_5,13
1559,229,5,sombra,15,M,2,8,7,0.695925,0.090025,1.775,11.0323,26.0975,25.355,Madura,primavera,FUS,Sep 2004,0.3920704225352113,7.730352679811165,0.06308068127226417,-0.7424999999999997,15_5,15
1560,230,5,sombra,15,M,3,5,1,0.6988000000000001,0.241563,4.9375,39.2325,30.975,30.585,Jovem,outono,FUS,Mar 2004,0.14152911392405065,2.892827129982655,0.017811763206525204,-0.39000000000000057,15_5,9
1561,230,5,sombra,15,M,3,9,9,1.4515,0.17055,2.45,100.17,29.6575,28.9025,Madura,primavera,FUS,Nov 2004,0.5924489795918367,8.510700674289064,0.01449036637715883,-0.754999999999999,15_5,17
1562,230,5,sombra,15,M,3,10,11,0.6966749999999999,0.046950000000000006,0.4,19.2525,25.88,25.2325,Madura,verao,FUS,Jan 2005,1.7416874999999998,14.838658146964853,0.03618620958317101,-0.6474999999999973,15_5,19
1563,230,5,sombra,15,M,3,11,13,1.0285,0.037675,0.775,22.54,29.0625,28.485,Velha,outono,FUS,Mar 2005,1.3270967741935482,27.2992700729927,0.04562999112688554,-0.5775000000000006,15_5,21
1564,230,5,sombra,15,M,3,12,15,0.392225,0.059274999999999994,0.3,6.5592500000000005,12.5575,12.245,Velha,inverno,FUS,May 2005,1.3074166666666667,6.617039223956137,0.059797232915348546,-0.3125,15_5,23
1565,231,6,sol,16,F,1,6,1,4.34575,0.294025,3.625,190.5,17.855,17.615,Jovem,inverno,MO,May 2004,1.1988275862068964,14.780205764815918,0.022812335958005248,-0.240000000000002,16_6,11
1567,233,6,sol,17,F,2,6,1,7.7665,0.279125,3.725,322.325,19.085,18.9725,Jovem,inverno,MO,May 2004,2.08496644295302,27.824451410658305,0.02409524548204452,-0.11250000000000071,17_6,11
1568,233,6,sol,17,F,2,7,3,3.30675,0.30060000000000003,3.975,72.275,20.7325,19.9325,Jov_Madura,inverno,MO,Jul 2004,0.8318867924528301,11.000499001996006,0.04575233483223798,-0.8000000000000007,17_6,13
1569,233,6,sol,17,F,2,8,5,12.2225,0.350275,7.15,1404.5,25.925,25.4625,Madura,primavera,MO,Sep 2004,1.7094405594405593,34.894011847833845,0.008702385190459239,-0.46250000000000213,17_6,15
1570,233,6,sol,17,F,2,9,7,2.42185,0.134675,3.875,35.2122,28.615,26.6775,Madura,primavera,MO,Nov 2004,0.6249935483870968,17.98292184889549,0.06877871873952777,-1.9375,17_6,17
1571,233,6,sol,17,F,2,10,9,3.8977500000000003,0.13802499999999998,5.725,1674.25,34.2525,36.7175,Madura,verao,MO,Jan 2005,0.6808296943231442,28.23944937511321,0.002328057339107063,2.4650000000000034,17_6,19
1572,234,6,sol,18,F,2,6,1,9.05675,0.280125,5.175,412.875,21.475,20.83,Jovem,inverno,MO,May 2004,1.7500966183574878,32.33110218652387,0.02193581592491674,-0.6450000000000031,18_6,11
1573,234,6,sol,18,F,2,7,3,5.14,0.25630000000000003,4.075,240.643,24.0,22.495,Jov_Madura,inverno,MO,Jul 2004,1.2613496932515336,20.054623488099878,0.021359441163881766,-1.504999999999999,18_6,13
1574,234,6,sol,18,F,2,8,5,8.15125,0.22990000000000002,3.825,440.075,23.3625,21.7,Madura,primavera,MO,Sep 2004,2.1310457516339865,35.45563288386254,0.01852241095267852,-1.6625000000000014,18_6,15
1575,234,6,sol,18,F,2,9,7,2.91575,0.27547499999999997,2.085,32.05,32.7775,29.89,Madura,primavera,MO,Nov 2004,1.3984412470023981,10.584445049460024,0.09097503900156008,-2.887500000000003,18_6,17
1576,235,6,sol,18,F,3,6,1,8.67825,0.24887499999999999,3.7,415.575,22.2275,21.79,Jovem,inverno,MO,May 2004,2.345472972972973,34.86991461577097,0.020882512181916623,-0.4375,18_6,11
1577,235,6,sol,18,F,3,7,3,4.149,0.264175,4.125,40.0525,23.5825,22.54,Jov_Madura,inverno,MO,Jul 2004,1.0058181818181817,15.705498249266585,0.10358903938580613,-1.0425000000000004,18_6,13
1578,235,6,sol,18,F,3,8,5,15.1275,0.285025,5.45,1273.75,24.8875,24.88,Madura,primavera,MO,Sep 2004,2.775688073394495,53.07429172879572,0.011876349362119724,-0.007500000000000284,18_6,15
1579,235,6,sol,18,F,3,9,7,5.46525,0.10087499999999999,6.325,2103.75,35.5,39.265,Madura,primavera,MO,Nov 2004,0.8640711462450593,54.17843866171004,0.002597860962566845,3.7650000000000006,18_6,17
1580,236,6,sol,19,F,3,6,1,10.5122,0.276875,5.325,420.3,21.5325,21.1575,Jovem,inverno,MO,May 2004,1.9741220657276994,37.9673137697517,0.025011182488698547,-0.375,19_6,11
1581,236,6,sol,19,F,3,7,3,11.0653,0.34190000000000004,6.6,373.122,25.2575,24.5075,Jov_Madura,inverno,MO,Jul 2004,1.6765606060606062,32.364141561860194,0.029655983833705865,-0.75,19_6,13
1582,236,6,sol,19,F,3,8,5,17.58,0.3034,6.35,1327.25,25.01,24.2275,Madura,primavera,MO,Sep 2004,2.768503937007874,57.94330916282135,0.013245432284799396,-0.7825000000000024,19_6,15
1583,236,6,sol,19,F,3,9,7,5.27275,0.218025,6.025,55.5525,29.175,28.45,Madura,primavera,MO,Nov 2004,0.8751452282157677,24.18415319344112,0.09491472030961703,-0.7250000000000014,19_6,17
1584,236,6,sol,19,F,3,10,9,8.46125,0.121,1.325,205.475,30.7225,29.8575,Madura,verao,MO,Jan 2005,6.3858490566037736,69.92768595041322,0.04117897554447013,-0.8649999999999984,19_6,19
1585,237,6,sol,20,F,2,6,1,8.09975,0.24650000000000002,5.625,267.775,21.515,21.67,Jovem,inverno,MO,May 2004,1.4399555555555557,32.859026369168355,0.030248342825133043,0.15500000000000114,20_6,11
1586,237,6,sol,20,F,2,7,3,13.9525,0.229675,5.425,816.95,26.2275,27.835,Jov_Madura,inverno,MO,Jul 2004,2.571889400921659,60.748884293022755,0.017078768590489013,1.6075000000000017,20_6,13
1587,237,6,sol,20,F,2,8,5,11.7825,0.233,4.65,1050.38,23.27,23.7875,Madura,primavera,MO,Sep 2004,2.5338709677419353,50.56866952789699,0.01121736895218873,0.5175000000000018,20_6,15
1588,237,6,sol,20,F,2,9,7,2.8945,0.25670000000000004,4.32,24.62,33.975,31.04,Madura,primavera,MO,Nov 2004,0.6700231481481481,11.275808336579663,0.11756701868399674,-2.9350000000000023,20_6,17
1589,237,6,sol,20,F,2,10,9,11.518,0.269375,4.115,148.0,36.36,36.9525,Madura,verao,MO,Jan 2005,2.7990279465370596,42.758236658932724,0.07782432432432433,0.5925000000000011,20_6,19
1590,238,6,sol,20,F,3,6,1,6.097,0.214725,3.725,65.6825,21.2475,20.4825,Jovem,inverno,MO,May 2004,1.636778523489933,28.394458027709863,0.09282533399307273,-0.764999999999997,20_6,11
1591,238,6,sol,20,F,3,7,3,2.79125,0.2296,4.025,73.48,23.275,22.2875,Jov_Madura,inverno,MO,Jul 2004,0.6934782608695651,12.15701219512195,0.03798652694610778,-0.9874999999999972,20_6,13
1592,238,6,sol,20,F,3,8,5,14.675,0.260475,6.75,1737.5,25.3625,26.825,Madura,primavera,MO,Sep 2004,2.174074074074074,56.33937997888473,0.008446043165467626,1.4624999999999986,20_6,15
1593,238,6,sol,20,F,3,9,7,3.56875,0.06615,4.8,2122.5,34.645,40.685,Madura,primavera,MO,Nov 2004,0.7434895833333334,53.949357520786094,0.001681389870435807,6.039999999999999,20_6,17
1594,239,6,sol,21,M,1,6,1,4.782,0.20732499999999998,2.175,210.225,20.6325,20.23,Jovem,inverno,MO,May 2004,2.1986206896551725,23.065235740986378,0.022747056724937566,-0.40249999999999986,21_6,11
1595,239,6,sol,21,M,1,7,3,3.303,0.2049,4.425,626.6,24.79,24.3025,Jov_Madura,inverno,MO,Jul 2004,0.7464406779661017,16.120058565153734,0.00527130545802745,-0.4875000000000007,21_6,13
1596,239,6,sol,21,M,1,8,5,15.7275,0.250625,6.925,1358.25,27.1225,27.8125,Madura,primavera,MO,Sep 2004,2.271119133574007,62.753117206982544,0.01157923799006074,0.6900000000000013,21_6,15
1597,239,6,sol,21,M,1,9,7,5.5325,0.109925,3.425,314.62,26.43,27.82,Madura,primavera,MO,Nov 2004,1.6153284671532846,50.32977029793041,0.01758470535884559,1.3900000000000006,21_6,17
1598,240,6,sol,21,M,2,6,1,3.51025,0.19422499999999998,2.35,279.15,17.455,17.475,Jovem,inverno,MO,May 2004,1.4937234042553191,18.073111082507403,0.012574780583915458,0.020000000000003126,21_6,11
1599,240,6,sol,21,M,2,7,3,2.50075,0.18195000000000003,3.5,61.2075,23.4975,22.735,Jov_Madura,inverno,MO,Jul 2004,0.7145,13.744160483649352,0.040856921128946615,-0.7624999999999993,21_6,13
1600,240,6,sol,21,M,2,8,5,10.6543,0.207975,5.475,282.122,26.08,26.155,Madura,primavera,MO,Sep 2004,1.9459908675799087,51.22875345594422,0.03776486768135771,0.07500000000000284,21_6,15
1601,240,6,sol,21,M,2,9,7,0.324633,0.128467,3.73333,15.7167,29.16,27.4267,Madura,primavera,MO,Nov 2004,0.08695534549584419,2.526975799232488,0.020655290232682436,-1.7332999999999998,21_6,17
1602,240,6,sol,21,M,2,10,9,6.691,0.07052499999999999,1.1,68.5525,31.445,30.965,Madura,verao,MO,Jan 2005,6.082727272727272,94.87415809996456,0.0976040261113745,-0.4800000000000004,21_6,19
1603,241,6,sol,21,M,3,6,1,5.166,0.23240000000000002,2.775,384.1,17.745,17.9375,Jovem,inverno,MO,May 2004,1.861621621621622,22.228915662650603,0.01344962249414215,0.192499999999999,21_6,11
1604,241,6,sol,21,M,3,7,3,11.2095,0.26330000000000003,4.625,488.087,24.005,23.8375,Jov_Madura,inverno,MO,Jul 2004,2.4236756756756757,42.57311052031902,0.02296619250256614,-0.16750000000000043,21_6,13
1605,241,6,sol,21,M,3,8,5,8.962250000000001,0.25865000000000005,5.1,658.2,25.8675,24.66,Madura,primavera,MO,Sep 2004,1.7573039215686277,34.65010632128359,0.013616302035855364,-1.2074999999999996,21_6,15
1606,242,6,sol,22,F,1,6,1,6.05725,0.2426,2.8,172.25,18.7675,18.35,Jovem,inverno,MO,May 2004,2.1633035714285715,24.968054410552348,0.03516545718432511,-0.4174999999999969,22_6,11
1607,242,6,sol,22,F,1,7,3,7.18025,0.324,5.225,819.725,22.7275,22.455,Jov_Madura,inverno,MO,Jul 2004,1.3742105263157895,22.161265432098766,0.008759340022568543,-0.27250000000000085,22_6,13
1608,242,6,sol,22,F,1,8,5,5.4845,0.105,3.45,1615.75,26.7075,27.69,Madura,primavera,MO,Sep 2004,1.5897101449275362,52.233333333333334,0.0033943988859662694,0.9825000000000017,22_6,15
1609,242,6,sol,22,F,1,9,7,11.74,0.24362499999999998,0.11025000000000001,1908.0,34.46,35.435,Madura,primavera,MO,Nov 2004,106.48526077097505,48.18881477680863,0.006153039832285116,0.9750000000000014,22_6,17
1610,243,6,sol,22,F,2,6,1,10.0243,0.27805,5.675,226.8,17.7675,16.7225,Jovem,inverno,MO,May 2004,1.7663964757709252,36.05214889408379,0.044198853615520284,-1.0449999999999982,22_6,11
1611,243,6,sol,22,F,2,7,3,5.94367,0.40906699999999996,5.36667,124.677,23.18,21.29,Jov_Madura,inverno,MO,Jul 2004,1.107515461170521,14.52982029838633,0.04767254585849836,-1.8900000000000006,22_6,13
1612,243,6,sol,22,F,2,8,5,7.55325,0.1875,4.6,471.2,26.48,24.71,Madura,primavera,MO,Sep 2004,1.6420108695652176,40.284,0.016029817487266555,-1.7699999999999996,22_6,15
1613,243,6,sol,22,F,2,9,7,7.20125,0.38385,4.27,46.7575,27.4575,26.465,Madura,primavera,MO,Nov 2004,1.6864754098360657,18.76058356128696,0.15401272523124632,-0.9924999999999997,22_6,17
1614,243,6,sol,22,F,2,10,9,1.6007500000000001,0.133675,4.25,49.0925,36.45,35.3025,Madura,verao,MO,Jan 2005,0.37664705882352945,11.974939218253228,0.03260681366807557,-1.1475000000000009,22_6,19
1615,244,6,sol,22,F,3,6,1,1.903,0.273725,1.425,34.7873,16.4975,15.78,Jovem,inverno,MO,May 2004,1.335438596491228,6.952233080646635,0.054703871815288914,-0.7174999999999994,22_6,11
1616,244,6,sol,22,F,3,7,3,11.7025,0.29,5.05,427.275,24.0025,23.9575,Jov_Madura,inverno,MO,Jul 2004,2.3173267326732674,40.35344827586207,0.027388684102744136,-0.045000000000001705,22_6,13
1617,244,6,sol,22,F,3,8,5,13.225,0.20565000000000003,5.425,1354.0,26.64,26.7325,Madura,primavera,MO,Sep 2004,2.4377880184331797,64.30829078531484,0.00976735598227474,0.09250000000000114,22_6,15
1618,244,6,sol,22,F,3,9,7,13.8925,0.3906,0.9725,1219.63,28.66,29.7875,Madura,primavera,MO,Nov 2004,14.2853470437018,35.567076292882746,0.011390749653583462,1.1275000000000013,22_6,17
1619,245,6,sol,23,F,1,6,1,3.1582500000000002,0.18355000000000002,1.25,105.717,16.5375,15.865,Jovem,inverno,MO,May 2004,2.5266,17.206483247071642,0.029874570788047335,-0.6725000000000012,23_6,11
1620,245,6,sol,23,F,1,7,3,15.375,0.342725,2.875,1577.75,13.9175,16.7575,Jov_Madura,inverno,MO,Jul 2004,5.3478260869565215,44.86104019257422,0.009744889874821739,2.84,23_6,13
1621,245,6,sol,23,F,1,8,5,11.9093,0.22625,5.275,674.76,24.6675,24.2775,Madura,primavera,MO,Sep 2004,2.2576872037914693,52.637790055248615,0.01764968285019859,-0.39000000000000057,23_6,15
1622,246,6,sol,23,F,3,6,1,7.769,0.20350000000000001,3.775,209.925,18.125,17.8175,Jovem,inverno,MO,May 2004,2.058013245033113,38.17690417690417,0.037008455400738355,-0.307500000000001,23_6,11
1623,246,6,sol,23,F,3,7,3,14.625,0.38430000000000003,4.15,1276.0,16.02,17.765,Jov_Madura,inverno,MO,Jul 2004,3.5240963855421685,38.05620608899297,0.011461598746081506,1.745000000000001,23_6,13
1624,246,6,sol,23,F,3,8,5,17.92,0.249475,6.55,1604.0,26.7875,27.9575,Madura,primavera,MO,Sep 2004,2.7358778625954203,71.83084477402546,0.01117206982543641,1.1699999999999982,23_6,15
1625,246,6,sol,23,F,3,9,7,8.23125,0.18525000000000003,6.25,497.8,30.905,31.1675,Madura,primavera,MO,Nov 2004,1.317,44.43319838056679,0.016535255122539172,0.2624999999999993,23_6,17
1626,246,6,sol,23,F,3,10,9,2.5065,0.09175000000000001,2.75,167.375,34.8725,34.51,Madura,verao,MO,Jan 2005,0.9114545454545454,27.318801089918253,0.014975354742345034,-0.36250000000000426,23_6,19
1627,247,6,sol,24,M,1,6,1,8.47975,0.205375,4.225,258.65,19.3425,18.995,Jovem,inverno,MO,May 2004,2.0070414201183433,41.28910529519172,0.03278465107287841,-0.34750000000000014,24_6,11
1628,247,6,sol,24,M,1,7,3,5.411,0.2205,1.675,66.38,16.2375,15.865,Jov_Madura,inverno,MO,Jul 2004,3.2304477611940294,24.539682539682538,0.08151551672190419,-0.3725000000000005,24_6,13
1629,247,6,sol,24,M,1,8,5,11.8775,0.351525,6.425,1717.75,23.635,24.0875,Madura,primavera,MO,Sep 2004,1.8486381322957197,33.78849299480834,0.006914568476204337,0.452499999999997,24_6,15
1630,247,6,sol,24,M,1,9,7,4.9515,0.312625,6.875,460.763,30.1375,27.6625,Madura,primavera,MO,Nov 2004,0.7202181818181819,15.83846461415434,0.01074630558443278,-2.474999999999998,24_6,17
1631,247,6,sol,24,M,1,10,9,7.13975,0.178,5.825,2271.25,34.945,36.71,Madura,verao,MO,Jan 2005,1.2257081545064379,40.110955056179776,0.003143533296642818,1.7650000000000006,24_6,19
1632,248,6,sol,24,M,2,6,1,4.68325,0.175925,2.4,559.525,19.6125,20.36,Jovem,inverno,MO,May 2004,1.9513541666666667,26.62071905641609,0.00837004602117868,0.7474999999999987,24_6,11
1633,248,6,sol,24,M,2,7,3,7.4845,0.334925,4.825,1707.0,17.61,19.8075,Jov_Madura,inverno,MO,Jul 2004,1.5511917098445596,22.346794058371277,0.004384592852958407,2.1975000000000016,24_6,13
1634,248,6,sol,24,M,2,8,5,3.5825,0.09912499999999999,3.675,1935.5,26.24,29.385,Madura,primavera,MO,Sep 2004,0.9748299319727892,36.14123581336696,0.0018509429088090933,3.145000000000003,24_6,15
1635,249,6,sol,24,M,3,6,1,9.2055,0.2954,3.95,325.95,21.205,20.965,Jovem,inverno,MO,May 2004,2.3305063291139243,31.16283006093433,0.02824206166589968,-0.23999999999999844,24_6,11
1636,249,6,sol,24,M,3,7,3,6.9277500000000005,0.323725,4.575,701.425,20.2175,20.09,Jov_Madura,inverno,MO,Jul 2004,1.5142622950819673,21.40010811645687,0.009876679616494993,-0.12750000000000128,24_6,13
1637,249,6,sol,24,M,3,8,5,8.68125,0.172175,4.925,218.345,26.655,27.2975,Madura,primavera,MO,Sep 2004,1.7626903553299493,50.421083200232324,0.039759325837550666,0.6424999999999983,24_6,15
1638,249,6,sol,24,M,3,9,7,7.05675,0.38830000000000003,4.885,1684.25,29.83,29.4575,Madura,primavera,MO,Nov 2004,1.444575230296827,18.173448364666495,0.00418984711295829,-0.3724999999999987,24_6,17
1639,250,6,sol,25,M,1,6,1,6.40775,0.21145000000000003,5.175,192.325,20.0025,19.9725,Jovem,inverno,MO,May 2004,1.2382125603864735,30.303854339087252,0.033317301442870144,-0.030000000000001137,25_6,11
1640,250,6,sol,25,M,1,7,3,2.57393,0.115425,1.425,784.843,18.7975,19.535,Jov_Madura,inverno,MO,Jul 2004,1.8062666666666665,22.299588477366253,0.003279547629271077,0.7375000000000007,25_6,13
1641,250,6,sol,25,M,1,8,5,3.6625,0.130775,3.575,1041.45,26.1325,26.075,Madura,primavera,MO,Sep 2004,1.0244755244755244,28.006117377174537,0.0035167314801478706,-0.057500000000000995,25_6,15
1642,251,6,sol,25,M,3,6,1,4.1735,0.21095000000000003,2.7,112.5,18.4675,18.1625,Jovem,inverno,MO,May 2004,1.5457407407407406,19.78430907798056,0.03709777777777778,-0.3049999999999997,25_6,11
1643,251,6,sol,25,M,3,7,3,6.14625,0.2706,3.675,1304.25,18.52,20.4075,Jov_Madura,inverno,MO,Jul 2004,1.672448979591837,22.713414634146343,0.004712478435882691,1.8874999999999993,25_6,13
1644,251,6,sol,25,M,3,8,5,8.36675,0.234,4.17,1260.5,28.955,30.385,Madura,primavera,MO,Sep 2004,2.0064148681055154,35.755341880341874,0.006637643792145973,1.4300000000000033,25_6,15
1645,252,6,sol,26,F,1,6,1,5.2315,0.180888,3.85,127.275,17.6375,17.1525,Jovem,inverno,MO,May 2004,1.3588311688311687,28.92121091504135,0.041103908858770376,-0.48499999999999943,26_6,11
1646,252,6,sol,26,F,1,7,3,15.49,0.337925,4.0,990.003,17.265,17.37,Jov_Madura,inverno,MO,Jul 2004,3.8725,45.83857364799882,0.01564641723307909,0.10500000000000043,26_6,13
1647,252,6,sol,26,F,1,8,5,11.287,0.310525,7.225,633.65,29.3775,27.235,Madura,primavera,MO,Sep 2004,1.5622145328719725,36.34812011915305,0.017812672611062893,-2.142500000000002,26_6,15
1648,253,6,sol,26,F,2,6,1,6.40825,0.314925,3.26667,700.25,17.975,18.34,Jovem,inverno,MO,May 2004,1.9617071819314469,20.348495673573073,0.009151374509103891,0.36499999999999844,26_6,11
1649,253,6,sol,26,F,2,7,3,10.2358,0.31982499999999997,4.05,1808.5,17.0275,17.1325,Jov_Madura,inverno,MO,Jul 2004,2.527358024691358,32.00437739388728,0.005659828587226984,0.10500000000000043,26_6,13
1650,253,6,sol,26,F,2,8,5,4.21025,0.1607,6.425,1158.95,30.2125,31.665,Madura,primavera,MO,Sep 2004,0.6552918287937743,26.199439950217798,0.0036328141852538937,1.4525000000000006,26_6,15
1651,254,6,sol,26,F,3,6,1,9.0465,0.403325,4.775,204.075,18.425,17.9225,Jovem,inverno,MO,May 2004,1.8945549738219893,22.429802268641915,0.04432929070194781,-0.5025000000000013,26_6,11
1652,254,6,sol,26,F,3,7,3,11.34,0.36460000000000004,4.7,264.3,17.8225,17.9275,Jov_Madura,inverno,MO,Jul 2004,2.4127659574468083,31.10257816785518,0.042905788876276954,0.10499999999999687,26_6,13
1653,254,6,sol,26,F,3,8,5,16.0575,0.367025,6.12,1713.25,30.2125,31.8575,Madura,primavera,MO,Sep 2004,2.623774509803922,43.75042572031878,0.009372537574784767,1.6450000000000031,26_6,15
1654,254,6,sol,26,F,3,9,7,4.95975,0.2185,5.62,1603.5,35.02,37.915,Madura,primavera,MO,Nov 2004,0.8825177935943059,22.699084668192217,0.0030930776426566883,2.894999999999996,26_6,17
1655,255,6,sol,27,M,1,6,1,4.5685,0.27390000000000003,2.85,161.95,16.95,16.58,Jovem,inverno,MO,May 2004,1.602982456140351,16.679445052939027,0.028209323865390556,-0.370000000000001,27_6,11
1656,255,6,sol,27,M,1,7,3,8.479,0.30377499999999996,3.6,847.125,17.0875,17.1875,Jov_Madura,inverno,MO,Jul 2004,2.3552777777777774,27.912105999506213,0.010009148590821897,0.10000000000000142,27_6,13
1657,255,6,sol,27,M,1,8,5,6.61175,0.30960000000000004,5.42,1498.0,32.78,31.5875,Madura,primavera,MO,Sep 2004,1.219880073800738,21.355781653746767,0.00441371829105474,-1.1925000000000026,27_6,15
1658,255,6,sol,27,M,1,9,7,5.74075,0.406975,5.82,342.0,34.05,31.94,Madura,primavera,MO,Nov 2004,0.9863831615120275,14.105903311014192,0.016785818713450293,-2.109999999999996,27_6,17
1659,256,6,sol,27,M,2,6,1,5.28075,0.1986,2.35,347.075,17.3025,17.0625,Jovem,inverno,MO,May 2004,2.2471276595744683,26.589879154078552,0.015215011164733849,-0.23999999999999844,27_6,11
1660,256,6,sol,27,M,2,7,3,9.814,0.42585000000000006,4.65,430.025,16.79,16.885,Jov_Madura,inverno,MO,Jul 2004,2.110537634408602,23.04567335916402,0.022821928957618743,0.09500000000000242,27_6,13
1661,256,6,sol,27,M,2,8,5,11.135,0.35465,5.15,1519.75,30.465,29.7025,Madura,primavera,MO,Sep 2004,2.162135922330097,31.397152121810233,0.0073268629708833685,-0.7624999999999993,27_6,15
1662,256,6,sol,27,M,2,9,7,1.25555,0.28115,7.175,53.0825,30.7275,28.9675,Madura,primavera,MO,Nov 2004,0.17498954703832753,4.465765605548639,0.02365280459661847,-1.759999999999998,27_6,17
1663,257,6,sol,27,M,3,6,1,9.059,0.20405,2.8,601.175,18.0425,18.145,Jovem,inverno,MO,May 2004,3.2353571428571426,44.39598137711344,0.015068823553873664,0.10249999999999915,27_6,11
1664,257,6,sol,27,M,3,7,3,9.65175,0.31135,3.775,701.325,16.735,16.8325,Jov_Madura,inverno,MO,Jul 2004,2.5567549668874174,30.999678818050423,0.013762164474387766,0.09750000000000014,27_6,13
1665,257,6,sol,27,M,3,8,5,12.245,0.369475,6.08,1101.57,31.14,32.285,Madura,primavera,MO,Sep 2004,2.0139802631578947,33.14161986602612,0.011115952685712211,1.144999999999996,27_6,15
1666,257,6,sol,27,M,3,9,7,10.4795,0.510625,6.42,609.3,31.8625,30.9825,Madura,primavera,MO,Nov 2004,1.6323208722741434,20.522888616891066,0.017199245035286394,-0.879999999999999,27_6,17
1667,258,6,sol,28,F,1,6,1,8.097,0.22585000000000002,3.425,692.075,19.1025,19.3225,Jovem,inverno,MO,May 2004,2.364087591240876,35.85122869160947,0.01169959903189683,0.22000000000000242,28_6,11
1668,258,6,sol,28,F,1,7,3,3.6165,0.165925,1.7,1238.25,11.4175,11.515,Jov_Madura,inverno,MO,Jul 2004,2.1273529411764707,21.79599216513485,0.0029206541490006056,0.09750000000000014,28_6,13
1669,258,6,sol,28,F,1,8,5,17.5025,0.3441,6.8,1176.38,24.575,25.0075,Madura,primavera,MO,Sep 2004,2.5738970588235297,50.86457425167103,0.014878270626838266,0.432500000000001,28_6,15
1670,258,6,sol,28,F,1,9,7,3.448,0.38770000000000004,5.35,76.2275,32.2225,30.635,Madura,primavera,MO,Nov 2004,0.6444859813084113,8.893474335826669,0.04523301957954806,-1.587499999999995,28_6,17
1671,259,6,sol,28,F,2,6,1,1.79775,0.17682499999999998,3.55,1115.25,20.0275,22.1225,Jovem,inverno,MO,May 2004,0.5064084507042254,10.166831613176871,0.0016119704102219234,2.094999999999999,28_6,11
1672,259,6,sol,28,F,2,7,3,3.90875,0.057800000000000004,0.675,1774.25,12.7525,12.8525,Jov_Madura,inverno,MO,Jul 2004,5.79074074074074,67.62543252595155,0.0022030435395237425,0.09999999999999964,28_6,13
1673,259,6,sol,28,F,2,8,5,16.3925,0.2018,3.875,1376.0,25.255,26.9025,Madura,primavera,MO,Sep 2004,4.2303225806451605,81.23141724479682,0.01191315406976744,1.6475000000000009,28_6,15
1674,259,6,sol,28,F,2,9,7,5.6305,0.07252,1.8775,184.275,32.3925,31.6225,Madura,primavera,MO,Nov 2004,2.9989347536617843,77.64065085493657,0.030554877221543885,-0.7699999999999996,28_6,17
1675,260,6,sol,28,F,3,6,1,11.6425,0.2366,4.05,1200.45,20.2925,21.5775,Jovem,inverno,MO,May 2004,2.8746913580246916,49.20752324598478,0.00969844641592736,1.2850000000000001,28_6,11
1676,260,6,sol,28,F,3,7,3,0.8463,0.0568,0.8,1514.0,14.68,14.78,Jov_Madura,inverno,MO,Jul 2004,1.057875,14.899647887323944,0.0005589828269484809,0.09999999999999964,28_6,13
1677,260,6,sol,28,F,3,8,5,6.31925,0.0826,2.125,1355.0,25.695,27.8525,Madura,primavera,MO,Sep 2004,2.973764705882353,76.50423728813558,0.0046636531365313654,2.157499999999999,28_6,15
1678,260,6,sol,28,F,3,9,7,9.7845,0.38975000000000004,7.07,1468.68,33.4475,35.29,Madura,primavera,MO,Nov 2004,1.3839462517680339,25.10455420141116,0.006662104747119862,1.8425000000000011,28_6,17
1679,261,6,sol,29,F,1,7,3,2.4485,0.093525,0.95,1016.03,15.0325,15.13,Jov_Madura,inverno,MO,Jul 2004,2.5773684210526318,26.180165731087946,0.00240986978730943,0.09750000000000014,29_6,13
1680,262,6,sol,29,F,2,6,1,7.907,0.19555000000000003,3.475,1169.25,21.055,22.6725,Jovem,inverno,MO,May 2004,2.275395683453237,40.434671439529524,0.006762454564892025,1.6174999999999997,29_6,11
1681,262,6,sol,29,F,2,7,3,3.67225,0.12745,1.35,886.05,14.42,14.52,Jov_Madura,inverno,MO,Jul 2004,2.720185185185185,28.813260102000783,0.004144517803735681,0.09999999999999964,29_6,13
1682,262,6,sol,29,F,2,8,5,11.8325,0.17300000000000001,4.525,1437.5,28.1025,28.8075,Madura,primavera,MO,Sep 2004,2.614917127071823,68.39595375722543,0.008231304347826087,0.7050000000000018,29_6,15
1683,262,6,sol,29,F,2,9,7,6.1715,0.42110000000000003,3.68,1620.88,34.2225,36.535,Madura,primavera,MO,Nov 2004,1.6770380434782608,14.655663737829492,0.003807499629830709,2.3125,29_6,17
1684,263,6,sol,29,F,3,6,1,3.7855,0.29095000000000004,4.15,586.122,21.2625,20.5525,Jovem,inverno,MO,May 2004,0.912168674698795,13.01082660250902,0.006458552997498815,-0.7100000000000009,29_6,11
1685,263,6,sol,29,F,3,7,3,3.98925,0.13695000000000002,1.6,1415.0,17.32,17.42,Jov_Madura,inverno,MO,Jul 2004,2.49328125,29.129244249726174,0.0028192579505300353,0.10000000000000142,29_6,13
1686,263,6,sol,29,F,3,8,5,16.18,0.2084,5.075,488.772,27.19,29.0075,Madura,primavera,MO,Sep 2004,3.1881773399014777,77.63915547024952,0.03310336926010492,1.817499999999999,29_6,15
1687,263,6,sol,29,F,3,9,7,5.0125,0.35535000000000005,2.85,512.48,34.6525,36.3175,Madura,primavera,MO,Nov 2004,1.7587719298245614,14.10581117208386,0.009780869497346238,1.6649999999999991,29_6,17
1688,264,6,sol,30,M,1,6,1,0.875425,0.220775,3.3,536.65,21.3,20.9475,Jovem,inverno,MO,May 2004,0.26528030303030303,3.965236100101914,0.001631277368862387,-0.35249999999999915,30_6,11
1689,264,6,sol,30,M,1,7,3,1.381,0.096675,0.525,1202.0,9.01125,9.10925,Jov_Madura,inverno,MO,Jul 2004,2.63047619047619,14.284975433152315,0.0011489184692179701,0.09799999999999898,30_6,13
1690,264,6,sol,30,M,1,8,5,5.393,0.15495,3.4,1475.75,27.5225,27.3625,Madura,primavera,MO,Sep 2004,1.5861764705882353,34.80477573410777,0.0036544130103337287,-0.16000000000000014,30_6,15
1691,264,6,sol,30,M,1,9,7,5.77725,0.33285000000000003,2.29,592.65,33.5575,33.99,Madura,primavera,MO,Nov 2004,2.522816593886463,17.356917530419107,0.009748165021513542,0.43250000000000455,30_6,17
1692,265,6,sol,30,M,2,6,1,7.93475,0.175675,3.7,1268.8,21.3475,24.54,Jovem,inverno,MO,May 2004,2.144527027027027,45.16721218158531,0.0062537436948297605,3.192499999999999,30_6,11
1693,265,6,sol,30,M,2,7,3,2.5895,0.051524999999999994,0.4,836.55,10.6025,10.7,Jov_Madura,inverno,MO,Jul 2004,6.47375,50.25715672003882,0.0030954515569900187,0.09750000000000014,30_6,13
1694,265,6,sol,30,M,2,8,5,13.6975,0.226075,4.725,1783.75,26.7375,28.4225,Madura,primavera,MO,Sep 2004,2.898941798941799,60.58830034280659,0.007679046951646811,1.6849999999999987,30_6,15
1695,265,6,sol,30,M,2,9,7,5.53225,0.50085,2.39,118.533,33.4975,31.09,Madura,primavera,MO,Nov 2004,2.3147489539748953,11.045722272137366,0.04667265655977661,-2.4075000000000024,30_6,17
1696,266,6,sombra,1,F,1,6,1,1.92825,0.22172499999999998,1.225,38.0225,18.405,17.5525,Jovem,inverno,FUS,May 2004,1.5740816326530611,8.696583605818018,0.05071339338549543,-0.8525000000000027,1_6,11
1697,266,6,sombra,1,F,1,7,3,1.86375,0.117475,1.175,26.7875,18.5625,18.17,Jov_Madura,inverno,FUS,Jul 2004,1.5861702127659574,15.865077676101299,0.06957536164255716,-0.3924999999999983,1_6,13
1698,266,6,sombra,1,F,1,8,5,1.6407500000000002,0.134825,1.775,35.27,19.66,18.7325,Jov_Madura,primavera,FUS,Sep 2004,0.9243661971830988,12.16947895419989,0.04651970513184009,-0.9274999999999984,1_6,15
1699,266,6,sombra,1,F,1,9,7,2.82075,0.172925,2.125,41.985,21.215,20.315,Madura,primavera,FUS,Nov 2004,1.3274117647058823,16.31198496458002,0.0671847088245802,-0.8999999999999986,1_6,17
1700,266,6,sombra,1,F,1,10,9,0.5654,0.006933330000000001,0.0747583,6.408,25.9833,25.6433,Madura,verao,FUS,Jan 2005,7.563039823002931,81.54811612890198,0.0882334581772784,-0.33999999999999986,1_6,19
1701,266,6,sombra,1,F,1,11,11,0.66225,0.130825,0.65,12.815,20.3725,19.895,Madura,outono,FUS,Mar 2005,1.0188461538461537,5.062105866615708,0.051677721420210695,-0.47749999999999915,1_6,21
1702,266,6,sombra,1,F,1,12,13,0.79595,0.25332499999999997,1.3,20.36,22.545,22.015,Velha,inverno,FUS,May 2005,0.6122692307692308,3.1420112503700786,0.03909381139489195,-0.5300000000000011,1_6,23
1703,267,6,sombra,1,F,3,6,1,1.92663,0.253225,1.075,17.7475,19.045,18.035,Jovem,inverno,FUS,May 2004,1.7922139534883723,7.608372001184718,0.10855782504578111,-1.0100000000000016,1_6,11
1704,267,6,sombra,1,F,3,7,3,5.33625,0.279775,1.975,112.385,20.2525,19.705,Jov_Madura,inverno,FUS,Jul 2004,2.701898734177215,19.07336252345635,0.04748187035636428,-0.547500000000003,1_6,13
1705,267,6,sombra,1,F,3,8,5,3.32975,0.167175,2.55,58.0625,20.975,19.6125,Jov_Madura,primavera,FUS,Sep 2004,1.3057843137254903,19.917750859877376,0.05734768568353068,-1.3625000000000007,1_6,15
1706,267,6,sombra,1,F,3,9,7,1.707,0.1342,2.175,11.8477,22.245,21.235,Madura,primavera,FUS,Nov 2004,0.7848275862068966,12.719821162444113,0.14407859753369853,-1.0100000000000016,1_6,17
1707,267,6,sombra,1,F,3,10,9,0.433475,0.090325,1.15,14.95,27.2475,26.6625,Madura,verao,FUS,Jan 2005,0.3769347826086957,4.799058953778023,0.028994983277591976,-0.5849999999999973,1_6,19
1708,267,6,sombra,1,F,3,11,11,1.353,0.18725000000000003,1.15,34.7275,21.5975,20.8625,Madura,outono,FUS,Mar 2005,1.1765217391304348,7.225634178905206,0.03896047800734288,-0.7349999999999994,1_6,21
1709,267,6,sombra,1,F,3,12,13,1.35333,0.19460000000000002,0.925,24.0225,20.9625,20.3325,Velha,inverno,FUS,May 2005,1.4630594594594593,6.954419321685507,0.05633593506088042,-0.629999999999999,1_6,23
1710,268,6,sombra,2,M,1,6,1,3.07525,0.1723,1.825,45.4825,19.92,18.7575,Jovem,inverno,FUS,May 2004,1.685068493150685,17.848229831688915,0.06761391744077393,-1.1625000000000014,2_6,11
1711,268,6,sombra,2,M,1,7,3,2.525,0.3307,1.9,36.59,19.51,19.025,Jov_Madura,inverno,FUS,Jul 2004,1.3289473684210527,7.635319020260054,0.06900792566274938,-0.485000000000003,2_6,13
1712,269,6,sombra,2,M,2,6,1,1.78313,0.131075,2.3,55.005,19.745,19.12,Jovem,inverno,FUS,May 2004,0.7752739130434784,13.603890902155255,0.03241759840014544,-0.625,2_6,11
1713,269,6,sombra,2,M,2,7,3,3.17575,0.27907499999999996,1.575,51.6275,18.58,18.34,Jov_Madura,inverno,FUS,Jul 2004,2.016349206349206,11.379557466630835,0.06151275967265508,-0.23999999999999844,2_6,13
1714,269,6,sombra,2,M,2,8,5,5.622,0.0922,1.725,170.475,21.4725,20.865,Jov_Madura,primavera,FUS,Sep 2004,3.2591304347826084,60.9761388286334,0.032978442586889575,-0.6075000000000017,2_6,15
1715,269,6,sombra,2,M,2,9,7,2.265,0.180775,2.7,35.4525,22.1575,21.165,Madura,primavera,FUS,Nov 2004,0.8388888888888889,12.529387359977875,0.06388830124814894,-0.9924999999999997,2_6,17
1716,269,6,sombra,2,M,2,10,9,0.46297499999999997,0.096775,1.225,10.245,27.3125,26.7025,Madura,verao,FUS,Jan 2005,0.37793877551020405,4.7840351330405575,0.04519033674963397,-0.6099999999999994,2_6,19
1717,269,6,sombra,2,M,2,11,11,0.738675,0.106475,0.9,30.4375,22.61,21.9825,Madura,outono,FUS,Mar 2005,0.82075,6.9375440244188775,0.02426858316221766,-0.6274999999999977,2_6,21
1718,269,6,sombra,2,M,2,12,13,3.084,0.30985,1.5,37.2475,22.3025,21.7925,Velha,inverno,FUS,May 2005,2.056,9.953203162820719,0.08279750318813343,-0.509999999999998,2_6,23
1719,270,6,sombra,2,M,3,6,1,2.6615,0.24145000000000003,1.4,50.96,20.125,19.5825,Jovem,inverno,FUS,May 2004,1.9010714285714287,11.022986125491819,0.05222723704866562,-0.5425000000000004,2_6,11
1720,270,6,sombra,2,M,3,7,3,6.0805,0.24337499999999998,2.0,105.6,20.1825,20.105,Jov_Madura,inverno,FUS,Jul 2004,3.04025,24.984078068823834,0.05758049242424242,-0.07750000000000057,2_6,13
1721,270,6,sombra,2,M,3,8,5,3.2535,0.1507,2.5,30.845,22.1525,20.965,Jov_Madura,primavera,FUS,Sep 2004,1.3014,21.5892501658925,0.1054790079429405,-1.1875,2_6,15
1722,270,6,sombra,2,M,3,9,7,3.50575,0.17880000000000001,2.7,36.875,22.1875,21.34,Madura,primavera,FUS,Nov 2004,1.2984259259259259,19.607102908277405,0.09507118644067797,-0.8475000000000001,2_6,17
1723,270,6,sombra,2,M,3,10,9,0.666025,0.0616,0.85,12.905,27.7375,27.36,Madura,verao,FUS,Jan 2005,0.7835588235294118,10.812094155844155,0.05160984114684231,-0.3775000000000013,2_6,19
1724,270,6,sombra,2,M,3,11,11,0.6724500000000001,0.081025,0.8,9.278,23.3175,22.505,Madura,outono,FUS,Mar 2005,0.8405625000000001,8.299290342486888,0.07247790472084502,-0.8125,2_6,21
1725,270,6,sombra,2,M,3,12,13,0.941975,0.213075,1.025,2.841,22.9025,22.565,Velha,inverno,FUS,May 2005,0.919,4.420861199108296,0.3315645899331221,-0.3374999999999986,2_6,23
1726,271,6,sombra,3,F,1,6,1,1.8880000000000001,0.1993,1.2,25.6,19.465,19.23,Jovem,inverno,FUS,May 2004,1.5733333333333335,9.473156046161566,0.07375,-0.23499999999999943,3_6,11
1727,271,6,sombra,3,F,1,7,3,3.403,0.186875,1.5,50.66,20.795,20.2325,Jov_Madura,inverno,FUS,Jul 2004,2.268666666666667,18.21003344481605,0.06717331227793132,-0.5625,3_6,13
1728,271,6,sombra,3,F,1,8,5,3.94675,0.232175,4.45,43.705,24.37,22.6975,Jov_Madura,primavera,FUS,Sep 2004,0.8869101123595505,16.999030903413374,0.09030431300766503,-1.6724999999999994,3_6,15
1729,271,6,sombra,3,F,1,9,7,0.6656500000000001,0.22222499999999998,3.05,15.1975,22.13,21.0125,Madura,primavera,FUS,Nov 2004,0.2182459016393443,2.9953875576555298,0.043799967099851955,-1.1174999999999997,3_6,17
1730,271,6,sombra,3,F,1,10,9,0.862525,0.09040000000000001,1.425,18.3725,29.6075,28.89,Madura,verao,FUS,Jan 2005,0.605280701754386,9.541205752212388,0.046946523336508374,-0.7175000000000011,3_6,19
1731,271,6,sombra,3,F,1,11,11,0.45486699999999997,0.101,0.733333,3.42533,21.5367,20.9467,Madura,outono,FUS,Mar 2005,0.6202734637606653,4.503633663366336,0.13279508835645032,-0.5899999999999999,3_6,21
1732,271,6,sombra,3,F,1,12,13,0.33635000000000004,0.069,0.525,6.81925,23.665,23.31,Velha,inverno,FUS,May 2005,0.6406666666666667,4.87463768115942,0.049323605968398285,-0.3550000000000004,3_6,23
1733,272,6,sombra,3,F,2,6,1,1.05575,0.187575,1.3,9.22175,20.1075,19.7425,Jovem,inverno,FUS,May 2004,0.8121153846153846,5.628415300546449,0.11448477783500961,-0.365000000000002,3_6,11
1734,273,6,sombra,3,F,3,6,1,2.41125,0.21535,1.6,55.0425,21.4125,20.5825,Jovem,inverno,FUS,May 2004,1.5070312499999998,11.1968887856977,0.04380705818231367,-0.8300000000000018,3_6,11
1735,274,6,sombra,4,F,1,6,1,3.587,0.20545000000000002,1.5,65.535,21.085,20.445,Jovem,inverno,FUS,May 2004,2.3913333333333333,17.45923582380141,0.05473411154345007,-0.6400000000000006,4_6,11
1736,274,6,sombra,4,F,1,7,3,6.1555,0.214375,1.85,102.595,21.495,20.985,Jov_Madura,inverno,FUS,Jul 2004,3.327297297297297,28.713702623906705,0.05999805058726059,-0.5100000000000016,4_6,13
1737,274,6,sombra,4,F,1,8,5,11.8112,0.20302499999999998,3.925,406.2,24.0475,23.7075,Jov_Madura,primavera,FUS,Sep 2004,3.0092229299363056,58.176086688831425,0.02907730182176268,-0.33999999999999986,4_6,15
1738,274,6,sombra,4,F,1,9,7,2.80975,0.145,3.2,23.1075,26.495,25.125,Madura,primavera,FUS,Nov 2004,0.878046875,19.377586206896556,0.12159472032889754,-1.370000000000001,4_6,17
1739,274,6,sombra,4,F,1,10,9,0.9948,0.095,1.3,7.734,28.5,27.96,Madura,verao,FUS,Jan 2005,0.7652307692307693,10.471578947368421,0.12862684251357642,-0.5399999999999991,4_6,19
1740,274,6,sombra,4,F,1,11,11,0.1175,0.07015,0.55,5.6825,22.38,21.78,Madura,outono,FUS,Mar 2005,0.2136363636363636,1.6749821810406271,0.02067751869775627,-0.5999999999999979,4_6,21
1741,274,6,sombra,4,F,1,12,13,0.221025,0.064075,0.475,12.7817,23.1325,22.6975,Velha,inverno,FUS,May 2005,0.46531578947368424,3.449473273507609,0.017292300711173002,-0.4349999999999987,4_6,23
1742,275,6,sombra,4,F,3,6,1,2.46725,0.140725,1.1,51.4475,20.3675,19.835,Jovem,inverno,FUS,May 2004,2.242954545454545,17.532421389234322,0.04795665484231498,-0.5324999999999989,4_6,11
1743,275,6,sombra,4,F,3,7,3,2.6545,0.22505000000000003,1.75,52.59,20.9075,20.3325,Jov_Madura,inverno,FUS,Jul 2004,1.516857142857143,11.795156631859586,0.050475375546681876,-0.5749999999999993,4_6,13
1744,276,6,sombra,5,M,1,6,1,2.9085,0.23735000000000003,1.4,69.4025,20.1175,19.505,Jovem,inverno,FUS,May 2004,2.0775,12.254055192753317,0.04190771225820395,-0.6125000000000007,5_6,11
1745,276,6,sombra,5,M,1,7,3,4.0665,0.5044500000000001,3.2,99.635,20.5925,20.145,Jov_Madura,inverno,FUS,Jul 2004,1.2707812499999998,8.06125483199524,0.04081397099412856,-0.44750000000000156,5_6,13
1746,276,6,sombra,5,M,1,8,5,7.152,0.32735000000000003,5.4,128.4,23.3175,21.6775,Jov_Madura,primavera,FUS,Sep 2004,1.3244444444444443,21.84817473652054,0.055700934579439254,-1.6400000000000006,5_6,15
1747,276,6,sombra,5,M,1,9,7,1.15758,0.099225,2.625,18.7075,27.2275,26.2225,Madura,primavera,FUS,Nov 2004,0.4409828571428572,11.666213151927439,0.06187785647467594,-1.004999999999999,5_6,17
1748,276,6,sombra,5,M,1,10,9,0.9008,0.15430000000000002,1.6,13.96,25.355,24.6825,Madura,verao,FUS,Jan 2005,0.563,5.83797796500324,0.06452722063037249,-0.6724999999999994,5_6,19
1749,276,6,sombra,5,M,1,11,11,1.6015,0.1521,1.3,21.46,22.915,22.345,Madura,outono,FUS,Mar 2005,1.231923076923077,10.529257067718605,0.07462721342031686,-0.5700000000000003,5_6,21
1750,276,6,sombra,5,M,1,12,13,0.08503329999999999,0.1097,1.73333,3.8286700000000002,19.9767,19.02,Velha,inverno,FUS,May 2005,0.04905776741878349,0.7751440291704648,0.022209618483703213,-0.9567000000000014,5_6,23
1751,277,6,sombra,5,M,2,6,1,1.81875,0.163525,1.0,18.2525,20.0825,19.42,Jovem,inverno,FUS,May 2004,1.81875,11.122152576058706,0.09964388439939734,-0.6624999999999979,5_6,11
1752,277,6,sombra,5,M,2,7,3,2.385,0.331625,2.275,48.9375,21.3475,20.5725,Jov_Madura,inverno,FUS,Jul 2004,1.0483516483516484,7.1918582736524685,0.04873563218390804,-0.7749999999999986,5_6,13
1753,277,6,sombra,5,M,2,8,5,5.71575,0.342925,5.125,46.0925,23.285,21.8825,Jov_Madura,primavera,FUS,Sep 2004,1.1152682926829267,16.667638696507982,0.12400607474100991,-1.4024999999999999,5_6,15
1754,277,6,sombra,5,M,2,9,7,1.1605,0.0726,2.0,15.405,27.4,26.715,Madura,primavera,FUS,Nov 2004,0.58025,15.984848484848486,0.0753326841934437,-0.6849999999999987,5_6,17
1755,277,6,sombra,5,M,2,10,9,1.18007,0.0494,0.533333,34.2133,26.8867,26.2433,Madura,verao,FUS,Jan 2005,2.212632632895396,23.88805668016194,0.0344915573768096,-0.6433999999999997,5_6,19
1756,277,6,sombra,5,M,2,11,11,0.2227,0.08170000000000001,0.7,4.232,23.3,22.435,Madura,outono,FUS,Mar 2005,0.31814285714285717,2.7258261933904526,0.052622873345935725,-0.865000000000002,5_6,21
1757,277,6,sombra,5,M,2,12,13,0.109625,0.09955000000000001,1.5,2.448,19.5975,18.5075,Velha,inverno,FUS,May 2005,0.07308333333333333,1.1012054244098441,0.044781454248366014,-1.0899999999999999,5_6,23
1758,278,6,sombra,5,M,3,6,1,2.20925,0.11713499999999999,1.2,47.305,20.26,18.19,Jovem,inverno,FUS,May 2004,1.8410416666666667,18.860716267554533,0.04670225134763767,-2.0700000000000003,5_6,11
1759,278,6,sombra,5,M,3,7,3,1.55275,0.351375,3.075,23.88,21.415,20.8475,Jov_Madura,inverno,FUS,Jul 2004,0.504959349593496,4.419067947349698,0.06502303182579565,-0.567499999999999,5_6,13
1760,278,6,sombra,5,M,3,8,5,5.4485,0.2131,3.6,71.7725,23.8675,22.9875,Jov_Madura,primavera,FUS,Sep 2004,1.513472222222222,25.567808540591273,0.07591347661012227,-0.879999999999999,5_6,15
1761,278,6,sombra,5,M,3,9,7,0.552975,0.091475,2.725,24.385,27.715,26.9525,Madura,primavera,FUS,Nov 2004,0.20292660550458716,6.045094288056846,0.022676850522862415,-0.7624999999999993,5_6,17
1762,278,6,sombra,5,M,3,10,9,1.3365,0.042050000000000004,0.375,19.645,27.0075,26.36,Madura,verao,FUS,Jan 2005,3.564,31.78359096313912,0.06803257826418936,-0.6475000000000009,5_6,19
1763,279,6,sombra,6,M,1,6,1,1.873,0.151925,1.0,36.055,20.2525,19.8125,Jovem,inverno,FUS,May 2004,1.873,12.32845153858812,0.05194841214810706,-0.4400000000000013,6_6,11
1764,279,6,sombra,6,M,1,7,3,2.82175,0.25405,1.925,36.5725,21.425,20.8775,Jov_Madura,inverno,FUS,Jul 2004,1.465844155844156,11.107065538279867,0.0771549661631007,-0.5474999999999994,6_6,13
1765,279,6,sombra,6,M,1,8,5,2.6675,0.161125,2.775,76.5125,24.12,22.7775,Jov_Madura,primavera,FUS,Sep 2004,0.9612612612612613,16.555469356089993,0.03486358438163699,-1.3425000000000011,6_6,15
1766,279,6,sombra,6,M,1,9,7,3.2425,0.09217499999999999,2.3,193.6,28.035,27.08,Madura,primavera,FUS,Nov 2004,1.4097826086956524,35.17765120694332,0.01674845041322314,-0.9550000000000018,6_6,17
1767,279,6,sombra,6,M,1,10,9,0.6705749999999999,0.067725,0.975,9.03625,29.38,28.63,Madura,verao,FUS,Jan 2005,0.6877692307692307,9.901439645625691,0.07420943422326738,-0.75,6_6,19
1768,279,6,sombra,6,M,1,11,11,1.00863,0.068775,0.625,28.56,25.7775,25.045,Madura,outono,FUS,Mar 2005,1.613808,14.66564885496183,0.03531617647058823,-0.7324999999999982,6_6,21
1769,279,6,sombra,6,M,1,12,13,0.29872499999999996,0.055325,1.225,2.418,21.2625,20.66,Velha,inverno,FUS,May 2005,0.2438571428571428,5.399457749661093,0.12354218362282876,-0.6024999999999991,6_6,23
1770,280,6,sombra,6,M,2,6,1,2.74275,0.12805,1.45,61.7825,20.5375,20.36,Jovem,inverno,FUS,May 2004,1.8915517241379312,21.419367434595863,0.04439363897543803,-0.177500000000002,6_6,11
1771,280,6,sombra,6,M,2,7,3,1.588,0.322975,2.6,9.9735,21.365,20.755,Jov_Madura,inverno,FUS,Jul 2004,0.6107692307692307,4.916789225172227,0.1592219381360606,-0.6099999999999994,6_6,13
1772,280,6,sombra,6,M,2,8,5,2.67575,0.237975,3.825,42.315,23.065,21.8075,Jov_Madura,primavera,FUS,Sep 2004,0.6995424836601306,11.24382813320727,0.06323407775020679,-1.2575000000000003,6_6,15
1773,280,6,sombra,6,M,2,9,7,2.57875,0.127575,2.775,43.25,27.2475,26.31,Madura,primavera,FUS,Nov 2004,0.9292792792792792,20.213599843229474,0.0596242774566474,-0.9375,6_6,17
1774,281,6,sombra,6,M,3,6,1,1.331,0.13067499999999999,1.375,22.4675,20.48,19.9625,Jovem,inverno,FUS,May 2004,0.968,10.185574899559978,0.059241126070991426,-0.5175000000000018,6_6,11
1775,281,6,sombra,6,M,3,7,3,2.9735,0.30660000000000004,2.525,55.555,21.4825,21.2,Jov_Madura,inverno,FUS,Jul 2004,1.1776237623762378,9.698303979125896,0.05352353523535235,-0.2825000000000024,6_6,13
1776,281,6,sombra,6,M,3,8,5,4.2865,0.14585,2.725,239.15,23.4775,23.0425,Jov_Madura,primavera,FUS,Sep 2004,1.5730275229357797,29.389784024682893,0.0179238971356889,-0.4349999999999987,6_6,15
1777,281,6,sombra,6,M,3,9,7,1.28048,0.10352499999999999,2.675,6.22325,27.4375,26.6725,Madura,primavera,FUS,Nov 2004,0.47868411214953277,12.368799806809951,0.2057574418511228,-0.7650000000000006,6_6,17
1778,281,6,sombra,6,M,3,10,9,0.2529,0.047,0.85,5.31725,29.565,29.055,Madura,verao,FUS,Jan 2005,0.29752941176470593,5.3808510638297875,0.04756217969815225,-0.5100000000000016,6_6,19
1779,281,6,sombra,6,M,3,11,11,0.33752499999999996,0.07855000000000001,1.025,7.103,26.495,25.9025,Madura,outono,FUS,Mar 2005,0.3292926829268293,4.296944621260343,0.0475186540898212,-0.5925000000000011,6_6,21
1780,281,6,sombra,6,M,3,12,13,0.821425,0.177525,1.25,9.33975,21.8775,21.3525,Velha,inverno,FUS,May 2005,0.65714,4.627094775383749,0.08794935624615219,-0.5250000000000021,6_6,23
1781,282,6,sombra,7,M,1,6,1,1.4192,0.151475,2.0,34.155,18.435,17.73,Jovem,inverno,FUS,May 2004,0.7096,9.369202838752269,0.04155174937783633,-0.7049999999999983,7_6,11
1782,282,6,sombra,7,M,1,7,3,3.22725,0.36295000000000005,0.625,60.785,7.91575,7.50625,Jov_Madura,inverno,FUS,Jul 2004,5.163600000000001,8.8917206226753,0.05309286830632558,-0.4095000000000004,7_6,13
1783,282,6,sombra,7,M,1,8,5,2.4345,0.19825,3.25,33.945,22.8325,21.8075,Jov_Madura,primavera,FUS,Sep 2004,0.7490769230769231,12.279949558638082,0.0717189571365444,-1.0249999999999986,7_6,15
1784,282,6,sombra,7,M,1,9,7,0.9719500000000001,0.286775,5.6,13.14,28.6225,27.06,Madura,primavera,FUS,Nov 2004,0.17356250000000004,3.3892424374509638,0.07396879756468798,-1.5625,7_6,17
1785,283,6,sombra,7,M,2,6,1,2.73225,0.14002499999999998,1.525,59.5175,18.5225,17.835,Jovem,inverno,FUS,May 2004,1.7916393442622953,19.512587038028926,0.045906666106607305,-0.6875,7_6,11
1786,283,6,sombra,7,M,2,7,3,2.8055,0.143875,0.525,75.695,8.08225,7.863,Jov_Madura,inverno,FUS,Jul 2004,5.343809523809523,19.499565595134666,0.03706321421494154,-0.21924999999999972,7_6,13
1787,283,6,sombra,7,M,2,8,5,1.53975,0.164425,2.625,22.015,22.5625,21.49,Jov_Madura,primavera,FUS,Sep 2004,0.5865714285714285,9.364451877755815,0.06994094935271405,-1.0725000000000016,7_6,15
1788,283,6,sombra,7,M,2,9,7,2.01675,0.206775,4.425,29.875,29.12,28.17,Madura,primavera,FUS,Nov 2004,0.4557627118644068,9.753355096118971,0.06750627615062761,-0.9499999999999993,7_6,17
1789,283,6,sombra,7,M,2,10,9,0.851475,0.072725,1.225,28.1375,30.1925,29.3975,Madura,verao,FUS,Jan 2005,0.6950816326530611,11.7081471295978,0.03026121723678365,-0.7949999999999982,7_6,19
1790,283,6,sombra,7,M,2,11,11,0.9118,0.06535,0.825,21.155,27.17,26.2875,Madura,outono,FUS,Mar 2005,1.1052121212121213,13.95256312165264,0.04310092176790357,-0.8825000000000003,7_6,21
1791,284,6,sombra,7,M,3,6,1,3.31225,0.14830000000000002,2.025,47.7275,19.5525,19.1075,Jovem,inverno,FUS,May 2004,1.6356790123456793,22.334794335805796,0.06939919333717459,-0.44499999999999673,7_6,11
1792,284,6,sombra,7,M,3,7,3,3.24875,0.37537499999999996,0.6,85.575,7.93275,7.71325,Jov_Madura,inverno,FUS,Jul 2004,5.414583333333333,8.654678654678655,0.037963774466841946,-0.21950000000000003,7_6,13
1793,284,6,sombra,7,M,3,8,5,1.781,0.19222499999999998,2.975,31.4325,22.75,21.9475,Jov_Madura,primavera,FUS,Sep 2004,0.5986554621848739,9.265184029132527,0.056661099180784213,-0.8024999999999984,7_6,15
1794,284,6,sombra,7,M,3,9,7,2.17525,0.212425,4.45,25.84,28.5025,27.415,Madura,primavera,FUS,Nov 2004,0.48882022471910114,10.240084735789102,0.08418150154798762,-1.0875000000000021,7_6,17
1795,284,6,sombra,7,M,3,10,9,0.31016699999999997,0.10540000000000001,1.4666700000000001,9.747,28.89,28.23,Madura,verao,FUS,Jan 2005,0.21147701937041047,2.942760910815939,0.03182179132040627,-0.6600000000000001,7_6,19
1796,285,6,sombra,8,M,1,6,1,1.6027500000000001,0.152525,1.625,18.465,19.11,18.415,Jovem,inverno,FUS,May 2004,0.9863076923076923,10.50811342402885,0.08679935012185216,-0.6950000000000003,8_6,11
1797,285,6,sombra,8,M,1,7,3,3.48375,0.32775000000000004,0.625,70.37,8.05125,7.8925,Jov_Madura,inverno,FUS,Jul 2004,5.574,10.62929061784897,0.04950618161148217,-0.1587499999999995,8_6,13
1798,285,6,sombra,8,M,1,8,5,2.2925,0.137375,2.5,29.495,26.7025,25.705,Jov_Madura,primavera,FUS,Sep 2004,0.917,16.687898089171973,0.07772503814205797,-0.9975000000000023,8_6,15
1799,285,6,sombra,8,M,1,9,7,2.3545,0.286775,5.525,45.085,28.4775,27.48,Madura,primavera,FUS,Nov 2004,0.4261538461538461,8.210269374945515,0.052223577686591985,-0.9974999999999987,8_6,17
1800,285,6,sombra,8,M,1,10,9,0.48755000000000004,0.10890000000000001,2.075,7.253,30.4725,30.0125,Madura,verao,FUS,Jan 2005,0.23496385542168674,4.47704315886134,0.06722046049910382,-0.46000000000000085,8_6,19
1801,285,6,sombra,8,M,1,11,11,0.105875,0.0847,1.15,9.52175,26.35,25.5025,Madura,outono,FUS,Mar 2005,0.09206521739130435,1.25,0.011119279544201431,-0.8475000000000001,8_6,21
1802,285,6,sombra,8,M,1,12,13,0.6635749999999999,0.6110500000000001,1.0,13.4775,12.4425,11.935,Velha,inverno,FUS,May 2005,0.6635749999999999,1.0859585958595857,0.04923576330921907,-0.5075000000000003,8_6,23
1803,286,6,sombra,9,M,1,6,1,0.991625,0.095525,1.05,13.81,21.155,20.605,Jovem,inverno,FUS,May 2004,0.9444047619047619,10.380790369013347,0.07180485155684287,-0.5500000000000007,9_6,11
1804,286,6,sombra,9,M,1,7,3,0.6988500000000001,0.2298,1.6,15.1175,15.2875,14.7175,Jov_Madura,inverno,FUS,Jul 2004,0.43678125,3.0411227154047,0.04622788159417894,-0.5700000000000003,9_6,13
1805,286,6,sombra,9,M,1,8,5,1.14985,0.155525,2.775,28.9225,23.235,22.525,Jov_Madura,primavera,FUS,Sep 2004,0.4143603603603604,7.393345121363125,0.03975624513786844,-0.7100000000000009,9_6,15
1806,286,6,sombra,9,M,1,9,7,2.393,0.158625,2.325,37.63,24.33,23.3825,Madura,primavera,FUS,Nov 2004,1.0292473118279568,15.08589440504334,0.0635928780228541,-0.947499999999998,9_6,17
1807,286,6,sombra,9,M,1,10,9,1.10298,0.054650000000000004,0.95,51.355,29.945,29.575,Madura,verao,FUS,Jan 2005,1.1610315789473686,20.182616651418115,0.021477558173498203,-0.370000000000001,9_6,19
1808,286,6,sombra,9,M,1,11,11,0.429125,0.042374999999999996,0.5,8.521,26.195,25.1575,Madura,outono,FUS,Mar 2005,0.85825,10.12684365781711,0.050360873136955746,-1.0375000000000014,9_6,21
1809,286,6,sombra,9,M,1,12,13,0.69205,0.1134,0.25,11.635,12.895,12.34,Velha,inverno,FUS,May 2005,2.7682,6.10273368606702,0.0594800171895144,-0.5549999999999997,9_6,23
1810,287,6,sombra,9,M,2,6,1,1.6935,0.15,2.0,31.435,20.775,20.42,Jovem,inverno,FUS,May 2004,0.84675,11.290000000000001,0.053873071417210115,-0.3549999999999969,9_6,11
1811,287,6,sombra,9,M,2,7,3,0.3834,0.19340000000000002,1.725,9.673,15.815,15.3425,Jov_Madura,inverno,FUS,Jul 2004,0.2222608695652174,1.982419855222337,0.03963610048588856,-0.47250000000000014,9_6,13
1812,287,6,sombra,9,M,2,8,5,1.258,0.12305,2.425,26.8675,23.3725,22.9,Jov_Madura,primavera,FUS,Sep 2004,0.5187628865979382,10.223486387647297,0.046822369033218576,-0.47250000000000014,9_6,15
1813,287,6,sombra,9,M,2,9,7,1.0296,0.16155000000000003,2.575,11.0275,24.85,23.7575,Madura,primavera,FUS,Nov 2004,0.39984466019417475,6.373259052924791,0.09336658354114714,-1.0925000000000011,9_6,17
1814,287,6,sombra,9,M,2,10,9,0.3281,0.0938667,1.3,19.1333,30.1033,29.5233,Madura,verao,FUS,Jan 2005,0.2523846153846154,3.4953822814693605,0.017148113498455575,-0.5800000000000018,9_6,19
1815,287,6,sombra,9,M,2,11,11,0.8738,0.0441,0.6,30.905,26.39,25.6625,Madura,outono,FUS,Mar 2005,1.4563333333333335,19.8140589569161,0.02827374211292671,-0.7274999999999991,9_6,21
1816,287,6,sombra,9,M,2,12,13,0.61295,0.1136,0.35,7.0125,12.83,12.6425,Velha,inverno,FUS,May 2005,1.7512857142857143,5.395686619718309,0.08740819964349376,-0.1875,9_6,23
1817,288,6,sombra,11,M,1,6,1,1.6167500000000001,0.13725,0.95,31.585,18.4475,17.74,Jovem,inverno,FUS,May 2004,1.701842105263158,11.77959927140255,0.05118727243944911,-0.7075000000000031,11_6,11
1818,288,6,sombra,11,M,1,7,3,0.591275,0.03045,0.1,6.86475,5.67275,5.76975,Jov_Madura,inverno,FUS,Jul 2004,5.91275,19.417898193760262,0.08613205142212026,0.09700000000000042,11_6,13
1819,288,6,sombra,11,M,1,8,5,0.27035000000000003,0.121275,2.8,18.4875,26.97,25.7325,Jov_Madura,primavera,FUS,Sep 2004,0.09655357142857145,2.229231086373944,0.014623394185260312,-1.2374999999999972,11_6,15
1820,288,6,sombra,11,M,1,9,7,3.7455,0.273075,5.325,59.2725,27.075,26.265,Madura,primavera,FUS,Nov 2004,0.7033802816901408,13.716012084592144,0.0631911932177654,-0.8099999999999987,11_6,17
1821,288,6,sombra,11,M,1,10,9,0.6003000000000001,0.141575,1.05,22.545,22.945,22.325,Madura,verao,FUS,Jan 2005,0.5717142857142857,4.240155394667138,0.02662674650698603,-0.620000000000001,11_6,19
1822,289,6,sombra,11,M,2,6,1,0.744375,0.1154,1.5,14.9583,17.7625,17.1825,Jovem,inverno,FUS,May 2004,0.49625,6.450389948006932,0.04976334209101302,-0.5799999999999983,11_6,11
1823,289,6,sombra,11,M,2,7,3,0.6776500000000001,0.042175,0.2,16.54,5.18375,5.28025,Jov_Madura,inverno,FUS,Jul 2004,3.38825,16.067575577949025,0.04097037484885128,0.09649999999999981,11_6,13
1824,289,6,sombra,11,M,2,8,5,1.0324,0.151233,3.46667,34.85,26.8867,25.8233,Jov_Madura,primavera,FUS,Sep 2004,0.29780740595441735,6.826552405890248,0.029624103299856527,-1.0634000000000015,11_6,15
1825,289,6,sombra,11,M,2,9,7,7.543,0.33475000000000005,6.225,191.65,28.0675,26.7775,Madura,primavera,FUS,Nov 2004,1.2117269076305222,22.533233756534724,0.03935820506130968,-1.2899999999999991,11_6,17
1826,289,6,sombra,11,M,2,10,9,3.81775,0.185725,1.3,17.4975,24.2075,23.5675,Madura,verao,FUS,Jan 2005,2.936730769230769,20.555929465607754,0.21818831261608804,-0.6400000000000006,11_6,19
1827,290,6,sombra,11,M,3,6,1,0.6022500000000001,0.084525,1.25,22.2125,18.625,18.075,Jovem,inverno,FUS,May 2004,0.48180000000000006,7.12511091393079,0.027113111986494097,-0.5500000000000007,11_6,11
1828,290,6,sombra,11,M,3,7,3,0.697125,0.039125,0.175,5.9575,6.1375,6.2325,Jov_Madura,inverno,FUS,Jul 2004,3.983571428571429,17.817891373801917,0.11701636592530425,0.09499999999999975,11_6,13
1829,290,6,sombra,11,M,3,8,5,0.835075,0.11347499999999999,2.875,7.1635,27.1275,26.1875,Jov_Madura,primavera,FUS,Sep 2004,0.2904608695652174,7.3591099361092756,0.11657360228938368,-0.9400000000000013,11_6,15
1830,290,6,sombra,11,M,3,9,7,4.7945,0.44320000000000004,7.425,75.1125,27.2525,26.3275,Madura,primavera,FUS,Nov 2004,0.6457239057239058,10.817915162454874,0.06383092028623731,-0.9250000000000007,11_6,17
1831,290,6,sombra,11,M,3,10,9,3.7425,0.14302499999999999,1.275,45.8225,24.9825,24.48,Madura,verao,FUS,Jan 2005,2.935294117647059,26.16675406397483,0.08167385018277049,-0.5025000000000013,11_6,19
1832,291,6,sombra,12,M,1,6,1,1.10425,0.092775,0.925,48.2725,18.3475,18.12,Jovem,inverno,FUS,May 2004,1.1937837837837837,11.902452169226624,0.0228753431042519,-0.22749999999999915,12_6,11
1833,291,6,sombra,12,M,1,7,3,1.08218,0.0261,0.2,25.945,11.085,11.1825,Jov_Madura,inverno,FUS,Jul 2004,5.410899999999999,41.462835249042136,0.04171054153015995,0.09749999999999837,12_6,13
1834,291,6,sombra,12,M,1,8,5,1.63775,0.18180000000000002,4.125,28.1375,27.255,25.9625,Jov_Madura,primavera,FUS,Sep 2004,0.39703030303030307,9.008525852585258,0.05820524211461573,-1.2925000000000004,12_6,15
1835,291,6,sombra,12,M,1,9,7,6.773,0.49077499999999996,4.48,64.35,27.32,27.07,Madura,primavera,FUS,Nov 2004,1.5118303571428569,13.800621466048597,0.10525252525252525,-0.25,12_6,17
1836,291,6,sombra,12,M,1,10,9,2.565,0.144625,1.35,40.7425,26.025,25.4675,Madura,verao,FUS,Jan 2005,1.9,17.73552290406223,0.0629563723384672,-0.5574999999999974,12_6,19
1837,291,6,sombra,12,M,1,11,11,0.6255000000000001,0.061325,0.75,21.305,27.065,25.9775,Madura,outono,FUS,Mar 2005,0.8340000000000001,10.199755401549124,0.02935930532738794,-1.0875000000000021,12_6,21
1838,291,6,sombra,12,M,1,12,13,0.358125,0.058175,0.2,1.7839500000000001,13.2875,12.6275,Velha,inverno,FUS,May 2005,1.7906250000000001,6.155994843145682,0.200748339359287,-0.6600000000000001,12_6,23
1839,292,6,sombra,12,M,3,6,1,1.41335,0.1869,1.8,61.105,19.155,18.8125,Jovem,inverno,FUS,May 2004,0.7851944444444445,7.562065275548422,0.023129858440389495,-0.34250000000000114,12_6,11
1840,292,6,sombra,12,M,3,7,3,0.825475,0.065375,0.525,14.9683,9.427,9.5245,Jov_Madura,inverno,FUS,Jul 2004,1.5723333333333331,12.626768642447418,0.055148213223946606,0.09750000000000014,12_6,13
1841,292,6,sombra,12,M,3,8,5,0.6618,0.131925,3.025,22.1225,27.2725,26.1025,Jov_Madura,primavera,FUS,Sep 2004,0.21877685950413225,5.016486640136442,0.02991524466041361,-1.1700000000000017,12_6,15
1842,292,6,sombra,12,M,3,9,7,6.5785,0.374125,5.1,116.643,27.64,26.5775,Madura,primavera,FUS,Nov 2004,1.2899019607843139,17.583695289007686,0.056398583712696,-1.0625,12_6,17
1843,292,6,sombra,12,M,3,10,9,1.84175,0.091475,1.275,42.7975,26.16,25.6825,Madura,verao,FUS,Jan 2005,1.4445098039215687,20.13391637059306,0.04303405572755418,-0.47749999999999915,12_6,19
1844,292,6,sombra,12,M,3,11,11,0.6432,0.0725,1.15,7.573,28.715,28.13,Madura,outono,FUS,Mar 2005,0.559304347826087,8.871724137931036,0.0849333157269246,-0.5850000000000009,12_6,21
1845,292,6,sombra,12,M,3,12,13,0.448225,0.104225,0.475,12.0875,14.7475,14.0225,Velha,inverno,FUS,May 2005,0.9436315789473685,4.30055169105301,0.03708169596690796,-0.7249999999999996,12_6,23
1846,293,6,sombra,13,M,2,6,1,0.58765,0.0644,0.9,7.86275,18.9225,18.645,Jovem,inverno,FUS,May 2004,0.6529444444444444,9.125,0.07473848208324059,-0.27749999999999986,13_6,11
1847,293,6,sombra,13,M,2,7,3,1.897,0.07590000000000001,0.75,22.225,9.1255,9.221,Jov_Madura,inverno,FUS,Jul 2004,2.529333333333333,24.99341238471673,0.08535433070866141,0.09549999999999947,13_6,13
1848,293,6,sombra,13,M,2,8,5,4.37575,0.17345000000000002,3.4,126.525,25.8575,25.035,Jov_Madura,primavera,FUS,Sep 2004,1.2869852941176472,25.22773133467858,0.03458407429361786,-0.8225000000000016,13_6,15
1849,293,6,sombra,13,M,2,9,7,2.26025,0.214725,4.075,42.0125,28.0375,27.605,Madura,primavera,FUS,Nov 2004,0.5546625766871166,10.526254511584586,0.053799464445105624,-0.432500000000001,13_6,17
1850,293,6,sombra,13,M,2,10,9,0.497675,0.115425,1.125,12.57,24.1875,23.8275,Madura,verao,FUS,Jan 2005,0.44237777777777776,4.311674247346762,0.039592283214001586,-0.35999999999999943,13_6,19
1851,293,6,sombra,13,M,2,11,11,0.5193,0.050850000000000006,0.8,9.12375,26.68,26.11,Madura,outono,FUS,Mar 2005,0.649125,10.212389380530972,0.056917385943279906,-0.5700000000000003,13_6,21
1852,293,6,sombra,13,M,2,12,13,0.761475,0.0604,0.275,9.2805,10.0445,9.7585,Velha,inverno,FUS,May 2005,2.7689999999999997,12.607201986754967,0.08205107483433005,-0.2859999999999996,13_6,23
1853,294,6,sombra,13,M,3,9,7,1.695,0.219225,4.225,49.18,28.4175,27.765,Madura,primavera,FUS,Nov 2004,0.40118343195266276,7.73178241532672,0.034465229768198456,-0.6524999999999999,13_6,17
1854,294,6,sombra,13,M,3,10,9,0.491,0.12475000000000001,1.15,13.3875,24.2375,23.8975,Madura,verao,FUS,Jan 2005,0.42695652173913046,3.9358717434869734,0.03667600373482727,-0.33999999999999986,13_6,19
1855,294,6,sombra,13,M,3,11,11,1.2902,0.0677333,1.26667,40.62,28.0467,27.3033,Madura,outono,FUS,Mar 2005,1.0185762669045608,19.04823772058943,0.03176267848350566,-0.7434000000000012,13_6,21
1856,294,6,sombra,13,M,3,12,13,0.546875,0.055450000000000006,0.275,7.496,11.29,11.06,Velha,inverno,FUS,May 2005,1.9886363636363635,9.862488728584308,0.07295557630736392,-0.22999999999999865,13_6,23
1857,295,6,sombra,14,M,2,6,1,0.5981500000000001,0.086625,0.95,3.5665,18.885,18.4425,Jovem,inverno,FUS,May 2004,0.6296315789473685,6.905050505050506,0.16771344455348383,-0.44250000000000256,14_6,11
1858,295,6,sombra,14,M,2,7,3,0.7474500000000001,0.04605,0.4,11.6683,9.17175,9.2685,Jov_Madura,inverno,FUS,Jul 2004,1.868625,16.23127035830619,0.06405817471268309,0.09675000000000011,14_6,13
1859,295,6,sombra,14,M,2,8,5,2.74125,0.226325,4.7,58.8525,27.215,26.3725,Jov_Madura,primavera,FUS,Sep 2004,0.5832446808510638,12.11200706947973,0.04657831018223525,-0.8425000000000011,14_6,15
1860,296,6,sombra,14,M,3,6,1,2.08125,0.25585,2.875,63.72,19.105,18.75,Jovem,inverno,FUS,May 2004,0.7239130434782608,8.134649208520615,0.032662429378531074,-0.3550000000000004,14_6,11
1861,296,6,sombra,14,M,3,7,3,2.452,0.09935000000000001,0.825,47.545,8.814,8.91525,Jov_Madura,inverno,FUS,Jul 2004,2.972121212121212,24.680422747861094,0.05157219476285624,0.10125000000000028,14_6,13
1862,296,6,sombra,14,M,3,8,5,1.73125,0.21617499999999998,4.3,166.678,27.13,26.0325,Jov_Madura,primavera,FUS,Sep 2004,0.40261627906976744,8.008557881346132,0.010386793698028534,-1.0975000000000001,14_6,15
1863,296,6,sombra,14,M,3,9,7,0.7502249999999999,0.3443,5.425,13.1425,28.945,27.7025,Madura,primavera,FUS,Nov 2004,0.13829032258064516,2.1789863491141443,0.05708388814913448,-1.2424999999999997,14_6,17
1864,296,6,sombra,14,M,3,10,9,0.5567500000000001,0.16040000000000001,1.475,14.8975,24.655,24.2,Madura,verao,FUS,Jan 2005,0.3774576271186441,3.471009975062344,0.037372042288974665,-0.45500000000000185,14_6,19
1865,296,6,sombra,14,M,3,11,11,0.23215000000000002,0.0316,0.6,11.8667,28.0475,27.39,Madura,outono,FUS,Mar 2005,0.38691666666666674,7.3465189873417724,0.019563147294530073,-0.6574999999999989,14_6,21
1866,296,6,sombra,14,M,3,12,13,0.4849,0.0553,0.3,6.9555,11.1875,10.915,Velha,inverno,FUS,May 2005,1.6163333333333334,8.768535262206148,0.06971461433398031,-0.27250000000000085,14_6,23
1867,297,6,sombra,15,M,1,6,1,0.33265,0.136625,1.5,11.3925,19.0575,18.7025,Jovem,inverno,FUS,May 2004,0.22176666666666667,2.4347666971637696,0.029199034452490672,-0.3550000000000004,15_6,11
1868,297,6,sombra,15,M,1,7,3,2.97625,0.083275,0.625,221.2,9.386,9.481,Jov_Madura,inverno,FUS,Jul 2004,4.762,35.74001801260882,0.01345501808318264,0.09500000000000064,15_6,13
1869,297,6,sombra,15,M,1,8,5,1.6265,0.09340000000000001,1.875,26.0825,25.9675,25.2,Jov_Madura,primavera,FUS,Sep 2004,0.8674666666666667,17.414346895074946,0.06235981980254961,-0.7675000000000018,15_6,15
1870,297,6,sombra,15,M,1,9,7,2.41625,0.202375,3.275,34.2075,29.24,28.1825,Madura,primavera,FUS,Nov 2004,0.7377862595419847,11.939468807906113,0.07063509464298763,-1.0574999999999974,15_6,17
1871,297,6,sombra,15,M,1,10,9,1.45125,0.097775,0.925,28.7125,25.73,25.2875,Madura,verao,FUS,Jan 2005,1.5689189189189188,14.842751214523139,0.050544188071397475,-0.442499999999999,15_6,19
1872,297,6,sombra,15,M,1,11,11,0.7795000000000001,0.063525,1.4,10.0378,28.8025,28.0125,Madura,outono,FUS,Mar 2005,0.5567857142857143,12.270759543486818,0.07765645858654287,-0.7899999999999991,15_6,21
1873,298,6,sombra,15,M,2,6,1,0.41200000000000003,0.207925,2.425,9.5815,19.2225,18.985,Jovem,inverno,FUS,May 2004,0.16989690721649486,1.9814837080678132,0.04299953034493555,-0.2375000000000007,15_6,11
1874,298,6,sombra,15,M,2,7,3,1.83675,0.0724,0.475,56.1275,9.0725,9.1675,Jov_Madura,inverno,FUS,Jul 2004,3.8668421052631583,25.369475138121548,0.03272460024052381,0.09500000000000064,15_6,13
1875,298,6,sombra,15,M,2,8,5,1.88225,0.1369,2.9,27.265,26.4825,25.76,Jov_Madura,primavera,FUS,Sep 2004,0.649051724137931,13.7490869247626,0.06903539336145241,-0.7225000000000001,15_6,15
1876,298,6,sombra,15,M,2,9,7,1.6595,0.19725,3.675,43.8275,29.345,28.5675,Madura,primavera,FUS,Nov 2004,0.45156462585034013,8.41318124207858,0.0378643545719012,-0.7774999999999999,15_6,17
1877,298,6,sombra,15,M,2,10,9,0.8234,0.066125,1.125,12.0875,29.395,28.9125,Madura,verao,FUS,Jan 2005,0.7319111111111112,12.452173913043477,0.06811995863495346,-0.48249999999999815,15_6,19
1878,299,6,sombra,15,M,3,6,1,2.44075,0.154475,2.0,22.91,19.945,19.9225,Jovem,inverno,FUS,May 2004,1.220375,15.800291309273344,0.10653644696639022,-0.022500000000000853,15_6,11
1879,299,6,sombra,15,M,3,7,3,1.7517500000000001,0.04335000000000001,0.3,34.14,9.64375,9.741,Jov_Madura,inverno,FUS,Jul 2004,5.839166666666667,40.40945790080738,0.0513107791446983,0.09724999999999895,15_6,13
1880,299,6,sombra,15,M,3,8,5,1.48825,0.122475,2.85,35.5125,26.4375,25.97,Jov_Madura,primavera,FUS,Sep 2004,0.5221929824561403,12.151459481526842,0.04190777895107357,-0.46750000000000114,15_6,15
1881,299,6,sombra,15,M,3,9,7,1.6592500000000001,0.13035000000000002,3.15,21.245,29.6,28.8175,Madura,primavera,FUS,Nov 2004,0.5267460317460319,12.729190640583045,0.0781007295834314,-0.7825000000000024,15_6,17
1882,299,6,sombra,15,M,3,10,9,0.8717,0.035574999999999996,0.325,15.7125,25.935,25.5925,Madura,verao,FUS,Jan 2005,2.682153846153846,24.50316233309909,0.055478122513922035,-0.3424999999999976,15_6,19
1883,299,6,sombra,15,M,3,11,11,0.9124749999999999,0.043275,0.95,9.1545,29.36,28.445,Madura,outono,FUS,Mar 2005,0.9605,21.085499711149623,0.09967502321262765,-0.9149999999999991,15_6,21
1884,299,6,sombra,15,M,3,12,13,0.752875,0.058850000000000006,0.35,9.52375,12.8175,12.63,Velha,inverno,FUS,May 2005,2.1510714285714285,12.793118096856412,0.07905236907730673,-0.1875,15_6,23
1885,300,7,sol,19,F,3,7,1,12.0625,0.25695,5.725,825.675,24.3125,25.53,Jovem,inverno,MO,Jul 2004,2.106986899563319,46.94493092041253,0.01460925909104672,1.2175000000000011,19_7,13
1886,300,7,sol,19,F,3,8,3,19.84,0.343725,6.525,150.485,24.6475,24.5325,Jov_Madura,primavera,MO,Sep 2004,3.040613026819923,57.72056149538148,0.13184038276240156,-0.11500000000000199,19_7,15
1887,301,7,sol,20,F,2,7,1,5.61,0.375225,5.725,561.15,23.865,22.445,Jovem,inverno,MO,Jul 2004,0.9799126637554586,14.95102938237058,0.009997326917936382,-1.4199999999999982,20_7,13
1888,301,7,sol,20,F,2,8,3,7.7905,0.1705,3.4,689.1,23.1475,22.45,Jov_Madura,primavera,MO,Sep 2004,2.291323529411765,45.692082111436946,0.011305325787258742,-0.6975000000000016,20_7,15
1889,302,7,sol,20,F,3,7,1,12.1175,0.2346,5.625,1245.75,25.39,26.4275,Jovem,inverno,MO,Jul 2004,2.1542222222222223,51.65174765558397,0.00972707204495284,1.0374999999999979,20_7,13
1890,302,7,sol,20,F,3,8,3,12.55,0.233975,5.25,1707.5,24.2825,25.66,Jov_Madura,primavera,MO,Sep 2004,2.3904761904761904,53.63820921038573,0.007349926793557834,1.3775000000000013,20_7,15
1891,303,7,sol,21,M,3,7,1,14.98,0.30335,5.725,1131.5,24.9425,25.8025,Jovem,inverno,MO,Jul 2004,2.616593886462882,49.38190209329158,0.013239063190455149,0.8599999999999994,21_7,13
1892,303,7,sol,21,M,3,8,3,15.8175,0.245475,6.35,1225.82,26.08,27.8525,Jov_Madura,primavera,MO,Sep 2004,2.490944881889764,64.43629697525206,0.012903607381181579,1.7725000000000009,21_7,15
1893,303,7,sol,21,M,3,9,5,7.846,0.184575,4.7,419.425,25.7225,26.815,Madura,primavera,MO,Nov 2004,1.6693617021276594,42.50846539347149,0.018706562555880074,1.0925000000000011,21_7,17
1894,304,7,sol,22,F,2,7,1,11.7125,0.414375,4.12,851.95,23.3875,24.1725,Jovem,inverno,MO,Jul 2004,2.8428398058252426,28.265460030165915,0.0137478725277305,0.7850000000000001,22_7,13
1895,304,7,sol,22,F,2,8,3,3.9175,0.16695000000000002,4.65,567.45,27.75,26.1775,Jov_Madura,primavera,MO,Sep 2004,0.8424731182795698,23.465109314165915,0.006903691955238347,-1.5725000000000016,22_7,15
1896,305,7,sol,26,F,1,7,1,9.02675,0.31805,3.875,494.6,19.645,19.21,Jovem,inverno,MO,Jul 2004,2.3294838709677417,28.381543782424146,0.018250606550748078,-0.4349999999999987,26_7,13
1897,305,7,sol,26,F,1,8,3,9.731,0.183175,7.45,1043.63,29.525,32.4,Jov_Madura,primavera,MO,Sep 2004,1.3061744966442952,53.12406168964105,0.009324185774651935,2.875,26_7,15
1898,306,7,sol,28,F,2,7,1,0.8117000000000001,0.0236667,0.266667,1962.67,13.28,13.3767,Jovem,inverno,MO,Jul 2004,3.0438711951610067,34.297134792767906,0.000413569270432625,0.09670000000000023,28_7,13
1899,306,7,sol,28,F,2,8,3,8.48575,0.18755000000000002,4.1,853.0,25.2725,25.24,Jov_Madura,primavera,MO,Sep 2004,2.0696951219512196,45.24526792855238,0.00994812426729191,-0.032500000000002416,28_7,15
1900,307,7,sombra,1,F,1,7,1,1.966,0.081375,0.905,31.9775,18.85,18.445,Jovem,inverno,FUS,Jul 2004,2.1723756906077347,24.15975422427035,0.061480728637323116,-0.40500000000000114,1_7,13
1901,307,7,sombra,1,F,1,8,3,5.23825,0.200325,3.95,163.9,23.4875,22.8075,Jov_Madura,primavera,FUS,Sep 2004,1.326139240506329,26.1487582678148,0.03196003660768761,-0.6799999999999997,1_7,15
1902,308,7,sombra,11,M,1,7,1,0.52615,0.05365,0.225,7.59075,5.52325,5.61925,Jovem,inverno,FUS,Jul 2004,2.3384444444444443,9.80708294501398,0.06931462635444456,0.09600000000000009,11_7,13
1903,308,7,sombra,11,M,1,8,3,6.76225,0.17025,2.35,126.7,20.2325,19.185,Jov_Madura,primavera,FUS,Sep 2004,2.8775531914893615,39.71953010279001,0.05337213891081294,-1.047500000000003,11_7,15
1904,309,7,sombra,11,M,2,7,1,0.7914500000000001,0.068175,0.275,17.235,5.0495,5.1465,Jovem,inverno,FUS,Jul 2004,2.878,11.60909424275761,0.04592109080359734,0.09699999999999953,11_7,13
1905,310,7,sombra,11,M,3,7,1,0.7641749999999999,0.052425,0.25,18.505,5.99375,6.08825,Jovem,inverno,FUS,Jul 2004,3.0566999999999998,14.576537911301859,0.04129559578492299,0.09450000000000003,11_7,13
1906,310,7,sombra,11,M,3,8,3,1.29708,0.19797499999999998,3.425,32.52,25.68,25.005,Jov_Madura,primavera,FUS,Sep 2004,0.3787094890510949,6.551736330344741,0.03988560885608856,-0.6750000000000007,11_7,15
1907,311,9,sol,16,F,1,9,1,7.8185,0.169475,3.85,583.3,23.915,23.595,Jovem,primavera,MO,Nov 2004,2.0307792207792206,46.133648030683,0.013403908794788274,-0.3200000000000003,16_9,17
1908,311,9,sol,16,F,1,10,3,5.102,0.28195000000000003,6.125,105.548,31.255,31.43,Jov_Madura,verao,MO,Jan 2005,0.8329795918367348,18.095406987054442,0.04833819683935271,0.1750000000000007,16_9,19
1909,311,9,sol,16,F,1,11,5,9.90725,0.36335,3.55,63.7275,22.2875,21.9775,Madura,outono,MO,Mar 2005,2.790774647887324,27.2664097977157,0.1554627123298419,-0.3100000000000023,16_9,21
1910,311,9,sol,16,F,1,12,7,2.64325,0.0926,1.02957,482.2,13.6025,12.9925,Madura,inverno,MO,May 2005,2.5673339355264817,28.544816414686824,0.005481646619659893,-0.6099999999999994,16_9,23
1911,312,9,sol,16,F,2,9,1,8.67,0.137425,3.275,582.925,24.26,23.81,Jovem,primavera,MO,Nov 2004,2.647328244274809,63.08895761324359,0.014873268430758676,-0.45000000000000284,16_9,17
1912,312,9,sol,16,F,2,10,3,14.94,0.5273500000000001,7.85,1590.0,33.8725,32.645,Jov_Madura,verao,MO,Jan 2005,1.9031847133757962,28.330330899781924,0.00939622641509434,-1.2274999999999991,16_9,19
1913,312,9,sol,16,F,2,11,5,8.24275,0.1656,1.675,307.5,23.7375,23.15,Madura,outono,MO,Mar 2005,4.921044776119403,49.77506038647343,0.026805691056910566,-0.5875000000000021,16_9,21
1914,312,9,sol,16,F,2,12,7,4.8252500000000005,0.09737499999999999,1.19319,906.275,13.0175,13.5625,Madura,inverno,MO,May 2005,4.043991317392872,49.553273427471126,0.00532426691677471,0.5449999999999999,16_9,23
1915,313,9,sol,16,F,3,9,1,6.25275,0.09257499999999999,3.525,2101.5,25.62,29.305,Jovem,primavera,MO,Nov 2004,1.7738297872340425,67.54253308128546,0.002975374732334047,3.6849999999999987,16_9,17
1916,313,9,sol,16,F,3,10,3,8.7825,0.19405000000000003,4.025,1153.9,35.4925,34.0475,Jov_Madura,verao,MO,Jan 2005,2.1819875776397515,45.258953877866524,0.007611144813242049,-1.4450000000000003,16_9,19
1917,313,9,sol,16,F,3,11,5,5.358,0.133025,1.675,200.883,25.84,25.1525,Madura,outono,MO,Mar 2005,3.1988059701492535,40.27814320616425,0.026672242051343317,-0.6875,16_9,21
1918,313,9,sol,16,F,3,12,7,2.75,0.1502,1.14441,328.125,12.94,11.835,Madura,inverno,MO,May 2005,2.4029849442070588,18.308921438082557,0.008380952380952381,-1.1049999999999986,16_9,23
1919,314,9,sol,17,F,1,9,1,11.1082,0.19042499999999998,7.3,2001.75,28.82,31.6625,Jovem,primavera,MO,Nov 2004,1.5216712328767124,58.3337271891821,0.005549244411140252,2.842500000000001,17_9,17
1920,314,9,sol,17,F,1,10,3,8.53325,0.23605,5.875,1658.5,34.6775,35.0,Jov_Madura,verao,MO,Jan 2005,1.4524680851063831,36.1501800466003,0.005145161290322581,0.322499999999998,17_9,19
1921,314,9,sol,17,F,1,11,5,6.86675,0.118825,1.825,1181.55,26.2225,26.6125,Madura,outono,MO,Mar 2005,3.7626027397260273,57.78876499053229,0.005811645719605602,0.39000000000000057,17_9,21
1922,314,9,sol,17,F,1,12,7,3.487,0.0908,2.11703,1780.25,14.985,17.44,Madura,inverno,MO,May 2005,1.647118841017841,38.403083700440526,0.0019587136638112624,2.455000000000002,17_9,23
1923,315,9,sol,17,F,2,9,1,5.85975,0.0966,4.45,1954.75,30.145,33.405,Jovem,primavera,MO,Nov 2004,1.3167977528089887,60.659937888198755,0.0029976979153344416,3.2600000000000016,17_9,17
1924,315,9,sol,17,F,2,10,3,6.25325,0.132675,4.15,1693.75,33.9525,35.7175,Jov_Madura,verao,MO,Jan 2005,1.5068072289156627,47.13208969285849,0.0036919557195571957,1.7650000000000006,17_9,19
1925,315,9,sol,17,F,2,11,5,2.5905,0.068325,0.975,45.2775,26.0775,25.2325,Madura,outono,MO,Mar 2005,2.656923076923077,37.91437980241493,0.05721384793771741,-0.8449999999999989,17_9,21
1926,315,9,sol,17,F,2,12,7,7.448,0.10582499999999999,2.48768,1708.75,16.7775,19.0925,Madura,inverno,MO,May 2005,2.9939542063287883,70.38034490904796,0.004358741770299927,2.3150000000000013,17_9,23
1927,316,9,sol,17,F,3,9,1,4.98175,0.148,5.0,554.975,29.7025,29.5725,Jovem,primavera,MO,Nov 2004,0.99635,33.660472972972975,0.008976530474345691,-0.129999999999999,17_9,17
1928,316,9,sol,17,F,3,10,3,6.01475,0.081625,2.1,953.725,32.67,33.7725,Jov_Madura,verao,MO,Jan 2005,2.8641666666666667,73.68759571209802,0.006306587328632467,1.1024999999999991,17_9,19
1929,316,9,sol,17,F,3,11,5,7.856,0.13440000000000002,1.525,318.6,25.5075,24.8775,Madura,outono,MO,Mar 2005,5.151475409836066,58.45238095238094,0.02465787821720025,-0.629999999999999,17_9,21
1930,316,9,sol,17,F,3,12,7,1.397,0.146125,0.687303,8.58725,13.995,12.63,Madura,inverno,MO,May 2005,2.032582427255519,9.560307955517537,0.16268304754141316,-1.3649999999999984,17_9,23
1931,317,9,sol,18,F,1,9,1,7.2325,0.25837499999999997,6.525,935.725,27.8875,27.16,Jovem,primavera,MO,Nov 2004,1.1084291187739463,27.992259313014035,0.007729300809532715,-0.7274999999999991,18_9,17
1932,317,9,sol,18,F,1,10,3,11.71,0.198325,4.05,1069.13,33.2025,33.2075,Jov_Madura,verao,MO,Jan 2005,2.891358024691358,59.044497667969246,0.01095283080635657,0.005000000000002558,18_9,19
1933,317,9,sol,18,F,1,11,5,3.407,0.178125,1.775,85.305,25.21,24.0125,Madura,outono,MO,Mar 2005,1.91943661971831,19.127017543859647,0.03993904226012543,-1.1975000000000016,18_9,21
1934,317,9,sol,18,F,1,12,7,1.45837,0.113125,0.22583799999999998,22.67,15.1425,14.47,Madura,inverno,MO,May 2005,6.457593496222956,12.891668508287292,0.06433039258932509,-0.6724999999999994,18_9,23
1935,318,9,sol,18,F,2,9,1,2.672,0.058374999999999996,2.075,438.33,28.3675,28.65,Jovem,primavera,MO,Nov 2004,1.2877108433734938,45.77301927194861,0.0060958638468733605,0.28249999999999886,18_9,17
1936,318,9,sol,18,F,2,10,3,4.714,0.138575,2.45,115.902,31.84,30.805,Jov_Madura,verao,MO,Jan 2005,1.9240816326530612,34.017679956702146,0.04067229210885059,-1.0350000000000001,18_9,19
1937,318,9,sol,18,F,2,11,5,2.15767,0.07286669999999999,0.766667,51.02,24.8833,23.94,Madura,outono,MO,Mar 2005,2.8143509502821957,29.611194139435437,0.0422906703253626,-0.9432999999999971,18_9,21
1938,318,9,sol,18,F,2,12,7,2.41,0.09870000000000001,4.97711,712.83,16.18,15.3775,Madura,inverno,MO,May 2005,0.48421674425520034,24.41742654508612,0.0033808902543383417,-0.8025000000000002,18_9,23
1939,319,9,sol,18,F,3,9,1,2.61325,0.233375,5.2,47.145,27.435,25.4225,Jovem,primavera,MO,Nov 2004,0.5025480769230769,11.197643277986073,0.055430056209566224,-2.0124999999999993,18_9,17
1940,319,9,sol,18,F,3,10,3,4.62667,0.0706667,1.13333,1293.0,31.8067,30.9033,Jov_Madura,verao,MO,Jan 2005,4.082367889317322,65.47171440013472,0.003578244392884764,-0.9033999999999978,18_9,19
1941,319,9,sol,18,F,3,11,5,4.74625,0.10125,1.1,132.533,24.5975,23.725,Madura,outono,MO,Mar 2005,4.314772727272727,46.87654320987654,0.035811835542845935,-0.8724999999999987,18_9,21
1942,319,9,sol,18,F,3,12,7,0.673275,0.08487499999999999,0.506828,5.7455,14.3775,13.515,Madura,inverno,MO,May 2005,1.3284092433725052,7.932547864506628,0.1171830127926203,-0.8624999999999989,18_9,23
1943,320,9,sol,19,F,1,9,1,11.11,0.22297499999999998,7.475,1843.0,29.4575,30.9575,Jovem,primavera,MO,Nov 2004,1.4862876254180601,49.82621370108757,0.006028214867064568,1.5,19_9,17
1944,320,9,sol,19,F,1,10,3,7.51775,0.1034,1.075,198.2,30.9825,30.0075,Jov_Madura,verao,MO,Jan 2005,6.993255813953489,72.70551257253385,0.037930121089808276,-0.9750000000000014,19_9,19
1945,320,9,sol,19,F,1,11,5,12.9,0.16605,2.7,2083.25,28.52,30.485,Madura,outono,MO,Mar 2005,4.777777777777778,77.68744354110208,0.006192247689907597,1.9649999999999999,19_9,21
1946,320,9,sol,19,F,1,12,7,7.6885,0.14400000000000002,3.08414,1015.47,15.435,16.4725,Madura,inverno,MO,May 2005,2.492915367006686,53.39236111111111,0.007571370892296178,1.0374999999999996,19_9,23
1947,321,9,sol,19,F,2,9,1,11.7625,0.23627499999999999,4.48,1134.07,30.5075,31.15,Jovem,primavera,MO,Nov 2004,2.625558035714285,49.783091736324195,0.010371934713024769,0.6424999999999983,19_9,17
1948,321,9,sol,19,F,2,10,3,12.114,0.141125,3.2,375.775,33.94,35.165,Jov_Madura,verao,MO,Jan 2005,3.785625,85.83879539415412,0.03223737608941521,1.2250000000000014,19_9,19
1949,321,9,sol,19,F,2,11,5,13.5173,0.14830000000000002,2.125,94.11,28.2575,29.065,Madura,outono,MO,Mar 2005,6.361082352941176,91.14834794335805,0.14363298267984273,0.807500000000001,19_9,21
1950,321,9,sol,19,F,2,12,7,4.23975,0.12542499999999998,1.7762900000000001,64.685,15.89,15.2275,Madura,inverno,MO,May 2005,2.386856875847975,33.80306956348416,0.06554456210868052,-0.6625000000000014,19_9,23
1951,322,9,sol,19,F,3,9,1,7.45725,0.165675,5.8,869.175,30.1475,30.7,Jovem,primavera,MO,Nov 2004,1.2857327586206897,45.011317338162065,0.008579687634826128,0.5524999999999984,19_9,17
1952,322,9,sol,19,F,3,10,3,23.2833,0.3502,6.0,2280.0,35.81,38.7833,Jov_Madura,verao,MO,Jan 2005,3.88055,66.48572244431753,0.010211973684210526,2.9732999999999947,19_9,19
1953,322,9,sol,19,F,3,11,5,8.09175,0.19575,2.025,63.385,26.95,26.1525,Madura,outono,MO,Mar 2005,3.995925925925926,41.33716475095785,0.1276603297310089,-0.7974999999999994,19_9,21
1954,322,9,sol,19,F,3,12,7,2.418,0.116825,2.41529,247.327,15.055,14.2475,Madura,inverno,MO,May 2005,1.001122018473972,20.69762465225765,0.009776530665879584,-0.8074999999999992,19_9,23
1955,323,9,sol,20,F,1,9,1,9.3095,0.17682499999999998,4.31,1519.5,34.9375,36.29,Jovem,primavera,MO,Nov 2004,2.159976798143852,52.64809840237523,0.00612668641000329,1.3524999999999991,20_9,17
1956,323,9,sol,20,F,1,10,3,24.875,0.452,5.375,1625.75,37.3075,37.995,Jov_Madura,verao,MO,Jan 2005,4.627906976744186,55.033185840707965,0.015300630478240812,0.6875,20_9,19
1957,323,9,sol,20,F,1,11,5,7.8557500000000005,0.115425,2.05,172.45,29.8,30.2,Madura,outono,MO,Mar 2005,3.8320731707317077,68.05934589560322,0.04555378370542187,0.3999999999999986,20_9,21
1958,323,9,sol,20,F,1,12,7,7.02,0.15355000000000002,2.41138,295.35,14.9225,15.7225,Madura,inverno,MO,May 2005,2.911196078594,45.71800716379029,0.023768410360589128,0.8000000000000007,20_9,23
1959,324,9,sol,20,F,2,9,1,6.514,0.159125,7.925,737.075,34.5275,36.5475,Jovem,primavera,MO,Nov 2004,0.8219558359621452,40.9363707776905,0.008837635247430723,2.019999999999996,20_9,17
1960,324,9,sol,20,F,2,10,3,23.7625,0.33657499999999996,5.375,1738.75,37.1975,37.74,Jov_Madura,verao,MO,Jan 2005,4.420930232558139,70.60090618732823,0.013666427030913012,0.542500000000004,20_9,19
1961,324,9,sol,20,F,2,11,5,4.1255,0.14382499999999998,2.025,191.125,28.985,27.9825,Madura,outono,MO,Mar 2005,2.037283950617284,28.68416478359117,0.02158534990189666,-1.0024999999999977,20_9,21
1962,324,9,sol,20,F,2,12,7,2.53925,0.11575,0.618135,66.075,14.6875,13.985,Madura,inverno,MO,May 2005,4.107921408753751,21.937365010799134,0.03842981460461597,-0.7025000000000006,20_9,23
1963,325,9,sol,20,F,3,9,1,9.162,0.15510000000000002,4.445,2104.75,33.9175,36.885,Jovem,primavera,MO,Nov 2004,2.0611923509561305,59.071566731141196,0.004353011046442571,2.967500000000001,20_9,17
1964,325,9,sol,20,F,3,10,3,21.3025,0.366175,7.5,1760.75,38.4125,37.81,Jov_Madura,verao,MO,Jan 2005,2.840333333333333,58.17573564552468,0.012098537555019167,-0.6024999999999991,20_9,19
1965,325,9,sol,20,F,3,11,5,4.06675,0.163625,2.375,255.4,28.7575,27.885,Madura,outono,MO,Mar 2005,1.7123157894736842,24.854087089381206,0.01592306186374315,-0.8724999999999987,20_9,21
1966,325,9,sol,20,F,3,12,7,1.256,0.154,0.804433,694.067,16.3167,15.5933,Madura,inverno,MO,May 2005,1.561348179400895,8.155844155844155,0.001809623566600919,-0.7234000000000016,20_9,23
1967,326,9,sol,21,M,1,9,1,2.104,0.082,2.95,1581.5,26.275,29.685,Jovem,primavera,MO,Nov 2004,0.7132203389830508,25.658536585365855,0.0013303825482137211,3.41,21_9,17
1968,326,9,sol,21,M,1,10,3,6.69475,0.205,5.6,142.9,33.635,31.9175,Jov_Madura,verao,MO,Jan 2005,1.1954910714285716,32.65731707317073,0.04684919524142757,-1.7174999999999976,21_9,19
1969,326,9,sol,21,M,1,11,5,13.54,0.22835000000000003,4.0,48.0275,29.095,30.2725,Madura,outono,MO,Mar 2005,3.385,59.294941975038306,0.28192181562646396,1.177500000000002,21_9,21
1970,326,9,sol,21,M,1,12,7,1.5325,0.14005,2.56858,38.295,15.1925,14.3725,Madura,inverno,MO,May 2005,0.5966331591774444,10.942520528382719,0.04001827914871393,-0.8200000000000003,21_9,23
1971,327,9,sol,21,M,2,9,1,5.49075,0.112825,3.425,166.378,27.225,27.2,Jovem,primavera,MO,Nov 2004,1.603138686131387,48.66607578107689,0.03300165887316833,-0.02500000000000213,21_9,17
1972,327,9,sol,21,M,2,10,3,17.1025,0.407875,7.225,454.95,32.9925,31.7025,Jov_Madura,verao,MO,Jan 2005,2.367128027681661,41.93073858412504,0.037592043081657325,-1.2899999999999991,21_9,19
1973,327,9,sol,21,M,2,11,5,8.711500000000001,0.252025,3.575,142.9,27.91,26.5825,Madura,outono,MO,Mar 2005,2.436783216783217,34.56601527626228,0.06096221133659902,-1.3275000000000006,21_9,21
1974,327,9,sol,21,M,2,12,7,0.607475,0.1092,1.49044,18.345,15.2075,14.345,Madura,inverno,MO,May 2005,0.40758098279702637,5.562957875457875,0.03311392750068139,-0.8624999999999989,21_9,23
1975,328,9,sol,21,M,3,9,1,6.67525,0.11952499999999999,3.2,704.825,24.85,26.18,Jovem,primavera,MO,Nov 2004,2.086015625,55.8481489228195,0.00947079062178555,1.3299999999999983,21_9,17
1976,328,9,sol,21,M,3,10,3,9.90025,0.1621,2.1,121.87,31.6325,30.5125,Jov_Madura,verao,MO,Jan 2005,4.7144047619047615,61.074953732264035,0.0812361532780832,-1.120000000000001,21_9,19
1977,328,9,sol,21,M,3,11,5,3.42967,0.1943,2.73333,193.8,27.67,26.4967,Madura,outono,MO,Mar 2005,1.254758847266887,17.651415337107565,0.017696955624355006,-1.1733000000000011,21_9,21
1978,328,9,sol,21,M,3,12,7,0.955275,0.053825,0.14332499999999998,13.4525,15.725,14.8675,Madura,inverno,MO,May 2005,6.665096807953952,17.747793776126336,0.07101096450473889,-0.8574999999999999,21_9,23
1979,329,9,sol,22,F,1,9,1,11.715,0.24435,7.1,524.1,27.1075,28.4775,Jovem,primavera,MO,Nov 2004,1.6500000000000001,47.94352363413137,0.022352604464796793,1.3699999999999974,22_9,17
1980,329,9,sol,22,F,1,10,3,11.5525,0.187575,7.3,1450.0,35.9775,38.0725,Jov_Madura,verao,MO,Jan 2005,1.5825342465753425,61.58869785419166,0.007967241379310345,2.094999999999999,22_9,19
1981,329,9,sol,22,F,1,11,5,2.413,0.28340000000000004,3.1,139.0,25.75,24.49,Madura,outono,MO,Mar 2005,0.7783870967741935,8.514467184191952,0.017359712230215825,-1.2600000000000016,22_9,21
1982,329,9,sol,22,F,1,12,7,4.49575,0.074075,2.09962,714.047,14.68,17.05,Madura,inverno,MO,May 2005,2.141220792333851,60.691866351670605,0.0062961541747251935,2.370000000000001,22_9,23
1983,330,9,sol,22,F,2,9,1,5.08375,0.237125,6.025,228.32,27.43,26.6725,Jovem,primavera,MO,Nov 2004,0.8437759336099585,21.439114391143914,0.022265898738612476,-0.7575000000000003,22_9,17
1984,330,9,sol,22,F,2,10,3,6.54075,0.1457,5.775,986.225,37.845,37.26,Jov_Madura,verao,MO,Jan 2005,1.1325974025974026,44.89190116678106,0.00663210727775102,-0.5850000000000009,22_9,19
1985,330,9,sol,22,F,2,11,5,0.34145000000000003,0.15645,2.2,14.81,25.945,24.925,Madura,outono,MO,Mar 2005,0.15520454545454546,2.1824864173857463,0.023055367994598244,-1.0199999999999996,22_9,21
1986,330,9,sol,22,F,2,12,7,0.6185,0.0497,0.42783000000000004,11.12,14.86,14.24,Madura,inverno,MO,May 2005,1.4456676717387746,12.444668008048291,0.05562050359712231,-0.6199999999999992,22_9,23
1987,331,9,sol,22,F,3,9,1,14.6875,0.319225,4.175,1938.0,28.07,29.885,Jovem,primavera,MO,Nov 2004,3.5179640718562877,46.00986764821051,0.007578689370485036,1.8150000000000013,22_9,17
1988,331,9,sol,22,F,3,10,3,5.57675,0.066025,3.125,540.375,36.2775,38.76,Jov_Madura,verao,MO,Jan 2005,1.78456,84.46421809920484,0.010320148045338885,2.4824999999999946,22_9,19
1989,331,9,sol,22,F,3,11,5,4.18825,0.218225,3.025,98.3825,27.0,25.955,Madura,outono,MO,Mar 2005,1.3845454545454545,19.192347347920723,0.042571087337687094,-1.0450000000000017,22_9,21
1990,331,9,sol,22,F,3,12,7,0.6375,0.0672667,0.43831699999999996,10.6823,15.2467,14.7967,Madura,inverno,MO,May 2005,1.4544268189461051,9.477200457284212,0.05967815919792554,-0.45000000000000107,22_9,23
1991,332,9,sol,23,F,1,9,1,9.07725,0.130375,5.3,1135.65,29.5,32.8275,Jovem,primavera,MO,Nov 2004,1.712688679245283,69.6241610738255,0.007992999603751154,3.3275000000000006,23_9,17
1992,332,9,sol,23,F,1,10,3,13.2675,0.27090000000000003,7.925,2046.75,34.9925,35.99,Jov_Madura,verao,MO,Jan 2005,1.6741324921135647,48.97563676633444,0.006482227922315867,0.9975000000000023,23_9,19
1993,332,9,sol,23,F,1,11,5,6.07875,0.21842499999999998,2.65,152.45,25.995,25.535,Madura,outono,MO,Mar 2005,2.293867924528302,27.82991873640838,0.03987372909150542,-0.46000000000000085,23_9,21
1994,332,9,sol,23,F,1,12,7,1.32275,0.0594,0.43351599999999996,12.482,14.06,13.585,Madura,inverno,MO,May 2005,3.0512137960305967,22.26851851851852,0.10597260054478451,-0.47499999999999964,23_9,23
1995,333,9,sol,23,F,2,9,1,7.84425,0.17682499999999998,6.95,1955.25,30.41,33.255,Jovem,primavera,MO,Nov 2004,1.1286690647482014,44.361657005513926,0.004011891062523974,2.8450000000000024,23_9,17
1996,333,9,sol,23,F,2,10,3,8.1725,0.168875,5.05,872.425,35.1475,35.1825,Jov_Madura,verao,MO,Jan 2005,1.6183168316831682,48.39378238341968,0.009367567412671576,0.03499999999999659,23_9,19
1997,333,9,sol,23,F,2,11,5,3.43775,0.13575,2.0,144.75,26.3275,25.9575,Madura,outono,MO,Mar 2005,1.718875,25.324125230202576,0.02374956822107081,-0.370000000000001,23_9,21
1998,333,9,sol,23,F,2,12,7,0.6687000000000001,0.05065000000000001,1.89866,58.3175,13.545,13.13,Madura,inverno,MO,May 2005,0.35219575911432277,13.202369200394866,0.01146654091824924,-0.41499999999999915,23_9,23
1999,334,9,sol,23,F,3,9,1,11.3625,0.223625,7.65,1714.0,30.905,32.4225,Jovem,primavera,MO,Nov 2004,1.4852941176470589,50.81050866405814,0.0066292298716452746,1.5174999999999983,23_9,17
2000,334,9,sol,23,F,3,10,3,7.316,0.12397499999999999,5.275,2137.0,36.3575,39.1025,Jov_Madura,verao,MO,Jan 2005,1.3869194312796207,59.01189755999194,0.003423490875058493,2.7449999999999974,23_9,19
2001,334,9,sol,23,F,3,11,5,2.52613,0.21476699999999999,2.4,65.6933,25.6233,24.52,Madura,outono,MO,Mar 2005,1.052554166666667,11.762188790642885,0.03845338870173976,-1.1033000000000008,23_9,21
2002,334,9,sol,23,F,3,12,7,1.73125,0.061325,1.30659,37.22,14.215,13.575,Madura,inverno,MO,May 2005,1.3250139676562656,28.230737871993476,0.04651397098334229,-0.6400000000000006,23_9,23
2003,335,9,sol,24,M,1,9,1,10.69,0.263,4.185,1312.05,30.7625,31.8425,Jovem,primavera,MO,Nov 2004,2.5543608124253288,40.64638783269962,0.008147555352311268,1.0800000000000018,24_9,17
2004,335,9,sol,24,M,1,10,3,11.19,0.22005000000000002,5.1,1205.53,33.0075,33.71,Jov_Madura,verao,MO,Jan 2005,2.1941176470588237,50.85207907293796,0.009282224415817109,0.7025000000000006,24_9,19
2005,335,9,sol,24,M,1,11,5,5.912,0.24885000000000002,2.35,142.6,25.725,24.43,Madura,outono,MO,Mar 2005,2.5157446808510637,23.757283504118945,0.0414586255259467,-1.2950000000000017,24_9,21
2006,335,9,sol,24,M,1,12,7,1.79575,0.074275,1.64709,47.9,14.0175,13.405,Madura,inverno,MO,May 2005,1.0902561487228992,24.17704476607203,0.03748956158663883,-0.6125000000000007,24_9,23
2007,336,9,sol,24,M,2,9,1,8.26825,0.195325,6.675,1571.5,30.8225,31.635,Jovem,primavera,MO,Nov 2004,1.238689138576779,42.330730833226674,0.0052613744829780465,0.8125,24_9,17
2008,336,9,sol,24,M,2,10,3,12.2353,0.2285,7.675,1481.25,36.7475,38.8125,Jov_Madura,verao,MO,Jan 2005,1.5941758957654724,53.54617067833698,0.008260118143459916,2.0649999999999977,24_9,19
2009,336,9,sol,24,M,2,11,5,2.52242,0.167375,1.825,53.53,25.98,24.885,Madura,outono,MO,Mar 2005,1.3821479452054795,15.070470500373412,0.04712161404819727,-1.0949999999999989,24_9,21
2010,336,9,sol,24,M,2,12,7,3.243,0.067525,1.26111,66.5175,14.565,14.88,Madura,inverno,MO,May 2005,2.5715441158978996,48.02665679378008,0.04875408727026722,0.3150000000000013,24_9,23
2011,337,9,sol,24,M,3,9,1,13.0875,0.27235000000000004,4.0,2028.5,29.6575,32.075,Jovem,primavera,MO,Nov 2004,3.271875,48.05397466495318,0.006451811683509983,2.417500000000004,24_9,17
2012,337,9,sol,24,M,3,10,3,11.1858,0.228425,6.75,1177.28,37.04,38.1875,Jov_Madura,verao,MO,Jan 2005,1.6571555555555557,48.96924592316954,0.009501393041587388,1.1475000000000009,24_9,19
2013,337,9,sol,24,M,3,11,5,7.101,0.183475,2.3,176.025,27.1375,26.4825,Madura,outono,MO,Mar 2005,3.0873913043478263,38.70282054775855,0.04034086067319983,-0.6549999999999976,24_9,21
2014,337,9,sol,24,M,3,12,7,3.5905,0.130875,1.56522,575.3,16.9075,16.4125,Madura,inverno,MO,May 2005,2.293926732344335,27.434574976122256,0.006241091604380324,-0.49499999999999744,24_9,23
2015,338,9,sol,25,M,1,9,1,12.455,0.306,5.65,1993.75,29.6075,33.9125,Jovem,primavera,MO,Nov 2004,2.204424778761062,40.70261437908497,0.006247021943573668,4.305,25_9,17
2016,338,9,sol,25,M,1,10,3,7.515,0.1764,5.025,384.0,34.5325,33.5225,Jov_Madura,verao,MO,Jan 2005,1.4955223880597013,42.60204081632653,0.0195703125,-1.009999999999998,25_9,19
2017,338,9,sol,25,M,1,11,5,9.65275,0.2033,2.95,268.525,27.505,26.9425,Madura,outono,MO,Mar 2005,3.2721186440677963,47.48032464338416,0.03594730472023089,-0.5625,25_9,21
2018,338,9,sol,25,M,1,12,7,1.82675,0.114475,1.18608,29.4775,15.425,14.3525,Madura,inverno,MO,May 2005,1.540157493592338,15.957632670888842,0.06197099482656264,-1.0725000000000016,25_9,23
2019,339,9,sol,25,M,2,9,1,8.19425,0.373625,4.775,1129.97,31.57,30.0375,Jovem,primavera,MO,Nov 2004,1.7160732984293192,21.931749749079962,0.007251741196668938,-1.5324999999999989,25_9,17
2020,339,9,sol,25,M,2,10,3,11.2388,0.173475,4.425,369.175,33.99,32.975,Jov_Madura,verao,MO,Jan 2005,2.5398418079096046,64.786280443868,0.030443014830365,-1.0150000000000006,25_9,19
2021,339,9,sol,25,M,2,11,5,5.946,0.12405000000000001,2.875,1808.75,29.395,30.195,Madura,outono,MO,Mar 2005,2.068173913043478,47.932285368802894,0.0032873531444367657,0.8000000000000007,25_9,21
2022,339,9,sol,25,M,2,12,7,5.301,0.06257499999999999,2.73375,1547.5,18.1825,21.3725,Madura,inverno,MO,May 2005,1.9390946502057613,84.71434278865362,0.0034255250403877223,3.1899999999999977,25_9,23
2023,340,9,sol,25,M,3,9,1,10.7575,0.3551,5.64,1961.75,31.3325,32.725,Jovem,primavera,MO,Nov 2004,1.907358156028369,30.294283300478735,0.00548362431502485,1.3925000000000018,25_9,17
2024,340,9,sol,25,M,3,10,3,8.2305,0.18495,3.725,346.7,33.4275,32.2475,Jov_Madura,verao,MO,Jan 2005,2.2095302013422815,44.50121654501216,0.02373954427458898,-1.1799999999999997,25_9,19
2025,340,9,sol,25,M,3,11,5,7.38925,0.20335,4.325,625.225,31.74,31.15,Madura,outono,MO,Mar 2005,1.7084971098265895,36.33759527907549,0.011818545323683472,-0.5899999999999999,25_9,21
2026,340,9,sol,25,M,3,12,7,5.8695,0.092525,1.09696,609.075,19.63,20.18,Madura,inverno,MO,May 2005,5.350696470245041,63.436908943528785,0.009636744243319789,0.5500000000000007,25_9,23
2027,341,9,sol,26,F,1,9,1,8.982,0.27447499999999997,5.15,2030.5,32.1525,33.775,Jovem,primavera,MO,Nov 2004,1.7440776699029124,32.724291829857,0.004423540999753755,1.6224999999999952,26_9,17
2028,341,9,sol,26,F,1,10,3,6.80425,0.1184,2.8,180.425,33.2825,32.8275,Jov_Madura,verao,MO,Jan 2005,2.4300892857142857,57.468327702702695,0.037712345850076205,-0.4549999999999983,26_9,19
2029,341,9,sol,26,F,1,11,5,4.11825,0.10402499999999999,2.375,229.45,29.255,28.6575,Madura,outono,MO,Mar 2005,1.734,39.58904109589041,0.017948354761385923,-0.5975000000000001,26_9,21
2030,341,9,sol,26,F,1,12,7,0.9902000000000001,0.058300000000000005,1.19159,28.8633,15.4467,14.6767,Madura,inverno,MO,May 2005,0.8309905252645626,16.984562607204115,0.034306541525050846,-0.7699999999999996,26_9,23
2031,342,9,sol,26,F,2,9,1,4.97925,0.1993,4.66,1999.0,33.08,36.69,Jovem,primavera,MO,Nov 2004,1.0685085836909871,24.983692925238337,0.002490870435217609,3.6099999999999994,26_9,17
2032,342,9,sol,26,F,2,10,3,6.22875,0.126125,3.0,362.35,33.325,32.635,Jov_Madura,verao,MO,Jan 2005,2.07625,49.385530227948465,0.017189871671036288,-0.6900000000000048,26_9,19
2033,342,9,sol,26,F,2,11,5,13.8025,0.4775,6.775,210.6,28.6025,27.495,Madura,outono,MO,Mar 2005,2.0372693726937268,28.905759162303667,0.06553893637226971,-1.1074999999999982,26_9,21
2034,343,9,sol,26,F,3,9,1,7.41225,0.25265000000000004,6.35,1821.0,35.375,37.6475,Jovem,primavera,MO,Nov 2004,1.1672834645669292,29.338017019592318,0.004070428336079078,2.272500000000001,26_9,17
2035,343,9,sol,26,F,3,10,3,4.393,0.18315,4.175,336.575,34.2025,33.7625,Jov_Madura,verao,MO,Jan 2005,1.0522155688622754,23.985803985803983,0.013052068632548467,-0.4399999999999977,26_9,19
2036,343,9,sol,26,F,3,11,5,3.083,0.14295000000000002,2.425,122.325,27.495,26.315,Madura,outono,MO,Mar 2005,1.2713402061855672,21.566981462049664,0.02520335172695688,-1.1799999999999997,26_9,21
2037,343,9,sol,26,F,3,12,7,1.45733,0.0328,0.281406,262.533,15.6,15.11,Madura,inverno,MO,May 2005,5.178745300384498,44.43079268292683,0.005551035488871875,-0.4900000000000002,26_9,23
2038,344,9,sol,27,M,1,9,1,13.1625,0.43375,6.97,1345.75,35.16,34.73,Jovem,primavera,MO,Nov 2004,1.8884505021520803,30.345821325648412,0.009780791380271225,-0.4299999999999997,27_9,17
2039,344,9,sol,27,M,1,10,3,9.1625,0.133525,3.525,635.025,34.7825,34.7175,Jov_Madura,verao,MO,Jan 2005,2.599290780141844,68.62010859389626,0.014428565804495886,-0.06499999999999773,27_9,19
2040,344,9,sol,27,M,1,11,5,4.03875,0.19935000000000003,3.0,70.3075,26.99,26.1375,Madura,outono,MO,Mar 2005,1.3462500000000002,20.259593679458238,0.057444084912704904,-0.8524999999999991,27_9,21
2041,344,9,sol,27,M,1,12,7,7.20075,0.09975,2.39216,1584.25,17.945,18.5275,Madura,inverno,MO,May 2005,3.010145642431944,72.18796992481202,0.004545210667508285,0.5824999999999996,27_9,23
2042,345,9,sol,27,M,2,9,1,7.82175,0.42525,5.47,201.825,31.23,29.7525,Jovem,primavera,MO,Nov 2004,1.4299360146252285,18.393298059964724,0.03875510962467484,-1.4774999999999991,27_9,17
2043,345,9,sol,27,M,2,10,3,14.5175,0.32132499999999997,7.4,859.35,34.66,34.3575,Jov_Madura,verao,MO,Jan 2005,1.9618243243243243,45.180113592157475,0.016893582358759526,-0.3024999999999949,27_9,19
2044,345,9,sol,27,M,2,11,5,5.18825,0.233,3.175,106.177,26.79,25.775,Madura,outono,MO,Mar 2005,1.6340944881889765,22.267167381974247,0.04886416078811795,-1.0150000000000006,27_9,21
2045,345,9,sol,27,M,2,12,7,2.31375,0.042925,1.28146,746.55,19.615,19.2925,Madura,inverno,MO,May 2005,1.80555772322195,53.902154921374496,0.003099256580269239,-0.322499999999998,27_9,23
2046,346,9,sol,27,M,3,9,1,10.76,0.447525,7.85,1752.5,32.155,34.7675,Jovem,primavera,MO,Nov 2004,1.3707006369426753,24.043349533545612,0.006139800285306704,2.612499999999997,27_9,17
2047,346,9,sol,27,M,3,10,3,11.9025,0.209175,7.25,2270.0,35.8125,36.5375,Jov_Madura,verao,MO,Jan 2005,1.6417241379310346,56.90211545356759,0.005243392070484581,0.7250000000000014,27_9,19
2048,346,9,sol,27,M,3,11,5,3.524,0.199233,2.9,60.2467,26.7267,25.7367,Madura,outono,MO,Mar 2005,1.2151724137931035,17.687832838937325,0.05849283031269763,-0.990000000000002,27_9,21
2049,346,9,sol,27,M,3,12,7,7.469,0.113675,2.76994,1432.5,20.2175,21.0625,Madura,inverno,MO,May 2005,2.6964482985191016,65.70486034748185,0.005213961605584643,0.8449999999999989,27_9,23
2050,347,9,sol,28,F,1,9,1,4.4805,0.39247499999999996,7.58,213.475,33.1325,35.11,Jovem,primavera,MO,Nov 2004,0.5910949868073879,11.416013758838144,0.02098840613654995,1.9774999999999991,28_9,17
2051,347,9,sol,28,F,1,10,3,12.4475,0.23070000000000002,4.62,2438.0,37.4625,40.0525,Jov_Madura,verao,MO,Jan 2005,2.694264069264069,53.95535327264846,0.005105619360131255,2.5900000000000034,28_9,19
2052,347,9,sol,28,F,1,11,5,3.18333,0.254167,3.3,195.533,26.4367,25.66,Madura,outono,MO,Mar 2005,0.9646454545454547,12.524560623527053,0.016280269826576592,-0.7766999999999982,28_9,21
2053,347,9,sol,28,F,1,12,7,1.8202500000000001,0.0613,0.550707,35.7725,18.8725,17.9025,Madura,inverno,MO,May 2005,3.3052966459478457,29.694127243066887,0.05088405898385632,-0.9699999999999989,28_9,23
2054,348,9,sol,28,F,2,9,1,10.662,0.343725,6.8,1572.25,33.3575,36.0875,Jovem,primavera,MO,Nov 2004,1.5679411764705884,31.018983198778095,0.0067813642868500565,2.729999999999997,28_9,17
2055,348,9,sol,28,F,2,10,3,11.7125,0.357325,4.685,2169.75,37.425,35.985,Jov_Madura,verao,MO,Jan 2005,2.5000000000000004,32.77828307563143,0.005398087337250835,-1.4399999999999977,28_9,19
2056,348,9,sol,28,F,2,11,5,5.15475,0.2222,3.05,75.7175,26.6475,26.065,Madura,outono,MO,Mar 2005,1.6900819672131149,23.198694869486946,0.0680787136395153,-0.5824999999999996,28_9,21
2057,348,9,sol,28,F,2,12,7,7.301,0.09725,1.975,324.957,20.74,23.925,Madura,inverno,MO,May 2005,3.6967088607594936,75.07455012853471,0.022467588019337945,3.1850000000000023,28_9,23
2058,349,9,sol,28,F,3,9,1,8.39725,0.37675000000000003,6.9,1840.25,33.18,35.22,Jovem,primavera,MO,Nov 2004,1.2169927536231884,22.288652952886526,0.00456310283928814,2.039999999999999,28_9,17
2059,349,9,sol,28,F,3,10,3,16.8875,0.40502499999999997,6.425,649.075,28.4125,27.9825,Jov_Madura,verao,MO,Jan 2005,2.6284046692607004,41.69495710141349,0.02601779455378808,-0.4299999999999997,28_9,19
2060,349,9,sol,28,F,3,11,5,3.14275,0.16422499999999998,2.525,115.275,27.9075,26.915,Madura,outono,MO,Mar 2005,1.2446534653465346,19.136854924646066,0.027263066579917585,-0.9924999999999997,28_9,21
2061,349,9,sol,28,F,3,12,7,2.41467,0.0767667,0.522147,165.833,17.1833,16.15,Madura,inverno,MO,May 2005,4.624502295330625,31.45465416645499,0.014560853388650027,-1.0333000000000006,28_9,23
2062,350,9,sol,29,F,1,9,1,10.279,0.520675,7.8,1348.7,33.475,33.8075,Jovem,primavera,MO,Nov 2004,1.317820512820513,19.741681471167233,0.007621413212723363,0.332499999999996,29_9,17
2063,350,9,sol,29,F,1,10,3,13.56,0.47840000000000005,5.55,553.725,28.485,27.7425,Jov_Madura,verao,MO,Jan 2005,2.4432432432432436,28.34448160535117,0.02448869023432209,-0.7424999999999997,29_9,19
2064,350,9,sol,29,F,1,11,5,2.27025,0.227925,3.35,62.845,27.5425,26.7475,Madura,outono,MO,Mar 2005,0.6776865671641791,9.96051332675222,0.03612459225077572,-0.7950000000000017,29_9,21
2065,350,9,sol,29,F,1,12,7,4.49925,0.160275,2.125,128.313,19.9625,19.4675,Madura,inverno,MO,May 2005,2.117294117647059,28.07206364061769,0.03506464660634542,-0.49499999999999744,29_9,23
2066,351,9,sol,29,F,2,9,1,5.193,0.34915,7.27,1562.0,33.625,35.95,Jovem,primavera,MO,Nov 2004,0.7143053645116919,14.873263640269224,0.0033245838668373878,2.325000000000003,29_9,17
2067,351,9,sol,29,F,2,10,3,13.235,0.521925,6.325,397.875,28.6175,27.675,Jov_Madura,verao,MO,Jan 2005,2.092490118577075,25.358049528188918,0.03326421614828778,-0.942499999999999,29_9,19
2068,351,9,sol,29,F,2,11,5,2.9183,0.14350000000000002,2.2,47.1825,26.64,25.86,Madura,outono,MO,Mar 2005,1.3264999999999998,20.336585365853654,0.061851321994383514,-0.7800000000000011,29_9,21
2069,351,9,sol,29,F,2,12,7,12.1925,0.182925,3.25,1301.5,21.93,23.3825,Madura,inverno,MO,May 2005,3.7515384615384617,66.65299986333197,0.009368036880522474,1.4525000000000006,29_9,23
2070,352,9,sol,29,F,3,9,1,6.50275,0.3558,7.9,1249.15,34.975,37.4325,Jovem,primavera,MO,Nov 2004,0.823132911392405,18.276419336706013,0.005205739903134131,2.457499999999996,29_9,17
2071,352,9,sol,29,F,3,10,3,10.9185,0.36582499999999996,4.925,215.95,28.655,27.805,Jov_Madura,verao,MO,Jan 2005,2.2169543147208124,29.846237955306503,0.05056031488770549,-0.8500000000000014,29_9,19
2072,352,9,sol,29,F,3,11,5,7.281,0.22535000000000002,3.175,174.125,27.0275,25.9725,Madura,outono,MO,Mar 2005,2.293228346456693,32.30974040381628,0.041814788226848525,-1.0549999999999997,29_9,21
2073,352,9,sol,29,F,3,12,7,1.30763,0.14385,2.425,172.74,22.0625,20.9225,Madura,inverno,MO,May 2005,0.5392288659793815,9.090232881473758,0.00756993168924395,-1.1400000000000006,29_9,23
2074,353,9,sol,30,M,1,9,1,5.68625,0.29672499999999996,6.02,1329.88,34.4075,36.645,Jovem,primavera,MO,Nov 2004,0.9445598006644519,19.1633667537282,0.004275761722862213,2.2375000000000043,30_9,17
2075,353,9,sol,30,M,1,10,3,8.00125,0.18145000000000003,2.8,309.725,28.4925,27.9575,Jov_Madura,verao,MO,Jan 2005,2.857589285714286,44.09616974373105,0.02583340059730406,-0.5350000000000001,30_9,19
2076,353,9,sol,30,M,1,11,5,6.7375,0.17985,2.2,247.5,26.9525,26.11,Madura,outono,MO,Mar 2005,3.0624999999999996,37.461773700305805,0.02722222222222222,-0.8425000000000011,30_9,21
2077,353,9,sol,30,M,1,12,7,6.72725,0.188075,2.35,111.988,20.3775,19.69,Madura,inverno,MO,May 2005,2.862659574468085,35.76897514289512,0.06007116833946494,-0.6875,30_9,23
2078,354,9,sol,30,M,2,9,1,5.0455,0.206675,2.18,1932.0,34.845,38.7775,Jovem,primavera,MO,Nov 2004,2.3144495412844033,24.412725293334944,0.002611542443064182,3.9325000000000045,30_9,17
2079,354,9,sol,30,M,2,10,3,10.4192,0.2102,3.85,1494.75,29.655,29.6675,Jov_Madura,verao,MO,Jan 2005,2.7062857142857144,49.56803044719315,0.006970530188994815,0.01249999999999929,30_9,19
2080,354,9,sol,30,M,2,11,5,8.091,0.27395,3.75,358.825,27.53,27.0375,Madura,outono,MO,Mar 2005,2.1576,29.534586603394775,0.022548596112311015,-0.4924999999999997,30_9,21
2081,354,9,sol,30,M,2,12,7,8.173,0.15625,3.025,1865.25,23.01,24.51,Madura,inverno,MO,May 2005,2.701818181818182,52.3072,0.004381718268328642,1.5,30_9,23
2082,355,9,sol,30,M,3,9,1,3.49225,0.3814,1.1975,607.71,34.1825,32.985,Jovem,primavera,MO,Nov 2004,2.9162839248434236,9.156397482957525,0.0057465732010333875,-1.197499999999998,30_9,17
2083,355,9,sol,30,M,3,10,3,8.83525,0.16372499999999998,3.05,246.625,30.915,30.1925,Jov_Madura,verao,MO,Jan 2005,2.896803278688525,53.96396396396397,0.03582463253928028,-0.7225000000000001,30_9,19
2084,355,9,sol,30,M,3,11,5,3.6702500000000002,0.20485,2.875,37.7845,27.3,26.2775,Madura,outono,MO,Mar 2005,1.276608695652174,17.916768367097877,0.09713639190673425,-1.0225000000000009,30_9,21
2085,355,9,sol,30,M,3,12,7,1.00493,0.10035000000000001,1.5,40.6825,21.015,20.1825,Madura,inverno,MO,May 2005,0.6699533333333334,10.014250124564025,0.024701775947889144,-0.8324999999999996,30_9,23
2086,356,9,sombra,1,F,1,9,1,3.08625,0.18425000000000002,2.125,56.975,20.925,20.1825,Jovem,primavera,FUS,Nov 2004,1.4523529411764706,16.75033921302578,0.054168494953927164,-0.7424999999999997,1_9,17
2087,356,9,sombra,1,F,1,10,3,1.7104700000000002,0.071575,1.575,21.5475,25.7375,25.385,Jov_Madura,verao,FUS,Jan 2005,1.0860126984126985,23.897589940621728,0.0793813667478826,-0.35249999999999915,1_9,19
2088,356,9,sombra,1,F,1,11,5,1.12275,0.1187,1.025,23.2725,20.3275,19.5275,Jov_Madura,outono,FUS,Mar 2005,1.0953658536585367,9.45871946082561,0.048243635191749915,-0.8000000000000007,1_9,21
2089,356,9,sombra,1,F,1,12,7,0.1787,0.144625,0.75,15.5925,20.555,19.895,Madura,inverno,FUS,May 2005,0.23826666666666665,1.2356093344857388,0.011460638127304794,-0.6600000000000001,1_9,23
2090,357,9,sombra,1,F,2,9,1,5.701,0.232875,3.075,68.3125,22.2575,21.1325,Jovem,primavera,FUS,Nov 2004,1.8539837398373982,24.48094471282877,0.08345471180237878,-1.125,1_9,17
2091,357,9,sombra,1,F,2,10,3,1.07308,0.117375,1.075,40.895,26.74,25.555,Jov_Madura,verao,FUS,Jan 2005,0.9982139534883722,9.142321618743345,0.026239882626237925,-1.1849999999999987,1_9,19
2092,357,9,sombra,1,F,2,11,5,2.337,0.15845,0.825,32.31,20.675,20.15,Jov_Madura,outono,FUS,Mar 2005,2.832727272727273,14.749132218365416,0.072330547818013,-0.5250000000000021,1_9,21
2093,357,9,sombra,1,F,2,12,7,2.2585,0.115825,0.65,52.0575,21.08,20.46,Madura,inverno,FUS,May 2005,3.474615384615385,19.499244549967624,0.04338471882053499,-0.6199999999999974,1_9,23
2094,358,9,sombra,1,F,3,9,1,4.303,0.17407499999999998,2.4,65.9825,22.0175,20.9875,Jovem,primavera,FUS,Nov 2004,1.7929166666666667,24.719230216860552,0.06521426135717803,-1.0299999999999976,1_9,17
2095,358,9,sombra,1,F,3,10,3,0.745,0.10505,1.1,22.69,26.83,26.215,Jov_Madura,verao,FUS,Jan 2005,0.6772727272727272,7.0918610185625885,0.03283384750991626,-0.6149999999999984,1_9,19
2096,358,9,sombra,1,F,3,11,5,1.81875,0.15767499999999998,0.95,39.26,21.425,20.745,Jov_Madura,outono,FUS,Mar 2005,1.9144736842105265,11.5348026002854,0.046325776872134496,-0.6799999999999997,1_9,21
2097,358,9,sombra,1,F,3,12,7,1.80625,0.130825,0.675,36.745,21.3275,20.8275,Madura,inverno,FUS,May 2005,2.6759259259259256,13.806611886107396,0.0491563478024221,-0.5,1_9,23
2098,359,9,sombra,2,M,1,9,1,2.892,0.179225,2.675,69.28,21.935,20.9325,Jovem,primavera,FUS,Nov 2004,1.0811214953271029,16.136141721300042,0.04174364896073903,-1.0024999999999977,2_9,17
2099,359,9,sombra,2,M,1,10,3,0.7974,0.1046,1.25,19.8275,27.42,26.77,Jov_Madura,verao,FUS,Jan 2005,0.63792,7.623326959847036,0.04021687050813264,-0.6500000000000021,2_9,19
2100,359,9,sombra,2,M,1,11,5,2.0325,0.16325,0.975,41.2175,21.555,20.77,Jov_Madura,outono,FUS,Mar 2005,2.0846153846153848,12.450229709035224,0.04931157881967611,-0.7850000000000001,2_9,21
2101,359,9,sombra,2,M,1,12,7,1.09707,0.18712499999999999,0.925,11.365,22.1325,21.625,Madura,inverno,FUS,May 2005,1.1860216216216215,5.8627655310621245,0.09653057633084029,-0.5075000000000003,2_9,23
2102,360,9,sombra,2,M,2,9,1,3.33625,0.15742499999999998,2.25,57.9425,22.1325,21.0425,Jovem,primavera,FUS,Nov 2004,1.4827777777777778,21.192631411783392,0.057578633990594125,-1.0899999999999999,2_9,17
2103,360,9,sombra,2,M,2,10,3,0.338275,0.10605,1.2,12.7825,27.3675,26.755,Jov_Madura,verao,FUS,Jan 2005,0.28189583333333335,3.1897689768976893,0.02646391550948562,-0.6125000000000007,2_9,19
2104,360,9,sombra,2,M,2,11,5,2.729,0.111,0.9,44.73,22.7167,22.1767,Jov_Madura,outono,FUS,Mar 2005,3.0322222222222224,24.585585585585587,0.061010507489380736,-0.5399999999999991,2_9,21
2105,360,9,sombra,2,M,2,12,7,2.5635,0.20850000000000002,0.975,47.195,22.28,21.6175,Madura,inverno,FUS,May 2005,2.629230769230769,12.294964028776977,0.054317194618073945,-0.6625000000000014,2_9,23
2106,361,9,sombra,2,M,3,9,1,3.8977500000000003,0.12610000000000002,2.0,84.7975,22.3525,21.4825,Jovem,primavera,FUS,Nov 2004,1.9488750000000001,30.909992069785883,0.045965388130546306,-0.8699999999999974,2_9,17
2107,361,9,sombra,2,M,3,10,3,1.17655,0.1061,1.175,18.1283,27.5675,27.07,Jov_Madura,verao,FUS,Jan 2005,1.0013191489361701,11.089066918001885,0.0649012869381023,-0.4974999999999987,2_9,19
2108,361,9,sombra,2,M,3,11,5,0.7512249999999999,0.08795,0.875,16.47,23.405,22.865,Jov_Madura,outono,FUS,Mar 2005,0.858542857142857,8.541500852757247,0.0456117182756527,-0.5400000000000027,2_9,21
2109,361,9,sombra,2,M,3,12,7,1.06718,0.22190000000000001,1.1,37.125,22.5475,21.8825,Madura,inverno,FUS,May 2005,0.9701636363636363,4.8092834610184765,0.028745589225589226,-0.6649999999999991,2_9,23
2110,362,9,sombra,3,F,1,9,1,2.179,0.1547,2.275,33.61,22.1675,21.525,Jovem,primavera,FUS,Nov 2004,0.9578021978021978,14.085326438267613,0.0648318952692651,-0.6425000000000018,3_9,17
2111,362,9,sombra,3,F,1,10,3,1.04877,0.10110000000000001,1.625,32.9275,29.8225,29.1975,Jov_Madura,verao,FUS,Jan 2005,0.6453969230769231,10.373590504451037,0.03185088451901905,-0.625,3_9,19
2112,362,9,sombra,3,F,1,11,5,0.8276500000000001,0.101475,0.775,13.2675,21.5175,20.91,Jov_Madura,outono,FUS,Mar 2005,1.0679354838709678,8.15619610741562,0.06238175993970229,-0.6074999999999982,3_9,21
2113,362,9,sombra,3,F,1,12,7,0.590975,0.125975,0.925,25.6325,22.9775,22.74,Madura,inverno,FUS,May 2005,0.6388918918918919,4.69120857312959,0.02305569101726324,-0.2375000000000007,3_9,23
2114,363,9,sombra,3,F,2,9,1,0.516975,0.041525,1.3,8.61425,28.64,27.6475,Jovem,primavera,FUS,Nov 2004,0.3976730769230769,12.44972907886815,0.060013930406013286,-0.9924999999999997,3_9,17
2115,363,9,sombra,3,F,2,10,3,0.8500249999999999,0.049,0.85,31.8825,29.1475,28.66,Jov_Madura,verao,FUS,Jan 2005,1.0000294117647057,17.347448979591835,0.02666117776209519,-0.4875000000000007,3_9,19
2116,363,9,sombra,3,F,2,11,5,0.463667,0.07780000000000001,0.666667,2.9416700000000002,22.4,22.0267,Jov_Madura,outono,FUS,Mar 2005,0.6955001522499239,5.959730077120822,0.15762033130840644,-0.37329999999999686,3_9,21
2117,363,9,sombra,3,F,2,12,7,0.244775,0.07705000000000001,0.525,7.04,23.1875,23.015,Madura,inverno,FUS,May 2005,0.46623809523809523,3.1768332251784552,0.034769176136363635,-0.17249999999999943,3_9,23
2118,364,9,sombra,3,F,3,9,1,0.953375,0.055725,1.35,20.0925,26.03,25.08,Jovem,primavera,FUS,Nov 2004,0.7062037037037037,17.108568864961867,0.047449297001368664,-0.9500000000000028,3_9,17
2119,364,9,sombra,3,F,3,10,3,1.817,0.068525,1.125,38.6275,29.125,28.3975,Jov_Madura,verao,FUS,Jan 2005,1.6151111111111112,26.515870120394016,0.04703902660022005,-0.7274999999999991,3_9,19
2120,364,9,sombra,3,F,3,11,5,1.61,0.1273,1.03333,13.0977,23.1967,22.2567,Jov_Madura,outono,FUS,Mar 2005,1.5580695421598134,12.64728986645719,0.12292234514456737,-0.9400000000000013,3_9,21
2121,364,9,sombra,3,F,3,12,7,0.183825,0.073775,0.6,15.94,23.595,23.35,Madura,inverno,FUS,May 2005,0.306375,2.4916977295831924,0.011532308657465495,-0.24499999999999744,3_9,23
2122,365,9,sombra,4,F,1,9,1,3.583,0.08175,1.925,46.0625,26.2825,25.44,Jovem,primavera,FUS,Nov 2004,1.8612987012987015,43.82874617737003,0.07778561736770692,-0.8424999999999976,4_9,17
2123,365,9,sombra,4,F,1,10,3,0.755025,0.104225,1.4,20.8225,28.4675,27.735,Jov_Madura,verao,FUS,Jan 2005,0.5393035714285714,7.2441832573758695,0.036260055228718925,-0.7325000000000017,4_9,19
2124,365,9,sombra,4,F,1,11,5,0.699533,0.0947,0.766667,6.40833,22.56,21.7933,Jov_Madura,outono,FUS,Mar 2005,0.9124339511156734,7.386832101372756,0.10915995274900012,-0.7667000000000002,4_9,21
2125,365,9,sombra,4,F,1,12,7,1.02925,0.0853,0.55,12.245,23.575,23.07,Madura,inverno,FUS,May 2005,1.8713636363636361,12.066236811254397,0.08405471621069825,-0.504999999999999,4_9,23
2126,366,9,sombra,4,F,2,9,1,1.20642,0.05065000000000001,1.425,10.8215,27.0175,26.4925,Jovem,primavera,FUS,Nov 2004,0.8466105263157895,23.818756169792692,0.11148362057016126,-0.5249999999999986,4_9,17
2127,366,9,sombra,4,F,2,10,3,0.54445,0.07980000000000001,1.1,10.4865,28.82,28.285,Jov_Madura,verao,FUS,Jan 2005,0.4949545454545454,6.822681704260651,0.05191913412482716,-0.5350000000000001,4_9,19
2128,366,9,sombra,4,F,2,11,5,0.5264,0.116825,0.85,4.01975,21.795,21.0675,Jov_Madura,outono,FUS,Mar 2005,0.6192941176470588,4.5058848705328485,0.13095341750108835,-0.7275000000000027,4_9,21
2129,366,9,sombra,4,F,2,12,7,0.578075,0.07415000000000001,0.525,4.64075,23.3175,22.7925,Madura,inverno,FUS,May 2005,1.1010952380952381,7.796021577882669,0.12456499488229274,-0.5249999999999986,4_9,23
2130,367,9,sombra,4,F,3,9,1,0.9248500000000001,0.06745000000000001,1.875,16.47,27.7025,26.835,Jovem,primavera,FUS,Nov 2004,0.4932533333333334,13.711638250555966,0.05615361262902247,-0.8674999999999997,4_9,17
2131,367,9,sombra,4,F,3,10,3,0.6634500000000001,0.08030000000000001,1.1,4.89675,28.5925,28.0075,Jov_Madura,verao,FUS,Jan 2005,0.6031363636363637,8.26214196762142,0.1354878235564405,-0.5850000000000009,4_9,19
2132,367,9,sombra,4,F,3,11,5,0.134467,0.103167,0.8,7.4556700000000005,21.9833,21.3867,Jov_Madura,outono,FUS,Mar 2005,0.16808375,1.303391588395514,0.018035535371066582,-0.5965999999999987,4_9,21
2133,367,9,sombra,4,F,3,12,7,0.466,0.06860000000000001,0.475,17.2125,23.3675,22.735,Madura,inverno,FUS,May 2005,0.9810526315789475,6.793002915451894,0.027073347857661585,-0.6325000000000003,4_9,23
2134,368,9,sombra,5,M,1,9,1,0.846875,0.10775000000000001,2.525,25.6275,27.125,26.2175,Jovem,primavera,FUS,Nov 2004,0.3353960396039604,7.859628770301623,0.03304555653107014,-0.9074999999999989,5_9,17
2135,368,9,sombra,5,M,1,10,3,1.05855,0.115,1.325,22.3525,25.655,25.11,Jov_Madura,verao,FUS,Jan 2005,0.7989056603773586,9.204782608695652,0.047357118890504424,-0.5450000000000017,5_9,19
2136,368,9,sombra,5,M,1,11,5,2.48225,0.114375,0.875,33.005,22.86,22.055,Jov_Madura,outono,FUS,Mar 2005,2.8368571428571427,21.702732240437157,0.07520830177245871,-0.8049999999999997,5_9,21
2137,368,9,sombra,5,M,1,12,7,0.8095,0.07295,1.5,9.068,20.1425,18.9325,Madura,inverno,FUS,May 2005,0.5396666666666666,11.096641535298149,0.08926996029995589,-1.2099999999999973,5_9,23
2138,369,9,sombra,5,M,2,9,1,1.31782,0.08577499999999999,2.25,33.3975,27.5575,26.5775,Jovem,primavera,FUS,Nov 2004,0.5856977777777778,15.363684057126203,0.03945864211393068,-0.9800000000000004,5_9,17
2139,369,9,sombra,5,M,2,10,3,1.07148,0.057475,0.525,14.08,26.8325,25.9225,Jov_Madura,verao,FUS,Jan 2005,2.0409142857142855,18.642540234884734,0.07609943181818182,-0.9100000000000001,5_9,19
2140,369,9,sombra,5,M,2,11,5,0.596875,0.10540000000000001,0.95,14.51,23.47,22.65,Jov_Madura,outono,FUS,Mar 2005,0.6282894736842106,5.6629506641366225,0.041135423845623714,-0.8200000000000003,5_9,21
2141,369,9,sombra,5,M,2,12,7,0.41335000000000005,0.160775,0.8,2.96175,19.945,18.92,Madura,inverno,FUS,May 2005,0.5166875000000001,2.5709842948219563,0.1395627585042627,-1.0249999999999986,5_9,23
2142,370,9,sombra,5,M,3,9,1,0.511975,0.05115,1.575,16.29,27.56,27.1225,Jovem,primavera,FUS,Nov 2004,0.32506349206349205,10.009286412512218,0.03142879066912216,-0.4375,5_9,17
2143,370,9,sombra,5,M,3,10,3,2.5995,0.043050000000000005,0.425,59.6375,26.9175,26.2725,Jov_Madura,verao,FUS,Jan 2005,6.116470588235294,60.38327526132403,0.04358834625864598,-0.6449999999999996,5_9,19
2144,370,9,sombra,5,M,3,11,5,1.513,0.09695000000000001,0.8,12.45,22.5875,21.875,Jov_Madura,outono,FUS,Mar 2005,1.8912499999999999,15.605982465188239,0.12152610441767069,-0.7124999999999986,5_9,21
2145,370,9,sombra,5,M,3,12,7,-0.0024500000000000004,0.08261249999999999,1.975,4.3525,19.5725,18.4725,Madura,inverno,FUS,May 2005,,,,-1.1000000000000014,5_9,23
2146,371,9,sombra,6,M,1,9,1,0.930767,0.14880000000000002,3.3,44.7967,28.0033,26.4033,Jovem,primavera,FUS,Nov 2004,0.28205060606060606,6.255154569892473,0.02077757959849721,-1.5999999999999979,6_9,17
2147,371,9,sombra,6,M,1,10,3,1.0956,0.07535,1.05,19.795,29.13,28.5,Jov_Madura,verao,FUS,Jan 2005,1.0434285714285714,14.540145985401459,0.05534730992674917,-0.629999999999999,6_9,19
2148,371,9,sombra,6,M,1,11,5,0.8813000000000001,0.06295,0.65,13.63,25.635,25.1125,Jov_Madura,outono,FUS,Mar 2005,1.355846153846154,14.0,0.06465884079236978,-0.5225000000000009,6_9,21
2149,371,9,sombra,6,M,1,12,7,1.15173,0.326,1.25,18.705,21.06,20.8175,Madura,inverno,FUS,May 2005,0.921384,3.5329141104294477,0.061573376102646356,-0.24249999999999972,6_9,23
2150,372,9,sombra,6,M,2,9,1,1.797,0.08805,2.325,17.2225,27.5175,26.75,Jovem,primavera,FUS,Nov 2004,0.7729032258064515,20.408858603066438,0.10434025257657134,-0.7674999999999983,6_9,17
2151,372,9,sombra,6,M,2,10,3,0.712675,0.047825,0.8,22.3325,30.0875,29.5575,Jov_Madura,verao,FUS,Jan 2005,0.8908437499999999,14.901725039205436,0.03191201164222546,-0.5299999999999976,6_9,19
2152,372,9,sombra,6,M,2,11,5,0.668025,0.0665,0.725,14.775,26.165,25.42,Jov_Madura,outono,FUS,Mar 2005,0.9214137931034483,10.04548872180451,0.045213197969543144,-0.7449999999999974,6_9,21
2153,372,9,sombra,6,M,2,12,7,1.65975,0.11015000000000001,0.75,29.2575,21.7025,21.2725,Madura,inverno,FUS,May 2005,2.213,15.068088969586926,0.056729043834914124,-0.4299999999999997,6_9,23
2154,373,9,sombra,6,M,3,9,1,1.78725,0.1013,2.425,27.095,27.355,26.3025,Jovem,primavera,FUS,Nov 2004,0.7370103092783505,17.643139190523197,0.06596235467798488,-1.052500000000002,6_9,17
2155,373,9,sombra,6,M,3,10,3,0.8367,0.0823,1.175,12.9325,29.69,28.7875,Jov_Madura,verao,FUS,Jan 2005,0.7120851063829787,10.166464155528555,0.06469746762033636,-0.9024999999999999,6_9,19
2156,373,9,sombra,6,M,3,11,5,0.626975,0.093525,1.05,9.8225,26.58,25.915,Jov_Madura,outono,FUS,Mar 2005,0.5971190476190475,6.703822507350975,0.06383049121913972,-0.6649999999999991,6_9,21
2157,373,9,sombra,6,M,3,12,7,1.13925,0.300075,1.25,32.28,21.655,20.5275,Madura,inverno,FUS,May 2005,0.9114000000000001,3.7965508622844295,0.03529275092936803,-1.1275000000000013,6_9,23
2158,374,9,sombra,7,M,1,9,1,1.52725,0.35050000000000003,7.7,48.8225,29.85,28.8425,Jovem,primavera,FUS,Nov 2004,0.19834415584415585,4.357346647646219,0.031281683649956475,-1.0075000000000003,7_9,17
2159,374,9,sombra,7,M,1,10,3,1.3164,0.0377667,0.833333,13.0867,31.06,30.7767,Jov_Madura,verao,FUS,Jan 2005,1.5796806318722527,34.85610339267132,0.10059067602986238,-0.283299999999997,7_9,19
2160,374,9,sombra,7,M,1,11,5,0.8376500000000001,0.065825,0.925,23.935,27.1075,26.53,Jov_Madura,outono,FUS,Mar 2005,0.9055675675675676,12.725408279529058,0.034996866513474,-0.5775000000000006,7_9,21
2161,374,9,sombra,7,M,1,12,7,1.12073,0.6533749999999999,0.6,18.505,12.985,12.35,Madura,inverno,FUS,May 2005,1.8678833333333333,1.7152936674956956,0.0605636314509592,-0.6349999999999998,7_9,23
2162,375,9,sombra,7,M,2,9,1,3.829,0.21435,4.55,65.79,29.045,28.1625,Jovem,primavera,FUS,Nov 2004,0.8415384615384616,17.863307674364357,0.05820033439732482,-0.8825000000000003,7_9,17
2163,375,9,sombra,7,M,2,10,3,1.561,0.09765000000000001,1.65,41.6325,30.395,29.54,Jov_Madura,verao,FUS,Jan 2005,0.946060606060606,15.985663082437274,0.037494745691467005,-0.8550000000000004,7_9,19
2164,375,9,sombra,7,M,2,11,5,1.43775,0.06962499999999999,0.925,39.685,27.01,26.035,Jov_Madura,outono,FUS,Mar 2005,1.5543243243243243,20.649910233393182,0.036229053798664486,-0.9750000000000014,7_9,21
2165,375,9,sombra,7,M,2,12,7,0.5152500000000001,0.34600000000000003,0.4,9.9715,12.925,12.345,Madura,inverno,FUS,May 2005,1.2881250000000002,1.4891618497109829,0.05167226595798025,-0.5800000000000001,7_9,23
2166,376,9,sombra,7,M,3,9,1,1.9575,0.2499,4.6,39.5725,28.62,27.205,Jovem,primavera,FUS,Nov 2004,0.4255434782608696,7.8331332533013205,0.04946616968854634,-1.4150000000000027,7_9,17
2167,376,9,sombra,7,M,3,10,3,0.44,0.053500000000000006,0.9,12.57,29.0,28.4,Jov_Madura,verao,FUS,Jan 2005,0.4888888888888889,8.22429906542056,0.035003977724741446,-0.6000000000000014,7_9,19
2168,376,9,sombra,7,M,3,11,5,1.3,0.0848,1.2,30.5225,27.1375,26.025,Jov_Madura,outono,FUS,Mar 2005,1.0833333333333335,15.330188679245284,0.04259153083790646,-1.1125000000000007,7_9,21
2169,376,9,sombra,7,M,3,12,7,0.79905,0.24765,0.375,21.215,11.9975,11.3325,Madura,inverno,FUS,May 2005,2.1308000000000002,3.2265293761356753,0.03766438840443083,-0.6650000000000009,7_9,23
2170,377,9,sombra,8,M,1,9,1,1.30775,0.294825,5.95,62.69,28.375,27.4875,Jovem,primavera,FUS,Nov 2004,0.21978991596638656,4.435682184346646,0.02086058382517148,-0.8874999999999993,8_9,17
2171,377,9,sombra,8,M,1,10,3,1.15475,0.15095,2.05,33.815,29.87,28.74,Jov_Madura,verao,FUS,Jan 2005,0.5632926829268293,7.649884067572043,0.03414904628123614,-1.1300000000000026,8_9,19
2172,377,9,sombra,8,M,1,11,5,1.1442700000000001,0.06035000000000001,0.825,19.9475,26.295,26.0,Jov_Madura,outono,FUS,Mar 2005,1.3869939393939397,18.96056338028169,0.05736408071186866,-0.2950000000000017,8_9,21
2173,377,9,sombra,8,M,1,12,7,0.606525,0.14055,0.325,11.3355,12.2475,11.8375,Madura,inverno,FUS,May 2005,1.8662307692307691,4.315368196371398,0.053506682545983855,-0.41000000000000014,8_9,23
2174,378,9,sombra,8,M,2,9,1,2.43175,0.153775,2.125,42.4075,22.915,22.3225,Jovem,primavera,FUS,Nov 2004,1.1443529411764706,15.813688831084377,0.05734245121735542,-0.5924999999999976,8_9,17
2175,378,9,sombra,8,M,2,10,3,0.734775,0.10782499999999999,1.7,17.5575,30.145,29.3675,Jov_Madura,verao,FUS,Jan 2005,0.4322205882352941,6.814514259216323,0.04184963690730457,-0.7774999999999999,8_9,19
2176,378,9,sombra,8,M,2,11,5,0.7478,0.057525,0.8,19.0925,26.29,25.5875,Jov_Madura,outono,FUS,Mar 2005,0.93475,12.999565406345068,0.03916721225612151,-0.7025000000000006,8_9,21
2177,378,9,sombra,8,M,2,12,7,1.7297500000000001,0.17277499999999998,0.375,26.0375,12.255,11.6,Madura,inverno,FUS,May 2005,4.612666666666667,10.011575748806253,0.06643302928468556,-0.6550000000000011,8_9,23
2178,379,9,sombra,8,M,3,9,1,1.06593,0.15575,2.375,11.9368,23.84,22.965,Jovem,primavera,FUS,Nov 2004,0.4488126315789474,6.843852327447833,0.0892978017559145,-0.875,8_9,17
2179,379,9,sombra,8,M,3,10,3,1.96127,0.12642499999999998,1.825,43.6125,30.0825,29.1425,Jov_Madura,verao,FUS,Jan 2005,1.074668493150685,15.513308285544792,0.044970364001146464,-0.9400000000000013,8_9,19
2180,379,9,sombra,8,M,3,11,5,2.131,0.0716,1.0,32.1875,26.9825,26.3075,Jov_Madura,outono,FUS,Mar 2005,2.131,29.76256983240223,0.06620582524271844,-0.6750000000000007,8_9,21
2181,379,9,sombra,8,M,3,12,7,3.034,0.29985,0.65,413.8,12.795,12.1725,Madura,inverno,FUS,May 2005,4.667692307692307,10.11839252959813,0.0073320444659255675,-0.6225000000000005,8_9,23
2182,380,9,sombra,9,M,1,9,1,1.11057,0.114325,1.85,23.1525,24.1425,23.2725,Jovem,primavera,FUS,Nov 2004,0.6003081081081081,9.714148261535097,0.04796760609005507,-0.8699999999999974,9_9,17
2183,380,9,sombra,9,M,1,10,3,1.4535,0.065625,1.125,35.0,29.72,29.1775,Jov_Madura,verao,FUS,Jan 2005,1.292,22.14857142857143,0.04152857142857143,-0.5425000000000004,9_9,19
2184,380,9,sombra,9,M,1,11,5,0.71875,0.06735000000000001,0.825,30.345,26.17,25.425,Jov_Madura,outono,FUS,Mar 2005,0.8712121212121212,10.671863400148476,0.023685944966221784,-0.745000000000001,9_9,21
2185,380,9,sombra,9,M,1,12,7,1.0399,0.2851,0.5,11.7882,12.755,12.5325,Madura,inverno,FUS,May 2005,2.0798,3.647492108032269,0.08821533397804585,-0.22250000000000014,9_9,23
2186,381,9,sombra,9,M,2,9,1,0.4703,0.077925,1.45,14.11,24.73,23.9925,Jovem,primavera,FUS,Nov 2004,0.3243448275862069,6.0352903432787945,0.03333097094259391,-0.7375000000000007,9_9,17
2187,381,9,sombra,9,M,2,10,3,1.53468,0.09535,1.525,30.242,30.1575,29.55,Jov_Madura,verao,FUS,Jan 2005,1.0063475409836067,16.095228106974304,0.050746643740493355,-0.6074999999999982,9_9,19
2188,381,9,sombra,9,M,2,11,5,1.42375,0.0603,0.8,5.17725,26.2225,25.4625,Jov_Madura,outono,FUS,Mar 2005,1.7796875,23.611111111111114,0.27500120720459703,-0.7600000000000016,9_9,21
2189,381,9,sombra,9,M,2,12,7,0.6739,0.0847,0.2,9.70675,12.8175,12.415,Madura,inverno,FUS,May 2005,3.3695,7.9563164108618665,0.06942591495608727,-0.40250000000000163,9_9,23
2190,382,9,sombra,9,M,3,9,1,1.6221,0.14165,2.25,35.4225,25.3375,24.28,Jovem,primavera,FUS,Nov 2004,0.7209333333333334,11.451464878220968,0.04579292822358671,-1.0574999999999974,9_9,17
2191,382,9,sombra,9,M,3,10,3,0.74,0.084925,0.9,17.6475,26.245,25.82,Jov_Madura,verao,FUS,Jan 2005,0.8222222222222222,8.713570797762731,0.041932285026207675,-0.4250000000000007,9_9,19
2192,382,9,sombra,9,M,3,11,5,2.13325,0.08660000000000001,1.025,25.2525,27.0525,25.81,Jov_Madura,outono,FUS,Mar 2005,2.081219512195122,24.633371824480363,0.08447678447678447,-1.2424999999999997,9_9,21
2193,382,9,sombra,9,M,3,12,7,1.0751,0.1211,0.325,19.3123,13.23,12.6075,Madura,inverno,FUS,May 2005,3.308,8.87778695293146,0.05566918492359791,-0.6225000000000005,9_9,23
2194,383,9,sombra,10,F,1,9,1,2.89125,0.22890000000000002,3.625,79.2525,25.8075,24.69,Jovem,primavera,FUS,Nov 2004,0.7975862068965517,12.631061598951506,0.03648149900634049,-1.1174999999999997,10_9,17
2195,383,9,sombra,10,F,1,10,3,6.16062,0.09712499999999999,0.975,57.135,25.4375,25.43,Jov_Madura,verao,FUS,Jan 2005,6.318584615384616,63.42980694980695,0.10782567603045419,-0.007500000000000284,10_9,19
2196,383,9,sombra,10,F,1,11,5,1.9435,0.07052499999999999,0.925,34.3475,26.46,25.4975,Jov_Madura,outono,FUS,Mar 2005,2.101081081081081,27.55760368663595,0.056583448577043456,-0.9625000000000021,10_9,21
2197,383,9,sombra,10,F,1,12,7,1.01412,0.07565000000000001,0.3,90.43,13.7,13.3525,Madura,inverno,FUS,May 2005,3.3804,13.405419695968272,0.011214419993365032,-0.34750000000000014,10_9,23
2198,384,9,sombra,10,F,2,9,1,3.38475,0.2489,3.925,113.457,25.8025,24.8925,Jovem,primavera,FUS,Nov 2004,0.8623566878980892,13.598834873443149,0.02983288823078347,-0.9100000000000001,10_9,17
2199,384,9,sombra,10,F,2,10,3,0.3467,0.0371,0.3,7.859,25.91,25.245,Jov_Madura,verao,FUS,Jan 2005,1.1556666666666668,9.34501347708895,0.04411502735717013,-0.6649999999999991,10_9,19
2200,384,9,sombra,10,F,2,11,5,2.00167,0.08203329999999999,1.13333,13.5033,26.57,25.86,Jov_Madura,outono,FUS,Mar 2005,1.766184606425313,24.400700691060827,0.14823561647893477,-0.7100000000000009,10_9,21
2201,384,9,sombra,10,F,2,12,7,1.385,0.068475,0.25,31.4325,13.37,13.11,Madura,inverno,FUS,May 2005,5.54,20.226359985396133,0.04406267398393383,-0.2599999999999998,10_9,23
2202,385,9,sombra,10,F,3,9,1,2.561,0.26030000000000003,4.075,54.31,26.3875,25.395,Jovem,primavera,FUS,Nov 2004,0.6284662576687117,9.83864771417595,0.04715522003314306,-0.9924999999999997,10_9,17
2203,385,9,sombra,10,F,3,10,3,1.4458,0.060875,0.6,15.35,27.02,26.235,Jov_Madura,verao,FUS,Jan 2005,2.409666666666667,23.75030800821355,0.09418892508143323,-0.7850000000000001,10_9,19
2204,385,9,sombra,10,F,3,11,5,1.1151,0.087325,1.25,30.9675,27.555,26.6,Jov_Madura,outono,FUS,Mar 2005,0.89208,12.769539078156312,0.036008718818115765,-0.9549999999999983,10_9,21
2205,385,9,sombra,10,F,3,12,7,1.4325,0.06495000000000001,0.3,34.515,13.92,13.6325,Madura,inverno,FUS,May 2005,4.775,22.0554272517321,0.04150369404606693,-0.28749999999999964,10_9,23
2206,386,9,sombra,11,M,1,9,1,1.63,0.3609,7.15,78.7725,26.99,25.8875,Jovem,primavera,FUS,Nov 2004,0.22797202797202795,4.516486561374341,0.02069250055539687,-1.1024999999999991,11_9,17
2207,386,9,sombra,11,M,1,10,3,1.54575,0.16447499999999998,1.225,31.525,23.0775,22.4125,Jov_Madura,verao,FUS,Jan 2005,1.2618367346938775,9.398084815321479,0.0490325138778747,-0.6649999999999991,11_9,19
2208,386,9,sombra,11,M,1,11,5,0.1681,0.0442667,0.666667,6.693,26.2933,25.5567,Jov_Madura,outono,FUS,Mar 2005,0.25214987392506305,3.797436899520407,0.02511579261915434,-0.7365999999999993,11_9,21
2209,386,9,sombra,11,M,1,12,7,0.477925,0.077,0.325,6.07375,14.005,13.8175,Madura,inverno,FUS,May 2005,1.4705384615384614,6.206818181818182,0.07868697262811278,-0.1875,11_9,23
2210,387,9,sombra,11,M,2,9,1,3.0485,0.42895000000000005,6.775,22.0352,26.9875,25.9825,Jovem,primavera,FUS,Nov 2004,0.44996309963099634,7.106888914791933,0.1383468268951496,-1.004999999999999,11_9,17
2211,387,9,sombra,11,M,2,10,3,3.7515,0.15165,1.225,67.2825,24.0075,23.5475,Jov_Madura,verao,FUS,Jan 2005,3.0624489795918364,24.73788328387735,0.05575744064206889,-0.46000000000000085,11_9,19
2212,387,9,sombra,11,M,2,11,5,1.68507,0.0886667,1.0,51.5633,25.83,24.9567,Jov_Madura,outono,FUS,Mar 2005,1.68507,19.00454172761589,0.032679638425003835,-0.8732999999999969,11_9,21
2213,387,9,sombra,11,M,2,12,7,0.6250249999999999,0.06737499999999999,0.275,11.485,13.4875,13.3475,Madura,inverno,FUS,May 2005,2.2728181818181814,9.276808905380335,0.054420983892033085,-0.14000000000000057,11_9,23
2214,388,9,sombra,11,M,3,9,1,4.158,0.367125,6.55,85.8875,27.145,26.2575,Jovem,primavera,FUS,Nov 2004,0.6348091603053436,11.325842696629215,0.0484121670790278,-0.8874999999999993,11_9,17
2215,388,9,sombra,11,M,3,10,3,0.77485,0.1265,1.1,20.2475,24.9125,24.4175,Jov_Madura,verao,FUS,Jan 2005,0.7044090909090909,6.125296442687747,0.03826892208914681,-0.495000000000001,11_9,19
2216,388,9,sombra,11,M,3,11,5,0.330933,0.0606,0.766667,10.5203,26.2233,25.4467,Jov_Madura,outono,FUS,Mar 2005,0.43165155145584716,5.460940594059405,0.031456612454017464,-0.7765999999999984,11_9,21
2217,388,9,sombra,11,M,3,12,7,0.818525,0.060825,0.275,4.4455,13.49,13.3075,Madura,inverno,FUS,May 2005,2.976454545454545,13.4570489108097,0.18412439545607917,-0.182500000000001,11_9,23
2218,389,9,sombra,12,M,1,9,1,5.56075,0.348275,6.4,150.35,27.6125,26.6275,Jovem,primavera,FUS,Nov 2004,0.8688671874999999,15.966549422152035,0.03698536747588959,-0.9849999999999994,12_9,17
2219,389,9,sombra,12,M,1,10,3,1.21142,0.13272499999999998,1.2,20.5825,25.2625,24.835,Jov_Madura,verao,FUS,Jan 2005,1.0095166666666666,9.127293275569787,0.05885679582169318,-0.42749999999999844,12_9,19
2220,389,9,sombra,12,M,1,11,5,2.3325,0.0725,0.95,32.265,26.265,25.415,Jov_Madura,outono,FUS,Mar 2005,2.455263157894737,32.17241379310345,0.07229195722919572,-0.8500000000000014,12_9,21
2221,389,9,sombra,12,M,1,12,7,2.242,0.060425,0.325,34.755,13.9275,13.8275,Madura,inverno,FUS,May 2005,6.898461538461539,37.1038477451386,0.06450870378362825,-0.09999999999999964,12_9,23
2222,390,9,sombra,12,M,2,9,1,3.214,0.30327499999999996,6.1,47.9975,28.0925,27.4,Jovem,primavera,FUS,Nov 2004,0.5268852459016393,10.597642403758966,0.06696182092817334,-0.6925000000000026,12_9,17
2223,390,9,sombra,12,M,2,10,3,4.0015,0.135,1.65,96.105,25.86,25.36,Jov_Madura,verao,FUS,Jan 2005,2.4251515151515153,29.64074074074074,0.04163675146974663,-0.5,12_9,19
2224,390,9,sombra,12,M,2,11,5,3.87275,0.118625,1.475,92.12,26.875,25.76,Jov_Madura,outono,FUS,Mar 2005,2.625593220338983,32.64699683877766,0.042040273556231,-1.1149999999999984,12_9,21
2225,390,9,sombra,12,M,2,12,7,1.7304300000000001,0.0402,0.25,26.2625,14.895,14.6025,Madura,inverno,FUS,May 2005,6.9217200000000005,43.0455223880597,0.0658897667777249,-0.2925000000000004,12_9,23
2226,391,9,sombra,12,M,3,9,1,2.21075,0.2272,4.8,77.1325,27.5125,26.82,Jovem,primavera,FUS,Nov 2004,0.46057291666666667,9.730413732394366,0.02866171847146145,-0.692499999999999,12_9,17
2227,391,9,sombra,12,M,3,10,3,4.352,0.15792499999999998,1.9,21.005,26.3025,25.4925,Jov_Madura,verao,FUS,Jan 2005,2.290526315789474,27.55738483457338,0.20718876457986196,-0.8099999999999987,12_9,19
2228,391,9,sombra,12,M,3,11,5,1.70917,0.0828667,1.36667,21.2567,28.4967,27.62,Jov_Madura,outono,FUS,Mar 2005,1.2506091448557444,20.62553474435449,0.08040617781687658,-0.8766999999999996,12_9,21
2229,391,9,sombra,12,M,3,12,7,1.2159200000000001,0.043250000000000004,0.3,11.9143,14.885,14.465,Madura,inverno,FUS,May 2005,4.053066666666667,28.113757225433528,0.10205551312288595,-0.41999999999999993,12_9,23
2230,392,9,sombra,13,M,1,9,1,1.21952,0.229,3.7,45.9125,28.135,27.1075,Jovem,primavera,FUS,Nov 2004,0.32959999999999995,5.325414847161571,0.02656182956711135,-1.0274999999999999,13_9,17
2231,392,9,sombra,13,M,1,10,3,1.00535,0.114475,1.0,19.6525,24.5175,24.0275,Jov_Madura,verao,FUS,Jan 2005,1.00535,8.782266870495741,0.05115634143238774,-0.48999999999999844,13_9,19
2232,392,9,sombra,13,M,1,11,5,0.26235,0.0472,0.725,10.701,27.02,26.355,Jov_Madura,outono,FUS,Mar 2005,0.3618620689655173,5.5582627118644075,0.02451640033641716,-0.6649999999999991,13_9,21
2233,392,9,sombra,13,M,1,12,7,1.57152,0.049575,0.3,31.115,14.6925,14.2725,Madura,inverno,FUS,May 2005,5.2384,31.699848714069592,0.05050682950345493,-0.41999999999999993,13_9,23
2234,393,9,sombra,13,M,2,9,1,3.7825,0.31930000000000003,4.6,45.3075,28.2375,27.2175,Jovem,primavera,FUS,Nov 2004,0.8222826086956523,11.846226119636706,0.08348507421508582,-1.0199999999999996,13_9,17
2235,393,9,sombra,13,M,2,10,3,1.14425,0.10087499999999999,1.0,15.2625,24.245,23.9225,Jov_Madura,verao,FUS,Jan 2005,1.14425,11.343246592317225,0.07497133497133497,-0.32250000000000156,13_9,19
2236,393,9,sombra,13,M,2,11,5,3.69675,0.048075,1.0,100.565,28.295,28.035,Jov_Madura,outono,FUS,Mar 2005,3.69675,76.89547581903277,0.03675980708994183,-0.26000000000000156,13_9,21
2237,393,9,sombra,13,M,2,12,7,0.997775,0.040150000000000005,0.275,67.3125,14.845,14.5975,Madura,inverno,FUS,May 2005,3.628272727272727,24.851183063511826,0.014823026926648096,-0.2475000000000005,13_9,23
2238,394,9,sombra,13,M,3,9,1,1.33075,0.16715000000000002,3.3,37.7425,28.5,27.5875,Jovem,primavera,FUS,Nov 2004,0.4032575757575758,7.961411905474125,0.03525866066105849,-0.9125000000000014,13_9,17
2239,394,9,sombra,13,M,3,10,3,1.10232,0.10405,0.925,19.6475,24.0225,23.6775,Jov_Madura,verao,FUS,Jan 2005,1.1916972972972972,10.594137433925997,0.05610484794503117,-0.3450000000000024,13_9,19
2240,394,9,sombra,13,M,3,11,5,0.614,0.0534,1.05,12.2168,28.2625,27.505,Jov_Madura,outono,FUS,Mar 2005,0.5847619047619047,11.498127340823968,0.0502586602056185,-0.7575000000000003,13_9,21
2241,394,9,sombra,13,M,3,12,7,1.13013,0.06265000000000001,0.35,5.9875,11.145,10.78,Madura,inverno,FUS,May 2005,3.2289428571428576,18.038786911412608,0.1887482254697286,-0.3650000000000002,13_9,23
2242,395,9,sombra,14,M,1,9,1,0.8877,0.19775,3.0,28.47,28.5175,27.1425,Jovem,primavera,FUS,Nov 2004,0.2959,4.4890012642225035,0.03118018967334036,-1.375,14_9,17
2243,395,9,sombra,14,M,1,10,3,1.54,0.12107499999999999,1.0,27.8675,24.285,23.6375,Jov_Madura,verao,FUS,Jan 2005,1.54,12.719388808589718,0.05526150533775904,-0.6475000000000009,14_9,19
2244,395,9,sombra,14,M,1,11,5,1.777,0.06787499999999999,1.275,31.7875,28.1975,27.4975,Jov_Madura,outono,FUS,Mar 2005,1.3937254901960785,26.1804788213628,0.05590247738891073,-0.7000000000000028,14_9,21
2245,395,9,sombra,14,M,1,12,7,0.44132499999999997,0.0736,0.325,7.194,11.055,10.62,Madura,inverno,FUS,May 2005,1.3579230769230768,5.9962635869565215,0.06134626077286627,-0.4350000000000005,14_9,23
2246,396,9,sombra,14,M,2,9,1,1.7225,0.133075,2.6,34.18,28.93,27.83,Jovem,primavera,FUS,Nov 2004,0.6625,12.943828668044336,0.050394967817437096,-1.1000000000000014,14_9,17
2247,396,9,sombra,14,M,2,10,3,0.8511500000000001,0.085475,0.85,12.1783,25.0575,24.53,Jov_Madura,verao,FUS,Jan 2005,1.0013529411764708,9.95788242176075,0.06989070724156903,-0.5274999999999999,14_9,19
2248,396,9,sombra,14,M,2,11,5,4.645,0.082,1.675,27.715,28.4725,28.055,Jov_Madura,outono,FUS,Mar 2005,2.773134328358209,56.64634146341463,0.1675987732274941,-0.4175000000000004,14_9,21
2249,396,9,sombra,14,M,2,12,7,0.459,0.05895,0.3,5.564,11.285,10.93,Madura,inverno,FUS,May 2005,1.53,7.786259541984733,0.08249460819554277,-0.3550000000000004,14_9,23
2250,397,9,sombra,14,M,3,9,1,1.4575,0.15115,2.95,33.6675,29.155,28.06,Jovem,primavera,FUS,Nov 2004,0.4940677966101695,9.64273900099239,0.04329100764832554,-1.0950000000000024,14_9,17
2251,397,9,sombra,14,M,3,10,3,1.33115,0.09225000000000001,0.925,36.3025,24.7925,24.415,Jov_Madura,verao,FUS,Jan 2005,1.439081081081081,14.42981029810298,0.036668273534880516,-0.3775000000000013,14_9,19
2252,397,9,sombra,14,M,3,11,5,1.37975,0.0629,1.225,23.0425,28.8525,27.995,Jov_Madura,outono,FUS,Mar 2005,1.1263265306122447,21.935612082670907,0.05987848540739937,-0.8574999999999982,14_9,21
2253,397,9,sombra,14,M,3,12,7,1.10497,0.072125,0.4,16.2375,11.98,11.76,Madura,inverno,FUS,May 2005,2.762425,15.320207972270365,0.06805050038491146,-0.22000000000000064,14_9,23
2254,398,9,sombra,15,M,1,9,1,1.76375,0.327125,6.3,59.335,29.3725,28.375,Jovem,primavera,FUS,Nov 2004,0.27996031746031746,5.391669850974398,0.029725288615488326,-0.9974999999999987,15_9,17
2255,398,9,sombra,15,M,1,10,3,1.76225,0.09157499999999999,0.875,30.2525,25.655,25.15,Jov_Madura,verao,FUS,Jan 2005,2.0140000000000002,19.243789243789248,0.058251384183125365,-0.5050000000000026,15_9,19
2256,398,9,sombra,15,M,1,11,5,0.48482499999999995,0.041600000000000005,0.9,17.455,29.0375,28.325,Jov_Madura,outono,FUS,Mar 2005,0.5386944444444444,11.654447115384613,0.027775708965912346,-0.7125000000000021,15_9,21
2257,398,9,sombra,15,M,1,12,7,0.628625,0.061200000000000004,0.325,9.248,12.3575,12.0625,Madura,inverno,FUS,May 2005,1.9342307692307692,10.271650326797385,0.06797415657439447,-0.29499999999999993,15_9,23
2258,399,9,sombra,15,M,2,9,1,2.4665,0.312675,6.4,68.765,29.7025,29.015,Jovem,primavera,FUS,Nov 2004,0.385390625,7.888382505796754,0.035868537773576674,-0.6875,15_9,17
2259,399,9,sombra,15,M,2,10,3,1.39125,0.09157499999999999,0.9,36.965,25.6075,24.885,Jov_Madura,verao,FUS,Jan 2005,1.5458333333333334,15.192465192465196,0.037636953875287434,-0.7225000000000001,15_9,19
2260,399,9,sombra,15,M,2,11,5,1.47275,0.038625,0.8,47.325,28.995,28.45,Jov_Madura,outono,FUS,Mar 2005,1.8409375,38.1294498381877,0.031119915478077124,-0.5450000000000017,15_9,21
2261,399,9,sombra,15,M,2,12,7,0.828575,0.0703,0.375,11.94,12.4325,12.0825,Madura,inverno,FUS,May 2005,2.2095333333333333,11.786273115220483,0.06939489112227805,-0.34999999999999964,15_9,23
2262,400,9,sombra,15,M,3,9,1,2.74875,0.26775000000000004,5.3,55.6725,29.59,28.7225,Jovem,primavera,FUS,Nov 2004,0.5186320754716981,10.266106442577028,0.04937356863801697,-0.8674999999999997,15_9,17
2263,400,9,sombra,15,M,3,10,3,1.17593,0.043875,0.35,24.1775,26.095,25.4025,Jov_Madura,verao,FUS,Jan 2005,3.3598,26.801823361823363,0.04863736945507186,-0.692499999999999,15_9,19
2264,400,9,sombra,15,M,3,11,5,0.99245,0.0506,1.1,20.075,29.0875,28.3175,Jov_Madura,outono,FUS,Mar 2005,0.9022272727272727,19.613636363636363,0.04943711083437111,-0.7699999999999996,15_9,21
2265,400,9,sombra,15,M,3,12,7,0.717675,0.0506,0.275,8.83075,12.79,12.55,Madura,inverno,FUS,May 2005,2.6097272727272722,14.183300395256916,0.0812699940548651,-0.23999999999999844,15_9,23
2266,401,11,sol,16,F,1,11,1,5.37125,0.24355000000000002,2.4,133.525,22.3825,22.2025,Jovem,outono,MO,Mar 2005,2.2380208333333336,22.053993019913772,0.04022654933533046,-0.17999999999999972,16_11,21
2267,401,11,sol,16,F,1,12,3,9.28675,0.17650000000000002,2.07549,687.95,10.41,12.75,Jov_Madura,inverno,MO,May 2005,4.474485543172937,52.61614730878186,0.013499164183443563,2.34,16_11,23
2268,402,11,sol,16,F,2,11,1,4.48775,0.21262499999999998,2.2,338.85,23.215,22.74,Jovem,outono,MO,Mar 2005,2.0398863636363633,21.106407995296887,0.01324406079386159,-0.4750000000000014,16_11,21
2269,402,11,sol,16,F,2,12,3,2.8577500000000002,0.22392499999999999,3.2979,897.625,13.1775,12.12,Jov_Madura,inverno,MO,May 2005,0.8665362806634526,12.762085519705261,0.0031836791533212646,-1.057500000000001,16_11,23
2270,403,11,sol,16,F,3,11,1,8.24,0.097325,1.575,209.125,27.12,27.09,Jovem,outono,MO,Mar 2005,5.231746031746032,84.6647829437452,0.039402271368798564,-0.030000000000001137,16_11,21
2271,403,11,sol,16,F,3,12,3,3.69575,0.1859,3.89479,1116.28,13.0475,11.8,Jov_Madura,inverno,MO,May 2005,0.94889583263796,19.88031199569661,0.0033107732826889312,-1.2474999999999987,16_11,23
2272,404,11,sol,17,F,3,11,1,4.02975,0.096775,1.525,347.0,26.1225,25.97,Jovem,outono,MO,Mar 2005,2.6424590163934427,41.6404029966417,0.011613112391930835,-0.15249999999999986,17_11,21
2273,404,11,sol,17,F,3,12,3,6.744,0.13835,0.910885,918.3,14.71,14.8075,Jov_Madura,inverno,MO,May 2005,7.403788623152209,48.745934224792194,0.007344005227049984,0.09749999999999837,17_11,23
2274,405,11,sol,18,F,1,11,1,1.59267,0.22390000000000002,2.53333,141.56,26.07,24.93,Jovem,outono,MO,Mar 2005,0.6286863535346757,7.113309513175524,0.011250847697089573,-1.1400000000000006,18_11,21
2275,405,11,sol,18,F,1,12,3,6.1195,0.11817499999999999,0.367597,928.575,14.615,14.845,Jov_Madura,inverno,MO,May 2005,16.6473066972799,51.78337211762218,0.0065902054222868375,0.23000000000000043,18_11,23
2276,406,11,sol,19,F,1,11,1,5.42,0.14135,1.325,232.625,24.935,24.16,Jovem,outono,MO,Mar 2005,4.090566037735849,38.34453484258932,0.023299301450832886,-0.7749999999999986,19_11,21
2277,406,11,sol,19,F,1,12,3,10.8982,0.17585,3.1558100000000002,843.8,15.0875,15.9225,Jov_Madura,inverno,MO,May 2005,3.453376470700073,61.97441000852999,0.012915619815122067,0.8349999999999991,19_11,23
2278,407,11,sol,19,F,2,11,1,6.07525,0.11767499999999999,1.875,311.225,29.44,29.4775,Jovem,outono,MO,Mar 2005,3.240133333333333,51.627363501168475,0.01952044340910916,0.03749999999999787,19_11,21
2279,407,11,sol,19,F,2,12,3,4.384,0.11372499999999999,7.80707,688.575,15.7025,15.84,Jov_Madura,inverno,MO,May 2005,0.5615422943562693,38.54913167729172,0.006366771956576989,0.1374999999999993,19_11,23
2280,408,11,sol,19,F,3,11,1,1.1958,0.21005000000000001,1.75,78.59,27.16,25.28,Jovem,outono,MO,Mar 2005,0.6833142857142857,5.6929302547012615,0.01521567629469398,-1.879999999999999,19_11,21
2281,408,11,sol,19,F,3,12,3,3.28,0.135675,3.46607,590.047,15.8525,16.0975,Jov_Madura,inverno,MO,May 2005,0.9463167218203902,24.175419200294822,0.005558879207927503,0.245000000000001,19_11,23
2282,409,11,sol,20,F,1,11,1,7.50075,0.12140000000000001,2.8,2119.75,29.92,32.5775,Jovem,outono,MO,Mar 2005,2.678839285714286,61.785420098846785,0.003538506899398514,2.657499999999999,20_11,21
2283,409,11,sol,20,F,1,12,3,7.07175,0.159025,2.41423,926.55,14.51,14.8625,Jov_Madura,inverno,MO,May 2005,2.9291948157383514,44.46942304669077,0.00763234579893152,0.3525000000000009,20_11,23
2284,410,11,sol,20,F,2,11,1,8.05775,0.24230000000000002,2.8,169.4,28.7175,27.74,Jovem,outono,MO,Mar 2005,2.8777678571428575,33.255262071811806,0.04756641086186541,-0.9775000000000027,20_11,21
2285,410,11,sol,20,F,2,12,3,3.754,0.154825,0.982084,107.44,14.7475,13.7725,Jov_Madura,inverno,MO,May 2005,3.8224836164727254,24.24673017923462,0.034940431868950114,-0.9749999999999996,20_11,23
2286,411,11,sol,20,F,3,11,1,5.54725,0.19272499999999998,2.9,158.95,28.525,27.705,Jovem,outono,MO,Mar 2005,1.9128448275862069,28.783240368400573,0.03489933941491035,-0.8200000000000003,20_11,21
2287,411,11,sol,20,F,3,12,3,12.18,0.124925,2.57201,1720.0,16.24,20.26,Jov_Madura,inverno,MO,May 2005,4.73559589581689,97.49849909945968,0.007081395348837209,4.020000000000003,20_11,23
2288,412,11,sol,21,M,1,11,1,3.0345,0.29055000000000003,4.75,226.35,28.645,28.145,Jovem,outono,MO,Mar 2005,0.6388421052631579,10.443985544656684,0.01340622929092114,-0.5,21_11,21
2289,412,11,sol,21,M,1,12,3,9.69325,0.18875,1.3198,1514.2,13.6575,14.2325,Jov_Madura,inverno,MO,May 2005,7.344484012729201,51.35496688741722,0.006401565182934883,0.5749999999999993,21_11,23
2290,413,11,sol,21,M,2,11,1,7.5315,0.17300000000000001,3.1,387.2,28.635,28.45,Jovem,outono,MO,Mar 2005,2.429516129032258,43.53468208092485,0.019451188016528925,-0.18500000000000227,21_11,21
2291,413,11,sol,21,M,2,12,3,1.2985,0.066425,2.78199,28.7225,14.95,14.26,Jov_Madura,inverno,MO,May 2005,0.4667522169382349,19.54836281520512,0.04520846026634172,-0.6899999999999995,21_11,23
2292,414,11,sol,21,M,3,11,1,1.4527700000000001,0.197933,2.8,290.7,27.6333,26.7867,Jovem,outono,MO,Mar 2005,0.5188464285714286,7.339705860063759,0.0049974888200894395,-0.8465999999999987,21_11,21
2293,414,11,sol,21,M,3,12,3,3.32375,0.06912499999999999,1.39165,1272.75,15.38,15.6375,Jov_Madura,inverno,MO,May 2005,2.3883519563108537,48.08318264014467,0.0026114712237281477,0.2574999999999985,21_11,23
2294,415,11,sol,22,F,3,11,1,3.40033,0.1437,2.2,232.375,26.51,26.365,Jovem,outono,MO,Mar 2005,1.5456045454545453,23.662700069589423,0.01463294244217321,-0.14500000000000313,22_11,21
2295,415,11,sol,22,F,3,12,3,10.2362,0.1301,3.12142,986.318,15.685,17.8825,Jov_Madura,inverno,MO,May 2005,3.279340812835184,78.67947732513451,0.010378194456554581,2.1975,22_11,23
2296,416,11,sol,23,F,2,11,1,4.81525,0.196375,2.35,232.925,26.19,25.345,Jovem,outono,MO,Mar 2005,2.049042553191489,24.520687460216422,0.020672963400236125,-0.8450000000000024,23_11,21
2297,416,11,sol,23,F,2,12,3,1.2608300000000001,0.065625,1.93126,174.325,13.6775,12.9175,Jov_Madura,inverno,MO,May 2005,0.6528535774572042,19.21264761904762,0.0072326401835651815,-0.7599999999999998,23_11,23
2298,417,11,sol,24,M,1,11,1,0.6632,0.1225,1.5,101.7,26.15,25.215,Jovem,outono,MO,Mar 2005,0.4421333333333333,5.413877551020408,0.006521140609636185,-0.9349999999999987,24_11,21
2299,417,11,sol,24,M,1,12,3,2.41825,0.08555,2.9765200000000003,323.172,13.9075,13.5675,Jov_Madura,inverno,MO,May 2005,0.8124420464166207,28.267095265926358,0.007482857425767083,-0.33999999999999986,24_11,23
2300,418,11,sol,24,M,2,11,1,4.66225,0.103125,1.375,91.57,26.0225,25.49,Jovem,outono,MO,Mar 2005,3.390727272727273,45.20969696969697,0.050914600851807365,-0.5325000000000024,24_11,21
2301,418,11,sol,24,M,2,12,3,4.533,0.0916,3.5769100000000003,1290.5,14.4625,14.9975,Jov_Madura,inverno,MO,May 2005,1.2672949557019886,49.48689956331878,0.003512592018597443,0.5350000000000001,24_11,23
2302,419,11,sol,24,M,3,11,1,3.34225,0.23507499999999998,2.05,118.988,26.835,25.6275,Jovem,outono,MO,Mar 2005,1.6303658536585366,14.2178028288844,0.02808896695465089,-1.2074999999999996,24_11,21
2303,419,11,sol,24,M,3,12,3,9.6825,0.15592499999999998,1.6769100000000001,722.375,16.585,16.4225,Jov_Madura,inverno,MO,May 2005,5.7740129166144865,62.0971620971621,0.013403703062813634,-0.16250000000000142,24_11,23
2304,420,11,sol,25,M,1,11,1,3.6965,0.1342,2.35,341.6,27.41,27.125,Jovem,outono,MO,Mar 2005,1.5729787234042552,27.54470938897168,0.010821135831381732,-0.28500000000000014,25_11,21
2305,420,11,sol,25,M,1,12,3,3.89525,0.112025,2.10613,48.445,15.8475,15.0875,Jov_Madura,inverno,MO,May 2005,1.8494822256935708,34.77125641597858,0.0804056146145113,-0.7599999999999998,25_11,23
2306,421,11,sol,25,M,2,11,1,2.73175,0.08940000000000001,1.85,665.025,28.67,28.0025,Jovem,outono,MO,Mar 2005,1.4766216216216215,30.556487695749436,0.004107740310514642,-0.6675000000000004,25_11,21
2307,421,11,sol,25,M,2,12,3,14.56,0.1643,2.36599,1566.0,17.11,19.425,Jov_Madura,inverno,MO,May 2005,6.15387216344955,88.61838101034692,0.009297573435504471,2.3150000000000013,25_11,23
2308,422,11,sol,25,M,3,11,1,5.6615,0.19565000000000002,5.5,1312.5,31.9025,32.9475,Jovem,outono,MO,Mar 2005,1.0293636363636365,28.936877076411957,0.00431352380952381,1.0449999999999982,25_11,21
2309,422,11,sol,25,M,3,12,3,8.6235,0.070925,2.63397,1082.9,20.7825,25.625,Jov_Madura,inverno,MO,May 2005,3.2739552842287494,121.58618258724003,0.007963339181826576,4.842500000000001,25_11,23
2310,423,11,sol,26,F,1,11,1,7.1,0.29435,5.5,250.6,29.6733,28.9,Jovem,outono,MO,Mar 2005,1.2909090909090908,24.12094445388143,0.028332003192338386,-0.7733000000000025,26_11,21
2311,423,11,sol,26,F,1,12,3,1.15953,0.044575,0.561628,62.2925,15.5275,14.7725,Jov_Madura,inverno,MO,May 2005,2.0645872356791326,26.013011777902413,0.01861427940763334,-0.754999999999999,26_11,23
2312,424,11,sol,26,F,2,11,1,4.8525,0.2927,5.2,152.3,28.81,28.075,Jovem,outono,MO,Mar 2005,0.9331730769230769,16.578407926204303,0.03186145764937623,-0.7349999999999994,26_11,21
2313,424,11,sol,26,F,2,12,3,0.9630749999999999,0.041350000000000005,1.42712,35.995,15.19,14.4,Jov_Madura,inverno,MO,May 2005,0.6748381355457144,23.290810157194674,0.026755799416585638,-0.7899999999999991,26_11,23
2314,425,11,sol,27,M,1,11,1,3.582,0.171175,2.65,129.425,27.255,26.135,Jovem,outono,MO,Mar 2005,1.3516981132075472,20.92595297210457,0.02767626038246088,-1.1199999999999974,27_11,21
2315,425,11,sol,27,M,1,12,3,12.3575,0.14635,2.34593,1600.25,16.9525,18.9975,Jov_Madura,inverno,MO,May 2005,5.26763373161177,84.43799111718482,0.007722230901421653,2.044999999999998,27_11,23
2316,426,11,sol,27,M,2,11,1,2.46225,0.132525,2.125,100.65,26.73,25.76,Jovem,outono,MO,Mar 2005,1.1587058823529413,18.579513299377474,0.02446348733233979,-0.9699999999999989,27_11,21
2317,426,11,sol,27,M,2,12,3,8.96725,0.178675,2.59098,580.225,17.975,17.4025,Jov_Madura,inverno,MO,May 2005,3.4609491389358467,50.18749125507206,0.015454780473092334,-0.5725000000000016,27_11,23
2318,427,11,sol,27,M,3,11,1,3.84525,0.17555,2.35,70.3975,26.66,25.54,Jovem,outono,MO,Mar 2005,1.6362765957446808,21.90401594987183,0.054621968109662994,-1.120000000000001,27_11,21
2319,427,11,sol,27,M,3,12,3,6.1405,0.07695,1.69276,925.225,19.29,20.775,Jov_Madura,inverno,MO,May 2005,3.62750773884071,79.79857050032489,0.006636764030370991,1.4849999999999994,27_11,23
2320,428,11,sol,28,F,1,11,1,2.95975,0.4536,5.9,171.4,26.2425,25.6275,Jovem,outono,MO,Mar 2005,0.5016525423728814,6.525022045855379,0.017268086347724622,-0.6149999999999984,28_11,21
2321,428,11,sol,28,F,1,12,3,8.341,0.115675,2.77134,1414.5,20.105,21.445,Jov_Madura,inverno,MO,May 2005,3.009735362676539,72.10719688783229,0.005896783315659243,1.3399999999999999,28_11,23
2322,429,11,sol,28,F,2,11,1,1.25337,0.17183299999999999,2.86667,83.3293,26.9333,26.3133,Jovem,outono,MO,Mar 2005,0.4372215846260644,7.29411696239954,0.015041167992530838,-0.6199999999999974,28_11,21
2323,429,11,sol,28,F,2,12,3,13.7525,0.218725,3.35,1888.75,19.165,22.085,Jov_Madura,inverno,MO,May 2005,4.1052238805970145,62.87575722939764,0.007281270681667769,2.9200000000000017,28_11,23
2324,430,11,sol,28,F,3,11,1,2.94645,0.29822499999999996,5.075,48.4825,27.81,27.55,Jovem,outono,MO,Mar 2005,0.5805812807881773,9.879956408751783,0.06077347496519363,-0.259999999999998,28_11,21
2325,430,11,sol,28,F,3,12,3,14.425,0.130725,2.27583,615.128,17.9375,18.04,Jov_Madura,inverno,MO,May 2005,6.338346888827373,110.3461464907248,0.02345040381839227,0.10249999999999915,28_11,23
2326,431,11,sol,29,F,1,11,1,0.729175,0.2606,3.975,90.485,27.3575,26.5325,Jovem,outono,MO,Mar 2005,0.18344025157232705,2.7980621642363777,0.008058517986406588,-0.8250000000000028,29_11,21
2327,431,11,sol,29,F,1,12,3,3.165,0.1095,1.6,299.6,20.4625,20.095,Jov_Madura,inverno,MO,May 2005,1.978125,28.904109589041095,0.010564085447263017,-0.3674999999999997,29_11,23
2328,432,11,sol,29,F,3,11,1,4.43333,0.256867,3.5,136.0,26.7667,25.5833,Jovem,outono,MO,Mar 2005,1.2666657142857143,17.259243110247713,0.032598014705882354,-1.183399999999999,29_11,21
2329,432,11,sol,29,F,3,12,3,4.67625,0.16340000000000002,2.425,453.005,22.015,21.115,Jov_Madura,inverno,MO,May 2005,1.9283505154639176,28.61842105263157,0.010322733744660655,-0.9000000000000021,29_11,23
2330,433,11,sol,30,M,1,11,1,4.933,0.144375,2.05,183.225,26.9925,26.025,Jovem,outono,MO,Mar 2005,2.406341463414634,34.167965367965365,0.026923181880201937,-0.9675000000000011,30_11,21
2331,433,11,sol,30,M,1,12,3,3.2685,0.12915000000000001,1.575,1163.9,20.86,19.57,Jov_Madura,inverno,MO,May 2005,2.0752380952380953,25.30778164924506,0.002808230947675917,-1.2899999999999991,30_11,23
2332,434,11,sol,30,M,2,11,1,3.555,0.2328,3.4,330.067,27.56,26.8833,Jovem,outono,MO,Mar 2005,1.0455882352941177,15.27061855670103,0.010770540526620354,-0.6767000000000003,30_11,21
2333,434,11,sol,30,M,2,12,3,10.4125,0.12240000000000001,2.725,1753.25,22.65,26.0325,Jov_Madura,inverno,MO,May 2005,3.8211009174311923,85.06944444444443,0.005938970483387994,3.3825000000000003,30_11,23
2334,435,11,sombra,1,F,1,11,1,0.01,0.462,1.9,12.09,20.22,19.51,Jovem,outono,FUS,Mar 2005,0.005263157894736843,0.021645021645021644,0.0008271298593879239,-0.7099999999999973,1_11,21
2335,435,11,sombra,1,F,1,12,3,0.7230749999999999,0.090025,0.6,9.46975,20.845,20.2425,Jov_Madura,inverno,FUS,May 2005,1.205125,8.031935573451818,0.07635629240476254,-0.6024999999999991,1_11,23
2336,436,11,sombra,1,F,2,11,1,1.3095,0.2187,1.225,40.2,20.47,19.9175,Jovem,outono,FUS,Mar 2005,1.0689795918367346,5.987654320987654,0.03257462686567164,-0.5524999999999984,1_11,21
2337,436,11,sombra,1,F,2,12,3,2.4515000000000002,0.179,0.775,51.1975,20.905,20.315,Jov_Madura,inverno,FUS,May 2005,3.163225806451613,13.695530726256985,0.04788319742174912,-0.5899999999999999,1_11,23
2338,437,11,sombra,1,F,3,11,1,0.0641,0.4325,2.2,35.08,21.45,20.94,Jovem,outono,FUS,Mar 2005,0.029136363636363637,0.14820809248554914,0.0018272519954389969,-0.509999999999998,1_11,21
2339,437,11,sombra,1,F,3,12,3,2.005,0.10695,0.6,39.1125,21.3,20.67,Jov_Madura,inverno,FUS,May 2005,3.341666666666667,18.74707807386629,0.05126238414829019,-0.629999999999999,1_11,23
2340,438,11,sombra,2,M,1,11,1,1.5842500000000002,0.37645,1.7,55.765,21.54,20.5225,Jovem,outono,FUS,Mar 2005,0.9319117647058824,4.208394209058309,0.028409396574912583,-1.0174999999999983,2_11,21
2341,438,11,sombra,2,M,1,12,3,2.62075,0.169975,0.9,65.92,22.2025,21.7475,Jov_Madura,inverno,FUS,May 2005,2.9119444444444444,15.418443888807179,0.039756523058252426,-0.45500000000000185,2_11,23
2342,439,11,sombra,2,M,2,11,1,3.4815,0.1862,1.15,50.5975,22.115,21.5225,Jovem,outono,FUS,Mar 2005,3.027391304347826,18.69763694951665,0.06880774741835072,-0.5924999999999976,2_11,21
2343,439,11,sombra,2,M,2,12,3,3.5165,0.212225,1.0,65.5725,22.175,21.72,Jov_Madura,inverno,FUS,May 2005,3.5165,16.56967840735069,0.053627664035990695,-0.45500000000000185,2_11,23
2344,440,11,sombra,2,M,3,11,1,1.4535,0.158525,1.35,36.63,23.7,22.4875,Jovem,outono,FUS,Mar 2005,1.0766666666666667,9.168900804289544,0.03968058968058968,-1.2124999999999986,2_11,21
2345,440,11,sombra,2,M,3,12,3,1.6035,0.17485,1.0,31.095,22.6,22.1225,Jov_Madura,inverno,FUS,May 2005,1.6035,9.170717758078352,0.05156777616980222,-0.4775000000000027,2_11,23
2346,441,11,sombra,3,F,1,11,1,0.7252500000000001,0.22505000000000003,1.25,22.545,20.76,20.13,Jovem,outono,FUS,Mar 2005,0.5802,3.2226171961786267,0.03216899534264804,-0.6300000000000026,3_11,21
2347,441,11,sombra,3,F,1,12,3,2.217,0.177625,1.075,23.96,22.7475,22.2725,Jov_Madura,inverno,FUS,May 2005,2.062325581395349,12.481351161154118,0.09252921535893155,-0.47499999999999787,3_11,23
2348,442,11,sombra,3,F,2,11,1,1.50207,0.1014,3.3,39.2325,21.875,21.7075,Jovem,outono,FUS,Mar 2005,0.4551727272727273,14.813313609467455,0.038286369718982985,-0.16750000000000043,3_11,21
2349,442,11,sombra,3,F,2,12,3,0.958475,0.0927,0.6,22.1925,23.14,22.9525,Jov_Madura,inverno,FUS,May 2005,1.5974583333333334,10.339536138079826,0.04318914047538583,-0.1875,3_11,23
2350,443,11,sombra,3,F,3,11,1,2.15733,0.146167,1.23333,41.1067,23.12,22.2233,Jovem,outono,FUS,Mar 2005,1.749191214030308,14.759350605813898,0.0524812256882698,-0.8967000000000027,3_11,21
2351,443,11,sombra,3,F,3,12,3,0.963,0.110275,0.7,7.576,23.465,23.05,Jov_Madura,inverno,FUS,May 2005,1.3757142857142857,8.732713670369531,0.12711193241816263,-0.41499999999999915,3_11,23
2352,444,11,sombra,4,F,1,11,1,2.551,0.1121,0.9,16.92,22.2,21.31,Jovem,outono,FUS,Mar 2005,2.8344444444444448,22.756467439785904,0.15076832151300235,-0.8900000000000006,4_11,21
2353,444,11,sombra,4,F,1,12,3,1.745,0.11570000000000001,0.675,46.28,23.3725,22.6675,Jov_Madura,inverno,FUS,May 2005,2.585185185185185,15.082108902333621,0.03770527225583405,-0.7049999999999983,4_11,23
2354,445,11,sombra,4,F,2,11,1,0.224575,0.146475,0.925,12.9325,21.415,20.6525,Jovem,outono,FUS,Mar 2005,0.24278378378378376,1.5331967912613074,0.017365165281268125,-0.7624999999999993,4_11,21
2355,445,11,sombra,4,F,2,12,3,1.31422,0.06770000000000001,0.525,13.35,23.58,23.0425,Jov_Madura,inverno,FUS,May 2005,2.5032761904761904,19.412407680945343,0.0984434456928839,-0.5374999999999979,4_11,23
2356,446,11,sombra,5,M,1,11,1,1.35322,0.12240000000000001,0.95,36.995,22.4725,21.7625,Jovem,outono,FUS,Mar 2005,1.424442105263158,11.055718954248366,0.03657845654818219,-0.7100000000000009,5_11,21
2357,446,11,sombra,5,M,1,12,3,0.37525000000000003,0.3446,1.4,11.7,20.09,19.5975,Jov_Madura,inverno,FUS,May 2005,0.2680357142857143,1.088943702843877,0.032072649572649575,-0.4924999999999997,5_11,23
2358,447,11,sombra,5,M,2,11,1,0.46175000000000005,0.0874,0.6,4.836,23.5325,23.1325,Jovem,outono,FUS,Mar 2005,0.7695833333333334,5.283180778032037,0.09548180314309347,-0.3999999999999986,5_11,21
2359,447,11,sombra,5,M,2,12,3,0.47175000000000006,0.09575,0.5,7.5565,19.795,18.83,Jov_Madura,inverno,FUS,May 2005,0.9435000000000001,4.926892950391645,0.062429696287964014,-0.9650000000000034,5_11,23
2360,448,11,sombra,5,M,3,11,1,1.10165,0.10525000000000001,0.85,22.06,22.59,21.585,Jovem,outono,FUS,Mar 2005,1.296058823529412,10.466983372921614,0.04993880326382593,-1.004999999999999,5_11,21
2361,448,11,sombra,5,M,3,12,3,0.5896,0.1777,0.8,9.189,19.67,18.02,Jov_Madura,inverno,FUS,May 2005,0.737,3.3179516038266743,0.06416367395799326,-1.6500000000000021,5_11,23
2362,449,11,sombra,6,M,1,11,1,0.836333,0.0750333,0.733333,81.21,25.28,24.6167,Jovem,outono,FUS,Mar 2005,1.1404546092975496,11.146157772615625,0.010298399211919714,-0.6632999999999996,6_11,21
2363,449,11,sombra,6,M,1,12,3,1.8627500000000001,0.29662499999999997,1.025,28.0475,20.635,20.355,Jov_Madura,inverno,FUS,May 2005,1.817317073170732,6.279814580699537,0.0664141189054283,-0.28000000000000114,6_11,23
2364,450,11,sombra,6,M,2,11,1,0.484425,0.077775,0.95,16.56,26.0775,25.355,Jovem,outono,FUS,Mar 2005,0.5099210526315789,6.22854387656702,0.02925271739130435,-0.7225000000000001,6_11,21
2365,450,11,sombra,6,M,2,12,3,1.4705,0.1269,0.65,25.2675,21.42,20.77,Jov_Madura,inverno,FUS,May 2005,2.262307692307692,11.587864460204884,0.05819728900761848,-0.6500000000000021,6_11,23
2366,451,11,sombra,6,M,3,11,1,0.19025,0.136525,0.5,7.76825,26.4075,25.57,Jovem,outono,FUS,Mar 2005,0.3805,1.3935176707562718,0.0244907154120941,-0.8374999999999986,6_11,21
2367,451,11,sombra,6,M,3,12,3,0.5366500000000001,0.146525,0.775,8.46175,21.48,20.0175,Jov_Madura,inverno,FUS,May 2005,0.6924516129032259,3.6625149291929713,0.06342068721009247,-1.4625000000000021,6_11,23
2368,452,11,sombra,7,M,1,11,1,0.1448,0.076625,1.1,14.0825,26.9975,26.1975,Jovem,outono,FUS,Mar 2005,0.13163636363636363,1.8897226753670475,0.010282265222794249,-0.7999999999999972,7_11,21
2369,452,11,sombra,7,M,1,12,3,1.61627,0.1618,0.35,40.34,12.58,12.2825,Jov_Madura,inverno,FUS,May 2005,4.617914285714286,9.989307787391843,0.040066187407040155,-0.29749999999999943,7_11,23
2370,453,11,sombra,7,M,2,11,1,0.935225,0.039825,0.625,21.91,27.0925,26.3275,Jovem,outono,FUS,Mar 2005,1.49636,23.483364720652855,0.042684847101780006,-0.7650000000000006,7_11,21
2371,453,11,sombra,7,M,2,12,3,0.139625,0.25170000000000003,0.4,10.274,12.9575,12.275,Jov_Madura,inverno,FUS,May 2005,0.3490625,0.5547278506158124,0.013590130426318865,-0.6824999999999992,7_11,23
2372,454,11,sombra,7,M,3,11,1,0.8108500000000001,0.057,0.875,26.84,27.095,26.06,Jovem,outono,FUS,Mar 2005,0.9266857142857143,14.225438596491228,0.03021050670640835,-1.0350000000000001,7_11,21
2373,454,11,sombra,7,M,3,12,3,1.328,0.0720225,0.85,2.57045,12.1725,11.455,Jov_Madura,inverno,FUS,May 2005,1.5623529411764707,18.43868235620813,0.5166410550681787,-0.7174999999999994,7_11,23
2374,455,11,sombra,8,M,2,11,1,0.35910000000000003,0.08310000000000001,1.075,20.8225,26.0575,25.1225,Jovem,outono,FUS,Mar 2005,0.334046511627907,4.32129963898917,0.017245767799255612,-0.9350000000000023,8_11,21
2375,455,11,sombra,8,M,2,12,3,1.366,0.341975,0.5,31.16,12.3175,11.8075,Jov_Madura,inverno,FUS,May 2005,2.732,3.994444038306894,0.04383825417201541,-0.5100000000000016,8_11,23
2376,456,11,sombra,8,M,3,11,1,2.061,0.077175,1.0,47.3625,26.9225,26.0675,Jovem,outono,FUS,Mar 2005,2.061,26.705539358600586,0.04351543942992874,-0.8550000000000004,8_11,21
2377,456,11,sombra,8,M,3,12,3,1.23475,0.286475,0.45,32.8225,12.445,11.625,Jov_Madura,inverno,FUS,May 2005,2.743888888888889,4.310149227681299,0.03761901134892224,-0.8200000000000003,8_11,23
2378,457,11,sombra,9,M,1,11,1,0.5134000000000001,0.051925,0.675,23.0875,26.1325,25.3275,Jovem,outono,FUS,Mar 2005,0.7605925925925927,9.887337506018298,0.022237141310232814,-0.8049999999999997,9_11,21
2379,457,11,sombra,9,M,1,12,3,1.30625,0.19142499999999998,0.425,19.5575,12.93,12.6175,Jov_Madura,inverno,FUS,May 2005,3.0735294117647056,6.823821339950372,0.06679023392560399,-0.3125,9_11,23
2380,458,11,sombra,9,M,3,11,1,1.47475,0.063425,0.85,17.644,26.9425,25.97,Jovem,outono,FUS,Mar 2005,1.735,23.251872290106427,0.08358365450011336,-0.9725000000000001,9_11,21
2381,458,11,sombra,9,M,3,12,3,0.69735,0.093125,0.3,19.795,13.0475,12.6225,Jov_Madura,inverno,FUS,May 2005,2.3245,7.488322147651007,0.035228593079060365,-0.42499999999999893,9_11,23
2382,459,11,sombra,10,F,2,11,1,0.2068,0.1428,1.5,23.99,26.65,25.78,Jovem,outono,FUS,Mar 2005,0.13786666666666667,1.4481792717086834,0.008620258441017091,-0.8699999999999974,10_11,21
2383,459,11,sombra,10,F,2,12,3,3.48125,0.069075,0.3,54.83,13.6175,13.425,Jov_Madura,inverno,FUS,May 2005,11.604166666666668,50.39811798769454,0.06349170162319899,-0.192499999999999,10_11,23
2384,460,11,sombra,10,F,3,11,1,2.35075,0.081325,1.2,60.1075,27.6525,26.8375,Jovem,outono,FUS,Mar 2005,1.9589583333333336,28.905625576391028,0.039109096202636945,-0.8150000000000013,10_11,21
2385,460,11,sombra,10,F,3,12,3,1.789,0.07567499999999999,0.325,44.2075,13.855,13.555,Jov_Madura,inverno,FUS,May 2005,5.504615384615384,23.640568219359103,0.04046824633829101,-0.3000000000000007,10_11,23
2386,461,11,sombra,11,M,1,11,1,0.6639,0.08220000000000001,1.3,13.13,26.74,25.73,Jovem,outono,FUS,Mar 2005,0.5106923076923077,8.076642335766422,0.05056359482102057,-1.009999999999998,11_11,21
2387,461,11,sombra,11,M,1,12,3,1.04558,0.054575,0.3,14.8075,14.2025,14.05,Jov_Madura,inverno,FUS,May 2005,3.4852666666666665,19.158589097572147,0.0706115144352524,-0.15249999999999986,11_11,23
2388,462,11,sombra,11,M,2,11,1,1.4615,0.08660000000000001,1.1,52.6167,25.7333,24.8467,Jovem,outono,FUS,Mar 2005,1.3286363636363636,16.876443418013857,0.02777635237481636,-0.8866000000000014,11_11,21
2389,462,11,sombra,11,M,2,12,3,1.16775,0.08685000000000001,0.4,15.29,13.3775,13.0875,Jov_Madura,inverno,FUS,May 2005,2.919375,13.44559585492228,0.07637344669718771,-0.28999999999999915,11_11,23
2390,463,11,sombra,11,M,3,11,1,1.1267800000000001,0.128975,1.3,4.925,26.0025,24.9225,Jovem,outono,FUS,Mar 2005,0.8667538461538462,8.736421787168057,0.22878781725888328,-1.0800000000000018,11_11,21
2391,463,11,sombra,11,M,3,12,3,2.0525,0.0509,0.25,31.1425,13.4425,13.295,Jov_Madura,inverno,FUS,May 2005,8.21,40.324165029469555,0.06590671911375132,-0.14750000000000085,11_11,23
2392,464,11,sombra,12,M,1,11,1,1.02923,0.115633,1.26667,38.1233,26.2767,25.24,Jovem,outono,FUS,Mar 2005,0.8125478617161535,8.900832807243608,0.02699740053982735,-1.0367000000000033,12_11,21
2393,464,11,sombra,12,M,1,12,3,1.268,0.08886669999999999,0.43333299999999997,16.7667,13.6167,13.2833,Jov_Madura,inverno,FUS,May 2005,2.926156097043152,14.268561789736765,0.07562609219464772,-0.33339999999999925,12_11,23
2394,465,11,sombra,12,M,2,11,1,2.25225,0.0833,1.15,71.4125,26.6925,25.8075,Jovem,outono,FUS,Mar 2005,1.9584782608695654,27.037815126050422,0.03153859618414143,-0.884999999999998,12_11,21
2395,465,11,sombra,12,M,2,12,3,1.286,0.07592499999999999,0.475,5.8965,14.5225,14.255,Jov_Madura,inverno,FUS,May 2005,2.7073684210526316,16.937767533750414,0.21809548036971085,-0.26750000000000007,12_11,23
2396,466,11,sombra,12,M,3,11,1,2.98525,0.13347499999999998,1.725,79.5225,28.3125,27.255,Jovem,outono,FUS,Mar 2005,1.7305797101449276,22.365611537741156,0.037539690024835745,-1.057500000000001,12_11,21
2397,466,11,sombra,12,M,3,12,3,0.8724500000000001,0.076625,0.45,14.0225,14.48,13.7975,Jov_Madura,inverno,FUS,May 2005,1.938777777777778,11.385970636215335,0.062217864146906755,-0.682500000000001,12_11,23
2398,467,11,sombra,13,M,1,11,1,0.7658,0.0574,1.0,24.61,26.77,26.04,Jovem,outono,FUS,Mar 2005,0.7658,13.341463414634147,0.031117431938236493,-0.7300000000000004,13_11,21
2399,467,11,sombra,13,M,1,12,3,1.12505,0.050300000000000004,0.3,22.9795,14.425,14.045,Jov_Madura,inverno,FUS,May 2005,3.7501666666666673,22.36679920477137,0.04895885463130181,-0.3800000000000008,13_11,23
2400,468,11,sombra,13,M,2,11,1,4.018,0.09535,1.65,355.275,27.6275,27.1375,Jovem,outono,FUS,Mar 2005,2.435151515151515,42.139486103828,0.011309548940961228,-0.490000000000002,13_11,21
2401,468,11,sombra,13,M,2,12,3,0.3718,0.050525,0.375,6.98575,14.8125,14.38,Jov_Madura,inverno,FUS,May 2005,0.9914666666666667,7.358733300346364,0.053222631786136065,-0.4324999999999992,13_11,23
2402,469,11,sombra,14,M,1,11,1,0.897633,0.0702,1.3333300000000001,28.62,28.2367,27.1667,Jovem,outono,FUS,Mar 2005,0.6732264330660827,12.786794871794871,0.03136383647798742,-1.0700000000000003,14_11,21
2403,469,11,sombra,14,M,1,12,3,0.870575,0.0648,0.325,11.7907,10.935,10.57,Jov_Madura,inverno,FUS,May 2005,2.6786923076923075,13.43479938271605,0.07383573494364203,-0.3650000000000002,14_11,23
2404,470,11,sombra,14,M,3,11,1,3.093,0.07955000000000001,1.575,392.925,28.8275,28.145,Jovem,outono,FUS,Mar 2005,1.963809523809524,38.881206788183526,0.007871731246421073,-0.682500000000001,14_11,21
2405,470,11,sombra,14,M,3,12,3,1.07985,0.09805000000000001,0.5,17.9225,11.8475,11.4775,Jov_Madura,inverno,FUS,May 2005,2.1597,11.013258541560427,0.06025108104338123,-0.370000000000001,14_11,23
2406,471,11,sombra,15,M,2,11,1,0.381467,0.041600000000000005,0.9666669999999999,43.1,29.13,28.63,Jovem,outono,FUS,Mar 2005,0.39462089840658676,9.169879807692306,0.008850742459396752,-0.5,15_11,21
2407,471,11,sombra,15,M,2,12,3,0.7511749999999999,0.068425,0.4,5.71275,12.4075,12.065,Jov_Madura,inverno,FUS,May 2005,1.8779374999999998,10.978078187796857,0.131490963196359,-0.34250000000000114,15_11,23
2408,472,12,sol,17,F,3,12,1,5.603,0.13966699999999999,1.02779,964.833,15.47,15.1567,Jovem,inverno,MO,May 2005,5.451502738886348,40.11684936312801,0.005807222597071203,-0.3132999999999999,17_12,23
2409,473,12,sol,18,F,1,12,1,10.0135,0.16555,0.376343,1572.25,14.0675,15.9425,Jovem,inverno,MO,May 2005,26.607376781287286,60.4862579281184,0.006368898076005725,1.875,18_12,23
2410,474,12,sol,19,F,1,12,1,2.11233,0.12890000000000001,1.40421,1475.67,14.0767,14.98,Jovem,inverno,MO,May 2005,1.504283547332664,16.387354538401862,0.001431437923112891,0.9032999999999998,19_12,23
2411,475,12,sol,21,M,3,12,1,7.0205,0.113825,1.87361,1759.0,15.055,15.5675,Jovem,inverno,MO,May 2005,3.7470444756379395,61.67801449593675,0.003991188175099488,0.5125000000000011,21_12,23
2412,476,12,sol,24,M,3,12,1,9.00375,0.13672499999999999,3.25784,468.318,15.55,15.83,Jovem,inverno,MO,May 2005,2.7637176779706802,65.85298957761931,0.019225718422097807,0.27999999999999936,24_12,23
2413,477,12,sol,25,M,3,12,1,12.74,0.18737499999999999,2.05454,1118.5,19.27,20.9425,Jovem,inverno,MO,May 2005,6.20090141832235,67.99199466310874,0.011390254805543138,1.6724999999999994,25_12,23
2414,478,12,sol,28,F,1,12,1,8.403,0.051800000000000006,2.67151,1347.0,19.705,22.13,Jovem,inverno,MO,May 2005,3.1454121451912966,162.2200772200772,0.006238307349665925,2.4250000000000007,28_12,23
2415,479,12,sol,28,F,2,12,1,15.1325,0.23097499999999999,3.1,1200.93,17.88,20.4875,Jovem,inverno,MO,May 2005,4.881451612903226,65.51574845762529,0.012600651162016105,2.6075000000000017,28_12,23
2416,480,12,sol,28,F,3,12,1,12.94,0.1716,3.0,1652.0,19.625,22.66,Jovem,inverno,MO,May 2005,4.3133333333333335,75.4079254079254,0.007832929782082325,3.035,28_12,23
2417,481,12,sol,29,F,1,12,1,3.60833,0.153933,4.9,1166.0,21.82,23.5233,Jovem,inverno,MO,May 2005,0.7363938775510204,23.440912604834573,0.003094622641509434,1.7032999999999987,29_12,23
2418,482,12,sol,29,F,2,12,1,11.5875,0.215625,3.05,1330.0,20.73,21.9025,Jovem,inverno,MO,May 2005,3.7991803278688527,53.73913043478261,0.008712406015037595,1.1724999999999994,29_12,23
2419,483,12,sol,29,F,3,12,1,4.83575,0.174975,2.7,380.325,22.9025,21.8175,Jovem,inverno,MO,May 2005,1.7910185185185183,27.636805257893986,0.012714783408926577,-1.0850000000000009,29_12,23
2420,484,12,sol,30,M,1,12,1,1.34602,0.24467499999999998,4.72,414.45,21.09,20.02,Jovem,inverno,MO,May 2005,0.28517372881355935,5.501256769183612,0.003247725901797563,-1.0700000000000003,30_12,23
2421,485,12,sol,30,M,2,12,1,3.157,0.14246699999999998,2.1,1816.75,21.8275,23.27,Jovem,inverno,MO,May 2005,1.5033333333333332,22.159517642682168,0.0017377184532819596,1.442499999999999,30_12,23
2422,486,12,sombra,2,M,1,12,1,3.0885,0.132025,0.725,66.2125,21.8275,21.495,Jovem,inverno,FUS,May 2005,4.26,23.39329672410528,0.04664527090806116,-0.3324999999999996,2_12,23
2423,487,12,sombra,2,M,2,12,1,1.45238,0.126075,1.2,47.8275,22.1675,21.285,Jovem,inverno,FUS,May 2005,1.2103166666666667,11.519968272853461,0.030367048246301813,-0.8825000000000003,2_12,23
2424,488,12,sombra,2,M,3,12,1,1.19665,0.13365000000000002,1.55,50.1025,22.3675,21.5575,Jovem,inverno,FUS,May 2005,0.7720322580645161,8.953610175832397,0.02388403772266853,-0.8099999999999987,2_12,23
2425,489,12,sombra,3,F,2,12,1,1.6572500000000001,0.06535,0.525,26.3275,23.1,22.9425,Jovem,inverno,FUS,May 2005,3.1566666666666667,25.359602142310635,0.06294748836767639,-0.15750000000000242,3_12,23
2426,490,12,sombra,4,F,3,12,1,2.21367,0.105733,0.666667,31.8633,23.13,22.5533,Jovem,inverno,FUS,May 2005,3.32050333974833,20.936415310262642,0.06947397162252497,-0.5766999999999989,4_12,23
2427,491,12,sombra,8,M,1,12,1,1.4609,0.1403,0.4,40.5325,13.3775,13.18,Jovem,inverno,FUS,May 2005,3.65225,10.412687099073414,0.036042681798556714,-0.1974999999999998,8_12,23
2428,492,12,sombra,9,M,3,12,1,1.293,0.11315000000000001,0.3,29.2725,13.005,12.3125,Jovem,inverno,FUS,May 2005,4.31,11.427308882015023,0.04417115039713041,-0.6925000000000008,9_12,23
2429,493,12,sombra,10,F,3,12,1,0.335425,0.08462499999999999,0.4,10.0083,13.695,13.38,Jovem,inverno,FUS,May 2005,0.8385624999999999,3.9636632200886264,0.03351468281326499,-0.3149999999999995,10_12,23
2430,494,12,sombra,12,M,1,12,1,1.813,0.0472,0.2,6.653,13.28,13.24,Jovem,inverno,FUS,May 2005,9.065,38.41101694915254,0.272508642717571,-0.03999999999999915,12_12,23
2431,495,12,sombra,12,M,2,12,1,1.80375,0.081375,0.475,65.29,14.2075,13.96,Jovem,inverno,FUS,May 2005,3.7973684210526315,22.16589861751152,0.027626742226987286,-0.24749999999999872,12_12,23
2432,496,12,sombra,12,M,3,12,1,0.94415,0.061325,0.375,45.9053,14.51,14.015,Jovem,inverno,FUS,May 2005,2.5177333333333336,15.3958418263351,0.020567341897340833,-0.4949999999999992,12_12,23
2433,497,12,sombra,13,M,1,12,1,1.6645,0.065675,0.375,21.65,14.4125,13.8725,Jovem,inverno,FUS,May 2005,4.438666666666667,25.344499429006472,0.07688221709006929,-0.5399999999999991,13_12,23
2434,498,12,sombra,13,M,2,12,1,1.3429200000000001,0.05935000000000001,0.475,54.315,14.9675,14.7325,Jovem,inverno,FUS,May 2005,2.8272000000000004,22.627127211457456,0.024724661695664184,-0.23499999999999943,13_12,23
2435,499,12,sombra,13,M,3,12,1,2.434,0.07077499999999999,0.45,251.2,11.075,11.08,Jovem,inverno,FUS,May 2005,5.408888888888889,34.39067467326034,0.009689490445859874,0.005000000000000782,13_12,23
2436,500,12,sombra,14,M,1,12,1,0.9788500000000001,0.062975,0.35,13.5758,11.0125,10.6075,Jovem,inverno,FUS,May 2005,2.796714285714286,15.543469630805877,0.07210256485805626,-0.40499999999999936,14_12,23
2437,501,12,sombra,15,M,3,12,1,1.147,0.076675,0.475,15.05,12.6825,12.4775,Jovem,inverno,FUS,May 2005,2.4147368421052633,14.959243560482557,0.0762126245847176,-0.20500000000000007,15_12,23
