Period,Date_Range,Environment,Time,PPFD
Sep 2003,10-11/09/2003,AFS 1.2m,10:00,35.87
Sep 2003,10-11/09/2003,AFS 1.2m,10:10,46.0
Sep 2003,10-11/09/2003,AFS 1.2m,10:20,62.92
Sep 2003,10-11/09/2003,AFS 1.2m,10:30,49.51
Sep 2003,10-11/09/2003,AFS 1.2m,10:40,21.32
Sep 2003,10-11/09/2003,AFS 1.2m,10:50,23.95
Sep 2003,10-11/09/2003,AFS 1.2m,11:00,32.45
Sep 2003,10-11/09/2003,AFS 1.2m,11:10,148.5
Sep 2003,10-11/09/2003,AFS 1.2m,11:20,410.9
Sep 2003,10-11/09/2003,AFS 1.2m,11:30,65.34
Sep 2003,10-11/09/2003,AFS 1.2m,11:40,132.8
Sep 2003,10-11/09/2003,AFS 1.2m,11:50,175.2
Sep 2003,10-11/09/2003,AFS 1.2m,12:00,176.7
Sep 2003,10-11/09/2003,AFS 1.2m,12:10,25.46
Sep 2003,10-11/09/2003,AFS 1.2m,12:20,30.01
Sep 2003,10-11/09/2003,AFS 1.2m,12:30,24.25
Sep 2003,10-11/09/2003,AFS 1.2m,12:40,329.7
Sep 2003,10-11/09/2003,AFS 1.2m,12:50,80.23
Sep 2003,10-11/09/2003,AFS 1.2m,13:00,507.5
Sep 2003,10-11/09/2003,AFS 1.2m,13:10,214.6
Sep 2003,10-11/09/2003,AFS 1.2m,13:20,109.3
Sep 2003,10-11/09/2003,AFS 1.2m,13:30,23.54
Sep 2003,10-11/09/2003,AFS 1.2m,13:40,20.28
Sep 2003,10-11/09/2003,AFS 1.2m,13:50,9.05
Sep 2003,10-11/09/2003,AFS 1.2m,14:00,30.8
Sep 2003,10-11/09/2003,AFS 1.2m,14:10,46.56
Sep 2003,10-11/09/2003,AFS 1.2m,14:20,49.7
Sep 2003,10-11/09/2003,AFS 1.2m,14:30,46.98
Sep 2003,10-11/09/2003,AFS 1.2m,14:40,60.4
Sep 2003,10-11/09/2003,AFS 1.2m,14:50,65.95
Sep 2003,10-11/09/2003,AFS 1.2m,15:00,42.08
Sep 2003,10-11/09/2003,AFS 1.2m,15:10,83.36
Sep 2003,10-11/09/2003,AFS 1.2m,15:20,125.4
Sep 2003,10-11/09/2003,AFS 1.2m,15:30,292.1
Sep 2003,10-11/09/2003,AFS 1.2m,15:40,97.06
Sep 2003,10-11/09/2003,AFS 1.2m,15:50,132.3
Sep 2003,10-11/09/2003,AFS 1.2m,16:00,25.6
Sep 2003,10-11/09/2003,AFS 1.2m,16:10,30.69
Sep 2003,10-11/09/2003,AFS 1.2m,16:20,81.58
Sep 2003,10-11/09/2003,AFS 1.2m,16:30,17.51
Sep 2003,10-11/09/2003,AFS 1.2m,16:40,19.84
Sep 2003,10-11/09/2003,AFS 1.2m,16:50,26.22
Sep 2003,10-11/09/2003,AFS 1.2m,17:00,24.27
Sep 2003,10-11/09/2003,AFS 1.2m,17:10,17.45
Sep 2003,10-11/09/2003,AFS 1.2m,17:20,13.07
Sep 2003,10-11/09/2003,AFS 1.2m,17:30,11.03
Sep 2003,10-11/09/2003,AFS 1.2m,17:40,8.8
Sep 2003,10-11/09/2003,AFS 1.2m,17:50,7.41
Sep 2003,10-11/09/2003,AFS 1.2m,18:00,5.98
Sep 2003,10-11/09/2003,AFS 1.2m,18:10,4.19
Sep 2003,10-11/09/2003,AFS 1.2m,18:20,2.41
Sep 2003,10-11/09/2003,AFS 1.2m,18:30,0.85
Sep 2003,10-11/09/2003,AFS 1.2m,6:10,0.03
Sep 2003,10-11/09/2003,AFS 1.2m,6:20,0.41
Sep 2003,10-11/09/2003,AFS 1.2m,6:30,0.8
Sep 2003,10-11/09/2003,AFS 1.2m,6:40,2.16
Sep 2003,10-11/09/2003,AFS 1.2m,6:50,4.47
Sep 2003,10-11/09/2003,AFS 1.2m,7:00,5.12
Sep 2003,10-11/09/2003,AFS 1.2m,7:10,6.96
Sep 2003,10-11/09/2003,AFS 1.2m,7:20,8.53
Sep 2003,10-11/09/2003,AFS 1.2m,7:30,9.87
Sep 2003,10-11/09/2003,AFS 1.2m,7:40,11.05
Sep 2003,10-11/09/2003,AFS 1.2m,7:50,12.47
Sep 2003,10-11/09/2003,AFS 1.2m,8:00,14.99
Sep 2003,10-11/09/2003,AFS 1.2m,8:10,18.67
Sep 2003,10-11/09/2003,AFS 1.2m,8:20,21.09
Sep 2003,10-11/09/2003,AFS 1.2m,8:30,115.6
Sep 2003,10-11/09/2003,AFS 1.2m,8:40,134.2
Sep 2003,10-11/09/2003,AFS 1.2m,8:50,59.73
Sep 2003,10-11/09/2003,AFS 1.2m,9:00,17.42
Sep 2003,10-11/09/2003,AFS 1.2m,9:10,17.72
Sep 2003,10-11/09/2003,AFS 1.2m,9:20,18.05
Sep 2003,10-11/09/2003,AFS 1.2m,9:30,18.45
Sep 2003,10-11/09/2003,AFS 1.2m,9:40,18.75
Sep 2003,10-11/09/2003,AFS 1.2m,9:50,26.13
Sep 2003,24-25/09/2003,AFS 1.2m,10:00,60.53
Sep 2003,24-25/09/2003,AFS 1.2m,10:10,72.23
Sep 2003,24-25/09/2003,AFS 1.2m,10:20,90.65
Sep 2003,24-25/09/2003,AFS 1.2m,10:30,93.88
Sep 2003,24-25/09/2003,AFS 1.2m,10:40,94.53
Sep 2003,24-25/09/2003,AFS 1.2m,10:50,107.6
Sep 2003,24-25/09/2003,AFS 1.2m,11:00,108.1
Sep 2003,24-25/09/2003,AFS 1.2m,11:10,113.9
Sep 2003,24-25/09/2003,AFS 1.2m,11:20,77.98
Sep 2003,24-25/09/2003,AFS 1.2m,11:30,72.4
Sep 2003,24-25/09/2003,AFS 1.2m,11:40,52.0
Sep 2003,24-25/09/2003,AFS 1.2m,11:50,63.98
Sep 2003,24-25/09/2003,AFS 1.2m,12:00,65.93
Sep 2003,24-25/09/2003,AFS 1.2m,12:10,77.3
Sep 2003,24-25/09/2003,AFS 1.2m,12:20,46.73
Sep 2003,24-25/09/2003,AFS 1.2m,12:30,71.4
Sep 2003,24-25/09/2003,AFS 1.2m,12:40,97.28
Sep 2003,24-25/09/2003,AFS 1.2m,12:50,46.4
Sep 2003,24-25/09/2003,AFS 1.2m,13:00,64.85
Sep 2003,24-25/09/2003,AFS 1.2m,13:10,83.33
Sep 2003,24-25/09/2003,AFS 1.2m,13:20,90.48
Sep 2003,24-25/09/2003,AFS 1.2m,13:30,94.6
Sep 2003,24-25/09/2003,AFS 1.2m,13:40,89.65
Sep 2003,24-25/09/2003,AFS 1.2m,13:50,15.37
Sep 2003,24-25/09/2003,AFS 1.2m,14:00,64.3
Sep 2003,24-25/09/2003,AFS 1.2m,14:10,60.38
Sep 2003,24-25/09/2003,AFS 1.2m,14:20,73.02
Sep 2003,24-25/09/2003,AFS 1.2m,14:30,73.75
Sep 2003,24-25/09/2003,AFS 1.2m,14:40,61.1
Sep 2003,24-25/09/2003,AFS 1.2m,14:50,78.76
Sep 2003,24-25/09/2003,AFS 1.2m,15:00,77.54
Sep 2003,24-25/09/2003,AFS 1.2m,15:10,81.52
Sep 2003,24-25/09/2003,AFS 1.2m,15:20,82.42
Sep 2003,24-25/09/2003,AFS 1.2m,15:30,63.97
Sep 2003,24-25/09/2003,AFS 1.2m,15:40,62.99
Sep 2003,24-25/09/2003,AFS 1.2m,15:50,61.13
Sep 2003,24-25/09/2003,AFS 1.2m,16:00,69.14
Sep 2003,24-25/09/2003,AFS 1.2m,16:10,69.65
Sep 2003,24-25/09/2003,AFS 1.2m,16:20,70.46
Sep 2003,24-25/09/2003,AFS 1.2m,16:30,46.76
Sep 2003,24-25/09/2003,AFS 1.2m,16:40,36.83
Sep 2003,24-25/09/2003,AFS 1.2m,16:50,34.72
Sep 2003,24-25/09/2003,AFS 1.2m,17:00,43.5
Sep 2003,24-25/09/2003,AFS 1.2m,17:10,45.6
Sep 2003,24-25/09/2003,AFS 1.2m,17:20,36.16
Sep 2003,24-25/09/2003,AFS 1.2m,17:30,30.11
Sep 2003,24-25/09/2003,AFS 1.2m,17:40,34.8
Sep 2003,24-25/09/2003,AFS 1.2m,17:50,33.85
Sep 2003,24-25/09/2003,AFS 1.2m,18:00,16.1
Sep 2003,24-25/09/2003,AFS 1.2m,18:10,8.02
Sep 2003,24-25/09/2003,AFS 1.2m,18:20,6.06
Sep 2003,24-25/09/2003,AFS 1.2m,18:30,2.32
Sep 2003,24-25/09/2003,AFS 1.2m,6:10,0.12
Sep 2003,24-25/09/2003,AFS 1.2m,6:20,0.84
Sep 2003,24-25/09/2003,AFS 1.2m,6:30,2.21
Sep 2003,24-25/09/2003,AFS 1.2m,6:40,2.97
Sep 2003,24-25/09/2003,AFS 1.2m,6:50,5.19
Sep 2003,24-25/09/2003,AFS 1.2m,7:00,9.4
Sep 2003,24-25/09/2003,AFS 1.2m,7:10,13.6
Sep 2003,24-25/09/2003,AFS 1.2m,7:20,13.9
Sep 2003,24-25/09/2003,AFS 1.2m,7:30,16.91
Sep 2003,24-25/09/2003,AFS 1.2m,7:40,19.65
Sep 2003,24-25/09/2003,AFS 1.2m,7:50,20.88
Sep 2003,24-25/09/2003,AFS 1.2m,8:00,21.91
Sep 2003,24-25/09/2003,AFS 1.2m,8:10,24.63
Sep 2003,24-25/09/2003,AFS 1.2m,8:20,28.6
Sep 2003,24-25/09/2003,AFS 1.2m,8:30,37.35
Sep 2003,24-25/09/2003,AFS 1.2m,8:40,34.88
Sep 2003,24-25/09/2003,AFS 1.2m,8:50,36.65
Sep 2003,24-25/09/2003,AFS 1.2m,9:00,42.48
Sep 2003,24-25/09/2003,AFS 1.2m,9:10,46.05
Sep 2003,24-25/09/2003,AFS 1.2m,9:20,46.8
Sep 2003,24-25/09/2003,AFS 1.2m,9:30,50.4
Sep 2003,24-25/09/2003,AFS 1.2m,9:40,51.95
Sep 2003,24-25/09/2003,AFS 1.2m,9:50,57.25
Sep 2003,28-29/08/2003,AFS 1.2m,10:00,22.46
Sep 2003,28-29/08/2003,AFS 1.2m,10:10,23.12
Sep 2003,28-29/08/2003,AFS 1.2m,10:20,24.37
Sep 2003,28-29/08/2003,AFS 1.2m,10:30,25.07
Sep 2003,28-29/08/2003,AFS 1.2m,10:40,39.25
Sep 2003,28-29/08/2003,AFS 1.2m,10:50,73.47
Sep 2003,28-29/08/2003,AFS 1.2m,11:00,71.54
Sep 2003,28-29/08/2003,AFS 1.2m,11:10,601.0
Sep 2003,28-29/08/2003,AFS 1.2m,11:20,846.8
Sep 2003,28-29/08/2003,AFS 1.2m,11:30,344.3
Sep 2003,28-29/08/2003,AFS 1.2m,11:40,385.7
Sep 2003,28-29/08/2003,AFS 1.2m,11:50,130.3
Sep 2003,28-29/08/2003,AFS 1.2m,12:00,202.1
Sep 2003,28-29/08/2003,AFS 1.2m,12:10,238.1
Sep 2003,28-29/08/2003,AFS 1.2m,12:20,43.79
Sep 2003,28-29/08/2003,AFS 1.2m,12:30,50.42
Sep 2003,28-29/08/2003,AFS 1.2m,12:40,66.37
Sep 2003,28-29/08/2003,AFS 1.2m,12:50,90.69
Sep 2003,28-29/08/2003,AFS 1.2m,13:00,175.4
Sep 2003,28-29/08/2003,AFS 1.2m,13:10,289.1
Sep 2003,28-29/08/2003,AFS 1.2m,13:20,78.42
Sep 2003,28-29/08/2003,AFS 1.2m,13:30,73.08
Sep 2003,28-29/08/2003,AFS 1.2m,13:40,42.91
Sep 2003,28-29/08/2003,AFS 1.2m,13:50,51.65
Sep 2003,28-29/08/2003,AFS 1.2m,14:00,58.27
Sep 2003,28-29/08/2003,AFS 1.2m,14:10,56.97
Sep 2003,28-29/08/2003,AFS 1.2m,14:20,64.62
Sep 2003,28-29/08/2003,AFS 1.2m,14:30,72.51
Sep 2003,28-29/08/2003,AFS 1.2m,14:40,72.65
Sep 2003,28-29/08/2003,AFS 1.2m,14:50,70.63
Sep 2003,28-29/08/2003,AFS 1.2m,15:00,50.54
Sep 2003,28-29/08/2003,AFS 1.2m,15:10,46.57
Sep 2003,28-29/08/2003,AFS 1.2m,15:20,47.17
Sep 2003,28-29/08/2003,AFS 1.2m,15:30,53.41
Sep 2003,28-29/08/2003,AFS 1.2m,15:40,101.2
Sep 2003,28-29/08/2003,AFS 1.2m,15:50,38.38
Sep 2003,28-29/08/2003,AFS 1.2m,16:00,37.48
Sep 2003,28-29/08/2003,AFS 1.2m,16:10,40.29
Sep 2003,28-29/08/2003,AFS 1.2m,16:20,42.71
Sep 2003,28-29/08/2003,AFS 1.2m,16:30,22.66
Sep 2003,28-29/08/2003,AFS 1.2m,16:40,21.82
Sep 2003,28-29/08/2003,AFS 1.2m,16:50,23.58
Sep 2003,28-29/08/2003,AFS 1.2m,17:00,26.04
Sep 2003,28-29/08/2003,AFS 1.2m,17:10,24.18
Sep 2003,28-29/08/2003,AFS 1.2m,17:20,14.18
Sep 2003,28-29/08/2003,AFS 1.2m,17:30,12.61
Sep 2003,28-29/08/2003,AFS 1.2m,17:40,12.14
Sep 2003,28-29/08/2003,AFS 1.2m,17:50,8.89
Sep 2003,28-29/08/2003,AFS 1.2m,18:00,4.63
Sep 2003,28-29/08/2003,AFS 1.2m,18:10,2.68
Sep 2003,28-29/08/2003,AFS 1.2m,18:20,1.23
Sep 2003,28-29/08/2003,AFS 1.2m,18:30,0.31
Sep 2003,28-29/08/2003,AFS 1.2m,6:10,0.03
Sep 2003,28-29/08/2003,AFS 1.2m,6:20,0.72
Sep 2003,28-29/08/2003,AFS 1.2m,6:30,0.81
Sep 2003,28-29/08/2003,AFS 1.2m,6:40,0.88
Sep 2003,28-29/08/2003,AFS 1.2m,6:50,1.0
Sep 2003,28-29/08/2003,AFS 1.2m,7:00,1.12
Sep 2003,28-29/08/2003,AFS 1.2m,7:10,2.58
Sep 2003,28-29/08/2003,AFS 1.2m,7:20,5.37
Sep 2003,28-29/08/2003,AFS 1.2m,7:30,7.4
Sep 2003,28-29/08/2003,AFS 1.2m,7:40,11.42
Sep 2003,28-29/08/2003,AFS 1.2m,7:50,14.84
Sep 2003,28-29/08/2003,AFS 1.2m,8:00,16.17
Sep 2003,28-29/08/2003,AFS 1.2m,8:10,21.29
Sep 2003,28-29/08/2003,AFS 1.2m,8:20,25.25
Sep 2003,28-29/08/2003,AFS 1.2m,8:30,23.5
Sep 2003,28-29/08/2003,AFS 1.2m,8:40,22.08
Sep 2003,28-29/08/2003,AFS 1.2m,8:50,36.74
Sep 2003,28-29/08/2003,AFS 1.2m,9:00,23.97
Sep 2003,28-29/08/2003,AFS 1.2m,9:10,18.29
Sep 2003,28-29/08/2003,AFS 1.2m,9:20,19.66
Sep 2003,28-29/08/2003,AFS 1.2m,9:30,21.72
Sep 2003,28-29/08/2003,AFS 1.2m,9:40,21.27
Sep 2003,28-29/08/2003,AFS 1.2m,9:50,22.18
Sep 2003,23-24/09/2003,AFS 2m,10:00,137.18
Sep 2003,23-24/09/2003,AFS 2m,10:10,149.05
Sep 2003,23-24/09/2003,AFS 2m,10:20,160.5
Sep 2003,23-24/09/2003,AFS 2m,10:30,171.41
Sep 2003,23-24/09/2003,AFS 2m,10:40,173.86
Sep 2003,23-24/09/2003,AFS 2m,10:50,190.77
Sep 2003,23-24/09/2003,AFS 2m,11:00,212.05
Sep 2003,23-24/09/2003,AFS 2m,11:10,219.82
Sep 2003,23-24/09/2003,AFS 2m,11:20,232.5
Sep 2003,23-24/09/2003,AFS 2m,11:30,220.91
Sep 2003,23-24/09/2003,AFS 2m,11:40,224.18
Sep 2003,23-24/09/2003,AFS 2m,11:50,229.36
Sep 2003,23-24/09/2003,AFS 2m,12:00,239.45
Sep 2003,23-24/09/2003,AFS 2m,12:10,252.55
Sep 2003,23-24/09/2003,AFS 2m,12:20,223.77
Sep 2003,23-24/09/2003,AFS 2m,12:30,252.27
Sep 2003,23-24/09/2003,AFS 2m,12:40,228.27
Sep 2003,23-24/09/2003,AFS 2m,12:50,188.05
Sep 2003,23-24/09/2003,AFS 2m,13:00,146.05
Sep 2003,23-24/09/2003,AFS 2m,13:10,164.18
Sep 2003,23-24/09/2003,AFS 2m,13:20,104.13
Sep 2003,23-24/09/2003,AFS 2m,13:30,15.37
Sep 2003,23-24/09/2003,AFS 2m,13:40,104.13
Sep 2003,23-24/09/2003,AFS 2m,13:50,98.0
Sep 2003,23-24/09/2003,AFS 2m,14:00,117.88
Sep 2003,23-24/09/2003,AFS 2m,14:10,371.75
Sep 2003,23-24/09/2003,AFS 2m,14:20,331.75
Sep 2003,23-24/09/2003,AFS 2m,14:30,388.0
Sep 2003,23-24/09/2003,AFS 2m,14:40,332.5
Sep 2003,23-24/09/2003,AFS 2m,14:50,323.0
Sep 2003,23-24/09/2003,AFS 2m,15:00,297.0
Sep 2003,23-24/09/2003,AFS 2m,15:10,396.75
Sep 2003,23-24/09/2003,AFS 2m,15:20,321.0
Sep 2003,23-24/09/2003,AFS 2m,15:30,322.25
Sep 2003,23-24/09/2003,AFS 2m,15:40,248.25
Sep 2003,23-24/09/2003,AFS 2m,15:50,217.95
Sep 2003,23-24/09/2003,AFS 2m,16:00,269.75
Sep 2003,23-24/09/2003,AFS 2m,16:10,226.25
Sep 2003,23-24/09/2003,AFS 2m,16:20,277.0
Sep 2003,23-24/09/2003,AFS 2m,16:30,222.15
Sep 2003,23-24/09/2003,AFS 2m,16:40,150.53
Sep 2003,23-24/09/2003,AFS 2m,16:50,117.55
Sep 2003,23-24/09/2003,AFS 2m,17:00,112.53
Sep 2003,23-24/09/2003,AFS 2m,17:10,89.7
Sep 2003,23-24/09/2003,AFS 2m,17:20,75.2
Sep 2003,23-24/09/2003,AFS 2m,17:30,58.43
Sep 2003,23-24/09/2003,AFS 2m,17:40,48.78
Sep 2003,23-24/09/2003,AFS 2m,17:50,41.63
Sep 2003,23-24/09/2003,AFS 2m,18:00,33.1
Sep 2003,23-24/09/2003,AFS 2m,18:10,13.76
Sep 2003,23-24/09/2003,AFS 2m,18:20,3.01
Sep 2003,23-24/09/2003,AFS 2m,18:30,1.52
Sep 2003,23-24/09/2003,AFS 2m,6:10,0.64
Sep 2003,23-24/09/2003,AFS 2m,6:20,1.24
Sep 2003,23-24/09/2003,AFS 2m,6:30,2.23
Sep 2003,23-24/09/2003,AFS 2m,6:40,4.98
Sep 2003,23-24/09/2003,AFS 2m,6:50,5.19
Sep 2003,23-24/09/2003,AFS 2m,7:00,32.26
Sep 2003,23-24/09/2003,AFS 2m,7:10,28.51
Sep 2003,23-24/09/2003,AFS 2m,7:20,43.0
Sep 2003,23-24/09/2003,AFS 2m,7:30,73.06
Sep 2003,23-24/09/2003,AFS 2m,7:40,81.76
Sep 2003,23-24/09/2003,AFS 2m,7:50,72.08
Sep 2003,23-24/09/2003,AFS 2m,8:00,69.27
Sep 2003,23-24/09/2003,AFS 2m,8:10,82.95
Sep 2003,23-24/09/2003,AFS 2m,8:20,106.81
Sep 2003,23-24/09/2003,AFS 2m,8:30,108.15
Sep 2003,23-24/09/2003,AFS 2m,8:40,97.73
Sep 2003,23-24/09/2003,AFS 2m,8:50,93.79
Sep 2003,23-24/09/2003,AFS 2m,9:00,134.86
Sep 2003,23-24/09/2003,AFS 2m,9:10,115.09
Sep 2003,23-24/09/2003,AFS 2m,9:20,121.66
Sep 2003,23-24/09/2003,AFS 2m,9:30,136.1
Sep 2003,23-24/09/2003,AFS 2m,9:40,145.64
Sep 2003,23-24/09/2003,AFS 2m,9:50,137.18
Sep 2003,27-28/08/2003,AFS 2m,10:00,64.57
Sep 2003,27-28/08/2003,AFS 2m,10:10,175.6
Sep 2003,27-28/08/2003,AFS 2m,10:20,60.47
Sep 2003,27-28/08/2003,AFS 2m,10:30,57.36
Sep 2003,27-28/08/2003,AFS 2m,10:40,109.2
Sep 2003,27-28/08/2003,AFS 2m,10:50,61.16
Sep 2003,27-28/08/2003,AFS 2m,11:00,125.7
Sep 2003,27-28/08/2003,AFS 2m,11:10,526.9
Sep 2003,27-28/08/2003,AFS 2m,11:20,1002.0
Sep 2003,27-28/08/2003,AFS 2m,11:30,332.4
Sep 2003,27-28/08/2003,AFS 2m,11:40,193.1
Sep 2003,27-28/08/2003,AFS 2m,11:50,91.8
Sep 2003,27-28/08/2003,AFS 2m,12:00,55.79
Sep 2003,27-28/08/2003,AFS 2m,12:10,101.9
Sep 2003,27-28/08/2003,AFS 2m,12:20,86.93
Sep 2003,27-28/08/2003,AFS 2m,12:30,64.69
Sep 2003,27-28/08/2003,AFS 2m,12:40,89.76
Sep 2003,27-28/08/2003,AFS 2m,12:50,49.4
Sep 2003,27-28/08/2003,AFS 2m,13:00,49.54
Sep 2003,27-28/08/2003,AFS 2m,13:10,75.12
Sep 2003,27-28/08/2003,AFS 2m,13:20,79.56
Sep 2003,27-28/08/2003,AFS 2m,13:30,68.09
Sep 2003,27-28/08/2003,AFS 2m,13:40,106.2
Sep 2003,27-28/08/2003,AFS 2m,13:50,66.41
Sep 2003,27-28/08/2003,AFS 2m,14:00,74.83
Sep 2003,27-28/08/2003,AFS 2m,14:10,26.2
Sep 2003,27-28/08/2003,AFS 2m,14:20,25.36
Sep 2003,27-28/08/2003,AFS 2m,14:30,26.3
Sep 2003,27-28/08/2003,AFS 2m,14:40,40.24
Sep 2003,27-28/08/2003,AFS 2m,14:50,32.43
Sep 2003,27-28/08/2003,AFS 2m,15:00,41.38
Sep 2003,27-28/08/2003,AFS 2m,15:10,170.7
Sep 2003,27-28/08/2003,AFS 2m,15:20,242.4
Sep 2003,27-28/08/2003,AFS 2m,15:30,413.5
Sep 2003,27-28/08/2003,AFS 2m,15:40,254.8
Sep 2003,27-28/08/2003,AFS 2m,15:50,268.7
Sep 2003,27-28/08/2003,AFS 2m,16:00,58.97
Sep 2003,27-28/08/2003,AFS 2m,16:10,43.31
Sep 2003,27-28/08/2003,AFS 2m,16:20,37.01
Sep 2003,27-28/08/2003,AFS 2m,16:30,18.09
Sep 2003,27-28/08/2003,AFS 2m,16:40,14.29
Sep 2003,27-28/08/2003,AFS 2m,16:50,13.6
Sep 2003,27-28/08/2003,AFS 2m,17:00,41.65
Sep 2003,27-28/08/2003,AFS 2m,17:10,91.61
Sep 2003,27-28/08/2003,AFS 2m,17:20,18.0
Sep 2003,27-28/08/2003,AFS 2m,17:30,17.95
Sep 2003,27-28/08/2003,AFS 2m,17:40,6.45
Sep 2003,27-28/08/2003,AFS 2m,17:50,6.68
Sep 2003,27-28/08/2003,AFS 2m,18:00,6.41
Sep 2003,27-28/08/2003,AFS 2m,18:10,2.68
Sep 2003,27-28/08/2003,AFS 2m,18:20,1.12
Sep 2003,27-28/08/2003,AFS 2m,18:30,0.27
Sep 2003,27-28/08/2003,AFS 2m,6:10,0.32
Sep 2003,27-28/08/2003,AFS 2m,6:20,0.79
Sep 2003,27-28/08/2003,AFS 2m,6:30,0.89
Sep 2003,27-28/08/2003,AFS 2m,6:40,0.9
Sep 2003,27-28/08/2003,AFS 2m,6:50,1.22
Sep 2003,27-28/08/2003,AFS 2m,7:00,1.49
Sep 2003,27-28/08/2003,AFS 2m,7:10,3.14
Sep 2003,27-28/08/2003,AFS 2m,7:20,6.45
Sep 2003,27-28/08/2003,AFS 2m,7:30,10.26
Sep 2003,27-28/08/2003,AFS 2m,7:40,17.58
Sep 2003,27-28/08/2003,AFS 2m,7:50,29.45
Sep 2003,27-28/08/2003,AFS 2m,8:00,25.54
Sep 2003,27-28/08/2003,AFS 2m,8:10,33.19
Sep 2003,27-28/08/2003,AFS 2m,8:20,39.79
Sep 2003,27-28/08/2003,AFS 2m,8:30,34.84
Sep 2003,27-28/08/2003,AFS 2m,8:40,38.27
Sep 2003,27-28/08/2003,AFS 2m,8:50,34.11
Sep 2003,27-28/08/2003,AFS 2m,9:00,30.03
Sep 2003,27-28/08/2003,AFS 2m,9:10,26.33
Sep 2003,27-28/08/2003,AFS 2m,9:20,26.02
Sep 2003,27-28/08/2003,AFS 2m,9:30,29.07
Sep 2003,27-28/08/2003,AFS 2m,9:40,50.38
Sep 2003,27-28/08/2003,AFS 2m,9:50,31.85
Sep 2003,03-04/09/2003,MO 1.2m,10:00,1000.0
Sep 2003,03-04/09/2003,MO 1.2m,10:10,1107.0
Sep 2003,03-04/09/2003,MO 1.2m,10:20,1148.0
Sep 2003,03-04/09/2003,MO 1.2m,10:30,1184.0
Sep 2003,03-04/09/2003,MO 1.2m,10:40,1221.0
Sep 2003,03-04/09/2003,MO 1.2m,10:50,1255.0
Sep 2003,03-04/09/2003,MO 1.2m,11:00,1292.0
Sep 2003,03-04/09/2003,MO 1.2m,11:10,1330.0
Sep 2003,03-04/09/2003,MO 1.2m,11:20,1359.0
Sep 2003,03-04/09/2003,MO 1.2m,11:30,1380.0
Sep 2003,03-04/09/2003,MO 1.2m,11:40,1397.0
Sep 2003,03-04/09/2003,MO 1.2m,11:50,1422.0
Sep 2003,03-04/09/2003,MO 1.2m,12:00,1437.0
Sep 2003,03-04/09/2003,MO 1.2m,12:10,1452.0
Sep 2003,03-04/09/2003,MO 1.2m,12:20,1459.0
Sep 2003,03-04/09/2003,MO 1.2m,12:30,1463.0
Sep 2003,03-04/09/2003,MO 1.2m,12:40,1462.0
Sep 2003,03-04/09/2003,MO 1.2m,12:50,1464.0
Sep 2003,03-04/09/2003,MO 1.2m,13:00,1461.0
Sep 2003,03-04/09/2003,MO 1.2m,13:10,1452.0
Sep 2003,03-04/09/2003,MO 1.2m,13:20,1449.0
Sep 2003,03-04/09/2003,MO 1.2m,13:30,1431.0
Sep 2003,03-04/09/2003,MO 1.2m,13:40,1327.0
Sep 2003,03-04/09/2003,MO 1.2m,13:50,1449.0
Sep 2003,03-04/09/2003,MO 1.2m,14:00,1457.0
Sep 2003,03-04/09/2003,MO 1.2m,14:10,1447.0
Sep 2003,03-04/09/2003,MO 1.2m,14:20,1443.0
Sep 2003,03-04/09/2003,MO 1.2m,14:30,1410.0
Sep 2003,03-04/09/2003,MO 1.2m,14:40,1361.0
Sep 2003,03-04/09/2003,MO 1.2m,14:50,1318.0
Sep 2003,03-04/09/2003,MO 1.2m,15:00,1269.0
Sep 2003,03-04/09/2003,MO 1.2m,15:10,1224.0
Sep 2003,03-04/09/2003,MO 1.2m,15:20,1177.0
Sep 2003,03-04/09/2003,MO 1.2m,15:30,1127.0
Sep 2003,03-04/09/2003,MO 1.2m,15:40,1032.0
Sep 2003,03-04/09/2003,MO 1.2m,15:50,976.2
Sep 2003,03-04/09/2003,MO 1.2m,16:00,914.2
Sep 2003,03-04/09/2003,MO 1.2m,16:10,848.3
Sep 2003,03-04/09/2003,MO 1.2m,16:20,781.2
Sep 2003,03-04/09/2003,MO 1.2m,16:30,708.0
Sep 2003,03-04/09/2003,MO 1.2m,16:40,584.7
Sep 2003,03-04/09/2003,MO 1.2m,16:50,311.1
Sep 2003,03-04/09/2003,MO 1.2m,17:00,334.3
Sep 2003,03-04/09/2003,MO 1.2m,17:10,299.51
Sep 2003,03-04/09/2003,MO 1.2m,17:20,221.3
Sep 2003,03-04/09/2003,MO 1.2m,17:30,186.98
Sep 2003,03-04/09/2003,MO 1.2m,17:40,76.33
Sep 2003,03-04/09/2003,MO 1.2m,17:50,64.26
Sep 2003,03-04/09/2003,MO 1.2m,18:00,50.02
Sep 2003,03-04/09/2003,MO 1.2m,18:10,33.23
Sep 2003,03-04/09/2003,MO 1.2m,18:20,11.78
Sep 2003,03-04/09/2003,MO 1.2m,18:30,2.52
Sep 2003,03-04/09/2003,MO 1.2m,6:10,2.2
Sep 2003,03-04/09/2003,MO 1.2m,6:20,3.42
Sep 2003,03-04/09/2003,MO 1.2m,6:30,4.92
Sep 2003,03-04/09/2003,MO 1.2m,6:40,8.81
Sep 2003,03-04/09/2003,MO 1.2m,6:50,10.7
Sep 2003,03-04/09/2003,MO 1.2m,7:00,29.5
Sep 2003,03-04/09/2003,MO 1.2m,7:10,48.3
Sep 2003,03-04/09/2003,MO 1.2m,7:20,66.74
Sep 2003,03-04/09/2003,MO 1.2m,7:30,83.03
Sep 2003,03-04/09/2003,MO 1.2m,7:40,97.98
Sep 2003,03-04/09/2003,MO 1.2m,7:50,111.2
Sep 2003,03-04/09/2003,MO 1.2m,8:00,121.8
Sep 2003,03-04/09/2003,MO 1.2m,8:10,170.6
Sep 2003,03-04/09/2003,MO 1.2m,8:20,204.2
Sep 2003,03-04/09/2003,MO 1.2m,8:30,309.4
Sep 2003,03-04/09/2003,MO 1.2m,8:40,349.8
Sep 2003,03-04/09/2003,MO 1.2m,8:50,391.5
Sep 2003,03-04/09/2003,MO 1.2m,9:00,427.4
Sep 2003,03-04/09/2003,MO 1.2m,9:10,463.1
Sep 2003,03-04/09/2003,MO 1.2m,9:20,500.8
Sep 2003,03-04/09/2003,MO 1.2m,9:30,534.4
Sep 2003,03-04/09/2003,MO 1.2m,9:40,564.0
Sep 2003,03-04/09/2003,MO 1.2m,9:50,602.0
Sep 2003,18-19/09/2003,MO 1.2m,10:00,1093.0
Sep 2003,18-19/09/2003,MO 1.2m,10:10,1194.0
Sep 2003,18-19/09/2003,MO 1.2m,10:20,1237.0
Sep 2003,18-19/09/2003,MO 1.2m,10:30,1305.0
Sep 2003,18-19/09/2003,MO 1.2m,10:40,1377.0
Sep 2003,18-19/09/2003,MO 1.2m,10:50,1260.0
Sep 2003,18-19/09/2003,MO 1.2m,11:00,1005.0
Sep 2003,18-19/09/2003,MO 1.2m,11:10,954.7
Sep 2003,18-19/09/2003,MO 1.2m,11:20,813.8
Sep 2003,18-19/09/2003,MO 1.2m,11:30,945.6
Sep 2003,18-19/09/2003,MO 1.2m,11:40,1315.0
Sep 2003,18-19/09/2003,MO 1.2m,11:50,1285.0
Sep 2003,18-19/09/2003,MO 1.2m,12:00,1420.0
Sep 2003,18-19/09/2003,MO 1.2m,12:10,1585.0
Sep 2003,18-19/09/2003,MO 1.2m,12:20,1541.0
Sep 2003,18-19/09/2003,MO 1.2m,12:30,1486.0
Sep 2003,18-19/09/2003,MO 1.2m,12:40,1497.0
Sep 2003,18-19/09/2003,MO 1.2m,12:50,1476.0
Sep 2003,18-19/09/2003,MO 1.2m,13:00,1596.0
Sep 2003,18-19/09/2003,MO 1.2m,13:10,1629.0
Sep 2003,18-19/09/2003,MO 1.2m,13:20,1629.0
Sep 2003,18-19/09/2003,MO 1.2m,13:30,1649.0
Sep 2003,18-19/09/2003,MO 1.2m,13:40,1652.0
Sep 2003,18-19/09/2003,MO 1.2m,13:50,414.3
Sep 2003,18-19/09/2003,MO 1.2m,14:00,1492.0
Sep 2003,18-19/09/2003,MO 1.2m,14:10,1521.0
Sep 2003,18-19/09/2003,MO 1.2m,14:20,1487.0
Sep 2003,18-19/09/2003,MO 1.2m,14:30,1457.0
Sep 2003,18-19/09/2003,MO 1.2m,14:40,1419.0
Sep 2003,18-19/09/2003,MO 1.2m,14:50,1375.0
Sep 2003,18-19/09/2003,MO 1.2m,15:00,1317.0
Sep 2003,18-19/09/2003,MO 1.2m,15:10,1267.0
Sep 2003,18-19/09/2003,MO 1.2m,15:20,1214.0
Sep 2003,18-19/09/2003,MO 1.2m,15:30,1157.0
Sep 2003,18-19/09/2003,MO 1.2m,15:40,1104.0
Sep 2003,18-19/09/2003,MO 1.2m,15:50,1034.0
Sep 2003,18-19/09/2003,MO 1.2m,16:00,970.2
Sep 2003,18-19/09/2003,MO 1.2m,16:10,846.9
Sep 2003,18-19/09/2003,MO 1.2m,16:20,605.4
Sep 2003,18-19/09/2003,MO 1.2m,16:30,565.1
Sep 2003,18-19/09/2003,MO 1.2m,16:40,620.0
Sep 2003,18-19/09/2003,MO 1.2m,16:50,616.8
Sep 2003,18-19/09/2003,MO 1.2m,17:00,540.0
Sep 2003,18-19/09/2003,MO 1.2m,17:10,456.4
Sep 2003,18-19/09/2003,MO 1.2m,17:20,298.6
Sep 2003,18-19/09/2003,MO 1.2m,17:30,97.96
Sep 2003,18-19/09/2003,MO 1.2m,17:40,89.02
Sep 2003,18-19/09/2003,MO 1.2m,17:50,76.16
Sep 2003,18-19/09/2003,MO 1.2m,18:00,62.11
Sep 2003,18-19/09/2003,MO 1.2m,18:10,44.9
Sep 2003,18-19/09/2003,MO 1.2m,18:20,26.6
Sep 2003,18-19/09/2003,MO 1.2m,18:30,3.93
Sep 2003,18-19/09/2003,MO 1.2m,6:10,1.97
Sep 2003,18-19/09/2003,MO 1.2m,6:20,3.71
Sep 2003,18-19/09/2003,MO 1.2m,6:30,4.71
Sep 2003,18-19/09/2003,MO 1.2m,6:40,6.92
Sep 2003,18-19/09/2003,MO 1.2m,6:50,14.74
Sep 2003,18-19/09/2003,MO 1.2m,7:00,45.68
Sep 2003,18-19/09/2003,MO 1.2m,7:10,76.62
Sep 2003,18-19/09/2003,MO 1.2m,7:20,101.3
Sep 2003,18-19/09/2003,MO 1.2m,7:30,141.6
Sep 2003,18-19/09/2003,MO 1.2m,7:40,181.5
Sep 2003,18-19/09/2003,MO 1.2m,7:50,200.4
Sep 2003,18-19/09/2003,MO 1.2m,8:00,189.2
Sep 2003,18-19/09/2003,MO 1.2m,8:10,218.8
Sep 2003,18-19/09/2003,MO 1.2m,8:20,301.1
Sep 2003,18-19/09/2003,MO 1.2m,8:30,313.6
Sep 2003,18-19/09/2003,MO 1.2m,8:40,321.0
Sep 2003,18-19/09/2003,MO 1.2m,8:50,285.1
Sep 2003,18-19/09/2003,MO 1.2m,9:00,266.1
Sep 2003,18-19/09/2003,MO 1.2m,9:10,246.1
Sep 2003,18-19/09/2003,MO 1.2m,9:20,320.4
Sep 2003,18-19/09/2003,MO 1.2m,9:30,619.2
Sep 2003,18-19/09/2003,MO 1.2m,9:40,712.1
Sep 2003,18-19/09/2003,MO 1.2m,9:50,956.7
Sep 2003,02-03-09/2003,MO 2m,10:00,1139.0
Sep 2003,02-03-09/2003,MO 2m,10:10,1188.0
Sep 2003,02-03-09/2003,MO 2m,10:20,1237.0
Sep 2003,02-03-09/2003,MO 2m,10:30,1282.0
Sep 2003,02-03-09/2003,MO 2m,10:40,1322.0
Sep 2003,02-03-09/2003,MO 2m,10:50,1361.0
Sep 2003,02-03-09/2003,MO 2m,11:00,1395.0
Sep 2003,02-03-09/2003,MO 2m,11:10,1425.0
Sep 2003,02-03-09/2003,MO 2m,11:20,1452.0
Sep 2003,02-03-09/2003,MO 2m,11:30,1477.0
Sep 2003,02-03-09/2003,MO 2m,11:40,1499.0
Sep 2003,02-03-09/2003,MO 2m,11:50,1518.0
Sep 2003,02-03-09/2003,MO 2m,12:00,1532.0
Sep 2003,02-03-09/2003,MO 2m,12:10,1543.0
Sep 2003,02-03-09/2003,MO 2m,12:20,1551.0
Sep 2003,02-03-09/2003,MO 2m,12:30,1555.0
Sep 2003,02-03-09/2003,MO 2m,12:40,1553.0
Sep 2003,02-03-09/2003,MO 2m,12:50,1549.0
Sep 2003,02-03-09/2003,MO 2m,13:00,1547.0
Sep 2003,02-03-09/2003,MO 2m,13:10,1537.0
Sep 2003,02-03-09/2003,MO 2m,13:20,1525.0
Sep 2003,02-03-09/2003,MO 2m,13:30,1510.0
Sep 2003,02-03-09/2003,MO 2m,13:40,1510.0
Sep 2003,02-03-09/2003,MO 2m,13:50,1526.0
Sep 2003,02-03-09/2003,MO 2m,14:00,1502.0
Sep 2003,02-03-09/2003,MO 2m,14:10,1471.0
Sep 2003,02-03-09/2003,MO 2m,14:20,1406.0
Sep 2003,02-03-09/2003,MO 2m,14:30,1370.0
Sep 2003,02-03-09/2003,MO 2m,14:40,1332.0
Sep 2003,02-03-09/2003,MO 2m,14:50,1278.0
Sep 2003,02-03-09/2003,MO 2m,15:00,1221.0
Sep 2003,02-03-09/2003,MO 2m,15:10,1176.0
Sep 2003,02-03-09/2003,MO 2m,15:20,1126.0
Sep 2003,02-03-09/2003,MO 2m,15:30,1073.0
Sep 2003,02-03-09/2003,MO 2m,15:40,1020.0
Sep 2003,02-03-09/2003,MO 2m,15:50,955.5
Sep 2003,02-03-09/2003,MO 2m,16:00,899.0
Sep 2003,02-03-09/2003,MO 2m,16:10,835.8
Sep 2003,02-03-09/2003,MO 2m,16:20,765.9
Sep 2003,02-03-09/2003,MO 2m,16:30,691.7
Sep 2003,02-03-09/2003,MO 2m,16:40,622.1
Sep 2003,02-03-09/2003,MO 2m,16:50,551.2
Sep 2003,02-03-09/2003,MO 2m,17:00,476.5
Sep 2003,02-03-09/2003,MO 2m,17:10,80.54
Sep 2003,02-03-09/2003,MO 2m,17:20,53.25
Sep 2003,02-03-09/2003,MO 2m,17:30,41.56
Sep 2003,02-03-09/2003,MO 2m,17:40,36.71
Sep 2003,02-03-09/2003,MO 2m,17:50,32.29
Sep 2003,02-03-09/2003,MO 2m,18:00,27.37
Sep 2003,02-03-09/2003,MO 2m,18:10,20.19
Sep 2003,02-03-09/2003,MO 2m,18:20,11.11
Sep 2003,02-03-09/2003,MO 2m,18:30,2.8
Sep 2003,02-03-09/2003,MO 2m,6:10,2.42
Sep 2003,02-03-09/2003,MO 2m,6:20,4.04
Sep 2003,02-03-09/2003,MO 2m,6:30,5.44
Sep 2003,02-03-09/2003,MO 2m,6:40,11.24
Sep 2003,02-03-09/2003,MO 2m,6:50,13.01
Sep 2003,02-03-09/2003,MO 2m,7:00,22.26
Sep 2003,02-03-09/2003,MO 2m,7:10,41.51
Sep 2003,02-03-09/2003,MO 2m,7:20,83.71
Sep 2003,02-03-09/2003,MO 2m,7:30,157.3
Sep 2003,02-03-09/2003,MO 2m,7:40,252.4
Sep 2003,02-03-09/2003,MO 2m,7:50,259.8
Sep 2003,02-03-09/2003,MO 2m,8:00,314.9
Sep 2003,02-03-09/2003,MO 2m,8:10,450.5
Sep 2003,02-03-09/2003,MO 2m,8:20,518.5
Sep 2003,02-03-09/2003,MO 2m,8:30,588.3
Sep 2003,02-03-09/2003,MO 2m,8:40,654.6
Sep 2003,02-03-09/2003,MO 2m,8:50,722.1
Sep 2003,02-03-09/2003,MO 2m,9:00,786.9
Sep 2003,02-03-09/2003,MO 2m,9:10,851.3
Sep 2003,02-03-09/2003,MO 2m,9:20,912.1
Sep 2003,02-03-09/2003,MO 2m,9:30,971.2
Sep 2003,02-03-09/2003,MO 2m,9:40,1029.0
Sep 2003,02-03-09/2003,MO 2m,9:50,1085.0
Sep 2003,16-17/09/2023,MO 2m,10:00,477.8
Sep 2003,16-17/09/2023,MO 2m,10:10,543.7
Sep 2003,16-17/09/2023,MO 2m,10:20,608.5
Sep 2003,16-17/09/2023,MO 2m,10:30,677.6
Sep 2003,16-17/09/2023,MO 2m,10:40,932.1
Sep 2003,16-17/09/2023,MO 2m,10:50,981.8
Sep 2003,16-17/09/2023,MO 2m,11:00,1653.0
Sep 2003,16-17/09/2023,MO 2m,11:10,1536.0
Sep 2003,16-17/09/2023,MO 2m,11:20,1587.0
Sep 2003,16-17/09/2023,MO 2m,11:30,1624.0
Sep 2003,16-17/09/2023,MO 2m,11:40,1638.0
Sep 2003,16-17/09/2023,MO 2m,11:50,1652.0
Sep 2003,16-17/09/2023,MO 2m,12:00,1667.0
Sep 2003,16-17/09/2023,MO 2m,12:10,1679.0
Sep 2003,16-17/09/2023,MO 2m,12:20,1684.0
Sep 2003,16-17/09/2023,MO 2m,12:30,1683.0
Sep 2003,16-17/09/2023,MO 2m,12:40,1677.0
Sep 2003,16-17/09/2023,MO 2m,12:50,1667.0
Sep 2003,16-17/09/2023,MO 2m,13:00,1651.0
Sep 2003,16-17/09/2023,MO 2m,13:10,1635.0
Sep 2003,16-17/09/2023,MO 2m,13:20,1614.0
Sep 2003,16-17/09/2023,MO 2m,13:30,1591.0
Sep 2003,16-17/09/2023,MO 2m,13:40,1567.0
Sep 2003,16-17/09/2023,MO 2m,13:50,1582.0
Sep 2003,16-17/09/2023,MO 2m,14:00,1594.0
Sep 2003,16-17/09/2023,MO 2m,14:10,1214.0
Sep 2003,16-17/09/2023,MO 2m,14:20,1009.0
Sep 2003,16-17/09/2023,MO 2m,14:30,1180.0
Sep 2003,16-17/09/2023,MO 2m,14:40,1093.0
Sep 2003,16-17/09/2023,MO 2m,14:50,1157.0
Sep 2003,16-17/09/2023,MO 2m,15:00,1300.0
Sep 2003,16-17/09/2023,MO 2m,15:10,1170.0
Sep 2003,16-17/09/2023,MO 2m,15:20,1026.0
Sep 2003,16-17/09/2023,MO 2m,15:30,1195.0
Sep 2003,16-17/09/2023,MO 2m,15:40,1129.0
Sep 2003,16-17/09/2023,MO 2m,15:50,759.3
Sep 2003,16-17/09/2023,MO 2m,16:00,665.2
Sep 2003,16-17/09/2023,MO 2m,16:10,839.0
Sep 2003,16-17/09/2023,MO 2m,16:20,770.0
Sep 2003,16-17/09/2023,MO 2m,16:30,694.9
Sep 2003,16-17/09/2023,MO 2m,16:40,564.9
Sep 2003,16-17/09/2023,MO 2m,16:50,515.1
Sep 2003,16-17/09/2023,MO 2m,17:00,495.0
Sep 2003,16-17/09/2023,MO 2m,17:10,427.7
Sep 2003,16-17/09/2023,MO 2m,17:20,317.4
Sep 2003,16-17/09/2023,MO 2m,17:30,74.29
Sep 2003,16-17/09/2023,MO 2m,17:40,63.2
Sep 2003,16-17/09/2023,MO 2m,17:50,53.44
Sep 2003,16-17/09/2023,MO 2m,18:00,43.66
Sep 2003,16-17/09/2023,MO 2m,18:10,22.71
Sep 2003,16-17/09/2023,MO 2m,18:20,15.15
Sep 2003,16-17/09/2023,MO 2m,18:30,4.49
Sep 2003,16-17/09/2023,MO 2m,6:10,2.21
Sep 2003,16-17/09/2023,MO 2m,6:20,4.59
Sep 2003,16-17/09/2023,MO 2m,6:30,12.14
Sep 2003,16-17/09/2023,MO 2m,6:40,13.69
Sep 2003,16-17/09/2023,MO 2m,6:50,17.75
Sep 2003,16-17/09/2023,MO 2m,7:00,21.3
Sep 2003,16-17/09/2023,MO 2m,7:10,33.43
Sep 2003,16-17/09/2023,MO 2m,7:20,46.19
Sep 2003,16-17/09/2023,MO 2m,7:30,60.14
Sep 2003,16-17/09/2023,MO 2m,7:40,84.62
Sep 2003,16-17/09/2023,MO 2m,7:50,108.7
Sep 2003,16-17/09/2023,MO 2m,8:00,129.8
Sep 2003,16-17/09/2023,MO 2m,8:10,146.2
Sep 2003,16-17/09/2023,MO 2m,8:20,159.1
Sep 2003,16-17/09/2023,MO 2m,8:30,176.8
Sep 2003,16-17/09/2023,MO 2m,8:40,205.0
Sep 2003,16-17/09/2023,MO 2m,8:50,231.6
Sep 2003,16-17/09/2023,MO 2m,9:00,280.5
Sep 2003,16-17/09/2023,MO 2m,9:10,315.7
Sep 2003,16-17/09/2023,MO 2m,9:20,352.2
Sep 2003,16-17/09/2023,MO 2m,9:30,393.3
Sep 2003,16-17/09/2023,MO 2m,9:40,420.6
Sep 2003,16-17/09/2023,MO 2m,9:50,397.3
Sep 2003,30/09/2003-01/10/2003,MO 2m,10:00,1365.0
Sep 2003,30/09/2003-01/10/2003,MO 2m,10:10,1419.0
Sep 2003,30/09/2003-01/10/2003,MO 2m,10:20,1518.0
Sep 2003,30/09/2003-01/10/2003,MO 2m,10:30,1236.0
Sep 2003,30/09/2003-01/10/2003,MO 2m,10:40,1588.0
Sep 2003,30/09/2003-01/10/2003,MO 2m,10:50,1687.0
Sep 2003,30/09/2003-01/10/2003,MO 2m,11:00,1431.0
Sep 2003,30/09/2003-01/10/2003,MO 2m,11:10,1770.0
Sep 2003,30/09/2003-01/10/2003,MO 2m,11:20,1845.0
Sep 2003,30/09/2003-01/10/2003,MO 2m,11:30,1806.0
Sep 2003,30/09/2003-01/10/2003,MO 2m,11:40,1824.0
Sep 2003,30/09/2003-01/10/2003,MO 2m,11:50,1757.0
Sep 2003,30/09/2003-01/10/2003,MO 2m,12:00,1720.0
Sep 2003,30/09/2003-01/10/2003,MO 2m,12:10,1735.0
Sep 2003,30/09/2003-01/10/2003,MO 2m,12:20,1804.0
Sep 2003,30/09/2003-01/10/2003,MO 2m,12:30,1652.0
Sep 2003,30/09/2003-01/10/2003,MO 2m,12:40,1649.0
Sep 2003,30/09/2003-01/10/2003,MO 2m,12:50,1773.0
Sep 2003,30/09/2003-01/10/2003,MO 2m,13:00,1623.0
Sep 2003,30/09/2003-01/10/2003,MO 2m,13:10,1794.0
Sep 2003,30/09/2003-01/10/2003,MO 2m,13:20,1709.0
Sep 2003,30/09/2003-01/10/2003,MO 2m,13:30,1684.0
Sep 2003,30/09/2003-01/10/2003,MO 2m,13:40,1662.0
Sep 2003,30/09/2003-01/10/2003,MO 2m,13:50,1625.0
Sep 2003,30/09/2003-01/10/2003,MO 2m,14:00,1486.9
Sep 2003,30/09/2003-01/10/2003,MO 2m,14:10,1570.0
Sep 2003,30/09/2003-01/10/2003,MO 2m,14:20,1538.0
Sep 2003,30/09/2003-01/10/2003,MO 2m,14:30,1568.0
Sep 2003,30/09/2003-01/10/2003,MO 2m,14:40,1474.0
Sep 2003,30/09/2003-01/10/2003,MO 2m,14:50,1435.0
Sep 2003,30/09/2003-01/10/2003,MO 2m,15:00,1369.0
Sep 2003,30/09/2003-01/10/2003,MO 2m,15:10,1303.0
Sep 2003,30/09/2003-01/10/2003,MO 2m,15:20,1245.0
Sep 2003,30/09/2003-01/10/2003,MO 2m,15:30,1188.0
Sep 2003,30/09/2003-01/10/2003,MO 2m,15:40,1128.0
Sep 2003,30/09/2003-01/10/2003,MO 2m,15:50,1064.0
Sep 2003,30/09/2003-01/10/2003,MO 2m,16:00,1003.0
Sep 2003,30/09/2003-01/10/2003,MO 2m,16:10,941.6
Sep 2003,30/09/2003-01/10/2003,MO 2m,16:20,875.8
Sep 2003,30/09/2003-01/10/2003,MO 2m,16:30,805.0
Sep 2003,30/09/2003-01/10/2003,MO 2m,16:40,727.0
Sep 2003,30/09/2003-01/10/2003,MO 2m,16:50,656.6
Sep 2003,30/09/2003-01/10/2003,MO 2m,17:00,308.8
Sep 2003,30/09/2003-01/10/2003,MO 2m,17:10,69.66
Sep 2003,30/09/2003-01/10/2003,MO 2m,17:20,125.6
Sep 2003,30/09/2003-01/10/2003,MO 2m,17:30,202.6
Sep 2003,30/09/2003-01/10/2003,MO 2m,17:40,86.94
Sep 2003,30/09/2003-01/10/2003,MO 2m,17:50,44.92
Sep 2003,30/09/2003-01/10/2003,MO 2m,18:00,39.25
Sep 2003,30/09/2003-01/10/2003,MO 2m,18:10,32.4
Sep 2003,30/09/2003-01/10/2003,MO 2m,18:20,24.27
Sep 2003,30/09/2003-01/10/2003,MO 2m,18:30,2.97
Sep 2003,30/09/2003-01/10/2003,MO 2m,6:10,4.9
Sep 2003,30/09/2003-01/10/2003,MO 2m,6:20,8.3
Sep 2003,30/09/2003-01/10/2003,MO 2m,6:30,25.3
Sep 2003,30/09/2003-01/10/2003,MO 2m,6:40,68.9
Sep 2003,30/09/2003-01/10/2003,MO 2m,6:50,142.5
Sep 2003,30/09/2003-01/10/2003,MO 2m,7:00,226.1
Sep 2003,30/09/2003-01/10/2003,MO 2m,7:10,289.7
Sep 2003,30/09/2003-01/10/2003,MO 2m,7:20,353.0
Sep 2003,30/09/2003-01/10/2003,MO 2m,7:30,418.4
Sep 2003,30/09/2003-01/10/2003,MO 2m,7:40,485.6
Sep 2003,30/09/2003-01/10/2003,MO 2m,7:50,587.4
Sep 2003,30/09/2003-01/10/2003,MO 2m,8:00,644.1
Sep 2003,30/09/2003-01/10/2003,MO 2m,8:10,690.7
Sep 2003,30/09/2003-01/10/2003,MO 2m,8:20,752.1
Sep 2003,30/09/2003-01/10/2003,MO 2m,8:30,820.7
Sep 2003,30/09/2003-01/10/2003,MO 2m,8:40,886.7
Sep 2003,30/09/2003-01/10/2003,MO 2m,8:50,953.9
Sep 2003,30/09/2003-01/10/2003,MO 2m,9:00,1021.0
Sep 2003,30/09/2003-01/10/2003,MO 2m,9:10,1084.0
Sep 2003,30/09/2003-01/10/2003,MO 2m,9:20,1146.0
Sep 2003,30/09/2003-01/10/2003,MO 2m,9:30,1204.0
Sep 2003,30/09/2003-01/10/2003,MO 2m,9:40,1262.0
Sep 2003,30/09/2003-01/10/2003,MO 2m,9:50,1315.0
Sep 2003,14-15/09/2023,Open area 2m,10:00,1234.0
Sep 2003,14-15/09/2023,Open area 2m,10:10,1283.0
Sep 2003,14-15/09/2023,Open area 2m,10:20,1334.0
Sep 2003,14-15/09/2023,Open area 2m,10:30,1376.0
Sep 2003,14-15/09/2023,Open area 2m,10:40,1419.0
Sep 2003,14-15/09/2023,Open area 2m,10:50,1458.0
Sep 2003,14-15/09/2023,Open area 2m,11:00,1494.0
Sep 2003,14-15/09/2023,Open area 2m,11:10,1525.0
Sep 2003,14-15/09/2023,Open area 2m,11:20,1580.0
Sep 2003,14-15/09/2023,Open area 2m,11:30,1642.0
Sep 2003,14-15/09/2023,Open area 2m,11:40,1503.0
Sep 2003,14-15/09/2023,Open area 2m,11:50,1485.0
Sep 2003,14-15/09/2023,Open area 2m,12:00,1664.0
Sep 2003,14-15/09/2023,Open area 2m,12:10,1574.0
Sep 2003,14-15/09/2023,Open area 2m,12:20,1325.0
Sep 2003,14-15/09/2023,Open area 2m,12:30,1505.0
Sep 2003,14-15/09/2023,Open area 2m,12:40,1012.0
Sep 2003,14-15/09/2023,Open area 2m,12:50,1144.0
Sep 2003,14-15/09/2023,Open area 2m,13:00,1125.0
Sep 2003,14-15/09/2023,Open area 2m,13:10,1570.0
Sep 2003,14-15/09/2023,Open area 2m,13:20,1250.0
Sep 2003,14-15/09/2023,Open area 2m,13:30,1195.0
Sep 2003,14-15/09/2023,Open area 2m,13:40,1146.0
Sep 2003,14-15/09/2023,Open area 2m,13:50,1508.0
Sep 2003,14-15/09/2023,Open area 2m,14:00,1502.4
Sep 2003,14-15/09/2023,Open area 2m,14:10,1585.0
Sep 2003,14-15/09/2023,Open area 2m,14:20,1499.0
Sep 2003,14-15/09/2023,Open area 2m,14:30,1492.0
Sep 2003,14-15/09/2023,Open area 2m,14:40,1498.0
Sep 2003,14-15/09/2023,Open area 2m,14:50,1446.0
Sep 2003,14-15/09/2023,Open area 2m,15:00,1493.0
Sep 2003,14-15/09/2023,Open area 2m,15:10,1341.0
Sep 2003,14-15/09/2023,Open area 2m,15:20,1291.0
Sep 2003,14-15/09/2023,Open area 2m,15:30,1233.0
Sep 2003,14-15/09/2023,Open area 2m,15:40,1168.0
Sep 2003,14-15/09/2023,Open area 2m,15:50,1198.6
Sep 2003,14-15/09/2023,Open area 2m,16:00,1140.4
Sep 2003,14-15/09/2023,Open area 2m,16:10,877.5
Sep 2003,14-15/09/2023,Open area 2m,16:20,816.8
Sep 2003,14-15/09/2023,Open area 2m,16:30,733.5
Sep 2003,14-15/09/2023,Open area 2m,16:40,545.0
Sep 2003,14-15/09/2023,Open area 2m,16:50,261.9
Sep 2003,14-15/09/2023,Open area 2m,17:00,156.2
Sep 2003,14-15/09/2023,Open area 2m,17:10,183.81
Sep 2003,14-15/09/2023,Open area 2m,17:20,185.11
Sep 2003,14-15/09/2023,Open area 2m,17:30,139.3
Sep 2003,14-15/09/2023,Open area 2m,17:40,219.2
Sep 2003,14-15/09/2023,Open area 2m,17:50,106.1
Sep 2003,14-15/09/2023,Open area 2m,18:00,43.25
Sep 2003,14-15/09/2023,Open area 2m,18:10,26.36
Sep 2003,14-15/09/2023,Open area 2m,18:20,16.24
Sep 2003,14-15/09/2023,Open area 2m,18:30,6.9
Sep 2003,14-15/09/2023,Open area 2m,6:10,4.18
Sep 2003,14-15/09/2023,Open area 2m,6:20,7.23
Sep 2003,14-15/09/2023,Open area 2m,6:30,16.71
Sep 2003,14-15/09/2023,Open area 2m,6:40,31.19
Sep 2003,14-15/09/2023,Open area 2m,6:50,42.67
Sep 2003,14-15/09/2023,Open area 2m,7:00,79.17
Sep 2003,14-15/09/2023,Open area 2m,7:10,142.6
Sep 2003,14-15/09/2023,Open area 2m,7:20,213.7
Sep 2003,14-15/09/2023,Open area 2m,7:30,275.6
Sep 2003,14-15/09/2023,Open area 2m,7:40,336.5
Sep 2003,14-15/09/2023,Open area 2m,7:50,404.2
Sep 2003,14-15/09/2023,Open area 2m,8:00,476.0
Sep 2003,14-15/09/2023,Open area 2m,8:10,545.9
Sep 2003,14-15/09/2023,Open area 2m,8:20,616.3
Sep 2003,14-15/09/2023,Open area 2m,8:30,685.8
Sep 2003,14-15/09/2023,Open area 2m,8:40,752.6
Sep 2003,14-15/09/2023,Open area 2m,8:50,819.6
Sep 2003,14-15/09/2023,Open area 2m,9:00,885.4
Sep 2003,14-15/09/2023,Open area 2m,9:10,951.2
Sep 2003,14-15/09/2023,Open area 2m,9:20,1014.0
Sep 2003,14-15/09/2023,Open area 2m,9:30,1074.0
Sep 2003,14-15/09/2023,Open area 2m,9:40,1131.0
Sep 2003,14-15/09/2023,Open area 2m,9:50,1185.0
Sep 2003,21-22/09/2003,Open area 2m,10:00,1291.0
Sep 2003,21-22/09/2003,Open area 2m,10:10,1341.0
Sep 2003,21-22/09/2003,Open area 2m,10:20,1387.0
Sep 2003,21-22/09/2003,Open area 2m,10:30,1430.0
Sep 2003,21-22/09/2003,Open area 2m,10:40,1465.0
Sep 2003,21-22/09/2003,Open area 2m,10:50,1495.0
Sep 2003,21-22/09/2003,Open area 2m,11:00,1529.0
Sep 2003,21-22/09/2003,Open area 2m,11:10,1551.0
Sep 2003,21-22/09/2003,Open area 2m,11:20,1579.0
Sep 2003,21-22/09/2003,Open area 2m,11:30,1579.0
Sep 2003,21-22/09/2003,Open area 2m,11:40,1621.0
Sep 2003,21-22/09/2003,Open area 2m,11:50,1617.0
Sep 2003,21-22/09/2003,Open area 2m,12:00,1648.0
Sep 2003,21-22/09/2003,Open area 2m,12:10,1664.0
Sep 2003,21-22/09/2003,Open area 2m,12:20,1642.0
Sep 2003,21-22/09/2003,Open area 2m,12:30,1647.0
Sep 2003,21-22/09/2003,Open area 2m,12:40,1578.0
Sep 2003,21-22/09/2003,Open area 2m,12:50,1612.0
Sep 2003,21-22/09/2003,Open area 2m,13:00,1607.0
Sep 2003,21-22/09/2003,Open area 2m,13:10,1574.0
Sep 2003,21-22/09/2003,Open area 2m,13:20,1514.0
Sep 2003,21-22/09/2003,Open area 2m,13:30,1464.0
Sep 2003,21-22/09/2003,Open area 2m,13:40,1490.0
Sep 2003,21-22/09/2003,Open area 2m,13:50,1470.0
Sep 2003,21-22/09/2003,Open area 2m,14:00,1305.1
Sep 2003,21-22/09/2003,Open area 2m,14:10,1176.0
Sep 2003,21-22/09/2003,Open area 2m,14:20,1309.0
Sep 2003,21-22/09/2003,Open area 2m,14:30,1276.0
Sep 2003,21-22/09/2003,Open area 2m,14:40,1250.0
Sep 2003,21-22/09/2003,Open area 2m,14:50,1209.0
Sep 2003,21-22/09/2003,Open area 2m,15:00,1112.0
Sep 2003,21-22/09/2003,Open area 2m,15:10,1082.0
Sep 2003,21-22/09/2003,Open area 2m,15:20,1030.0
Sep 2003,21-22/09/2003,Open area 2m,15:30,977.9
Sep 2003,21-22/09/2003,Open area 2m,15:40,921.0
Sep 2003,21-22/09/2003,Open area 2m,15:50,866.0
Sep 2003,21-22/09/2003,Open area 2m,16:00,798.9
Sep 2003,21-22/09/2003,Open area 2m,16:10,739.0
Sep 2003,21-22/09/2003,Open area 2m,16:20,662.7
Sep 2003,21-22/09/2003,Open area 2m,16:30,590.4
Sep 2003,21-22/09/2003,Open area 2m,16:40,686.5
Sep 2003,21-22/09/2003,Open area 2m,16:50,601.0
Sep 2003,21-22/09/2003,Open area 2m,17:00,599.5
Sep 2003,21-22/09/2003,Open area 2m,17:10,404.1
Sep 2003,21-22/09/2003,Open area 2m,17:20,270.6
Sep 2003,21-22/09/2003,Open area 2m,17:30,134.3
Sep 2003,21-22/09/2003,Open area 2m,17:40,105.6
Sep 2003,21-22/09/2003,Open area 2m,17:50,86.73
Sep 2003,21-22/09/2003,Open area 2m,18:00,67.58
Sep 2003,21-22/09/2003,Open area 2m,18:10,46.22
Sep 2003,21-22/09/2003,Open area 2m,18:20,30.46
Sep 2003,21-22/09/2003,Open area 2m,18:30,6.18
Sep 2003,21-22/09/2003,Open area 2m,6:10,4.68
Sep 2003,21-22/09/2003,Open area 2m,6:20,9.6
Sep 2003,21-22/09/2003,Open area 2m,6:30,16.77
Sep 2003,21-22/09/2003,Open area 2m,6:40,34.32
Sep 2003,21-22/09/2003,Open area 2m,6:50,46.99
Sep 2003,21-22/09/2003,Open area 2m,7:00,78.77
Sep 2003,21-22/09/2003,Open area 2m,7:10,170.9
Sep 2003,21-22/09/2003,Open area 2m,7:20,172.5
Sep 2003,21-22/09/2003,Open area 2m,7:30,261.6
Sep 2003,21-22/09/2003,Open area 2m,7:40,297.8
Sep 2003,21-22/09/2003,Open area 2m,7:50,387.6
Sep 2003,21-22/09/2003,Open area 2m,8:00,484.0
Sep 2003,21-22/09/2003,Open area 2m,8:10,587.1
Sep 2003,21-22/09/2003,Open area 2m,8:20,679.1
Sep 2003,21-22/09/2003,Open area 2m,8:30,750.6
Sep 2003,21-22/09/2003,Open area 2m,8:40,820.2
Sep 2003,21-22/09/2003,Open area 2m,8:50,885.4
Sep 2003,21-22/09/2003,Open area 2m,9:00,949.2
Sep 2003,21-22/09/2003,Open area 2m,9:10,1012.0
Sep 2003,21-22/09/2003,Open area 2m,9:20,1064.0
Sep 2003,21-22/09/2003,Open area 2m,9:30,1113.0
Sep 2003,21-22/09/2003,Open area 2m,9:40,1179.0
Sep 2003,21-22/09/2003,Open area 2m,9:50,1243.0
Sep 2003,29-30/08/2003,Open area 2m,10:00,1156.0
Sep 2003,29-30/08/2003,Open area 2m,10:10,1201.0
Sep 2003,29-30/08/2003,Open area 2m,10:20,1246.0
Sep 2003,29-30/08/2003,Open area 2m,10:30,1289.0
Sep 2003,29-30/08/2003,Open area 2m,10:40,1330.0
Sep 2003,29-30/08/2003,Open area 2m,10:50,1365.0
Sep 2003,29-30/08/2003,Open area 2m,11:00,1391.0
Sep 2003,29-30/08/2003,Open area 2m,11:10,1418.0
Sep 2003,29-30/08/2003,Open area 2m,11:20,1450.0
Sep 2003,29-30/08/2003,Open area 2m,11:30,1476.0
Sep 2003,29-30/08/2003,Open area 2m,11:40,1489.0
Sep 2003,29-30/08/2003,Open area 2m,11:50,1579.0
Sep 2003,29-30/08/2003,Open area 2m,12:00,1523.0
Sep 2003,29-30/08/2003,Open area 2m,12:10,1610.0
Sep 2003,29-30/08/2003,Open area 2m,12:20,1640.0
Sep 2003,29-30/08/2003,Open area 2m,12:30,1566.0
Sep 2003,29-30/08/2003,Open area 2m,12:40,1617.0
Sep 2003,29-30/08/2003,Open area 2m,12:50,1648.0
Sep 2003,29-30/08/2003,Open area 2m,13:00,1675.0
Sep 2003,29-30/08/2003,Open area 2m,13:10,1569.0
Sep 2003,29-30/08/2003,Open area 2m,13:20,1570.0
Sep 2003,29-30/08/2003,Open area 2m,13:30,1614.0
Sep 2003,29-30/08/2003,Open area 2m,13:40,1454.0
Sep 2003,29-30/08/2003,Open area 2m,13:50,1476.5
Sep 2003,29-30/08/2003,Open area 2m,14:00,1446.4
Sep 2003,29-30/08/2003,Open area 2m,14:10,1416.3
Sep 2003,29-30/08/2003,Open area 2m,14:20,1386.2
Sep 2003,29-30/08/2003,Open area 2m,14:30,1421.0
Sep 2003,29-30/08/2003,Open area 2m,14:40,1329.0
Sep 2003,29-30/08/2003,Open area 2m,14:50,1269.0
Sep 2003,29-30/08/2003,Open area 2m,15:00,1040.0
Sep 2003,29-30/08/2003,Open area 2m,15:10,955.4
Sep 2003,29-30/08/2003,Open area 2m,15:20,922.9
Sep 2003,29-30/08/2003,Open area 2m,15:30,1121.0
Sep 2003,29-30/08/2003,Open area 2m,15:40,1034.0
Sep 2003,29-30/08/2003,Open area 2m,15:50,935.4
Sep 2003,29-30/08/2003,Open area 2m,16:00,820.2
Sep 2003,29-30/08/2003,Open area 2m,16:10,826.7
Sep 2003,29-30/08/2003,Open area 2m,16:20,780.4
Sep 2003,29-30/08/2003,Open area 2m,16:30,732.1
Sep 2003,29-30/08/2003,Open area 2m,16:40,624.0
Sep 2003,29-30/08/2003,Open area 2m,16:50,517.7
Sep 2003,29-30/08/2003,Open area 2m,17:00,511.3
Sep 2003,29-30/08/2003,Open area 2m,17:10,178.8
Sep 2003,29-30/08/2003,Open area 2m,17:20,145.9
Sep 2003,29-30/08/2003,Open area 2m,17:30,81.15
Sep 2003,29-30/08/2003,Open area 2m,17:40,79.74
Sep 2003,29-30/08/2003,Open area 2m,17:50,36.16
Sep 2003,29-30/08/2003,Open area 2m,18:00,27.99
Sep 2003,29-30/08/2003,Open area 2m,18:10,18.63
Sep 2003,29-30/08/2003,Open area 2m,18:20,19.22
Sep 2003,29-30/08/2003,Open area 2m,18:30,2.1
Sep 2003,29-30/08/2003,Open area 2m,6:10,3.083
Sep 2003,29-30/08/2003,Open area 2m,6:20,4.125
Sep 2003,29-30/08/2003,Open area 2m,6:30,10.44
Sep 2003,29-30/08/2003,Open area 2m,6:40,15.84
Sep 2003,29-30/08/2003,Open area 2m,6:50,19.1
Sep 2003,29-30/08/2003,Open area 2m,7:00,23.22
Sep 2003,29-30/08/2003,Open area 2m,7:10,47.83
Sep 2003,29-30/08/2003,Open area 2m,7:20,116.0
Sep 2003,29-30/08/2003,Open area 2m,7:30,177.2
Sep 2003,29-30/08/2003,Open area 2m,7:40,283.9
Sep 2003,29-30/08/2003,Open area 2m,7:50,351.2
Sep 2003,29-30/08/2003,Open area 2m,8:00,408.6
Sep 2003,29-30/08/2003,Open area 2m,8:10,465.5
Sep 2003,29-30/08/2003,Open area 2m,8:20,525.6
Sep 2003,29-30/08/2003,Open area 2m,8:30,591.4
Sep 2003,29-30/08/2003,Open area 2m,8:40,655.4
Sep 2003,29-30/08/2003,Open area 2m,8:50,731.8
Sep 2003,29-30/08/2003,Open area 2m,9:00,802.2
Sep 2003,29-30/08/2003,Open area 2m,9:10,869.8
Sep 2003,29-30/08/2003,Open area 2m,9:20,926.4
Sep 2003,29-30/08/2003,Open area 2m,9:30,988.5
Sep 2003,29-30/08/2003,Open area 2m,9:40,1047.0
Sep 2003,29-30/08/2003,Open area 2m,9:50,1105.0
Sep 2003,29-30/09/2003,Open area 2m,10:00,1371.0
Sep 2003,29-30/09/2003,Open area 2m,10:10,1418.0
Sep 2003,29-30/09/2003,Open area 2m,10:20,1461.0
Sep 2003,29-30/09/2003,Open area 2m,10:30,1502.0
Sep 2003,29-30/09/2003,Open area 2m,10:40,1538.0
Sep 2003,29-30/09/2003,Open area 2m,10:50,1575.0
Sep 2003,29-30/09/2003,Open area 2m,11:00,1610.0
Sep 2003,29-30/09/2003,Open area 2m,11:10,1642.0
Sep 2003,29-30/09/2003,Open area 2m,11:20,1672.0
Sep 2003,29-30/09/2003,Open area 2m,11:30,1695.0
Sep 2003,29-30/09/2003,Open area 2m,11:40,1713.0
Sep 2003,29-30/09/2003,Open area 2m,11:50,1744.0
Sep 2003,29-30/09/2003,Open area 2m,12:00,1777.0
Sep 2003,29-30/09/2003,Open area 2m,12:10,1803.0
Sep 2003,29-30/09/2003,Open area 2m,12:20,1386.0
Sep 2003,29-30/09/2003,Open area 2m,12:30,1943.0
Sep 2003,29-30/09/2003,Open area 2m,12:40,1681.0
Sep 2003,29-30/09/2003,Open area 2m,12:50,1568.0
Sep 2003,29-30/09/2003,Open area 2m,13:00,1807.0
Sep 2003,29-30/09/2003,Open area 2m,13:10,1780.0
Sep 2003,29-30/09/2003,Open area 2m,13:20,1764.0
Sep 2003,29-30/09/2003,Open area 2m,13:30,1745.0
Sep 2003,29-30/09/2003,Open area 2m,13:40,1725.0
Sep 2003,29-30/09/2003,Open area 2m,13:50,1667.4
Sep 2003,29-30/09/2003,Open area 2m,14:00,1555.0
Sep 2003,29-30/09/2003,Open area 2m,14:10,1511.0
Sep 2003,29-30/09/2003,Open area 2m,14:20,1522.2
Sep 2003,29-30/09/2003,Open area 2m,14:30,1459.4
Sep 2003,29-30/09/2003,Open area 2m,14:40,1470.2
Sep 2003,29-30/09/2003,Open area 2m,14:50,1332.0
Sep 2003,29-30/09/2003,Open area 2m,15:00,1445.7
Sep 2003,29-30/09/2003,Open area 2m,15:10,1992.0
Sep 2003,29-30/09/2003,Open area 2m,15:20,1391.0
Sep 2003,29-30/09/2003,Open area 2m,15:30,1561.0
Sep 2003,29-30/09/2003,Open area 2m,15:40,1454.0
Sep 2003,29-30/09/2003,Open area 2m,15:50,1241.0
Sep 2003,29-30/09/2003,Open area 2m,16:00,957.0
Sep 2003,29-30/09/2003,Open area 2m,16:10,963.8
Sep 2003,29-30/09/2003,Open area 2m,16:20,989.3
Sep 2003,29-30/09/2003,Open area 2m,16:30,589.9
Sep 2003,29-30/09/2003,Open area 2m,16:40,890.1
Sep 2003,29-30/09/2003,Open area 2m,16:50,648.2
Sep 2003,29-30/09/2003,Open area 2m,17:00,581.2
Sep 2003,29-30/09/2003,Open area 2m,17:10,509.8
Sep 2003,29-30/09/2003,Open area 2m,17:20,439.4
Sep 2003,29-30/09/2003,Open area 2m,17:30,365.7
Sep 2003,29-30/09/2003,Open area 2m,17:40,83.49
Sep 2003,29-30/09/2003,Open area 2m,17:50,41.02
Sep 2003,29-30/09/2003,Open area 2m,18:00,32.87
Sep 2003,29-30/09/2003,Open area 2m,18:10,27.14
Sep 2003,29-30/09/2003,Open area 2m,18:20,20.4
Sep 2003,29-30/09/2003,Open area 2m,18:30,4.98
Sep 2003,29-30/09/2003,Open area 2m,6:10,5.53
Sep 2003,29-30/09/2003,Open area 2m,6:20,9.19
Sep 2003,29-30/09/2003,Open area 2m,6:30,62.7
Sep 2003,29-30/09/2003,Open area 2m,6:40,122.9
Sep 2003,29-30/09/2003,Open area 2m,6:50,194.8
Sep 2003,29-30/09/2003,Open area 2m,7:00,260.7
Sep 2003,29-30/09/2003,Open area 2m,7:10,330.6
Sep 2003,29-30/09/2003,Open area 2m,7:20,394.6
Sep 2003,29-30/09/2003,Open area 2m,7:30,453.8
Sep 2003,29-30/09/2003,Open area 2m,7:40,510.2
Sep 2003,29-30/09/2003,Open area 2m,7:50,568.0
Sep 2003,29-30/09/2003,Open area 2m,8:00,628.4
Sep 2003,29-30/09/2003,Open area 2m,8:10,690.0
Sep 2003,29-30/09/2003,Open area 2m,8:20,756.2
Sep 2003,29-30/09/2003,Open area 2m,8:30,835.3
Sep 2003,29-30/09/2003,Open area 2m,8:40,904.2
Sep 2003,29-30/09/2003,Open area 2m,8:50,969.7
Sep 2003,29-30/09/2003,Open area 2m,9:00,1037.0
Sep 2003,29-30/09/2003,Open area 2m,9:10,1101.0
Sep 2003,29-30/09/2003,Open area 2m,9:20,1159.0
Sep 2003,29-30/09/2003,Open area 2m,9:30,1212.0
Sep 2003,29-30/09/2003,Open area 2m,9:40,1267.0
Sep 2003,29-30/09/2003,Open area 2m,9:50,1320.0
Nov 2003,24-25/11/2003,AFS 1.2m,10:00,53.11
Nov 2003,24-25/11/2003,AFS 1.2m,10:10,64.25
Nov 2003,24-25/11/2003,AFS 1.2m,10:20,70.13
Nov 2003,24-25/11/2003,AFS 1.2m,10:30,74.72
Nov 2003,24-25/11/2003,AFS 1.2m,10:40,76.46
Nov 2003,24-25/11/2003,AFS 1.2m,10:50,68.8
Nov 2003,24-25/11/2003,AFS 1.2m,11:00,68.61
Nov 2003,24-25/11/2003,AFS 1.2m,11:10,10.3
Nov 2003,24-25/11/2003,AFS 1.2m,11:20,13.64
Nov 2003,24-25/11/2003,AFS 1.2m,11:30,15.23
Nov 2003,24-25/11/2003,AFS 1.2m,11:40,26.26
Nov 2003,24-25/11/2003,AFS 1.2m,11:50,54.64
Nov 2003,24-25/11/2003,AFS 1.2m,12:00,62.56
Nov 2003,24-25/11/2003,AFS 1.2m,12:10,70.26
Nov 2003,24-25/11/2003,AFS 1.2m,12:20,29.37
Nov 2003,24-25/11/2003,AFS 1.2m,12:30,27.65
Nov 2003,24-25/11/2003,AFS 1.2m,12:40,10.79
Nov 2003,24-25/11/2003,AFS 1.2m,12:50,47.31
Nov 2003,24-25/11/2003,AFS 1.2m,13:00,71.82
Nov 2003,24-25/11/2003,AFS 1.2m,13:10,39.56
Nov 2003,24-25/11/2003,AFS 1.2m,13:20,122.8
Nov 2003,24-25/11/2003,AFS 1.2m,13:30,119.4
Nov 2003,24-25/11/2003,AFS 1.2m,13:40,113.7
Nov 2003,24-25/11/2003,AFS 1.2m,13:50,115.4
Nov 2003,24-25/11/2003,AFS 1.2m,14:00,119.5
Nov 2003,24-25/11/2003,AFS 1.2m,14:10,133.1
Nov 2003,24-25/11/2003,AFS 1.2m,14:20,141.3
Nov 2003,24-25/11/2003,AFS 1.2m,14:30,117.7
Nov 2003,24-25/11/2003,AFS 1.2m,14:40,88.59
Nov 2003,24-25/11/2003,AFS 1.2m,14:50,82.4
Nov 2003,24-25/11/2003,AFS 1.2m,15:00,77.85
Nov 2003,24-25/11/2003,AFS 1.2m,15:10,76.27
Nov 2003,24-25/11/2003,AFS 1.2m,15:20,78.1
Nov 2003,24-25/11/2003,AFS 1.2m,15:30,85.42
Nov 2003,24-25/11/2003,AFS 1.2m,15:40,49.95
Nov 2003,24-25/11/2003,AFS 1.2m,15:50,46.0
Nov 2003,24-25/11/2003,AFS 1.2m,16:00,35.88
Nov 2003,24-25/11/2003,AFS 1.2m,16:10,31.56
Nov 2003,24-25/11/2003,AFS 1.2m,16:20,29.96
Nov 2003,24-25/11/2003,AFS 1.2m,16:30,30.46
Nov 2003,24-25/11/2003,AFS 1.2m,16:40,27.95
Nov 2003,24-25/11/2003,AFS 1.2m,16:50,22.11
Nov 2003,24-25/11/2003,AFS 1.2m,17:00,20.06
Nov 2003,24-25/11/2003,AFS 1.2m,17:10,19.46
Nov 2003,24-25/11/2003,AFS 1.2m,17:20,18.65
Nov 2003,24-25/11/2003,AFS 1.2m,17:30,14.21
Nov 2003,24-25/11/2003,AFS 1.2m,17:40,23.4
Nov 2003,24-25/11/2003,AFS 1.2m,17:50,18.18
Nov 2003,24-25/11/2003,AFS 1.2m,18:00,13.06
Nov 2003,24-25/11/2003,AFS 1.2m,18:10,9.04
Nov 2003,24-25/11/2003,AFS 1.2m,18:20,6.923
Nov 2003,24-25/11/2003,AFS 1.2m,18:30,4.862
Nov 2003,24-25/11/2003,AFS 1.2m,18:40,3.779
Nov 2003,24-25/11/2003,AFS 1.2m,18:50,2.94
Nov 2003,24-25/11/2003,AFS 1.2m,19:00,2.366
Nov 2003,24-25/11/2003,AFS 1.2m,19:10,1.405
Nov 2003,24-25/11/2003,AFS 1.2m,19:20,0.5723
Nov 2003,24-25/11/2003,AFS 1.2m,5:30,0.12
Nov 2003,24-25/11/2003,AFS 1.2m,5:40,1.67
Nov 2003,24-25/11/2003,AFS 1.2m,5:50,3.73
Nov 2003,24-25/11/2003,AFS 1.2m,6:00,5.11
Nov 2003,24-25/11/2003,AFS 1.2m,6:10,6.55
Nov 2003,24-25/11/2003,AFS 1.2m,6:20,8.48
Nov 2003,24-25/11/2003,AFS 1.2m,6:30,9.72
Nov 2003,24-25/11/2003,AFS 1.2m,6:40,11.81
Nov 2003,24-25/11/2003,AFS 1.2m,6:50,17.0
Nov 2003,24-25/11/2003,AFS 1.2m,7:00,17.62
Nov 2003,24-25/11/2003,AFS 1.2m,7:10,22.25
Nov 2003,24-25/11/2003,AFS 1.2m,7:20,19.24
Nov 2003,24-25/11/2003,AFS 1.2m,7:30,11.75
Nov 2003,24-25/11/2003,AFS 1.2m,7:40,16.65
Nov 2003,24-25/11/2003,AFS 1.2m,7:50,18.22
Nov 2003,24-25/11/2003,AFS 1.2m,8:00,27.34
Nov 2003,24-25/11/2003,AFS 1.2m,8:10,25.2
Nov 2003,24-25/11/2003,AFS 1.2m,8:20,35.56
Nov 2003,24-25/11/2003,AFS 1.2m,8:30,54.59
Nov 2003,24-25/11/2003,AFS 1.2m,8:40,39.83
Nov 2003,24-25/11/2003,AFS 1.2m,8:50,42.13
Nov 2003,24-25/11/2003,AFS 1.2m,9:00,44.11
Nov 2003,24-25/11/2003,AFS 1.2m,9:10,47.32
Nov 2003,24-25/11/2003,AFS 1.2m,9:20,59.78
Nov 2003,24-25/11/2003,AFS 1.2m,9:30,74.28
Nov 2003,24-25/11/2003,AFS 1.2m,9:40,66.42
Nov 2003,24-25/11/2003,AFS 1.2m,9:50,55.74
Nov 2003,25-26/11/2003,AFS 1.2m,10:00,36.06
Nov 2003,25-26/11/2003,AFS 1.2m,10:10,42.42
Nov 2003,25-26/11/2003,AFS 1.2m,10:20,56.4
Nov 2003,25-26/11/2003,AFS 1.2m,10:30,60.53
Nov 2003,25-26/11/2003,AFS 1.2m,10:40,67.83
Nov 2003,25-26/11/2003,AFS 1.2m,10:50,68.94
Nov 2003,25-26/11/2003,AFS 1.2m,11:00,72.19
Nov 2003,25-26/11/2003,AFS 1.2m,11:10,75.56
Nov 2003,25-26/11/2003,AFS 1.2m,11:20,81.73
Nov 2003,25-26/11/2003,AFS 1.2m,11:30,84.45
Nov 2003,25-26/11/2003,AFS 1.2m,11:40,83.86
Nov 2003,25-26/11/2003,AFS 1.2m,11:50,85.92
Nov 2003,25-26/11/2003,AFS 1.2m,12:00,86.09
Nov 2003,25-26/11/2003,AFS 1.2m,12:10,57.16
Nov 2003,25-26/11/2003,AFS 1.2m,12:20,61.8
Nov 2003,25-26/11/2003,AFS 1.2m,12:30,47.74
Nov 2003,25-26/11/2003,AFS 1.2m,12:40,51.66
Nov 2003,25-26/11/2003,AFS 1.2m,12:50,51.32
Nov 2003,25-26/11/2003,AFS 1.2m,13:00,82.52
Nov 2003,25-26/11/2003,AFS 1.2m,13:10,540.3
Nov 2003,25-26/11/2003,AFS 1.2m,13:20,26.21
Nov 2003,25-26/11/2003,AFS 1.2m,13:30,32.86
Nov 2003,25-26/11/2003,AFS 1.2m,13:40,20.93
Nov 2003,25-26/11/2003,AFS 1.2m,13:50,16.98
Nov 2003,25-26/11/2003,AFS 1.2m,14:00,26.76
Nov 2003,25-26/11/2003,AFS 1.2m,14:10,64.9
Nov 2003,25-26/11/2003,AFS 1.2m,14:20,65.68
Nov 2003,25-26/11/2003,AFS 1.2m,14:30,54.61
Nov 2003,25-26/11/2003,AFS 1.2m,14:40,87.06
Nov 2003,25-26/11/2003,AFS 1.2m,14:50,73.29
Nov 2003,25-26/11/2003,AFS 1.2m,15:00,47.2
Nov 2003,25-26/11/2003,AFS 1.2m,15:10,39.08
Nov 2003,25-26/11/2003,AFS 1.2m,15:20,59.56
Nov 2003,25-26/11/2003,AFS 1.2m,15:30,48.24
Nov 2003,25-26/11/2003,AFS 1.2m,15:40,33.71
Nov 2003,25-26/11/2003,AFS 1.2m,15:50,42.66
Nov 2003,25-26/11/2003,AFS 1.2m,16:00,25.7
Nov 2003,25-26/11/2003,AFS 1.2m,16:10,33.19
Nov 2003,25-26/11/2003,AFS 1.2m,16:20,25.41
Nov 2003,25-26/11/2003,AFS 1.2m,16:30,20.5
Nov 2003,25-26/11/2003,AFS 1.2m,16:40,17.65
Nov 2003,25-26/11/2003,AFS 1.2m,16:50,15.07
Nov 2003,25-26/11/2003,AFS 1.2m,17:00,16.13
Nov 2003,25-26/11/2003,AFS 1.2m,17:10,13.69
Nov 2003,25-26/11/2003,AFS 1.2m,17:20,16.21
Nov 2003,25-26/11/2003,AFS 1.2m,17:30,20.57
Nov 2003,25-26/11/2003,AFS 1.2m,17:40,19.54
Nov 2003,25-26/11/2003,AFS 1.2m,17:50,15.12
Nov 2003,25-26/11/2003,AFS 1.2m,18:00,10.38
Nov 2003,25-26/11/2003,AFS 1.2m,18:10,6.64
Nov 2003,25-26/11/2003,AFS 1.2m,18:20,4.71
Nov 2003,25-26/11/2003,AFS 1.2m,18:30,2.803
Nov 2003,25-26/11/2003,AFS 1.2m,18:40,1.771
Nov 2003,25-26/11/2003,AFS 1.2m,18:50,1.012
Nov 2003,25-26/11/2003,AFS 1.2m,19:00,0.4802
Nov 2003,25-26/11/2003,AFS 1.2m,19:10,0.4153
Nov 2003,25-26/11/2003,AFS 1.2m,19:20,0.8404
Nov 2003,25-26/11/2003,AFS 1.2m,5:30,0.12
Nov 2003,25-26/11/2003,AFS 1.2m,5:40,0.99
Nov 2003,25-26/11/2003,AFS 1.2m,5:50,1.76
Nov 2003,25-26/11/2003,AFS 1.2m,6:00,2.54
Nov 2003,25-26/11/2003,AFS 1.2m,6:10,5.26
Nov 2003,25-26/11/2003,AFS 1.2m,6:20,7.59
Nov 2003,25-26/11/2003,AFS 1.2m,6:30,9.62
Nov 2003,25-26/11/2003,AFS 1.2m,6:40,11.51
Nov 2003,25-26/11/2003,AFS 1.2m,6:50,14.64
Nov 2003,25-26/11/2003,AFS 1.2m,7:00,17.52
Nov 2003,25-26/11/2003,AFS 1.2m,7:10,24.07
Nov 2003,25-26/11/2003,AFS 1.2m,7:20,24.97
Nov 2003,25-26/11/2003,AFS 1.2m,7:30,27.99
Nov 2003,25-26/11/2003,AFS 1.2m,7:40,28.69
Nov 2003,25-26/11/2003,AFS 1.2m,7:50,28.02
Nov 2003,25-26/11/2003,AFS 1.2m,8:00,25.64
Nov 2003,25-26/11/2003,AFS 1.2m,8:10,26.31
Nov 2003,25-26/11/2003,AFS 1.2m,8:20,25.07
Nov 2003,25-26/11/2003,AFS 1.2m,8:30,34.23
Nov 2003,25-26/11/2003,AFS 1.2m,8:40,37.57
Nov 2003,25-26/11/2003,AFS 1.2m,8:50,38.92
Nov 2003,25-26/11/2003,AFS 1.2m,9:00,43.97
Nov 2003,25-26/11/2003,AFS 1.2m,9:10,47.41
Nov 2003,25-26/11/2003,AFS 1.2m,9:20,44.93
Nov 2003,25-26/11/2003,AFS 1.2m,9:30,45.84
Nov 2003,25-26/11/2003,AFS 1.2m,9:40,52.58
Nov 2003,25-26/11/2003,AFS 1.2m,9:50,46.0
Nov 2003,24-25/11/2003,AFS 2m,10:00,60.08
Nov 2003,24-25/11/2003,AFS 2m,10:10,73.7
Nov 2003,24-25/11/2003,AFS 2m,10:20,80.63
Nov 2003,24-25/11/2003,AFS 2m,10:30,86.27
Nov 2003,24-25/11/2003,AFS 2m,10:40,87.41
Nov 2003,24-25/11/2003,AFS 2m,10:50,79.22
Nov 2003,24-25/11/2003,AFS 2m,11:00,78.29
Nov 2003,24-25/11/2003,AFS 2m,11:10,13.35
Nov 2003,24-25/11/2003,AFS 2m,11:20,17.83
Nov 2003,24-25/11/2003,AFS 2m,11:30,18.88
Nov 2003,24-25/11/2003,AFS 2m,11:40,33.01
Nov 2003,24-25/11/2003,AFS 2m,11:50,64.66
Nov 2003,24-25/11/2003,AFS 2m,12:00,74.85
Nov 2003,24-25/11/2003,AFS 2m,12:10,81.38
Nov 2003,24-25/11/2003,AFS 2m,12:20,34.35
Nov 2003,24-25/11/2003,AFS 2m,12:30,32.5
Nov 2003,24-25/11/2003,AFS 2m,12:40,14.64
Nov 2003,24-25/11/2003,AFS 2m,12:50,55.52
Nov 2003,24-25/11/2003,AFS 2m,13:00,79.98
Nov 2003,24-25/11/2003,AFS 2m,13:10,44.23
Nov 2003,24-25/11/2003,AFS 2m,13:20,136.4
Nov 2003,24-25/11/2003,AFS 2m,13:30,138.2
Nov 2003,24-25/11/2003,AFS 2m,13:40,138.6
Nov 2003,24-25/11/2003,AFS 2m,13:50,127.6
Nov 2003,24-25/11/2003,AFS 2m,14:00,146.0
Nov 2003,24-25/11/2003,AFS 2m,14:10,163.6
Nov 2003,24-25/11/2003,AFS 2m,14:20,151.2
Nov 2003,24-25/11/2003,AFS 2m,14:30,127.4
Nov 2003,24-25/11/2003,AFS 2m,14:40,102.8
Nov 2003,24-25/11/2003,AFS 2m,14:50,96.58
Nov 2003,24-25/11/2003,AFS 2m,15:00,96.76
Nov 2003,24-25/11/2003,AFS 2m,15:10,92.62
Nov 2003,24-25/11/2003,AFS 2m,15:20,88.14
Nov 2003,24-25/11/2003,AFS 2m,15:30,87.01
Nov 2003,24-25/11/2003,AFS 2m,15:40,58.32
Nov 2003,24-25/11/2003,AFS 2m,15:50,54.06
Nov 2003,24-25/11/2003,AFS 2m,16:00,42.69
Nov 2003,24-25/11/2003,AFS 2m,16:10,37.97
Nov 2003,24-25/11/2003,AFS 2m,16:20,36.32
Nov 2003,24-25/11/2003,AFS 2m,16:30,36.85
Nov 2003,24-25/11/2003,AFS 2m,16:40,33.67
Nov 2003,24-25/11/2003,AFS 2m,16:50,27.2
Nov 2003,24-25/11/2003,AFS 2m,17:00,25.0
Nov 2003,24-25/11/2003,AFS 2m,17:10,24.33
Nov 2003,24-25/11/2003,AFS 2m,17:20,23.37
Nov 2003,24-25/11/2003,AFS 2m,17:30,17.95
Nov 2003,24-25/11/2003,AFS 2m,17:40,4.644
Nov 2003,24-25/11/2003,AFS 2m,17:50,1.765
Nov 2003,24-25/11/2003,AFS 2m,18:00,1.758
Nov 2003,24-25/11/2003,AFS 2m,18:10,1.8
Nov 2003,24-25/11/2003,AFS 2m,18:20,1.273
Nov 2003,24-25/11/2003,AFS 2m,18:30,2.173
Nov 2003,24-25/11/2003,AFS 2m,18:40,2.196
Nov 2003,24-25/11/2003,AFS 2m,18:50,1.088
Nov 2003,24-25/11/2003,AFS 2m,19:00,7.429
Nov 2003,24-25/11/2003,AFS 2m,19:10,4.115
Nov 2003,24-25/11/2003,AFS 2m,19:20,1.445
Nov 2003,24-25/11/2003,AFS 2m,5:30,2.366
Nov 2003,24-25/11/2003,AFS 2m,5:40,4.202
Nov 2003,24-25/11/2003,AFS 2m,5:50,6.038
Nov 2003,24-25/11/2003,AFS 2m,6:00,8.008
Nov 2003,24-25/11/2003,AFS 2m,6:10,9.442
Nov 2003,24-25/11/2003,AFS 2m,6:20,11.68
Nov 2003,24-25/11/2003,AFS 2m,6:30,13.04
Nov 2003,24-25/11/2003,AFS 2m,6:40,15.32
Nov 2003,24-25/11/2003,AFS 2m,6:50,22.39
Nov 2003,24-25/11/2003,AFS 2m,7:00,22.12
Nov 2003,24-25/11/2003,AFS 2m,7:10,29.53
Nov 2003,24-25/11/2003,AFS 2m,7:20,23.7
Nov 2003,24-25/11/2003,AFS 2m,7:30,15.36
Nov 2003,24-25/11/2003,AFS 2m,7:40,21.14
Nov 2003,24-25/11/2003,AFS 2m,7:50,23.21
Nov 2003,24-25/11/2003,AFS 2m,8:00,33.07
Nov 2003,24-25/11/2003,AFS 2m,8:10,30.13
Nov 2003,24-25/11/2003,AFS 2m,8:20,42.56
Nov 2003,24-25/11/2003,AFS 2m,8:30,48.86
Nov 2003,24-25/11/2003,AFS 2m,8:40,46.28
Nov 2003,24-25/11/2003,AFS 2m,8:50,48.19
Nov 2003,24-25/11/2003,AFS 2m,9:00,49.34
Nov 2003,24-25/11/2003,AFS 2m,9:10,50.39
Nov 2003,24-25/11/2003,AFS 2m,9:20,53.61
Nov 2003,24-25/11/2003,AFS 2m,9:30,61.92
Nov 2003,24-25/11/2003,AFS 2m,9:40,67.31
Nov 2003,24-25/11/2003,AFS 2m,9:50,63.42
Nov 2003,25-26/11/2003,AFS 2m,10:00,40.62
Nov 2003,25-26/11/2003,AFS 2m,10:10,48.74
Nov 2003,25-26/11/2003,AFS 2m,10:20,62.56
Nov 2003,25-26/11/2003,AFS 2m,10:30,70.55
Nov 2003,25-26/11/2003,AFS 2m,10:40,79.35
Nov 2003,25-26/11/2003,AFS 2m,10:50,79.49
Nov 2003,25-26/11/2003,AFS 2m,11:00,81.14
Nov 2003,25-26/11/2003,AFS 2m,11:10,85.07
Nov 2003,25-26/11/2003,AFS 2m,11:20,91.15
Nov 2003,25-26/11/2003,AFS 2m,11:30,94.66
Nov 2003,25-26/11/2003,AFS 2m,11:40,92.36
Nov 2003,25-26/11/2003,AFS 2m,11:50,95.86
Nov 2003,25-26/11/2003,AFS 2m,12:00,92.8
Nov 2003,25-26/11/2003,AFS 2m,12:10,63.02
Nov 2003,25-26/11/2003,AFS 2m,12:20,69.01
Nov 2003,25-26/11/2003,AFS 2m,12:30,54.32
Nov 2003,25-26/11/2003,AFS 2m,12:40,58.74
Nov 2003,25-26/11/2003,AFS 2m,12:50,59.12
Nov 2003,25-26/11/2003,AFS 2m,13:00,94.27
Nov 2003,25-26/11/2003,AFS 2m,13:10,574.4
Nov 2003,25-26/11/2003,AFS 2m,13:20,30.37
Nov 2003,25-26/11/2003,AFS 2m,13:30,37.66
Nov 2003,25-26/11/2003,AFS 2m,13:40,24.2
Nov 2003,25-26/11/2003,AFS 2m,13:50,20.32
Nov 2003,25-26/11/2003,AFS 2m,14:00,31.89
Nov 2003,25-26/11/2003,AFS 2m,14:10,73.1
Nov 2003,25-26/11/2003,AFS 2m,14:20,72.16
Nov 2003,25-26/11/2003,AFS 2m,14:30,60.82
Nov 2003,25-26/11/2003,AFS 2m,14:40,95.87
Nov 2003,25-26/11/2003,AFS 2m,14:50,79.25
Nov 2003,25-26/11/2003,AFS 2m,15:00,51.58
Nov 2003,25-26/11/2003,AFS 2m,15:10,45.28
Nov 2003,25-26/11/2003,AFS 2m,15:20,67.28
Nov 2003,25-26/11/2003,AFS 2m,15:30,54.58
Nov 2003,25-26/11/2003,AFS 2m,15:40,38.85
Nov 2003,25-26/11/2003,AFS 2m,15:50,48.24
Nov 2003,25-26/11/2003,AFS 2m,16:00,29.33
Nov 2003,25-26/11/2003,AFS 2m,16:10,38.8
Nov 2003,25-26/11/2003,AFS 2m,16:20,28.96
Nov 2003,25-26/11/2003,AFS 2m,16:30,24.38
Nov 2003,25-26/11/2003,AFS 2m,16:40,20.89
Nov 2003,25-26/11/2003,AFS 2m,16:50,18.38
Nov 2003,25-26/11/2003,AFS 2m,17:00,19.35
Nov 2003,25-26/11/2003,AFS 2m,17:10,16.86
Nov 2003,25-26/11/2003,AFS 2m,17:20,20.02
Nov 2003,25-26/11/2003,AFS 2m,17:30,24.46
Nov 2003,25-26/11/2003,AFS 2m,17:40,7.35
Nov 2003,25-26/11/2003,AFS 2m,17:50,4.21
Nov 2003,25-26/11/2003,AFS 2m,18:00,4.26
Nov 2003,25-26/11/2003,AFS 2m,18:10,4.28
Nov 2003,25-26/11/2003,AFS 2m,18:20,3.74
Nov 2003,25-26/11/2003,AFS 2m,18:30,4.74
Nov 2003,25-26/11/2003,AFS 2m,18:40,4.69
Nov 2003,25-26/11/2003,AFS 2m,18:50,3.43
Nov 2003,25-26/11/2003,AFS 2m,19:00,2.68
Nov 2003,25-26/11/2003,AFS 2m,19:10,2.03
Nov 2003,25-26/11/2003,AFS 2m,19:20,1.29
Nov 2003,25-26/11/2003,AFS 2m,5:30,1.144
Nov 2003,25-26/11/2003,AFS 2m,5:40,2.715
Nov 2003,25-26/11/2003,AFS 2m,5:50,3.957
Nov 2003,25-26/11/2003,AFS 2m,6:00,4.566
Nov 2003,25-26/11/2003,AFS 2m,6:10,7.533
Nov 2003,25-26/11/2003,AFS 2m,6:20,9.963
Nov 2003,25-26/11/2003,AFS 2m,6:30,12.21
Nov 2003,25-26/11/2003,AFS 2m,6:40,14.28
Nov 2003,25-26/11/2003,AFS 2m,6:50,17.7
Nov 2003,25-26/11/2003,AFS 2m,7:00,20.92
Nov 2003,25-26/11/2003,AFS 2m,7:10,27.46
Nov 2003,25-26/11/2003,AFS 2m,7:20,28.79
Nov 2003,25-26/11/2003,AFS 2m,7:30,32.3
Nov 2003,25-26/11/2003,AFS 2m,7:40,33.04
Nov 2003,25-26/11/2003,AFS 2m,7:50,32.05
Nov 2003,25-26/11/2003,AFS 2m,8:00,29.53
Nov 2003,25-26/11/2003,AFS 2m,8:10,29.74
Nov 2003,25-26/11/2003,AFS 2m,8:20,28.97
Nov 2003,25-26/11/2003,AFS 2m,8:30,38.98
Nov 2003,25-26/11/2003,AFS 2m,8:40,42.27
Nov 2003,25-26/11/2003,AFS 2m,8:50,44.46
Nov 2003,25-26/11/2003,AFS 2m,9:00,50.2
Nov 2003,25-26/11/2003,AFS 2m,9:10,54.82
Nov 2003,25-26/11/2003,AFS 2m,9:20,51.36
Nov 2003,25-26/11/2003,AFS 2m,9:30,53.28
Nov 2003,25-26/11/2003,AFS 2m,9:40,60.33
Nov 2003,25-26/11/2003,AFS 2m,9:50,50.74
Nov 2003,27-28/11/2003,MO 1.2m,10:00,1167.0
Nov 2003,27-28/11/2003,MO 1.2m,10:10,1214.0
Nov 2003,27-28/11/2003,MO 1.2m,10:20,1253.0
Nov 2003,27-28/11/2003,MO 1.2m,10:30,1256.0
Nov 2003,27-28/11/2003,MO 1.2m,10:40,511.0
Nov 2003,27-28/11/2003,MO 1.2m,10:50,606.5
Nov 2003,27-28/11/2003,MO 1.2m,11:00,608.2
Nov 2003,27-28/11/2003,MO 1.2m,11:10,711.4
Nov 2003,27-28/11/2003,MO 1.2m,11:20,717.1
Nov 2003,27-28/11/2003,MO 1.2m,11:30,126.8
Nov 2003,27-28/11/2003,MO 1.2m,11:40,967.4
Nov 2003,27-28/11/2003,MO 1.2m,11:50,1948.0
Nov 2003,27-28/11/2003,MO 1.2m,12:00,1957.0
Nov 2003,27-28/11/2003,MO 1.2m,12:10,1961.0
Nov 2003,27-28/11/2003,MO 1.2m,12:20,1953.0
Nov 2003,27-28/11/2003,MO 1.2m,12:30,1962.0
Nov 2003,27-28/11/2003,MO 1.2m,12:40,1967.0
Nov 2003,27-28/11/2003,MO 1.2m,12:50,1094.0
Nov 2003,27-28/11/2003,MO 1.2m,13:00,1617.0
Nov 2003,27-28/11/2003,MO 1.2m,13:10,1813.0
Nov 2003,27-28/11/2003,MO 1.2m,13:20,1291.1
Nov 2003,27-28/11/2003,MO 1.2m,13:30,1471.6
Nov 2003,27-28/11/2003,MO 1.2m,13:40,625.2
Nov 2003,27-28/11/2003,MO 1.2m,13:50,546.4
Nov 2003,27-28/11/2003,MO 1.2m,14:00,368.9
Nov 2003,27-28/11/2003,MO 1.2m,14:10,399.4
Nov 2003,27-28/11/2003,MO 1.2m,14:20,693.7
Nov 2003,27-28/11/2003,MO 1.2m,14:30,551.2
Nov 2003,27-28/11/2003,MO 1.2m,14:40,588.9
Nov 2003,27-28/11/2003,MO 1.2m,14:50,937.3
Nov 2003,27-28/11/2003,MO 1.2m,15:00,1210.0
Nov 2003,27-28/11/2003,MO 1.2m,15:10,780.2
Nov 2003,27-28/11/2003,MO 1.2m,15:20,1226.0
Nov 2003,27-28/11/2003,MO 1.2m,15:30,570.1
Nov 2003,27-28/11/2003,MO 1.2m,15:40,843.2
Nov 2003,27-28/11/2003,MO 1.2m,15:50,985.3
Nov 2003,27-28/11/2003,MO 1.2m,16:00,541.9
Nov 2003,27-28/11/2003,MO 1.2m,16:10,1144.0
Nov 2003,27-28/11/2003,MO 1.2m,16:20,686.3
Nov 2003,27-28/11/2003,MO 1.2m,16:30,262.5
Nov 2003,27-28/11/2003,MO 1.2m,16:40,507.6
Nov 2003,27-28/11/2003,MO 1.2m,16:50,882.7
Nov 2003,27-28/11/2003,MO 1.2m,17:00,824.3
Nov 2003,27-28/11/2003,MO 1.2m,17:10,569.7
Nov 2003,27-28/11/2003,MO 1.2m,17:20,492.8
Nov 2003,27-28/11/2003,MO 1.2m,17:30,217.2
Nov 2003,27-28/11/2003,MO 1.2m,17:40,315.5
Nov 2003,27-28/11/2003,MO 1.2m,17:50,210.8
Nov 2003,27-28/11/2003,MO 1.2m,18:00,104.3
Nov 2003,27-28/11/2003,MO 1.2m,18:10,98.18
Nov 2003,27-28/11/2003,MO 1.2m,18:20,104.8
Nov 2003,27-28/11/2003,MO 1.2m,18:30,83.1
Nov 2003,27-28/11/2003,MO 1.2m,18:40,69.72
Nov 2003,27-28/11/2003,MO 1.2m,18:50,41.7
Nov 2003,27-28/11/2003,MO 1.2m,19:00,22.32
Nov 2003,27-28/11/2003,MO 1.2m,19:10,6.19
Nov 2003,27-28/11/2003,MO 1.2m,19:20,1.416
Nov 2003,27-28/11/2003,MO 1.2m,5:30,3.79
Nov 2003,27-28/11/2003,MO 1.2m,5:40,8.47
Nov 2003,27-28/11/2003,MO 1.2m,5:50,12.15
Nov 2003,27-28/11/2003,MO 1.2m,6:00,58.97
Nov 2003,27-28/11/2003,MO 1.2m,6:10,53.23
Nov 2003,27-28/11/2003,MO 1.2m,6:20,36.33
Nov 2003,27-28/11/2003,MO 1.2m,6:30,34.24
Nov 2003,27-28/11/2003,MO 1.2m,6:40,26.97
Nov 2003,27-28/11/2003,MO 1.2m,6:50,24.22
Nov 2003,27-28/11/2003,MO 1.2m,7:00,39.38
Nov 2003,27-28/11/2003,MO 1.2m,7:10,25.87
Nov 2003,27-28/11/2003,MO 1.2m,7:20,21.82
Nov 2003,27-28/11/2003,MO 1.2m,7:30,12.85
Nov 2003,27-28/11/2003,MO 1.2m,7:40,13.13
Nov 2003,27-28/11/2003,MO 1.2m,7:50,17.09
Nov 2003,27-28/11/2003,MO 1.2m,8:00,25.97
Nov 2003,27-28/11/2003,MO 1.2m,8:10,37.64
Nov 2003,27-28/11/2003,MO 1.2m,8:20,40.05
Nov 2003,27-28/11/2003,MO 1.2m,8:30,616.0
Nov 2003,27-28/11/2003,MO 1.2m,8:40,1164.0
Nov 2003,27-28/11/2003,MO 1.2m,8:50,574.0
Nov 2003,27-28/11/2003,MO 1.2m,9:00,773.0
Nov 2003,27-28/11/2003,MO 1.2m,9:10,939.8
Nov 2003,27-28/11/2003,MO 1.2m,9:20,960.6
Nov 2003,27-28/11/2003,MO 1.2m,9:30,995.1
Nov 2003,27-28/11/2003,MO 1.2m,9:40,1046.0
Nov 2003,27-28/11/2003,MO 1.2m,9:50,909.7
Nov 2003,28-29/11/2003,MO 1.2m,10:00,1610.0
Nov 2003,28-29/11/2003,MO 1.2m,10:10,1638.0
Nov 2003,28-29/11/2003,MO 1.2m,10:20,1640.0
Nov 2003,28-29/11/2003,MO 1.2m,10:30,1677.0
Nov 2003,28-29/11/2003,MO 1.2m,10:40,1742.0
Nov 2003,28-29/11/2003,MO 1.2m,10:50,1619.0
Nov 2003,28-29/11/2003,MO 1.2m,11:00,1750.0
Nov 2003,28-29/11/2003,MO 1.2m,11:10,1841.0
Nov 2003,28-29/11/2003,MO 1.2m,11:20,1834.0
Nov 2003,28-29/11/2003,MO 1.2m,11:30,1684.0
Nov 2003,28-29/11/2003,MO 1.2m,11:40,1915.0
Nov 2003,28-29/11/2003,MO 1.2m,11:50,1788.0
Nov 2003,28-29/11/2003,MO 1.2m,12:00,1797.0
Nov 2003,28-29/11/2003,MO 1.2m,12:10,1601.0
Nov 2003,28-29/11/2003,MO 1.2m,12:20,1785.0
Nov 2003,28-29/11/2003,MO 1.2m,12:30,1923.0
Nov 2003,28-29/11/2003,MO 1.2m,12:40,1944.0
Nov 2003,28-29/11/2003,MO 1.2m,12:50,1951.0
Nov 2003,28-29/11/2003,MO 1.2m,13:00,1921.0
Nov 2003,28-29/11/2003,MO 1.2m,13:10,1936.0
Nov 2003,28-29/11/2003,MO 1.2m,13:20,1903.0
Nov 2003,28-29/11/2003,MO 1.2m,13:30,1884.0
Nov 2003,28-29/11/2003,MO 1.2m,13:40,1862.0
Nov 2003,28-29/11/2003,MO 1.2m,13:50,1836.0
Nov 2003,28-29/11/2003,MO 1.2m,14:00,1806.0
Nov 2003,28-29/11/2003,MO 1.2m,14:10,1771.0
Nov 2003,28-29/11/2003,MO 1.2m,14:20,1733.0
Nov 2003,28-29/11/2003,MO 1.2m,14:30,1693.0
Nov 2003,28-29/11/2003,MO 1.2m,14:40,1402.0
Nov 2003,28-29/11/2003,MO 1.2m,14:50,1459.0
Nov 2003,28-29/11/2003,MO 1.2m,15:00,1737.0
Nov 2003,28-29/11/2003,MO 1.2m,15:10,1664.0
Nov 2003,28-29/11/2003,MO 1.2m,15:20,1377.0
Nov 2003,28-29/11/2003,MO 1.2m,15:30,1463.0
Nov 2003,28-29/11/2003,MO 1.2m,15:40,1241.0
Nov 2003,28-29/11/2003,MO 1.2m,15:50,1120.0
Nov 2003,28-29/11/2003,MO 1.2m,16:00,1215.0
Nov 2003,28-29/11/2003,MO 1.2m,16:10,1148.0
Nov 2003,28-29/11/2003,MO 1.2m,16:20,1080.0
Nov 2003,28-29/11/2003,MO 1.2m,16:30,1009.0
Nov 2003,28-29/11/2003,MO 1.2m,16:40,927.7
Nov 2003,28-29/11/2003,MO 1.2m,16:50,866.0
Nov 2003,28-29/11/2003,MO 1.2m,17:00,631.0
Nov 2003,28-29/11/2003,MO 1.2m,17:10,647.5
Nov 2003,28-29/11/2003,MO 1.2m,17:20,455.7
Nov 2003,28-29/11/2003,MO 1.2m,17:30,147.0
Nov 2003,28-29/11/2003,MO 1.2m,17:40,136.3
Nov 2003,28-29/11/2003,MO 1.2m,17:50,81.84
Nov 2003,28-29/11/2003,MO 1.2m,18:00,76.39
Nov 2003,28-29/11/2003,MO 1.2m,18:10,70.08
Nov 2003,28-29/11/2003,MO 1.2m,18:20,63.5
Nov 2003,28-29/11/2003,MO 1.2m,18:30,55.79
Nov 2003,28-29/11/2003,MO 1.2m,18:40,49.42
Nov 2003,28-29/11/2003,MO 1.2m,18:50,40.96
Nov 2003,28-29/11/2003,MO 1.2m,19:00,29.25
Nov 2003,28-29/11/2003,MO 1.2m,19:10,7.835
Nov 2003,28-29/11/2003,MO 1.2m,19:20,2.027
Nov 2003,28-29/11/2003,MO 1.2m,5:30,2.61
Nov 2003,28-29/11/2003,MO 1.2m,5:40,11.81
Nov 2003,28-29/11/2003,MO 1.2m,5:50,20.32
Nov 2003,28-29/11/2003,MO 1.2m,6:00,44.46
Nov 2003,28-29/11/2003,MO 1.2m,6:10,66.01
Nov 2003,28-29/11/2003,MO 1.2m,6:20,91.17
Nov 2003,28-29/11/2003,MO 1.2m,6:30,126.8
Nov 2003,28-29/11/2003,MO 1.2m,6:40,172.7
Nov 2003,28-29/11/2003,MO 1.2m,6:50,180.4
Nov 2003,28-29/11/2003,MO 1.2m,7:00,158.5
Nov 2003,28-29/11/2003,MO 1.2m,7:10,196.4
Nov 2003,28-29/11/2003,MO 1.2m,7:20,446.9
Nov 2003,28-29/11/2003,MO 1.2m,7:30,719.5
Nov 2003,28-29/11/2003,MO 1.2m,7:40,489.0
Nov 2003,28-29/11/2003,MO 1.2m,7:50,678.9
Nov 2003,28-29/11/2003,MO 1.2m,8:00,780.3
Nov 2003,28-29/11/2003,MO 1.2m,8:10,878.9
Nov 2003,28-29/11/2003,MO 1.2m,8:20,1005.0
Nov 2003,28-29/11/2003,MO 1.2m,8:30,1105.0
Nov 2003,28-29/11/2003,MO 1.2m,8:40,1078.0
Nov 2003,28-29/11/2003,MO 1.2m,8:50,1245.0
Nov 2003,28-29/11/2003,MO 1.2m,9:00,1247.0
Nov 2003,28-29/11/2003,MO 1.2m,9:10,1300.0
Nov 2003,28-29/11/2003,MO 1.2m,9:20,1282.0
Nov 2003,28-29/11/2003,MO 1.2m,9:30,1373.0
Nov 2003,28-29/11/2003,MO 1.2m,9:40,1488.0
Nov 2003,28-29/11/2003,MO 1.2m,9:50,1542.0
Nov 2003,27-28/11/2003,MO 2m,10:00,1837.0
Nov 2003,27-28/11/2003,MO 2m,10:10,1882.0
Nov 2003,27-28/11/2003,MO 2m,10:20,1929.0
Nov 2003,27-28/11/2003,MO 2m,10:30,1971.0
Nov 2003,27-28/11/2003,MO 2m,10:40,2008.0
Nov 2003,27-28/11/2003,MO 2m,10:50,2042.0
Nov 2003,27-28/11/2003,MO 2m,11:00,2075.0
Nov 2003,27-28/11/2003,MO 2m,11:10,2102.0
Nov 2003,27-28/11/2003,MO 2m,11:20,2128.0
Nov 2003,27-28/11/2003,MO 2m,11:30,2148.0
Nov 2003,27-28/11/2003,MO 2m,11:40,2164.0
Nov 2003,27-28/11/2003,MO 2m,11:50,2173.0
Nov 2003,27-28/11/2003,MO 2m,12:00,2181.0
Nov 2003,27-28/11/2003,MO 2m,12:10,2183.0
Nov 2003,27-28/11/2003,MO 2m,12:20,2183.0
Nov 2003,27-28/11/2003,MO 2m,12:30,2180.0
Nov 2003,27-28/11/2003,MO 2m,12:40,2176.0
Nov 2003,27-28/11/2003,MO 2m,12:50,1221.0
Nov 2003,27-28/11/2003,MO 2m,13:00,1722.0
Nov 2003,27-28/11/2003,MO 2m,13:10,2134.0
Nov 2003,27-28/11/2003,MO 2m,13:20,1457.8
Nov 2003,27-28/11/2003,MO 2m,13:30,1757.3
Nov 2003,27-28/11/2003,MO 2m,13:40,989.0
Nov 2003,27-28/11/2003,MO 2m,13:50,887.7
Nov 2003,27-28/11/2003,MO 2m,14:00,591.8
Nov 2003,27-28/11/2003,MO 2m,14:10,632.3
Nov 2003,27-28/11/2003,MO 2m,14:20,1055.0
Nov 2003,27-28/11/2003,MO 2m,14:30,850.4
Nov 2003,27-28/11/2003,MO 2m,14:40,900.8
Nov 2003,27-28/11/2003,MO 2m,14:50,1319.0
Nov 2003,27-28/11/2003,MO 2m,15:00,1493.0
Nov 2003,27-28/11/2003,MO 2m,15:10,962.2
Nov 2003,27-28/11/2003,MO 2m,15:20,1567.0
Nov 2003,27-28/11/2003,MO 2m,15:30,1246.0
Nov 2003,27-28/11/2003,MO 2m,15:40,1073.0
Nov 2003,27-28/11/2003,MO 2m,15:50,1169.0
Nov 2003,27-28/11/2003,MO 2m,16:00,717.3
Nov 2003,27-28/11/2003,MO 2m,16:10,1372.0
Nov 2003,27-28/11/2003,MO 2m,16:20,856.3
Nov 2003,27-28/11/2003,MO 2m,16:30,380.2
Nov 2003,27-28/11/2003,MO 2m,16:40,599.9
Nov 2003,27-28/11/2003,MO 2m,16:50,1245.0
Nov 2003,27-28/11/2003,MO 2m,17:00,947.7
Nov 2003,27-28/11/2003,MO 2m,17:10,483.2
Nov 2003,27-28/11/2003,MO 2m,17:20,467.7
Nov 2003,27-28/11/2003,MO 2m,17:30,304.4
Nov 2003,27-28/11/2003,MO 2m,17:40,229.6
Nov 2003,27-28/11/2003,MO 2m,17:50,185.8
Nov 2003,27-28/11/2003,MO 2m,18:00,108.2
Nov 2003,27-28/11/2003,MO 2m,18:10,100.1
Nov 2003,27-28/11/2003,MO 2m,18:20,111.5
Nov 2003,27-28/11/2003,MO 2m,18:30,99.4
Nov 2003,27-28/11/2003,MO 2m,18:40,78.9
Nov 2003,27-28/11/2003,MO 2m,18:50,39.46
Nov 2003,27-28/11/2003,MO 2m,19:00,24.99
Nov 2003,27-28/11/2003,MO 2m,19:10,14.34
Nov 2003,27-28/11/2003,MO 2m,19:20,2.247
Nov 2003,27-28/11/2003,MO 2m,5:30,4.847
Nov 2003,27-28/11/2003,MO 2m,5:40,12.31
Nov 2003,27-28/11/2003,MO 2m,5:50,26.3
Nov 2003,27-28/11/2003,MO 2m,6:00,60.3
Nov 2003,27-28/11/2003,MO 2m,6:10,94.3
Nov 2003,27-28/11/2003,MO 2m,6:20,167.4
Nov 2003,27-28/11/2003,MO 2m,6:30,196.7
Nov 2003,27-28/11/2003,MO 2m,6:40,354.1
Nov 2003,27-28/11/2003,MO 2m,6:50,472.0
Nov 2003,27-28/11/2003,MO 2m,7:00,576.5
Nov 2003,27-28/11/2003,MO 2m,7:10,661.8
Nov 2003,27-28/11/2003,MO 2m,7:20,736.2
Nov 2003,27-28/11/2003,MO 2m,7:30,791.7
Nov 2003,27-28/11/2003,MO 2m,7:40,886.2
Nov 2003,27-28/11/2003,MO 2m,7:50,977.7
Nov 2003,27-28/11/2003,MO 2m,8:00,1064.0
Nov 2003,27-28/11/2003,MO 2m,8:10,1137.0
Nov 2003,27-28/11/2003,MO 2m,8:20,1208.0
Nov 2003,27-28/11/2003,MO 2m,8:30,1275.0
Nov 2003,27-28/11/2003,MO 2m,8:40,1347.0
Nov 2003,27-28/11/2003,MO 2m,8:50,1416.0
Nov 2003,27-28/11/2003,MO 2m,9:00,1487.0
Nov 2003,27-28/11/2003,MO 2m,9:10,1549.0
Nov 2003,27-28/11/2003,MO 2m,9:20,1615.0
Nov 2003,27-28/11/2003,MO 2m,9:30,1675.0
Nov 2003,27-28/11/2003,MO 2m,9:40,1732.0
Nov 2003,27-28/11/2003,MO 2m,9:50,1787.0
Nov 2003,28-29/11/2003,MO 2m,10:00,1787.0
Nov 2003,28-29/11/2003,MO 2m,10:10,1812.0
Nov 2003,28-29/11/2003,MO 2m,10:20,1810.0
Nov 2003,28-29/11/2003,MO 2m,10:30,1860.0
Nov 2003,28-29/11/2003,MO 2m,10:40,1932.0
Nov 2003,28-29/11/2003,MO 2m,10:50,1791.0
Nov 2003,28-29/11/2003,MO 2m,11:00,1938.0
Nov 2003,28-29/11/2003,MO 2m,11:10,2029.0
Nov 2003,28-29/11/2003,MO 2m,11:20,2038.0
Nov 2003,28-29/11/2003,MO 2m,11:30,1861.0
Nov 2003,28-29/11/2003,MO 2m,11:40,2128.0
Nov 2003,28-29/11/2003,MO 2m,11:50,1970.0
Nov 2003,28-29/11/2003,MO 2m,12:00,1994.0
Nov 2003,28-29/11/2003,MO 2m,12:10,1770.0
Nov 2003,28-29/11/2003,MO 2m,12:20,1984.0
Nov 2003,28-29/11/2003,MO 2m,12:30,2129.0
Nov 2003,28-29/11/2003,MO 2m,12:40,2154.0
Nov 2003,28-29/11/2003,MO 2m,12:50,2161.0
Nov 2003,28-29/11/2003,MO 2m,13:00,2130.0
Nov 2003,28-29/11/2003,MO 2m,13:10,2144.0
Nov 2003,28-29/11/2003,MO 2m,13:20,2115.0
Nov 2003,28-29/11/2003,MO 2m,13:30,2092.0
Nov 2003,28-29/11/2003,MO 2m,13:40,2065.0
Nov 2003,28-29/11/2003,MO 2m,13:50,2034.0
Nov 2003,28-29/11/2003,MO 2m,14:00,2000.0
Nov 2003,28-29/11/2003,MO 2m,14:10,1958.0
Nov 2003,28-29/11/2003,MO 2m,14:20,1916.0
Nov 2003,28-29/11/2003,MO 2m,14:30,1871.0
Nov 2003,28-29/11/2003,MO 2m,14:40,1825.0
Nov 2003,28-29/11/2003,MO 2m,14:50,1771.0
Nov 2003,28-29/11/2003,MO 2m,15:00,1720.0
Nov 2003,28-29/11/2003,MO 2m,15:10,1663.0
Nov 2003,28-29/11/2003,MO 2m,15:20,1603.0
Nov 2003,28-29/11/2003,MO 2m,15:30,1516.0
Nov 2003,28-29/11/2003,MO 2m,15:40,1475.0
Nov 2003,28-29/11/2003,MO 2m,15:50,1404.0
Nov 2003,28-29/11/2003,MO 2m,16:00,1333.0
Nov 2003,28-29/11/2003,MO 2m,16:10,1262.0
Nov 2003,28-29/11/2003,MO 2m,16:20,1188.0
Nov 2003,28-29/11/2003,MO 2m,16:30,1108.0
Nov 2003,28-29/11/2003,MO 2m,16:40,1019.0
Nov 2003,28-29/11/2003,MO 2m,16:50,950.5
Nov 2003,28-29/11/2003,MO 2m,17:00,709.2
Nov 2003,28-29/11/2003,MO 2m,17:10,484.8
Nov 2003,28-29/11/2003,MO 2m,17:20,126.9
Nov 2003,28-29/11/2003,MO 2m,17:30,105.0
Nov 2003,28-29/11/2003,MO 2m,17:40,98.0
Nov 2003,28-29/11/2003,MO 2m,17:50,92.36
Nov 2003,28-29/11/2003,MO 2m,18:00,87.03
Nov 2003,28-29/11/2003,MO 2m,18:10,80.02
Nov 2003,28-29/11/2003,MO 2m,18:20,72.73
Nov 2003,28-29/11/2003,MO 2m,18:30,64.22
Nov 2003,28-29/11/2003,MO 2m,18:40,56.95
Nov 2003,28-29/11/2003,MO 2m,18:50,47.5
Nov 2003,28-29/11/2003,MO 2m,19:00,34.25
Nov 2003,28-29/11/2003,MO 2m,19:10,12.89
Nov 2003,28-29/11/2003,MO 2m,19:20,4.954
Nov 2003,28-29/11/2003,MO 2m,5:30,4.951
Nov 2003,28-29/11/2003,MO 2m,5:40,12.331
Nov 2003,28-29/11/2003,MO 2m,5:50,24.821
Nov 2003,28-29/11/2003,MO 2m,6:00,51.92
Nov 2003,28-29/11/2003,MO 2m,6:10,76.2
Nov 2003,28-29/11/2003,MO 2m,6:20,104.7
Nov 2003,28-29/11/2003,MO 2m,6:30,143.8
Nov 2003,28-29/11/2003,MO 2m,6:40,197.1
Nov 2003,28-29/11/2003,MO 2m,6:50,200.0
Nov 2003,28-29/11/2003,MO 2m,7:00,179.0
Nov 2003,28-29/11/2003,MO 2m,7:10,230.8
Nov 2003,28-29/11/2003,MO 2m,7:20,516.5
Nov 2003,28-29/11/2003,MO 2m,7:30,509.9
Nov 2003,28-29/11/2003,MO 2m,7:40,470.0
Nov 2003,28-29/11/2003,MO 2m,7:50,825.4
Nov 2003,28-29/11/2003,MO 2m,8:00,1026.0
Nov 2003,28-29/11/2003,MO 2m,8:10,988.4
Nov 2003,28-29/11/2003,MO 2m,8:20,1123.0
Nov 2003,28-29/11/2003,MO 2m,8:30,1233.0
Nov 2003,28-29/11/2003,MO 2m,8:40,1197.0
Nov 2003,28-29/11/2003,MO 2m,8:50,1389.0
Nov 2003,28-29/11/2003,MO 2m,9:00,1383.0
Nov 2003,28-29/11/2003,MO 2m,9:10,1445.0
Nov 2003,28-29/11/2003,MO 2m,9:20,1424.0
Nov 2003,28-29/11/2003,MO 2m,9:30,1530.0
Nov 2003,28-29/11/2003,MO 2m,9:40,1651.0
Nov 2003,28-29/11/2003,MO 2m,9:50,1711.0
Nov 2003,29-30/11/2003,Open area 2m,10:00,1837.0
Nov 2003,29-30/11/2003,Open area 2m,10:10,1884.0
Nov 2003,29-30/11/2003,Open area 2m,10:20,1433.0
Nov 2003,29-30/11/2003,Open area 2m,10:30,1971.0
Nov 2003,29-30/11/2003,Open area 2m,10:40,2006.0
Nov 2003,29-30/11/2003,Open area 2m,10:50,2040.0
Nov 2003,29-30/11/2003,Open area 2m,11:00,2070.0
Nov 2003,29-30/11/2003,Open area 2m,11:10,2097.0
Nov 2003,29-30/11/2003,Open area 2m,11:20,1972.0
Nov 2003,29-30/11/2003,Open area 2m,11:30,2137.0
Nov 2003,29-30/11/2003,Open area 2m,11:40,2153.0
Nov 2003,29-30/11/2003,Open area 2m,11:50,2162.0
Nov 2003,29-30/11/2003,Open area 2m,12:00,2169.0
Nov 2003,29-30/11/2003,Open area 2m,12:10,2174.0
Nov 2003,29-30/11/2003,Open area 2m,12:20,2176.0
Nov 2003,29-30/11/2003,Open area 2m,12:30,2178.0
Nov 2003,29-30/11/2003,Open area 2m,12:40,2271.0
Nov 2003,29-30/11/2003,Open area 2m,12:50,2201.0
Nov 2003,29-30/11/2003,Open area 2m,13:00,2249.0
Nov 2003,29-30/11/2003,Open area 2m,13:10,2245.0
Nov 2003,29-30/11/2003,Open area 2m,13:20,2224.0
Nov 2003,29-30/11/2003,Open area 2m,13:30,1788.0
Nov 2003,29-30/11/2003,Open area 2m,13:40,2168.0
Nov 2003,29-30/11/2003,Open area 2m,13:50,2137.0
Nov 2003,29-30/11/2003,Open area 2m,14:00,1856.0
Nov 2003,29-30/11/2003,Open area 2m,14:10,1338.0
Nov 2003,29-30/11/2003,Open area 2m,14:20,1608.0
Nov 2003,29-30/11/2003,Open area 2m,14:30,1407.0
Nov 2003,29-30/11/2003,Open area 2m,14:40,1653.0
Nov 2003,29-30/11/2003,Open area 2m,14:50,1604.0
Nov 2003,29-30/11/2003,Open area 2m,15:00,1558.0
Nov 2003,29-30/11/2003,Open area 2m,15:10,1508.0
Nov 2003,29-30/11/2003,Open area 2m,15:20,1454.0
Nov 2003,29-30/11/2003,Open area 2m,15:30,1396.0
Nov 2003,29-30/11/2003,Open area 2m,15:40,1338.0
Nov 2003,29-30/11/2003,Open area 2m,15:50,1277.0
Nov 2003,29-30/11/2003,Open area 2m,16:00,1260.0
Nov 2003,29-30/11/2003,Open area 2m,16:10,1045.6
Nov 2003,29-30/11/2003,Open area 2m,16:20,1108.0
Nov 2003,29-30/11/2003,Open area 2m,16:30,1001.0
Nov 2003,29-30/11/2003,Open area 2m,16:40,1089.0
Nov 2003,29-30/11/2003,Open area 2m,16:50,1056.0
Nov 2003,29-30/11/2003,Open area 2m,17:00,1063.0
Nov 2003,29-30/11/2003,Open area 2m,17:10,632.2
Nov 2003,29-30/11/2003,Open area 2m,17:20,441.9
Nov 2003,29-30/11/2003,Open area 2m,17:30,210.6
Nov 2003,29-30/11/2003,Open area 2m,17:40,218.2
Nov 2003,29-30/11/2003,Open area 2m,17:50,142.5
Nov 2003,29-30/11/2003,Open area 2m,18:00,133.9
Nov 2003,29-30/11/2003,Open area 2m,18:10,134.9
Nov 2003,29-30/11/2003,Open area 2m,18:20,100.9
Nov 2003,29-30/11/2003,Open area 2m,18:30,94.69
Nov 2003,29-30/11/2003,Open area 2m,18:40,86.84
Nov 2003,29-30/11/2003,Open area 2m,18:50,74.1
Nov 2003,29-30/11/2003,Open area 2m,19:00,43.68
Nov 2003,29-30/11/2003,Open area 2m,19:10,13.385
Nov 2003,29-30/11/2003,Open area 2m,19:20,6.8108
Nov 2003,29-30/11/2003,Open area 2m,5:30,5.241
Nov 2003,29-30/11/2003,Open area 2m,5:40,14.24
Nov 2003,29-30/11/2003,Open area 2m,5:50,29.39
Nov 2003,29-30/11/2003,Open area 2m,6:00,79.02
Nov 2003,29-30/11/2003,Open area 2m,6:10,152.5
Nov 2003,29-30/11/2003,Open area 2m,6:20,100.2
Nov 2003,29-30/11/2003,Open area 2m,6:30,179.6
Nov 2003,29-30/11/2003,Open area 2m,6:40,388.1
Nov 2003,29-30/11/2003,Open area 2m,6:50,463.7
Nov 2003,29-30/11/2003,Open area 2m,7:00,209.7
Nov 2003,29-30/11/2003,Open area 2m,7:10,537.8
Nov 2003,29-30/11/2003,Open area 2m,7:20,702.9
Nov 2003,29-30/11/2003,Open area 2m,7:30,791.4
Nov 2003,29-30/11/2003,Open area 2m,7:40,723.7
Nov 2003,29-30/11/2003,Open area 2m,7:50,853.0
Nov 2003,29-30/11/2003,Open area 2m,8:00,1024.0
Nov 2003,29-30/11/2003,Open area 2m,8:10,1116.0
Nov 2003,29-30/11/2003,Open area 2m,8:20,1196.0
Nov 2003,29-30/11/2003,Open area 2m,8:30,1272.0
Nov 2003,29-30/11/2003,Open area 2m,8:40,1346.0
Nov 2003,29-30/11/2003,Open area 2m,8:50,1418.0
Nov 2003,29-30/11/2003,Open area 2m,9:00,1486.0
Nov 2003,29-30/11/2003,Open area 2m,9:10,1553.0
Nov 2003,29-30/11/2003,Open area 2m,9:20,1616.0
Nov 2003,29-30/11/2003,Open area 2m,9:30,1676.0
Nov 2003,29-30/11/2003,Open area 2m,9:40,1732.0
Nov 2003,29-30/11/2003,Open area 2m,9:50,1787.0
Nov 2003,29-30/11/2003 (rep2),Open area 2m,10:00,1660.0
Nov 2003,29-30/11/2003 (rep2),Open area 2m,10:10,1702.0
Nov 2003,29-30/11/2003 (rep2),Open area 2m,10:20,1744.0
Nov 2003,29-30/11/2003 (rep2),Open area 2m,10:30,1782.0
Nov 2003,29-30/11/2003 (rep2),Open area 2m,10:40,1813.0
Nov 2003,29-30/11/2003 (rep2),Open area 2m,10:50,1844.0
Nov 2003,29-30/11/2003 (rep2),Open area 2m,11:00,1873.0
Nov 2003,29-30/11/2003 (rep2),Open area 2m,11:10,1897.0
Nov 2003,29-30/11/2003 (rep2),Open area 2m,11:20,1916.0
Nov 2003,29-30/11/2003 (rep2),Open area 2m,11:30,1933.0
Nov 2003,29-30/11/2003 (rep2),Open area 2m,11:40,1947.0
Nov 2003,29-30/11/2003 (rep2),Open area 2m,11:50,1956.0
Nov 2003,29-30/11/2003 (rep2),Open area 2m,12:00,1962.0
Nov 2003,29-30/11/2003 (rep2),Open area 2m,12:10,1967.0
Nov 2003,29-30/11/2003 (rep2),Open area 2m,12:20,1968.0
Nov 2003,29-30/11/2003 (rep2),Open area 2m,12:30,1970.0
Nov 2003,29-30/11/2003 (rep2),Open area 2m,12:40,1966.0
Nov 2003,29-30/11/2003 (rep2),Open area 2m,12:50,2053.0
Nov 2003,29-30/11/2003 (rep2),Open area 2m,13:00,2014.0
Nov 2003,29-30/11/2003 (rep2),Open area 2m,13:10,2091.0
Nov 2003,29-30/11/2003 (rep2),Open area 2m,13:20,2020.0
Nov 2003,29-30/11/2003 (rep2),Open area 2m,13:30,1602.0
Nov 2003,29-30/11/2003 (rep2),Open area 2m,13:40,1960.0
Nov 2003,29-30/11/2003 (rep2),Open area 2m,13:50,1933.0
Nov 2003,29-30/11/2003 (rep2),Open area 2m,14:00,1694.0
Nov 2003,29-30/11/2003 (rep2),Open area 2m,14:10,1211.0
Nov 2003,29-30/11/2003 (rep2),Open area 2m,14:20,1441.0
Nov 2003,29-30/11/2003 (rep2),Open area 2m,14:30,1266.0
Nov 2003,29-30/11/2003 (rep2),Open area 2m,14:40,1278.0
Nov 2003,29-30/11/2003 (rep2),Open area 2m,14:50,1299.0
Nov 2003,29-30/11/2003 (rep2),Open area 2m,15:00,1564.0
Nov 2003,29-30/11/2003 (rep2),Open area 2m,15:10,1517.0
Nov 2003,29-30/11/2003 (rep2),Open area 2m,15:20,1257.0
Nov 2003,29-30/11/2003 (rep2),Open area 2m,15:30,1327.0
Nov 2003,29-30/11/2003 (rep2),Open area 2m,15:40,1138.0
Nov 2003,29-30/11/2003 (rep2),Open area 2m,15:50,1009.0
Nov 2003,29-30/11/2003 (rep2),Open area 2m,16:00,1102.0
Nov 2003,29-30/11/2003 (rep2),Open area 2m,16:10,1247.0
Nov 2003,29-30/11/2003 (rep2),Open area 2m,16:20,1156.0
Nov 2003,29-30/11/2003 (rep2),Open area 2m,16:30,987.3
Nov 2003,29-30/11/2003 (rep2),Open area 2m,16:40,1021.0
Nov 2003,29-30/11/2003 (rep2),Open area 2m,16:50,803.1
Nov 2003,29-30/11/2003 (rep2),Open area 2m,17:00,640.5
Nov 2003,29-30/11/2003 (rep2),Open area 2m,17:10,501.2
Nov 2003,29-30/11/2003 (rep2),Open area 2m,17:20,411.1
Nov 2003,29-30/11/2003 (rep2),Open area 2m,17:30,215.1
Nov 2003,29-30/11/2003 (rep2),Open area 2m,17:40,178.6
Nov 2003,29-30/11/2003 (rep2),Open area 2m,17:50,146.4
Nov 2003,29-30/11/2003 (rep2),Open area 2m,18:00,118.3
Nov 2003,29-30/11/2003 (rep2),Open area 2m,18:10,119.0
Nov 2003,29-30/11/2003 (rep2),Open area 2m,18:20,89.6
Nov 2003,29-30/11/2003 (rep2),Open area 2m,18:30,83.47
Nov 2003,29-30/11/2003 (rep2),Open area 2m,18:40,76.38
Nov 2003,29-30/11/2003 (rep2),Open area 2m,18:50,65.34
Nov 2003,29-30/11/2003 (rep2),Open area 2m,19:00,38.74
Nov 2003,29-30/11/2003 (rep2),Open area 2m,19:10,19.675
Nov 2003,29-30/11/2003 (rep2),Open area 2m,19:20,5.152
Nov 2003,29-30/11/2003 (rep2),Open area 2m,5:30,5.67
Nov 2003,29-30/11/2003 (rep2),Open area 2m,5:40,13.74
Nov 2003,29-30/11/2003 (rep2),Open area 2m,5:50,33.15
Nov 2003,29-30/11/2003 (rep2),Open area 2m,6:00,71.24
Nov 2003,29-30/11/2003 (rep2),Open area 2m,6:10,122.2
Nov 2003,29-30/11/2003 (rep2),Open area 2m,6:20,153.1
Nov 2003,29-30/11/2003 (rep2),Open area 2m,6:30,229.0
Nov 2003,29-30/11/2003 (rep2),Open area 2m,6:40,340.6
Nov 2003,29-30/11/2003 (rep2),Open area 2m,6:50,412.0
Nov 2003,29-30/11/2003 (rep2),Open area 2m,7:00,429.6
Nov 2003,29-30/11/2003 (rep2),Open area 2m,7:10,173.1
Nov 2003,29-30/11/2003 (rep2),Open area 2m,7:20,451.7
Nov 2003,29-30/11/2003 (rep2),Open area 2m,7:30,653.2
Nov 2003,29-30/11/2003 (rep2),Open area 2m,7:40,759.2
Nov 2003,29-30/11/2003 (rep2),Open area 2m,7:50,548.0
Nov 2003,29-30/11/2003 (rep2),Open area 2m,8:00,546.0
Nov 2003,29-30/11/2003 (rep2),Open area 2m,8:10,894.7
Nov 2003,29-30/11/2003 (rep2),Open area 2m,8:20,1048.0
Nov 2003,29-30/11/2003 (rep2),Open area 2m,8:30,1143.0
Nov 2003,29-30/11/2003 (rep2),Open area 2m,8:40,1211.0
Nov 2003,29-30/11/2003 (rep2),Open area 2m,8:50,1276.0
Nov 2003,29-30/11/2003 (rep2),Open area 2m,9:00,1338.0
Nov 2003,29-30/11/2003 (rep2),Open area 2m,9:10,1399.0
Nov 2003,29-30/11/2003 (rep2),Open area 2m,9:20,1457.0
Nov 2003,29-30/11/2003 (rep2),Open area 2m,9:30,1511.0
Nov 2003,29-30/11/2003 (rep2),Open area 2m,9:40,1563.0
Nov 2003,29-30/11/2003 (rep2),Open area 2m,9:50,1613.0
Jan 2004,07-08/01/2004,AFS 1.2m,10:00,40.92
Jan 2004,07-08/01/2004,AFS 1.2m,10:10,35.82
Jan 2004,07-08/01/2004,AFS 1.2m,10:20,32.61
Jan 2004,07-08/01/2004,AFS 1.2m,10:30,64.27
Jan 2004,07-08/01/2004,AFS 1.2m,10:40,26.16
Jan 2004,07-08/01/2004,AFS 1.2m,10:50,39.92
Jan 2004,07-08/01/2004,AFS 1.2m,11:00,55.33
Jan 2004,07-08/01/2004,AFS 1.2m,11:10,37.62
Jan 2004,07-08/01/2004,AFS 1.2m,11:20,42.5
Jan 2004,07-08/01/2004,AFS 1.2m,11:30,46.17
Jan 2004,07-08/01/2004,AFS 1.2m,11:40,43.79
Jan 2004,07-08/01/2004,AFS 1.2m,11:50,53.6
Jan 2004,07-08/01/2004,AFS 1.2m,12:00,46.17
Jan 2004,07-08/01/2004,AFS 1.2m,12:10,46.82
Jan 2004,07-08/01/2004,AFS 1.2m,12:20,54.87
Jan 2004,07-08/01/2004,AFS 1.2m,12:30,48.06
Jan 2004,07-08/01/2004,AFS 1.2m,12:40,52.83
Jan 2004,07-08/01/2004,AFS 1.2m,12:50,111.4
Jan 2004,07-08/01/2004,AFS 1.2m,13:00,309.5
Jan 2004,07-08/01/2004,AFS 1.2m,13:10,461.8
Jan 2004,07-08/01/2004,AFS 1.2m,5:30,0.1883
Jan 2004,07-08/01/2004,AFS 1.2m,5:40,0.2314
Jan 2004,07-08/01/2004,AFS 1.2m,5:50,1.5255
Jan 2004,07-08/01/2004,AFS 1.2m,6:00,3.552
Jan 2004,07-08/01/2004,AFS 1.2m,6:10,4.762
Jan 2004,07-08/01/2004,AFS 1.2m,6:20,6.542
Jan 2004,07-08/01/2004,AFS 1.2m,6:30,8.815
Jan 2004,07-08/01/2004,AFS 1.2m,6:40,10.94
Jan 2004,07-08/01/2004,AFS 1.2m,6:50,12.61
Jan 2004,07-08/01/2004,AFS 1.2m,7:00,14.87
Jan 2004,07-08/01/2004,AFS 1.2m,7:10,17.21
Jan 2004,07-08/01/2004,AFS 1.2m,7:20,19.14
Jan 2004,07-08/01/2004,AFS 1.2m,7:30,21.33
Jan 2004,07-08/01/2004,AFS 1.2m,7:40,24.36
Jan 2004,07-08/01/2004,AFS 1.2m,7:50,25.91
Jan 2004,07-08/01/2004,AFS 1.2m,8:00,26.65
Jan 2004,07-08/01/2004,AFS 1.2m,8:10,32.81
Jan 2004,07-08/01/2004,AFS 1.2m,8:20,33.24
Jan 2004,07-08/01/2004,AFS 1.2m,8:30,33.56
Jan 2004,07-08/01/2004,AFS 1.2m,8:40,32.73
Jan 2004,07-08/01/2004,AFS 1.2m,8:50,54.86
Jan 2004,07-08/01/2004,AFS 1.2m,9:00,103.3
Jan 2004,07-08/01/2004,AFS 1.2m,9:10,21.54
Jan 2004,07-08/01/2004,AFS 1.2m,9:20,15.69
Jan 2004,07-08/01/2004,AFS 1.2m,9:30,16.56
Jan 2004,07-08/01/2004,AFS 1.2m,9:40,19.12
Jan 2004,07-08/01/2004,AFS 1.2m,9:50,46.28
Jan 2004,14-15/01/2004,AFS 1.2m,10:00,47.58
Jan 2004,14-15/01/2004,AFS 1.2m,10:10,44.01
Jan 2004,14-15/01/2004,AFS 1.2m,10:20,53.82
Jan 2004,14-15/01/2004,AFS 1.2m,10:30,57.47
Jan 2004,14-15/01/2004,AFS 1.2m,10:40,55.44
Jan 2004,14-15/01/2004,AFS 1.2m,10:50,41.53
Jan 2004,14-15/01/2004,AFS 1.2m,11:00,54.85
Jan 2004,14-15/01/2004,AFS 1.2m,11:10,60.83
Jan 2004,14-15/01/2004,AFS 1.2m,11:20,44.17
Jan 2004,14-15/01/2004,AFS 1.2m,11:30,38.02
Jan 2004,14-15/01/2004,AFS 1.2m,11:40,54.0
Jan 2004,14-15/01/2004,AFS 1.2m,11:50,56.06
Jan 2004,14-15/01/2004,AFS 1.2m,12:00,62.67
Jan 2004,14-15/01/2004,AFS 1.2m,12:10,53.5
Jan 2004,14-15/01/2004,AFS 1.2m,12:20,55.44
Jan 2004,14-15/01/2004,AFS 1.2m,12:30,47.94
Jan 2004,14-15/01/2004,AFS 1.2m,12:40,43.18
Jan 2004,14-15/01/2004,AFS 1.2m,12:50,46.82
Jan 2004,14-15/01/2004,AFS 1.2m,13:00,747.6
Jan 2004,14-15/01/2004,AFS 1.2m,13:10,601.7
Jan 2004,14-15/01/2004,AFS 1.2m,13:20,95.68
Jan 2004,14-15/01/2004,AFS 1.2m,13:30,61.26
Jan 2004,14-15/01/2004,AFS 1.2m,13:40,40.6
Jan 2004,14-15/01/2004,AFS 1.2m,13:50,30.87
Jan 2004,14-15/01/2004,AFS 1.2m,14:00,20.71
Jan 2004,14-15/01/2004,AFS 1.2m,14:10,29.37
Jan 2004,14-15/01/2004,AFS 1.2m,14:20,33.15
Jan 2004,14-15/01/2004,AFS 1.2m,14:30,28.37
Jan 2004,14-15/01/2004,AFS 1.2m,14:40,59.8
Jan 2004,14-15/01/2004,AFS 1.2m,14:50,69.39
Jan 2004,14-15/01/2004,AFS 1.2m,15:00,52.86
Jan 2004,14-15/01/2004,AFS 1.2m,15:10,32.78
Jan 2004,14-15/01/2004,AFS 1.2m,15:20,29.91
Jan 2004,14-15/01/2004,AFS 1.2m,15:30,26.45
Jan 2004,14-15/01/2004,AFS 1.2m,15:40,25.42
Jan 2004,14-15/01/2004,AFS 1.2m,15:50,22.28
Jan 2004,14-15/01/2004,AFS 1.2m,16:00,18.48
Jan 2004,14-15/01/2004,AFS 1.2m,16:10,16.49
Jan 2004,14-15/01/2004,AFS 1.2m,16:20,20.16
Jan 2004,14-15/01/2004,AFS 1.2m,16:30,21.65
Jan 2004,14-15/01/2004,AFS 1.2m,16:40,29.27
Jan 2004,14-15/01/2004,AFS 1.2m,16:50,26.22
Jan 2004,14-15/01/2004,AFS 1.2m,17:00,24.5
Jan 2004,14-15/01/2004,AFS 1.2m,17:10,33.01
Jan 2004,14-15/01/2004,AFS 1.2m,17:20,53.53
Jan 2004,14-15/01/2004,AFS 1.2m,17:30,45.47
Jan 2004,14-15/01/2004,AFS 1.2m,17:40,28.27
Jan 2004,14-15/01/2004,AFS 1.2m,17:50,21.08
Jan 2004,14-15/01/2004,AFS 1.2m,18:00,18.21
Jan 2004,14-15/01/2004,AFS 1.2m,18:10,17.28
Jan 2004,14-15/01/2004,AFS 1.2m,18:20,17.47
Jan 2004,14-15/01/2004,AFS 1.2m,18:30,16.08
Jan 2004,14-15/01/2004,AFS 1.2m,18:40,13.5
Jan 2004,14-15/01/2004,AFS 1.2m,18:50,13.24
Jan 2004,14-15/01/2004,AFS 1.2m,19:00,12.14
Jan 2004,14-15/01/2004,AFS 1.2m,19:10,1.049
Jan 2004,14-15/01/2004,AFS 1.2m,19:20,0.4991
Jan 2004,14-15/01/2004,AFS 1.2m,5:30,0.1821
Jan 2004,14-15/01/2004,AFS 1.2m,5:40,0.945
Jan 2004,14-15/01/2004,AFS 1.2m,5:50,1.1385
Jan 2004,14-15/01/2004,AFS 1.2m,6:00,2.614
Jan 2004,14-15/01/2004,AFS 1.2m,6:10,3.435
Jan 2004,14-15/01/2004,AFS 1.2m,6:20,4.359
Jan 2004,14-15/01/2004,AFS 1.2m,6:30,4.786
Jan 2004,14-15/01/2004,AFS 1.2m,6:40,6.186
Jan 2004,14-15/01/2004,AFS 1.2m,6:50,6.963
Jan 2004,14-15/01/2004,AFS 1.2m,7:00,8.572
Jan 2004,14-15/01/2004,AFS 1.2m,7:10,12.04
Jan 2004,14-15/01/2004,AFS 1.2m,7:20,16.54
Jan 2004,14-15/01/2004,AFS 1.2m,7:30,18.93
Jan 2004,14-15/01/2004,AFS 1.2m,7:40,20.72
Jan 2004,14-15/01/2004,AFS 1.2m,7:50,21.74
Jan 2004,14-15/01/2004,AFS 1.2m,8:00,22.1
Jan 2004,14-15/01/2004,AFS 1.2m,8:10,26.36
Jan 2004,14-15/01/2004,AFS 1.2m,8:20,24.66
Jan 2004,14-15/01/2004,AFS 1.2m,8:30,31.73
Jan 2004,14-15/01/2004,AFS 1.2m,8:40,21.03
Jan 2004,14-15/01/2004,AFS 1.2m,8:50,34.25
Jan 2004,14-15/01/2004,AFS 1.2m,9:00,44.54
Jan 2004,14-15/01/2004,AFS 1.2m,9:10,42.07
Jan 2004,14-15/01/2004,AFS 1.2m,9:20,39.89
Jan 2004,14-15/01/2004,AFS 1.2m,9:30,41.33
Jan 2004,14-15/01/2004,AFS 1.2m,9:40,42.81
Jan 2004,14-15/01/2004,AFS 1.2m,9:50,48.02
Jan 2004,08-09/01/2004,AFS 2m,10:00,67.89
Jan 2004,08-09/01/2004,AFS 2m,10:10,28.3
Jan 2004,08-09/01/2004,AFS 2m,10:20,50.36
Jan 2004,08-09/01/2004,AFS 2m,10:30,41.83
Jan 2004,08-09/01/2004,AFS 2m,10:40,31.83
Jan 2004,08-09/01/2004,AFS 2m,10:50,39.74
Jan 2004,08-09/01/2004,AFS 2m,11:00,31.52
Jan 2004,08-09/01/2004,AFS 2m,11:10,32.11
Jan 2004,08-09/01/2004,AFS 2m,11:20,41.06
Jan 2004,08-09/01/2004,AFS 2m,11:30,41.53
Jan 2004,08-09/01/2004,AFS 2m,11:40,38.38
Jan 2004,08-09/01/2004,AFS 2m,11:50,47.53
Jan 2004,08-09/01/2004,AFS 2m,12:00,55.08
Jan 2004,08-09/01/2004,AFS 2m,12:10,59.04
Jan 2004,08-09/01/2004,AFS 2m,12:20,58.96
Jan 2004,08-09/01/2004,AFS 2m,12:30,66.97
Jan 2004,08-09/01/2004,AFS 2m,12:40,50.12
Jan 2004,08-09/01/2004,AFS 2m,12:50,78.09
Jan 2004,08-09/01/2004,AFS 2m,13:00,636.7
Jan 2004,08-09/01/2004,AFS 2m,13:10,394.4
Jan 2004,08-09/01/2004,AFS 2m,13:20,547.7
Jan 2004,08-09/01/2004,AFS 2m,13:30,181.4
Jan 2004,08-09/01/2004,AFS 2m,13:40,46.8
Jan 2004,08-09/01/2004,AFS 2m,13:50,55.88
Jan 2004,08-09/01/2004,AFS 2m,14:00,194.6
Jan 2004,08-09/01/2004,AFS 2m,14:10,120.6
Jan 2004,08-09/01/2004,AFS 2m,14:20,65.86
Jan 2004,08-09/01/2004,AFS 2m,14:30,33.79
Jan 2004,08-09/01/2004,AFS 2m,14:40,23.18
Jan 2004,08-09/01/2004,AFS 2m,14:50,41.38
Jan 2004,08-09/01/2004,AFS 2m,15:00,159.3
Jan 2004,08-09/01/2004,AFS 2m,15:10,82.21
Jan 2004,08-09/01/2004,AFS 2m,15:20,364.7
Jan 2004,08-09/01/2004,AFS 2m,15:30,995.8
Jan 2004,08-09/01/2004,AFS 2m,15:40,631.4
Jan 2004,08-09/01/2004,AFS 2m,15:50,58.95
Jan 2004,08-09/01/2004,AFS 2m,16:00,53.47
Jan 2004,08-09/01/2004,AFS 2m,16:10,28.6
Jan 2004,08-09/01/2004,AFS 2m,16:20,12.36
Jan 2004,08-09/01/2004,AFS 2m,16:30,3.871
Jan 2004,08-09/01/2004,AFS 2m,16:40,10.78
Jan 2004,08-09/01/2004,AFS 2m,16:50,19.67
Jan 2004,08-09/01/2004,AFS 2m,17:00,21.38
Jan 2004,08-09/01/2004,AFS 2m,17:10,11.63
Jan 2004,08-09/01/2004,AFS 2m,17:20,12.39
Jan 2004,08-09/01/2004,AFS 2m,17:30,8.309
Jan 2004,08-09/01/2004,AFS 2m,17:40,5.264
Jan 2004,08-09/01/2004,AFS 2m,17:50,9.982
Jan 2004,08-09/01/2004,AFS 2m,18:00,15.67
Jan 2004,08-09/01/2004,AFS 2m,18:10,7.706
Jan 2004,08-09/01/2004,AFS 2m,18:20,6.06
Jan 2004,08-09/01/2004,AFS 2m,18:30,3.322
Jan 2004,08-09/01/2004,AFS 2m,18:40,3.506
Jan 2004,08-09/01/2004,AFS 2m,18:50,2.992
Jan 2004,08-09/01/2004,AFS 2m,19:00,2.801
Jan 2004,08-09/01/2004,AFS 2m,19:10,1.061
Jan 2004,08-09/01/2004,AFS 2m,19:20,0.4191
Jan 2004,08-09/01/2004,AFS 2m,5:30,0.8684
Jan 2004,08-09/01/2004,AFS 2m,5:40,2.027
Jan 2004,08-09/01/2004,AFS 2m,5:50,3.137
Jan 2004,08-09/01/2004,AFS 2m,6:00,4.137
Jan 2004,08-09/01/2004,AFS 2m,6:10,5.51
Jan 2004,08-09/01/2004,AFS 2m,6:20,6.734
Jan 2004,08-09/01/2004,AFS 2m,6:30,7.51
Jan 2004,08-09/01/2004,AFS 2m,6:40,11.12
Jan 2004,08-09/01/2004,AFS 2m,6:50,12.67
Jan 2004,08-09/01/2004,AFS 2m,7:00,12.42
Jan 2004,08-09/01/2004,AFS 2m,7:10,12.14
Jan 2004,08-09/01/2004,AFS 2m,7:20,15.52
Jan 2004,08-09/01/2004,AFS 2m,7:30,17.57
Jan 2004,08-09/01/2004,AFS 2m,7:40,21.04
Jan 2004,08-09/01/2004,AFS 2m,7:50,21.43
Jan 2004,08-09/01/2004,AFS 2m,8:00,29.05
Jan 2004,08-09/01/2004,AFS 2m,8:10,25.61
Jan 2004,08-09/01/2004,AFS 2m,8:20,20.23
Jan 2004,08-09/01/2004,AFS 2m,8:30,20.89
Jan 2004,08-09/01/2004,AFS 2m,8:40,49.3
Jan 2004,08-09/01/2004,AFS 2m,8:50,118.5
Jan 2004,08-09/01/2004,AFS 2m,9:00,133.6
Jan 2004,08-09/01/2004,AFS 2m,9:10,25.34
Jan 2004,08-09/01/2004,AFS 2m,9:20,24.66
Jan 2004,08-09/01/2004,AFS 2m,9:30,25.52
Jan 2004,08-09/01/2004,AFS 2m,9:40,27.24
Jan 2004,08-09/01/2004,AFS 2m,9:50,42.51
Jan 2004,13-14/01/2004,AFS 2m,10:00,36.86
Jan 2004,13-14/01/2004,AFS 2m,10:10,33.33
Jan 2004,13-14/01/2004,AFS 2m,10:20,36.35
Jan 2004,13-14/01/2004,AFS 2m,10:30,66.1
Jan 2004,13-14/01/2004,AFS 2m,10:40,27.82
Jan 2004,13-14/01/2004,AFS 2m,10:50,36.33
Jan 2004,13-14/01/2004,AFS 2m,11:00,36.75
Jan 2004,13-14/01/2004,AFS 2m,11:10,30.11
Jan 2004,13-14/01/2004,AFS 2m,11:20,55.08
Jan 2004,13-14/01/2004,AFS 2m,11:30,33.1
Jan 2004,13-14/01/2004,AFS 2m,11:40,37.35
Jan 2004,13-14/01/2004,AFS 2m,11:50,37.12
Jan 2004,13-14/01/2004,AFS 2m,12:00,71.76
Jan 2004,13-14/01/2004,AFS 2m,12:10,49.58
Jan 2004,13-14/01/2004,AFS 2m,12:20,64.43
Jan 2004,13-14/01/2004,AFS 2m,12:30,71.4
Jan 2004,13-14/01/2004,AFS 2m,12:40,37.96
Jan 2004,13-14/01/2004,AFS 2m,12:50,30.31
Jan 2004,13-14/01/2004,AFS 2m,13:00,28.96
Jan 2004,13-14/01/2004,AFS 2m,13:10,38.95
Jan 2004,13-14/01/2004,AFS 2m,13:20,53.38
Jan 2004,13-14/01/2004,AFS 2m,13:30,42.11
Jan 2004,13-14/01/2004,AFS 2m,13:40,28.07
Jan 2004,13-14/01/2004,AFS 2m,13:50,20.45
Jan 2004,13-14/01/2004,AFS 2m,14:00,16.55
Jan 2004,13-14/01/2004,AFS 2m,14:10,25.45
Jan 2004,13-14/01/2004,AFS 2m,14:20,22.49
Jan 2004,13-14/01/2004,AFS 2m,14:30,19.36
Jan 2004,13-14/01/2004,AFS 2m,14:40,17.25
Jan 2004,13-14/01/2004,AFS 2m,14:50,26.6
Jan 2004,13-14/01/2004,AFS 2m,15:00,49.49
Jan 2004,13-14/01/2004,AFS 2m,15:10,43.06
Jan 2004,13-14/01/2004,AFS 2m,15:20,76.66
Jan 2004,13-14/01/2004,AFS 2m,15:30,454.8
Jan 2004,13-14/01/2004,AFS 2m,15:40,1237.0
Jan 2004,13-14/01/2004,AFS 2m,15:50,887.4
Jan 2004,13-14/01/2004,AFS 2m,16:00,247.3
Jan 2004,13-14/01/2004,AFS 2m,16:10,121.5
Jan 2004,13-14/01/2004,AFS 2m,16:20,77.74
Jan 2004,13-14/01/2004,AFS 2m,16:30,29.86
Jan 2004,13-14/01/2004,AFS 2m,16:40,10.22
Jan 2004,13-14/01/2004,AFS 2m,16:50,9.134
Jan 2004,13-14/01/2004,AFS 2m,17:00,10.08
Jan 2004,13-14/01/2004,AFS 2m,17:10,15.83
Jan 2004,13-14/01/2004,AFS 2m,17:20,15.9
Jan 2004,13-14/01/2004,AFS 2m,17:30,33.21
Jan 2004,13-14/01/2004,AFS 2m,17:40,23.15
Jan 2004,13-14/01/2004,AFS 2m,17:50,13.86
Jan 2004,13-14/01/2004,AFS 2m,18:00,22.09
Jan 2004,13-14/01/2004,AFS 2m,18:10,9.121
Jan 2004,13-14/01/2004,AFS 2m,18:20,5.181
Jan 2004,13-14/01/2004,AFS 2m,18:30,6.704
Jan 2004,13-14/01/2004,AFS 2m,18:40,6.371
Jan 2004,13-14/01/2004,AFS 2m,18:50,4.58
Jan 2004,13-14/01/2004,AFS 2m,19:00,3.888
Jan 2004,13-14/01/2004,AFS 2m,19:10,1.196
Jan 2004,13-14/01/2004,AFS 2m,19:20,0.504
Jan 2004,13-14/01/2004,AFS 2m,5:30,0.414
Jan 2004,13-14/01/2004,AFS 2m,5:40,1.1067
Jan 2004,13-14/01/2004,AFS 2m,5:50,1.608
Jan 2004,13-14/01/2004,AFS 2m,6:00,2.733
Jan 2004,13-14/01/2004,AFS 2m,6:10,3.565
Jan 2004,13-14/01/2004,AFS 2m,6:20,4.866
Jan 2004,13-14/01/2004,AFS 2m,6:30,7.015
Jan 2004,13-14/01/2004,AFS 2m,6:40,9.406
Jan 2004,13-14/01/2004,AFS 2m,6:50,11.98
Jan 2004,13-14/01/2004,AFS 2m,7:00,10.9
Jan 2004,13-14/01/2004,AFS 2m,7:10,10.11
Jan 2004,13-14/01/2004,AFS 2m,7:20,12.17
Jan 2004,13-14/01/2004,AFS 2m,7:30,20.87
Jan 2004,13-14/01/2004,AFS 2m,7:40,26.01
Jan 2004,13-14/01/2004,AFS 2m,7:50,24.66
Jan 2004,13-14/01/2004,AFS 2m,8:00,18.53
Jan 2004,13-14/01/2004,AFS 2m,8:10,20.7
Jan 2004,13-14/01/2004,AFS 2m,8:20,16.14
Jan 2004,13-14/01/2004,AFS 2m,8:30,15.79
Jan 2004,13-14/01/2004,AFS 2m,8:40,42.53
Jan 2004,13-14/01/2004,AFS 2m,8:50,122.3
Jan 2004,13-14/01/2004,AFS 2m,9:00,21.13
Jan 2004,13-14/01/2004,AFS 2m,9:10,26.01
Jan 2004,13-14/01/2004,AFS 2m,9:20,19.74
Jan 2004,13-14/01/2004,AFS 2m,9:30,20.96
Jan 2004,13-14/01/2004,AFS 2m,9:40,21.99
Jan 2004,13-14/01/2004,AFS 2m,9:50,31.11
Jan 2004,10-11/01/2004,MO 1.2m,10:00,1251.0
Jan 2004,10-11/01/2004,MO 1.2m,10:10,1545.0
Jan 2004,10-11/01/2004,MO 1.2m,10:20,1591.0
Jan 2004,10-11/01/2004,MO 1.2m,10:30,1609.0
Jan 2004,10-11/01/2004,MO 1.2m,10:40,1638.0
Jan 2004,10-11/01/2004,MO 1.2m,10:50,1081.0
Jan 2004,10-11/01/2004,MO 1.2m,11:00,672.1
Jan 2004,10-11/01/2004,MO 1.2m,11:10,392.2
Jan 2004,10-11/01/2004,MO 1.2m,11:20,1318.0
Jan 2004,10-11/01/2004,MO 1.2m,11:30,1772.0
Jan 2004,10-11/01/2004,MO 1.2m,11:40,1886.0
Jan 2004,10-11/01/2004,MO 1.2m,11:50,1921.0
Jan 2004,10-11/01/2004,MO 1.2m,12:00,1615.0
Jan 2004,10-11/01/2004,MO 1.2m,12:10,1503.0
Jan 2004,10-11/01/2004,MO 1.2m,12:20,1802.0
Jan 2004,10-11/01/2004,MO 1.2m,12:30,1813.0
Jan 2004,10-11/01/2004,MO 1.2m,12:40,1896.0
Jan 2004,10-11/01/2004,MO 1.2m,12:50,1684.0
Jan 2004,10-11/01/2004,MO 1.2m,13:00,222.4
Jan 2004,10-11/01/2004,MO 1.2m,13:10,1053.0
Jan 2004,10-11/01/2004,MO 1.2m,13:20,1518.0
Jan 2004,10-11/01/2004,MO 1.2m,13:30,1802.0
Jan 2004,10-11/01/2004,MO 1.2m,13:40,2084.0
Jan 2004,10-11/01/2004,MO 1.2m,13:50,1886.0
Jan 2004,10-11/01/2004,MO 1.2m,14:00,2018.0
Jan 2004,10-11/01/2004,MO 1.2m,14:10,2049.0
Jan 2004,10-11/01/2004,MO 1.2m,14:20,900.2
Jan 2004,10-11/01/2004,MO 1.2m,14:30,1217.0
Jan 2004,10-11/01/2004,MO 1.2m,14:40,1514.0
Jan 2004,10-11/01/2004,MO 1.2m,14:50,884.0
Jan 2004,10-11/01/2004,MO 1.2m,15:00,876.9
Jan 2004,10-11/01/2004,MO 1.2m,15:10,1115.0
Jan 2004,10-11/01/2004,MO 1.2m,15:20,1410.0
Jan 2004,10-11/01/2004,MO 1.2m,15:30,1360.0
Jan 2004,10-11/01/2004,MO 1.2m,15:40,1571.0
Jan 2004,10-11/01/2004,MO 1.2m,15:50,1304.0
Jan 2004,10-11/01/2004,MO 1.2m,16:00,1472.0
Jan 2004,10-11/01/2004,MO 1.2m,16:10,1261.0
Jan 2004,10-11/01/2004,MO 1.2m,16:20,1449.0
Jan 2004,10-11/01/2004,MO 1.2m,16:30,1290.0
Jan 2004,10-11/01/2004,MO 1.2m,16:40,1183.0
Jan 2004,10-11/01/2004,MO 1.2m,16:50,1100.0
Jan 2004,10-11/01/2004,MO 1.2m,17:00,1026.0
Jan 2004,10-11/01/2004,MO 1.2m,17:10,964.3
Jan 2004,10-11/01/2004,MO 1.2m,17:20,778.9
Jan 2004,10-11/01/2004,MO 1.2m,17:30,520.7
Jan 2004,10-11/01/2004,MO 1.2m,17:40,472.9
Jan 2004,10-11/01/2004,MO 1.2m,17:50,382.5
Jan 2004,10-11/01/2004,MO 1.2m,18:00,487.5
Jan 2004,10-11/01/2004,MO 1.2m,18:10,302.0
Jan 2004,10-11/01/2004,MO 1.2m,18:20,128.0
Jan 2004,10-11/01/2004,MO 1.2m,18:30,92.82
Jan 2004,10-11/01/2004,MO 1.2m,18:40,88.3
Jan 2004,10-11/01/2004,MO 1.2m,18:50,82.45
Jan 2004,10-11/01/2004,MO 1.2m,19:00,56.43
Jan 2004,10-11/01/2004,MO 1.2m,19:10,20.41
Jan 2004,10-11/01/2004,MO 1.2m,19:20,3.21
Jan 2004,10-11/01/2004,MO 1.2m,5:30,0.962
Jan 2004,10-11/01/2004,MO 1.2m,5:40,1.1696
Jan 2004,10-11/01/2004,MO 1.2m,5:50,1.57
Jan 2004,10-11/01/2004,MO 1.2m,6:00,13.39
Jan 2004,10-11/01/2004,MO 1.2m,6:10,25.47
Jan 2004,10-11/01/2004,MO 1.2m,6:20,40.97
Jan 2004,10-11/01/2004,MO 1.2m,6:30,49.11
Jan 2004,10-11/01/2004,MO 1.2m,6:40,73.71
Jan 2004,10-11/01/2004,MO 1.2m,6:50,85.71
Jan 2004,10-11/01/2004,MO 1.2m,7:00,94.94
Jan 2004,10-11/01/2004,MO 1.2m,7:10,113.4
Jan 2004,10-11/01/2004,MO 1.2m,7:20,111.1
Jan 2004,10-11/01/2004,MO 1.2m,7:30,138.4
Jan 2004,10-11/01/2004,MO 1.2m,7:40,134.5
Jan 2004,10-11/01/2004,MO 1.2m,7:50,177.9
Jan 2004,10-11/01/2004,MO 1.2m,8:00,208.8
Jan 2004,10-11/01/2004,MO 1.2m,8:10,248.7
Jan 2004,10-11/01/2004,MO 1.2m,8:20,223.8
Jan 2004,10-11/01/2004,MO 1.2m,8:30,207.8
Jan 2004,10-11/01/2004,MO 1.2m,8:40,219.9
Jan 2004,10-11/01/2004,MO 1.2m,8:50,194.0
Jan 2004,10-11/01/2004,MO 1.2m,9:00,564.8
Jan 2004,10-11/01/2004,MO 1.2m,9:10,1115.0
Jan 2004,10-11/01/2004,MO 1.2m,9:20,1119.0
Jan 2004,10-11/01/2004,MO 1.2m,9:30,1210.0
Jan 2004,10-11/01/2004,MO 1.2m,9:40,698.4
Jan 2004,10-11/01/2004,MO 1.2m,9:50,945.4
Jan 2004,18-19/01/2004,MO 1.2m,10:00,678.1
Jan 2004,18-19/01/2004,MO 1.2m,10:10,700.0
Jan 2004,18-19/01/2004,MO 1.2m,10:20,635.4
Jan 2004,18-19/01/2004,MO 1.2m,10:30,718.6
Jan 2004,18-19/01/2004,MO 1.2m,10:40,714.5
Jan 2004,18-19/01/2004,MO 1.2m,10:50,657.4
Jan 2004,18-19/01/2004,MO 1.2m,11:00,769.0
Jan 2004,18-19/01/2004,MO 1.2m,11:10,830.4
Jan 2004,18-19/01/2004,MO 1.2m,11:20,844.2
Jan 2004,18-19/01/2004,MO 1.2m,11:30,906.6
Jan 2004,18-19/01/2004,MO 1.2m,11:40,705.6
Jan 2004,18-19/01/2004,MO 1.2m,11:50,575.1
Jan 2004,18-19/01/2004,MO 1.2m,12:00,469.9
Jan 2004,18-19/01/2004,MO 1.2m,12:10,393.9
Jan 2004,18-19/01/2004,MO 1.2m,12:20,423.4
Jan 2004,18-19/01/2004,MO 1.2m,12:30,400.8
Jan 2004,18-19/01/2004,MO 1.2m,12:40,429.0
Jan 2004,18-19/01/2004,MO 1.2m,12:50,547.6
Jan 2004,18-19/01/2004,MO 1.2m,13:00,737.4
Jan 2004,18-19/01/2004,MO 1.2m,13:10,1307.0
Jan 2004,18-19/01/2004,MO 1.2m,13:20,2011.0
Jan 2004,18-19/01/2004,MO 1.2m,13:30,2071.0
Jan 2004,18-19/01/2004,MO 1.2m,13:40,1115.0
Jan 2004,18-19/01/2004,MO 1.2m,13:50,511.8
Jan 2004,18-19/01/2004,MO 1.2m,14:00,717.9
Jan 2004,18-19/01/2004,MO 1.2m,14:10,735.4
Jan 2004,18-19/01/2004,MO 1.2m,14:20,1373.0
Jan 2004,18-19/01/2004,MO 1.2m,14:30,1848.0
Jan 2004,18-19/01/2004,MO 1.2m,14:40,1806.0
Jan 2004,18-19/01/2004,MO 1.2m,14:50,1849.0
Jan 2004,18-19/01/2004,MO 1.2m,15:00,1820.0
Jan 2004,18-19/01/2004,MO 1.2m,15:10,1266.0
Jan 2004,18-19/01/2004,MO 1.2m,15:20,1752.0
Jan 2004,18-19/01/2004,MO 1.2m,15:30,1745.0
Jan 2004,18-19/01/2004,MO 1.2m,15:40,1345.0
Jan 2004,18-19/01/2004,MO 1.2m,15:50,460.6
Jan 2004,18-19/01/2004,MO 1.2m,16:00,1383.0
Jan 2004,18-19/01/2004,MO 1.2m,16:10,1257.0
Jan 2004,18-19/01/2004,MO 1.2m,16:20,1185.0
Jan 2004,18-19/01/2004,MO 1.2m,16:30,875.9
Jan 2004,18-19/01/2004,MO 1.2m,16:40,709.4
Jan 2004,18-19/01/2004,MO 1.2m,16:50,796.5
Jan 2004,18-19/01/2004,MO 1.2m,17:00,489.4
Jan 2004,18-19/01/2004,MO 1.2m,17:10,474.4
Jan 2004,18-19/01/2004,MO 1.2m,17:20,380.7
Jan 2004,18-19/01/2004,MO 1.2m,17:30,244.8
Jan 2004,18-19/01/2004,MO 1.2m,17:40,229.5
Jan 2004,18-19/01/2004,MO 1.2m,17:50,220.7
Jan 2004,18-19/01/2004,MO 1.2m,18:00,190.0
Jan 2004,18-19/01/2004,MO 1.2m,18:10,151.6
Jan 2004,18-19/01/2004,MO 1.2m,18:20,138.2
Jan 2004,18-19/01/2004,MO 1.2m,18:30,102.7
Jan 2004,18-19/01/2004,MO 1.2m,18:40,82.36
Jan 2004,18-19/01/2004,MO 1.2m,18:50,63.44
Jan 2004,18-19/01/2004,MO 1.2m,19:00,49.95
Jan 2004,18-19/01/2004,MO 1.2m,19:10,16.46
Jan 2004,18-19/01/2004,MO 1.2m,19:20,2.972
Jan 2004,18-19/01/2004,MO 1.2m,5:30,0.98
Jan 2004,18-19/01/2004,MO 1.2m,5:40,4.379
Jan 2004,18-19/01/2004,MO 1.2m,5:50,8.778
Jan 2004,18-19/01/2004,MO 1.2m,6:00,9.177
Jan 2004,18-19/01/2004,MO 1.2m,6:10,31.39
Jan 2004,18-19/01/2004,MO 1.2m,6:20,44.76
Jan 2004,18-19/01/2004,MO 1.2m,6:30,111.3
Jan 2004,18-19/01/2004,MO 1.2m,6:40,104.1
Jan 2004,18-19/01/2004,MO 1.2m,6:50,123.9
Jan 2004,18-19/01/2004,MO 1.2m,7:00,159.8
Jan 2004,18-19/01/2004,MO 1.2m,7:10,132.6
Jan 2004,18-19/01/2004,MO 1.2m,7:20,152.3
Jan 2004,18-19/01/2004,MO 1.2m,7:30,188.6
Jan 2004,18-19/01/2004,MO 1.2m,7:40,198.2
Jan 2004,18-19/01/2004,MO 1.2m,7:50,225.0
Jan 2004,18-19/01/2004,MO 1.2m,8:00,213.8
Jan 2004,18-19/01/2004,MO 1.2m,8:10,203.6
Jan 2004,18-19/01/2004,MO 1.2m,8:20,281.6
Jan 2004,18-19/01/2004,MO 1.2m,8:30,303.8
Jan 2004,18-19/01/2004,MO 1.2m,8:40,401.8
Jan 2004,18-19/01/2004,MO 1.2m,8:50,498.5
Jan 2004,18-19/01/2004,MO 1.2m,9:00,435.2
Jan 2004,18-19/01/2004,MO 1.2m,9:10,526.8
Jan 2004,18-19/01/2004,MO 1.2m,9:20,451.9
Jan 2004,18-19/01/2004,MO 1.2m,9:30,448.1
Jan 2004,18-19/01/2004,MO 1.2m,9:40,491.0
Jan 2004,18-19/01/2004,MO 1.2m,9:50,513.3
Jan 2004,11-12/01/2004,MO 2m,10:00,1539.0
Jan 2004,11-12/01/2004,MO 2m,10:10,1604.0
Jan 2004,11-12/01/2004,MO 2m,10:20,1036.0
Jan 2004,11-12/01/2004,MO 2m,10:30,1564.0
Jan 2004,11-12/01/2004,MO 2m,10:40,1749.0
Jan 2004,11-12/01/2004,MO 2m,10:50,1695.0
Jan 2004,11-12/01/2004,MO 2m,11:00,1887.0
Jan 2004,11-12/01/2004,MO 2m,11:10,2018.0
Jan 2004,11-12/01/2004,MO 2m,11:20,1836.0
Jan 2004,11-12/01/2004,MO 2m,11:30,1574.0
Jan 2004,11-12/01/2004,MO 2m,11:40,1497.0
Jan 2004,11-12/01/2004,MO 2m,11:50,1459.0
Jan 2004,11-12/01/2004,MO 2m,12:00,492.6
Jan 2004,11-12/01/2004,MO 2m,12:10,1303.0
Jan 2004,11-12/01/2004,MO 2m,12:20,767.8
Jan 2004,11-12/01/2004,MO 2m,12:30,2072.0
Jan 2004,11-12/01/2004,MO 2m,12:40,1215.0
Jan 2004,11-12/01/2004,MO 2m,12:50,1347.0
Jan 2004,11-12/01/2004,MO 2m,13:00,759.7
Jan 2004,11-12/01/2004,MO 2m,13:10,825.6
Jan 2004,11-12/01/2004,MO 2m,13:20,971.0
Jan 2004,11-12/01/2004,MO 2m,13:30,1773.0
Jan 2004,11-12/01/2004,MO 2m,13:40,1505.0
Jan 2004,11-12/01/2004,MO 2m,13:50,1811.0
Jan 2004,11-12/01/2004,MO 2m,14:00,1196.0
Jan 2004,11-12/01/2004,MO 2m,14:10,1870.0
Jan 2004,11-12/01/2004,MO 2m,14:20,1766.0
Jan 2004,11-12/01/2004,MO 2m,14:30,1734.0
Jan 2004,11-12/01/2004,MO 2m,14:40,1880.0
Jan 2004,11-12/01/2004,MO 2m,14:50,948.1
Jan 2004,11-12/01/2004,MO 2m,15:00,925.5
Jan 2004,11-12/01/2004,MO 2m,15:10,1145.0
Jan 2004,11-12/01/2004,MO 2m,15:20,717.0
Jan 2004,11-12/01/2004,MO 2m,15:30,1729.0
Jan 2004,11-12/01/2004,MO 2m,15:40,1563.0
Jan 2004,11-12/01/2004,MO 2m,15:50,1367.0
Jan 2004,11-12/01/2004,MO 2m,16:00,1599.0
Jan 2004,11-12/01/2004,MO 2m,16:10,1125.0
Jan 2004,11-12/01/2004,MO 2m,16:20,1499.0
Jan 2004,11-12/01/2004,MO 2m,16:30,1355.0
Jan 2004,11-12/01/2004,MO 2m,16:40,1255.0
Jan 2004,11-12/01/2004,MO 2m,16:50,1159.0
Jan 2004,11-12/01/2004,MO 2m,17:00,1072.0
Jan 2004,11-12/01/2004,MO 2m,17:10,969.0
Jan 2004,11-12/01/2004,MO 2m,17:20,893.5
Jan 2004,11-12/01/2004,MO 2m,17:30,624.2
Jan 2004,11-12/01/2004,MO 2m,17:40,537.4
Jan 2004,11-12/01/2004,MO 2m,17:50,455.6
Jan 2004,11-12/01/2004,MO 2m,18:00,464.0
Jan 2004,11-12/01/2004,MO 2m,18:10,388.4
Jan 2004,11-12/01/2004,MO 2m,18:20,209.4
Jan 2004,11-12/01/2004,MO 2m,18:30,129.6
Jan 2004,11-12/01/2004,MO 2m,18:40,81.9
Jan 2004,11-12/01/2004,MO 2m,18:50,69.6
Jan 2004,11-12/01/2004,MO 2m,19:00,47.47
Jan 2004,11-12/01/2004,MO 2m,19:10,25.34
Jan 2004,11-12/01/2004,MO 2m,19:20,4.39
Jan 2004,11-12/01/2004,MO 2m,5:30,1.489
Jan 2004,11-12/01/2004,MO 2m,5:40,8.217
Jan 2004,11-12/01/2004,MO 2m,5:50,10.55
Jan 2004,11-12/01/2004,MO 2m,6:00,15.3
Jan 2004,11-12/01/2004,MO 2m,6:10,30.52
Jan 2004,11-12/01/2004,MO 2m,6:20,40.11
Jan 2004,11-12/01/2004,MO 2m,6:30,53.01
Jan 2004,11-12/01/2004,MO 2m,6:40,85.4
Jan 2004,11-12/01/2004,MO 2m,6:50,158.1
Jan 2004,11-12/01/2004,MO 2m,7:00,263.4
Jan 2004,11-12/01/2004,MO 2m,7:10,391.3
Jan 2004,11-12/01/2004,MO 2m,7:20,462.4
Jan 2004,11-12/01/2004,MO 2m,7:30,537.8
Jan 2004,11-12/01/2004,MO 2m,7:40,622.6
Jan 2004,11-12/01/2004,MO 2m,7:50,703.4
Jan 2004,11-12/01/2004,MO 2m,8:00,768.0
Jan 2004,11-12/01/2004,MO 2m,8:10,752.8
Jan 2004,11-12/01/2004,MO 2m,8:20,871.8
Jan 2004,11-12/01/2004,MO 2m,8:30,992.8
Jan 2004,11-12/01/2004,MO 2m,8:40,1072.0
Jan 2004,11-12/01/2004,MO 2m,8:50,1135.0
Jan 2004,11-12/01/2004,MO 2m,9:00,1211.0
Jan 2004,11-12/01/2004,MO 2m,9:10,1265.0
Jan 2004,11-12/01/2004,MO 2m,9:20,1303.0
Jan 2004,11-12/01/2004,MO 2m,9:30,1368.0
Jan 2004,11-12/01/2004,MO 2m,9:40,1394.0
Jan 2004,11-12/01/2004,MO 2m,9:50,1501.0
Jan 2004,17-18/01/2004,MO 2m,10:00,1532.0
Jan 2004,17-18/01/2004,MO 2m,10:10,1545.0
Jan 2004,17-18/01/2004,MO 2m,10:20,1626.0
Jan 2004,17-18/01/2004,MO 2m,10:30,1627.0
Jan 2004,17-18/01/2004,MO 2m,10:40,1728.0
Jan 2004,17-18/01/2004,MO 2m,10:50,1747.0
Jan 2004,17-18/01/2004,MO 2m,11:00,1779.0
Jan 2004,17-18/01/2004,MO 2m,11:10,1809.0
Jan 2004,17-18/01/2004,MO 2m,11:20,1841.0
Jan 2004,17-18/01/2004,MO 2m,11:30,1862.0
Jan 2004,17-18/01/2004,MO 2m,11:40,1877.0
Jan 2004,17-18/01/2004,MO 2m,11:50,1879.0
Jan 2004,17-18/01/2004,MO 2m,12:00,1924.0
Jan 2004,17-18/01/2004,MO 2m,12:10,1935.0
Jan 2004,17-18/01/2004,MO 2m,12:20,1941.0
Jan 2004,17-18/01/2004,MO 2m,12:30,1952.0
Jan 2004,17-18/01/2004,MO 2m,12:40,1967.0
Jan 2004,17-18/01/2004,MO 2m,12:50,1960.0
Jan 2004,17-18/01/2004,MO 2m,13:00,1796.0
Jan 2004,17-18/01/2004,MO 2m,13:10,1754.0
Jan 2004,17-18/01/2004,MO 2m,13:20,2157.0
Jan 2004,17-18/01/2004,MO 2m,13:30,1826.0
Jan 2004,17-18/01/2004,MO 2m,13:40,1476.0
Jan 2004,17-18/01/2004,MO 2m,13:50,1679.0
Jan 2004,17-18/01/2004,MO 2m,14:00,1747.0
Jan 2004,17-18/01/2004,MO 2m,14:10,1358.0
Jan 2004,17-18/01/2004,MO 2m,14:20,653.4
Jan 2004,17-18/01/2004,MO 2m,14:30,601.1
Jan 2004,17-18/01/2004,MO 2m,14:40,1482.0
Jan 2004,17-18/01/2004,MO 2m,14:50,1896.0
Jan 2004,17-18/01/2004,MO 2m,15:00,1821.0
Jan 2004,17-18/01/2004,MO 2m,15:10,1538.0
Jan 2004,17-18/01/2004,MO 2m,15:20,1507.0
Jan 2004,17-18/01/2004,MO 2m,15:30,1508.0
Jan 2004,17-18/01/2004,MO 2m,15:40,1510.0
Jan 2004,17-18/01/2004,MO 2m,15:50,1429.0
Jan 2004,17-18/01/2004,MO 2m,16:00,1319.0
Jan 2004,17-18/01/2004,MO 2m,16:10,412.6
Jan 2004,17-18/01/2004,MO 2m,16:20,342.0
Jan 2004,17-18/01/2004,MO 2m,16:30,336.7
Jan 2004,17-18/01/2004,MO 2m,16:40,384.4
Jan 2004,17-18/01/2004,MO 2m,16:50,1038.0
Jan 2004,17-18/01/2004,MO 2m,17:00,1106.0
Jan 2004,17-18/01/2004,MO 2m,17:10,1012.0
Jan 2004,17-18/01/2004,MO 2m,17:20,971.3
Jan 2004,17-18/01/2004,MO 2m,17:30,813.1
Jan 2004,17-18/01/2004,MO 2m,17:40,466.6
Jan 2004,17-18/01/2004,MO 2m,17:50,402.8
Jan 2004,17-18/01/2004,MO 2m,18:00,445.2
Jan 2004,17-18/01/2004,MO 2m,18:10,367.4
Jan 2004,17-18/01/2004,MO 2m,18:20,338.2
Jan 2004,17-18/01/2004,MO 2m,18:30,126.0
Jan 2004,17-18/01/2004,MO 2m,18:40,82.6
Jan 2004,17-18/01/2004,MO 2m,18:50,79.77
Jan 2004,17-18/01/2004,MO 2m,19:00,72.3
Jan 2004,17-18/01/2004,MO 2m,19:10,14.83
Jan 2004,17-18/01/2004,MO 2m,19:20,3.36
Jan 2004,17-18/01/2004,MO 2m,5:30,1.135
Jan 2004,17-18/01/2004,MO 2m,5:40,6.31
Jan 2004,17-18/01/2004,MO 2m,5:50,11.485
Jan 2004,17-18/01/2004,MO 2m,6:00,16.66
Jan 2004,17-18/01/2004,MO 2m,6:10,37.91
Jan 2004,17-18/01/2004,MO 2m,6:20,43.77
Jan 2004,17-18/01/2004,MO 2m,6:30,112.2
Jan 2004,17-18/01/2004,MO 2m,6:40,123.8
Jan 2004,17-18/01/2004,MO 2m,6:50,140.8
Jan 2004,17-18/01/2004,MO 2m,7:00,195.1
Jan 2004,17-18/01/2004,MO 2m,7:10,321.6
Jan 2004,17-18/01/2004,MO 2m,7:20,324.8
Jan 2004,17-18/01/2004,MO 2m,7:30,348.8
Jan 2004,17-18/01/2004,MO 2m,7:40,466.1
Jan 2004,17-18/01/2004,MO 2m,7:50,611.6
Jan 2004,17-18/01/2004,MO 2m,8:00,650.5
Jan 2004,17-18/01/2004,MO 2m,8:10,749.3
Jan 2004,17-18/01/2004,MO 2m,8:20,902.4
Jan 2004,17-18/01/2004,MO 2m,8:30,979.6
Jan 2004,17-18/01/2004,MO 2m,8:40,843.9
Jan 2004,17-18/01/2004,MO 2m,8:50,938.2
Jan 2004,17-18/01/2004,MO 2m,9:00,933.1
Jan 2004,17-18/01/2004,MO 2m,9:10,1137.0
Jan 2004,17-18/01/2004,MO 2m,9:20,1332.0
Jan 2004,17-18/01/2004,MO 2m,9:30,1230.0
Jan 2004,17-18/01/2004,MO 2m,9:40,1257.0
Jan 2004,17-18/01/2004,MO 2m,9:50,1453.0
Jan 2004,11-12/01/2004,Open area 2m,10:00,1587.0
Jan 2004,11-12/01/2004,Open area 2m,10:10,1618.0
Jan 2004,11-12/01/2004,Open area 2m,10:20,1664.0
Jan 2004,11-12/01/2004,Open area 2m,10:30,1580.0
Jan 2004,11-12/01/2004,Open area 2m,10:40,1801.0
Jan 2004,11-12/01/2004,Open area 2m,10:50,1840.0
Jan 2004,11-12/01/2004,Open area 2m,11:00,1940.0
Jan 2004,11-12/01/2004,Open area 2m,11:10,2020.0
Jan 2004,11-12/01/2004,Open area 2m,11:20,1856.0
Jan 2004,11-12/01/2004,Open area 2m,11:30,1637.0
Jan 2004,11-12/01/2004,Open area 2m,11:40,1995.0
Jan 2004,11-12/01/2004,Open area 2m,11:50,1587.0
Jan 2004,11-12/01/2004,Open area 2m,12:00,1705.0
Jan 2004,11-12/01/2004,Open area 2m,12:10,1477.0
Jan 2004,11-12/01/2004,Open area 2m,12:20,1673.0
Jan 2004,11-12/01/2004,Open area 2m,12:30,1856.0
Jan 2004,11-12/01/2004,Open area 2m,12:40,1889.0
Jan 2004,11-12/01/2004,Open area 2m,12:50,2211.0
Jan 2004,11-12/01/2004,Open area 2m,13:00,1843.0
Jan 2004,11-12/01/2004,Open area 2m,13:10,2199.0
Jan 2004,11-12/01/2004,Open area 2m,13:20,1536.0
Jan 2004,11-12/01/2004,Open area 2m,13:30,1230.0
Jan 2004,11-12/01/2004,Open area 2m,13:40,2002.0
Jan 2004,11-12/01/2004,Open area 2m,13:50,2016.0
Jan 2004,11-12/01/2004,Open area 2m,14:00,2072.0
Jan 2004,11-12/01/2004,Open area 2m,14:10,2201.0
Jan 2004,11-12/01/2004,Open area 2m,14:20,2166.0
Jan 2004,11-12/01/2004,Open area 2m,14:30,1600.0
Jan 2004,11-12/01/2004,Open area 2m,14:40,1902.0
Jan 2004,11-12/01/2004,Open area 2m,14:50,1391.0
Jan 2004,11-12/01/2004,Open area 2m,15:00,1075.0
Jan 2004,11-12/01/2004,Open area 2m,15:10,1155.0
Jan 2004,11-12/01/2004,Open area 2m,15:20,1661.0
Jan 2004,11-12/01/2004,Open area 2m,15:30,1096.0
Jan 2004,11-12/01/2004,Open area 2m,15:40,1360.0
Jan 2004,11-12/01/2004,Open area 2m,15:50,1317.0
Jan 2004,11-12/01/2004,Open area 2m,16:00,1488.0
Jan 2004,11-12/01/2004,Open area 2m,16:10,1247.0
Jan 2004,11-12/01/2004,Open area 2m,16:20,1472.0
Jan 2004,11-12/01/2004,Open area 2m,16:30,1159.0
Jan 2004,11-12/01/2004,Open area 2m,16:40,1263.0
Jan 2004,11-12/01/2004,Open area 2m,16:50,1097.0
Jan 2004,11-12/01/2004,Open area 2m,17:00,1027.0
Jan 2004,11-12/01/2004,Open area 2m,17:10,978.3
Jan 2004,11-12/01/2004,Open area 2m,17:20,714.1
Jan 2004,11-12/01/2004,Open area 2m,17:30,666.8
Jan 2004,11-12/01/2004,Open area 2m,17:40,527.0
Jan 2004,11-12/01/2004,Open area 2m,17:50,527.8
Jan 2004,11-12/01/2004,Open area 2m,18:00,468.1
Jan 2004,11-12/01/2004,Open area 2m,18:10,344.6
Jan 2004,11-12/01/2004,Open area 2m,18:20,182.6
Jan 2004,11-12/01/2004,Open area 2m,18:30,98.02
Jan 2004,11-12/01/2004,Open area 2m,18:40,66.62
Jan 2004,11-12/01/2004,Open area 2m,18:50,66.27
Jan 2004,11-12/01/2004,Open area 2m,19:00,48.62
Jan 2004,11-12/01/2004,Open area 2m,19:10,10.97
Jan 2004,11-12/01/2004,Open area 2m,19:20,4.423
Jan 2004,11-12/01/2004,Open area 2m,5:30,4.151
Jan 2004,11-12/01/2004,Open area 2m,5:40,8.288
Jan 2004,11-12/01/2004,Open area 2m,5:50,11.105
Jan 2004,11-12/01/2004,Open area 2m,6:00,18.87
Jan 2004,11-12/01/2004,Open area 2m,6:10,31.15
Jan 2004,11-12/01/2004,Open area 2m,6:20,42.69
Jan 2004,11-12/01/2004,Open area 2m,6:30,125.1
Jan 2004,11-12/01/2004,Open area 2m,6:40,157.8
Jan 2004,11-12/01/2004,Open area 2m,6:50,332.6
Jan 2004,11-12/01/2004,Open area 2m,7:00,419.0
Jan 2004,11-12/01/2004,Open area 2m,7:10,491.9
Jan 2004,11-12/01/2004,Open area 2m,7:20,551.2
Jan 2004,11-12/01/2004,Open area 2m,7:30,609.4
Jan 2004,11-12/01/2004,Open area 2m,7:40,668.2
Jan 2004,11-12/01/2004,Open area 2m,7:50,732.6
Jan 2004,11-12/01/2004,Open area 2m,8:00,799.0
Jan 2004,11-12/01/2004,Open area 2m,8:10,864.1
Jan 2004,11-12/01/2004,Open area 2m,8:20,930.2
Jan 2004,11-12/01/2004,Open area 2m,8:30,997.8
Jan 2004,11-12/01/2004,Open area 2m,8:40,1072.0
Jan 2004,11-12/01/2004,Open area 2m,8:50,1141.0
Jan 2004,11-12/01/2004,Open area 2m,9:00,1211.0
Jan 2004,11-12/01/2004,Open area 2m,9:10,1285.0
Jan 2004,11-12/01/2004,Open area 2m,9:20,1348.0
Jan 2004,11-12/01/2004,Open area 2m,9:30,1405.0
Jan 2004,11-12/01/2004,Open area 2m,9:40,1463.0
Jan 2004,11-12/01/2004,Open area 2m,9:50,1524.0
Jan 2004,12-13/01/2004,Open area 2m,10:00,1539.0
Jan 2004,12-13/01/2004,Open area 2m,10:10,1588.0
Jan 2004,12-13/01/2004,Open area 2m,10:20,1616.0
Jan 2004,12-13/01/2004,Open area 2m,10:30,1685.0
Jan 2004,12-13/01/2004,Open area 2m,10:40,1732.0
Jan 2004,12-13/01/2004,Open area 2m,10:50,1732.0
Jan 2004,12-13/01/2004,Open area 2m,11:00,1788.0
Jan 2004,12-13/01/2004,Open area 2m,11:10,1829.0
Jan 2004,12-13/01/2004,Open area 2m,11:20,1858.0
Jan 2004,12-13/01/2004,Open area 2m,11:30,1877.0
Jan 2004,12-13/01/2004,Open area 2m,11:40,1899.0
Jan 2004,12-13/01/2004,Open area 2m,11:50,1916.0
Jan 2004,12-13/01/2004,Open area 2m,12:00,1937.0
Jan 2004,12-13/01/2004,Open area 2m,12:10,1791.0
Jan 2004,12-13/01/2004,Open area 2m,12:20,1458.0
Jan 2004,12-13/01/2004,Open area 2m,12:30,1935.0
Jan 2004,12-13/01/2004,Open area 2m,12:40,1864.0
Jan 2004,12-13/01/2004,Open area 2m,12:50,804.5
Jan 2004,12-13/01/2004,Open area 2m,13:00,2093.0
Jan 2004,12-13/01/2004,Open area 2m,13:10,1859.0
Jan 2004,12-13/01/2004,Open area 2m,13:20,2250.0
Jan 2004,12-13/01/2004,Open area 2m,13:30,2154.0
Jan 2004,12-13/01/2004,Open area 2m,13:40,2094.0
Jan 2004,12-13/01/2004,Open area 2m,13:50,2040.0
Jan 2004,12-13/01/2004,Open area 2m,14:00,2019.0
Jan 2004,12-13/01/2004,Open area 2m,14:10,1818.0
Jan 2004,12-13/01/2004,Open area 2m,14:20,1510.0
Jan 2004,12-13/01/2004,Open area 2m,14:30,1898.0
Jan 2004,12-13/01/2004,Open area 2m,14:40,1839.0
Jan 2004,12-13/01/2004,Open area 2m,14:50,1770.0
Jan 2004,12-13/01/2004,Open area 2m,15:00,1711.0
Jan 2004,12-13/01/2004,Open area 2m,15:10,1280.0
Jan 2004,12-13/01/2004,Open area 2m,15:20,847.0
Jan 2004,12-13/01/2004,Open area 2m,15:30,1777.0
Jan 2004,12-13/01/2004,Open area 2m,15:40,1309.0
Jan 2004,12-13/01/2004,Open area 2m,15:50,1256.0
Jan 2004,12-13/01/2004,Open area 2m,16:00,1394.0
Jan 2004,12-13/01/2004,Open area 2m,16:10,1481.0
Jan 2004,12-13/01/2004,Open area 2m,16:20,1246.0
Jan 2004,12-13/01/2004,Open area 2m,16:30,1262.0
Jan 2004,12-13/01/2004,Open area 2m,16:40,1147.0
Jan 2004,12-13/01/2004,Open area 2m,16:50,1032.0
Jan 2004,12-13/01/2004,Open area 2m,17:00,1091.0
Jan 2004,12-13/01/2004,Open area 2m,17:10,1040.0
Jan 2004,12-13/01/2004,Open area 2m,17:20,766.4
Jan 2004,12-13/01/2004,Open area 2m,17:30,521.8
Jan 2004,12-13/01/2004,Open area 2m,17:40,564.3
Jan 2004,12-13/01/2004,Open area 2m,17:50,480.8
Jan 2004,12-13/01/2004,Open area 2m,18:00,378.1
Jan 2004,12-13/01/2004,Open area 2m,18:10,369.2
Jan 2004,12-13/01/2004,Open area 2m,18:20,264.4
Jan 2004,12-13/01/2004,Open area 2m,18:30,147.8
Jan 2004,12-13/01/2004,Open area 2m,18:40,86.04
Jan 2004,12-13/01/2004,Open area 2m,18:50,50.31
Jan 2004,12-13/01/2004,Open area 2m,19:00,44.11
Jan 2004,12-13/01/2004,Open area 2m,19:10,7.911
Jan 2004,12-13/01/2004,Open area 2m,19:20,4.71
Jan 2004,12-13/01/2004,Open area 2m,5:30,2.204
Jan 2004,12-13/01/2004,Open area 2m,5:40,6.935
Jan 2004,12-13/01/2004,Open area 2m,5:50,13.83
Jan 2004,12-13/01/2004,Open area 2m,6:00,27.12
Jan 2004,12-13/01/2004,Open area 2m,6:10,32.5
Jan 2004,12-13/01/2004,Open area 2m,6:20,41.71
Jan 2004,12-13/01/2004,Open area 2m,6:30,134.4
Jan 2004,12-13/01/2004,Open area 2m,6:40,123.0
Jan 2004,12-13/01/2004,Open area 2m,6:50,210.9
Jan 2004,12-13/01/2004,Open area 2m,7:00,313.4
Jan 2004,12-13/01/2004,Open area 2m,7:10,424.0
Jan 2004,12-13/01/2004,Open area 2m,7:20,487.3
Jan 2004,12-13/01/2004,Open area 2m,7:30,558.2
Jan 2004,12-13/01/2004,Open area 2m,7:40,634.4
Jan 2004,12-13/01/2004,Open area 2m,7:50,706.3
Jan 2004,12-13/01/2004,Open area 2m,8:00,777.4
Jan 2004,12-13/01/2004,Open area 2m,8:10,850.6
Jan 2004,12-13/01/2004,Open area 2m,8:20,922.9
Jan 2004,12-13/01/2004,Open area 2m,8:30,994.6
Jan 2004,12-13/01/2004,Open area 2m,8:40,1062.0
Jan 2004,12-13/01/2004,Open area 2m,8:50,1129.0
Jan 2004,12-13/01/2004,Open area 2m,9:00,1297.0
Jan 2004,12-13/01/2004,Open area 2m,9:10,1263.0
Jan 2004,12-13/01/2004,Open area 2m,9:20,1326.0
Jan 2004,12-13/01/2004,Open area 2m,9:30,1384.0
Jan 2004,12-13/01/2004,Open area 2m,9:40,1443.0
Jan 2004,12-13/01/2004,Open area 2m,9:50,1497.0
Jan 2004,15-16/01/2004,Open area 2m,10:00,1554.0
Jan 2004,15-16/01/2004,Open area 2m,10:10,1556.0
Jan 2004,15-16/01/2004,Open area 2m,10:20,1503.0
Jan 2004,15-16/01/2004,Open area 2m,10:30,1688.0
Jan 2004,15-16/01/2004,Open area 2m,10:40,1676.0
Jan 2004,15-16/01/2004,Open area 2m,10:50,1794.0
Jan 2004,15-16/01/2004,Open area 2m,11:00,1649.0
Jan 2004,15-16/01/2004,Open area 2m,11:10,1192.0
Jan 2004,15-16/01/2004,Open area 2m,11:20,1876.0
Jan 2004,15-16/01/2004,Open area 2m,11:30,1867.0
Jan 2004,15-16/01/2004,Open area 2m,11:40,1705.0
Jan 2004,15-16/01/2004,Open area 2m,11:50,1923.0
Jan 2004,15-16/01/2004,Open area 2m,12:00,1994.0
Jan 2004,15-16/01/2004,Open area 2m,12:10,1926.0
Jan 2004,15-16/01/2004,Open area 2m,12:20,1931.0
Jan 2004,15-16/01/2004,Open area 2m,12:30,1934.0
Jan 2004,15-16/01/2004,Open area 2m,12:40,1948.0
Jan 2004,15-16/01/2004,Open area 2m,12:50,1938.0
Jan 2004,15-16/01/2004,Open area 2m,13:00,2052.0
Jan 2004,15-16/01/2004,Open area 2m,13:10,1994.0
Jan 2004,15-16/01/2004,Open area 2m,13:20,1079.0
Jan 2004,15-16/01/2004,Open area 2m,13:30,1969.0
Jan 2004,15-16/01/2004,Open area 2m,13:40,2039.0
Jan 2004,15-16/01/2004,Open area 2m,13:50,1999.0
Jan 2004,15-16/01/2004,Open area 2m,14:00,1612.0
Jan 2004,15-16/01/2004,Open area 2m,14:10,1781.0
Jan 2004,15-16/01/2004,Open area 2m,14:20,1686.0
Jan 2004,15-16/01/2004,Open area 2m,14:30,1157.0
Jan 2004,15-16/01/2004,Open area 2m,14:40,1181.0
Jan 2004,15-16/01/2004,Open area 2m,14:50,1212.0
Jan 2004,15-16/01/2004,Open area 2m,15:00,1299.0
Jan 2004,15-16/01/2004,Open area 2m,15:10,1502.0
Jan 2004,15-16/01/2004,Open area 2m,15:20,1416.0
Jan 2004,15-16/01/2004,Open area 2m,15:30,1445.0
Jan 2004,15-16/01/2004,Open area 2m,15:40,1494.0
Jan 2004,15-16/01/2004,Open area 2m,15:50,1426.0
Jan 2004,15-16/01/2004,Open area 2m,16:00,1367.0
Jan 2004,15-16/01/2004,Open area 2m,16:10,1322.0
Jan 2004,15-16/01/2004,Open area 2m,16:20,981.7
Jan 2004,15-16/01/2004,Open area 2m,16:30,920.3
Jan 2004,15-16/01/2004,Open area 2m,16:40,816.24
Jan 2004,15-16/01/2004,Open area 2m,16:50,890.21
Jan 2004,15-16/01/2004,Open area 2m,17:00,1006.9
Jan 2004,15-16/01/2004,Open area 2m,17:10,1142.4
Jan 2004,15-16/01/2004,Open area 2m,17:20,981.6
Jan 2004,15-16/01/2004,Open area 2m,17:30,876.4
Jan 2004,15-16/01/2004,Open area 2m,17:40,674.9
Jan 2004,15-16/01/2004,Open area 2m,17:50,573.9
Jan 2004,15-16/01/2004,Open area 2m,18:00,561.7
Jan 2004,15-16/01/2004,Open area 2m,18:10,495.3
Jan 2004,15-16/01/2004,Open area 2m,18:20,375.1
Jan 2004,15-16/01/2004,Open area 2m,18:30,264.9
Jan 2004,15-16/01/2004,Open area 2m,18:40,113.11
Jan 2004,15-16/01/2004,Open area 2m,18:50,92.11
Jan 2004,15-16/01/2004,Open area 2m,19:00,72.11
Jan 2004,15-16/01/2004,Open area 2m,19:10,12.11
Jan 2004,15-16/01/2004,Open area 2m,19:20,4.411
Jan 2004,15-16/01/2004,Open area 2m,5:30,4.152
Jan 2004,15-16/01/2004,Open area 2m,5:40,9.719
Jan 2004,15-16/01/2004,Open area 2m,5:50,14.46
Jan 2004,15-16/01/2004,Open area 2m,6:00,18.93
Jan 2004,15-16/01/2004,Open area 2m,6:10,36.72
Jan 2004,15-16/01/2004,Open area 2m,6:20,70.92
Jan 2004,15-16/01/2004,Open area 2m,6:30,135.5
Jan 2004,15-16/01/2004,Open area 2m,6:40,163.3
Jan 2004,15-16/01/2004,Open area 2m,6:50,191.1
Jan 2004,15-16/01/2004,Open area 2m,7:00,208.9
Jan 2004,15-16/01/2004,Open area 2m,7:10,416.5
Jan 2004,15-16/01/2004,Open area 2m,7:20,501.0
Jan 2004,15-16/01/2004,Open area 2m,7:30,570.4
Jan 2004,15-16/01/2004,Open area 2m,7:40,639.2
Jan 2004,15-16/01/2004,Open area 2m,7:50,712.2
Jan 2004,15-16/01/2004,Open area 2m,8:00,793.6
Jan 2004,15-16/01/2004,Open area 2m,8:10,873.0
Jan 2004,15-16/01/2004,Open area 2m,8:20,944.0
Jan 2004,15-16/01/2004,Open area 2m,8:30,1011.0
Jan 2004,15-16/01/2004,Open area 2m,8:40,1076.0
Jan 2004,15-16/01/2004,Open area 2m,8:50,1145.0
Jan 2004,15-16/01/2004,Open area 2m,9:00,1209.0
Jan 2004,15-16/01/2004,Open area 2m,9:10,1273.0
Jan 2004,15-16/01/2004,Open area 2m,9:20,1333.0
Jan 2004,15-16/01/2004,Open area 2m,9:30,1392.0
Jan 2004,15-16/01/2004,Open area 2m,9:40,1445.0
Jan 2004,15-16/01/2004,Open area 2m,9:50,1505.0
Jan 2004,15-16/01/2004 (rep2),Open area 2m,10:00,1062.0
Jan 2004,15-16/01/2004 (rep2),Open area 2m,10:10,1089.0
Jan 2004,15-16/01/2004 (rep2),Open area 2m,10:20,1232.0
Jan 2004,15-16/01/2004 (rep2),Open area 2m,10:30,1454.0
Jan 2004,15-16/01/2004 (rep2),Open area 2m,10:40,1527.0
Jan 2004,15-16/01/2004 (rep2),Open area 2m,10:50,1658.0
Jan 2004,15-16/01/2004 (rep2),Open area 2m,11:00,1842.0
Jan 2004,15-16/01/2004 (rep2),Open area 2m,11:10,1841.0
Jan 2004,15-16/01/2004 (rep2),Open area 2m,11:20,1739.0
Jan 2004,15-16/01/2004 (rep2),Open area 2m,11:30,1684.0
Jan 2004,15-16/01/2004 (rep2),Open area 2m,11:40,1920.0
Jan 2004,15-16/01/2004 (rep2),Open area 2m,11:50,1855.0
Jan 2004,15-16/01/2004 (rep2),Open area 2m,12:00,1896.0
Jan 2004,15-16/01/2004 (rep2),Open area 2m,12:10,1908.0
Jan 2004,15-16/01/2004 (rep2),Open area 2m,12:20,1924.0
Jan 2004,15-16/01/2004 (rep2),Open area 2m,12:30,1919.0
Jan 2004,15-16/01/2004 (rep2),Open area 2m,12:40,1911.0
Jan 2004,15-16/01/2004 (rep2),Open area 2m,12:50,1049.0
Jan 2004,15-16/01/2004 (rep2),Open area 2m,13:00,2045.0
Jan 2004,15-16/01/2004 (rep2),Open area 2m,13:10,1589.0
Jan 2004,15-16/01/2004 (rep2),Open area 2m,13:20,1977.0
Jan 2004,15-16/01/2004 (rep2),Open area 2m,13:30,1952.0
Jan 2004,15-16/01/2004 (rep2),Open area 2m,13:40,1933.0
Jan 2004,15-16/01/2004 (rep2),Open area 2m,13:50,1809.0
Jan 2004,15-16/01/2004 (rep2),Open area 2m,14:00,1480.0
Jan 2004,15-16/01/2004 (rep2),Open area 2m,14:10,1607.0
Jan 2004,15-16/01/2004 (rep2),Open area 2m,14:20,1872.0
Jan 2004,15-16/01/2004 (rep2),Open area 2m,14:30,1376.0
Jan 2004,15-16/01/2004 (rep2),Open area 2m,14:40,1227.0
Jan 2004,15-16/01/2004 (rep2),Open area 2m,14:50,1703.0
Jan 2004,15-16/01/2004 (rep2),Open area 2m,15:00,1881.0
Jan 2004,15-16/01/2004 (rep2),Open area 2m,15:10,1713.0
Jan 2004,15-16/01/2004 (rep2),Open area 2m,15:20,1441.0
Jan 2004,15-16/01/2004 (rep2),Open area 2m,15:30,1478.0
Jan 2004,15-16/01/2004 (rep2),Open area 2m,15:40,1511.0
Jan 2004,15-16/01/2004 (rep2),Open area 2m,15:50,1114.0
Jan 2004,15-16/01/2004 (rep2),Open area 2m,16:00,1303.9
Jan 2004,15-16/01/2004 (rep2),Open area 2m,16:10,804.2
Jan 2004,15-16/01/2004 (rep2),Open area 2m,16:20,800.3
Jan 2004,15-16/01/2004 (rep2),Open area 2m,16:30,1055.4
Jan 2004,15-16/01/2004 (rep2),Open area 2m,16:40,1308.8
Jan 2004,15-16/01/2004 (rep2),Open area 2m,16:50,1218.6
Jan 2004,15-16/01/2004 (rep2),Open area 2m,17:00,1124.7
Jan 2004,15-16/01/2004 (rep2),Open area 2m,17:10,1096.4
Jan 2004,15-16/01/2004 (rep2),Open area 2m,17:20,909.8
Jan 2004,15-16/01/2004 (rep2),Open area 2m,17:30,811.8
Jan 2004,15-16/01/2004 (rep2),Open area 2m,17:40,622.4
Jan 2004,15-16/01/2004 (rep2),Open area 2m,17:50,483.3
Jan 2004,15-16/01/2004 (rep2),Open area 2m,18:00,523.5
Jan 2004,15-16/01/2004 (rep2),Open area 2m,18:10,485.8
Jan 2004,15-16/01/2004 (rep2),Open area 2m,18:20,390.6
Jan 2004,15-16/01/2004 (rep2),Open area 2m,18:30,266.3
Jan 2004,15-16/01/2004 (rep2),Open area 2m,18:40,114.27
Jan 2004,15-16/01/2004 (rep2),Open area 2m,18:50,84.9
Jan 2004,15-16/01/2004 (rep2),Open area 2m,19:00,76.7
Jan 2004,15-16/01/2004 (rep2),Open area 2m,19:10,18.59
Jan 2004,15-16/01/2004 (rep2),Open area 2m,19:20,4.803
Jan 2004,15-16/01/2004 (rep2),Open area 2m,5:30,2.945
Jan 2004,15-16/01/2004 (rep2),Open area 2m,5:40,13.42
Jan 2004,15-16/01/2004 (rep2),Open area 2m,5:50,14.895
Jan 2004,15-16/01/2004 (rep2),Open area 2m,6:00,16.37
Jan 2004,15-16/01/2004 (rep2),Open area 2m,6:10,32.57
Jan 2004,15-16/01/2004 (rep2),Open area 2m,6:20,77.68
Jan 2004,15-16/01/2004 (rep2),Open area 2m,6:30,151.1
Jan 2004,15-16/01/2004 (rep2),Open area 2m,6:40,179.9
Jan 2004,15-16/01/2004 (rep2),Open area 2m,6:50,208.7
Jan 2004,15-16/01/2004 (rep2),Open area 2m,7:00,222.6
Jan 2004,15-16/01/2004 (rep2),Open area 2m,7:10,390.1
Jan 2004,15-16/01/2004 (rep2),Open area 2m,7:20,536.0
Jan 2004,15-16/01/2004 (rep2),Open area 2m,7:30,487.9
Jan 2004,15-16/01/2004 (rep2),Open area 2m,7:40,786.9
Jan 2004,15-16/01/2004 (rep2),Open area 2m,7:50,879.2
Jan 2004,15-16/01/2004 (rep2),Open area 2m,8:00,880.6
Jan 2004,15-16/01/2004 (rep2),Open area 2m,8:10,763.6
Jan 2004,15-16/01/2004 (rep2),Open area 2m,8:20,939.7
Jan 2004,15-16/01/2004 (rep2),Open area 2m,8:30,850.2
Jan 2004,15-16/01/2004 (rep2),Open area 2m,8:40,1149.0
Jan 2004,15-16/01/2004 (rep2),Open area 2m,8:50,1050.0
Jan 2004,15-16/01/2004 (rep2),Open area 2m,9:00,1318.0
Jan 2004,15-16/01/2004 (rep2),Open area 2m,9:10,1420.0
Jan 2004,15-16/01/2004 (rep2),Open area 2m,9:20,1525.0
Jan 2004,15-16/01/2004 (rep2),Open area 2m,9:30,1660.0
Jan 2004,15-16/01/2004 (rep2),Open area 2m,9:40,1742.0
Jan 2004,15-16/01/2004 (rep2),Open area 2m,9:50,1393.0
Mar 2004,20-21/03/2004,AFS 1.2m,10:00,47.39
Mar 2004,20-21/03/2004,AFS 1.2m,10:10,53.02
Mar 2004,20-21/03/2004,AFS 1.2m,10:20,50.68
Mar 2004,20-21/03/2004,AFS 1.2m,10:30,53.75
Mar 2004,20-21/03/2004,AFS 1.2m,10:40,54.58
Mar 2004,20-21/03/2004,AFS 1.2m,10:50,60.3
Mar 2004,20-21/03/2004,AFS 1.2m,11:00,63.02
Mar 2004,20-21/03/2004,AFS 1.2m,11:10,58.63
Mar 2004,20-21/03/2004,AFS 1.2m,11:20,70.07
Mar 2004,20-21/03/2004,AFS 1.2m,11:30,43.91
Mar 2004,20-21/03/2004,AFS 1.2m,11:40,65.17
Mar 2004,20-21/03/2004,AFS 1.2m,11:50,75.38
Mar 2004,20-21/03/2004,AFS 1.2m,12:00,73.93
Mar 2004,20-21/03/2004,AFS 1.2m,12:10,74.96
Mar 2004,20-21/03/2004,AFS 1.2m,12:20,78.62
Mar 2004,20-21/03/2004,AFS 1.2m,12:30,78.9
Mar 2004,20-21/03/2004,AFS 1.2m,12:40,80.5
Mar 2004,20-21/03/2004,AFS 1.2m,12:50,83.5
Mar 2004,20-21/03/2004,AFS 1.2m,13:00,87.84
Mar 2004,20-21/03/2004,AFS 1.2m,13:10,71.89
Mar 2004,20-21/03/2004,AFS 1.2m,13:20,64.17
Mar 2004,20-21/03/2004,AFS 1.2m,13:30,81.8
Mar 2004,20-21/03/2004,AFS 1.2m,13:40,53.42
Mar 2004,20-21/03/2004,AFS 1.2m,13:50,49.37
Mar 2004,20-21/03/2004,AFS 1.2m,14:00,52.71
Mar 2004,20-21/03/2004,AFS 1.2m,14:10,55.03
Mar 2004,20-21/03/2004,AFS 1.2m,14:20,65.73
Mar 2004,20-21/03/2004,AFS 1.2m,14:30,75.38
Mar 2004,20-21/03/2004,AFS 1.2m,14:40,65.98
Mar 2004,20-21/03/2004,AFS 1.2m,14:50,76.02
Mar 2004,20-21/03/2004,AFS 1.2m,15:00,70.77
Mar 2004,20-21/03/2004,AFS 1.2m,15:10,45.25
Mar 2004,20-21/03/2004,AFS 1.2m,15:20,46.51
Mar 2004,20-21/03/2004,AFS 1.2m,15:30,46.06
Mar 2004,20-21/03/2004,AFS 1.2m,15:40,80.35
Mar 2004,20-21/03/2004,AFS 1.2m,15:50,110.3
Mar 2004,20-21/03/2004,AFS 1.2m,16:00,66.88
Mar 2004,20-21/03/2004,AFS 1.2m,16:10,23.49
Mar 2004,20-21/03/2004,AFS 1.2m,16:20,37.32
Mar 2004,20-21/03/2004,AFS 1.2m,16:30,31.48
Mar 2004,20-21/03/2004,AFS 1.2m,16:40,17.51
Mar 2004,20-21/03/2004,AFS 1.2m,16:50,13.36
Mar 2004,20-21/03/2004,AFS 1.2m,17:00,9.5
Mar 2004,20-21/03/2004,AFS 1.2m,17:10,8.66
Mar 2004,20-21/03/2004,AFS 1.2m,17:20,9.46
Mar 2004,20-21/03/2004,AFS 1.2m,17:30,2.95
Mar 2004,20-21/03/2004,AFS 1.2m,17:40,2.07
Mar 2004,20-21/03/2004,AFS 1.2m,17:50,1.08
Mar 2004,20-21/03/2004,AFS 1.2m,18:00,0.42
Mar 2004,20-21/03/2004,AFS 1.2m,18:10,0.11
Mar 2004,20-21/03/2004,AFS 1.2m,18:20,0.11
Mar 2004,20-21/03/2004,AFS 1.2m,5:50,0.12
Mar 2004,20-21/03/2004,AFS 1.2m,6:00,1.32
Mar 2004,20-21/03/2004,AFS 1.2m,6:10,3.24
Mar 2004,20-21/03/2004,AFS 1.2m,6:20,5.74
Mar 2004,20-21/03/2004,AFS 1.2m,6:30,5.97
Mar 2004,20-21/03/2004,AFS 1.2m,6:40,9.59
Mar 2004,20-21/03/2004,AFS 1.2m,6:50,12.71
Mar 2004,20-21/03/2004,AFS 1.2m,7:00,14.12
Mar 2004,20-21/03/2004,AFS 1.2m,7:10,15.96
Mar 2004,20-21/03/2004,AFS 1.2m,7:20,17.84
Mar 2004,20-21/03/2004,AFS 1.2m,7:30,21.24
Mar 2004,20-21/03/2004,AFS 1.2m,7:40,24.49
Mar 2004,20-21/03/2004,AFS 1.2m,7:50,24.27
Mar 2004,20-21/03/2004,AFS 1.2m,8:00,58.54
Mar 2004,20-21/03/2004,AFS 1.2m,8:10,51.27
Mar 2004,20-21/03/2004,AFS 1.2m,8:20,38.31
Mar 2004,20-21/03/2004,AFS 1.2m,8:30,36.51
Mar 2004,20-21/03/2004,AFS 1.2m,8:40,43.68
Mar 2004,20-21/03/2004,AFS 1.2m,8:50,47.5
Mar 2004,20-21/03/2004,AFS 1.2m,9:00,38.72
Mar 2004,20-21/03/2004,AFS 1.2m,9:10,42.81
Mar 2004,20-21/03/2004,AFS 1.2m,9:20,41.38
Mar 2004,20-21/03/2004,AFS 1.2m,9:30,42.85
Mar 2004,20-21/03/2004,AFS 1.2m,9:40,44.42
Mar 2004,20-21/03/2004,AFS 1.2m,9:50,46.26
Mar 2004,19-20/03/2004,AFS 2m,10:00,99.54
Mar 2004,19-20/03/2004,AFS 2m,10:10,49.7
Mar 2004,19-20/03/2004,AFS 2m,10:20,59.79
Mar 2004,19-20/03/2004,AFS 2m,10:30,66.96
Mar 2004,19-20/03/2004,AFS 2m,10:40,62.68
Mar 2004,19-20/03/2004,AFS 2m,10:50,67.96
Mar 2004,19-20/03/2004,AFS 2m,11:00,77.16
Mar 2004,19-20/03/2004,AFS 2m,11:10,85.36
Mar 2004,19-20/03/2004,AFS 2m,11:20,72.13
Mar 2004,19-20/03/2004,AFS 2m,11:30,85.04
Mar 2004,19-20/03/2004,AFS 2m,11:40,99.62
Mar 2004,19-20/03/2004,AFS 2m,11:50,74.41
Mar 2004,19-20/03/2004,AFS 2m,12:00,55.14
Mar 2004,19-20/03/2004,AFS 2m,12:10,45.47
Mar 2004,19-20/03/2004,AFS 2m,12:20,74.9
Mar 2004,19-20/03/2004,AFS 2m,12:30,85.2
Mar 2004,19-20/03/2004,AFS 2m,12:40,213.9
Mar 2004,19-20/03/2004,AFS 2m,12:50,83.6
Mar 2004,19-20/03/2004,AFS 2m,13:00,85.9
Mar 2004,19-20/03/2004,AFS 2m,13:10,98.46
Mar 2004,19-20/03/2004,AFS 2m,13:20,70.96
Mar 2004,19-20/03/2004,AFS 2m,13:30,75.58
Mar 2004,19-20/03/2004,AFS 2m,13:40,79.26
Mar 2004,19-20/03/2004,AFS 2m,13:50,56.8
Mar 2004,19-20/03/2004,AFS 2m,14:00,64.7
Mar 2004,19-20/03/2004,AFS 2m,14:10,69.17
Mar 2004,19-20/03/2004,AFS 2m,14:20,69.1
Mar 2004,19-20/03/2004,AFS 2m,14:30,65.17
Mar 2004,19-20/03/2004,AFS 2m,14:40,63.08
Mar 2004,19-20/03/2004,AFS 2m,14:50,55.78
Mar 2004,19-20/03/2004,AFS 2m,15:00,63.34
Mar 2004,19-20/03/2004,AFS 2m,15:10,54.76
Mar 2004,19-20/03/2004,AFS 2m,15:20,81.8
Mar 2004,19-20/03/2004,AFS 2m,15:30,59.57
Mar 2004,19-20/03/2004,AFS 2m,15:40,59.66
Mar 2004,19-20/03/2004,AFS 2m,15:50,42.11
Mar 2004,19-20/03/2004,AFS 2m,16:00,39.46
Mar 2004,19-20/03/2004,AFS 2m,16:10,47.68
Mar 2004,19-20/03/2004,AFS 2m,16:20,46.41
Mar 2004,19-20/03/2004,AFS 2m,16:30,41.49
Mar 2004,19-20/03/2004,AFS 2m,16:40,39.52
Mar 2004,19-20/03/2004,AFS 2m,16:50,23.22
Mar 2004,19-20/03/2004,AFS 2m,17:00,18.38
Mar 2004,19-20/03/2004,AFS 2m,17:10,8.54
Mar 2004,19-20/03/2004,AFS 2m,17:20,7.31
Mar 2004,19-20/03/2004,AFS 2m,17:30,4.78
Mar 2004,19-20/03/2004,AFS 2m,17:40,2.47
Mar 2004,19-20/03/2004,AFS 2m,17:50,1.14
Mar 2004,19-20/03/2004,AFS 2m,18:00,0.84
Mar 2004,19-20/03/2004,AFS 2m,18:10,0.11
Mar 2004,19-20/03/2004,AFS 2m,18:20,0.11
Mar 2004,19-20/03/2004,AFS 2m,5:50,0.12
Mar 2004,19-20/03/2004,AFS 2m,6:00,0.47
Mar 2004,19-20/03/2004,AFS 2m,6:10,1.07
Mar 2004,19-20/03/2004,AFS 2m,6:20,1.76
Mar 2004,19-20/03/2004,AFS 2m,6:30,2.06
Mar 2004,19-20/03/2004,AFS 2m,6:40,2.94
Mar 2004,19-20/03/2004,AFS 2m,6:50,4.02
Mar 2004,19-20/03/2004,AFS 2m,7:00,6.72
Mar 2004,19-20/03/2004,AFS 2m,7:10,12.25
Mar 2004,19-20/03/2004,AFS 2m,7:20,10.28
Mar 2004,19-20/03/2004,AFS 2m,7:30,12.69
Mar 2004,19-20/03/2004,AFS 2m,7:40,12.33
Mar 2004,19-20/03/2004,AFS 2m,7:50,15.45
Mar 2004,19-20/03/2004,AFS 2m,8:00,28.38
Mar 2004,19-20/03/2004,AFS 2m,8:10,29.85
Mar 2004,19-20/03/2004,AFS 2m,8:20,27.66
Mar 2004,19-20/03/2004,AFS 2m,8:30,29.44
Mar 2004,19-20/03/2004,AFS 2m,8:40,39.63
Mar 2004,19-20/03/2004,AFS 2m,8:50,39.8
Mar 2004,19-20/03/2004,AFS 2m,9:00,46.82
Mar 2004,19-20/03/2004,AFS 2m,9:10,60.83
Mar 2004,19-20/03/2004,AFS 2m,9:20,63.02
Mar 2004,19-20/03/2004,AFS 2m,9:30,41.17
Mar 2004,19-20/03/2004,AFS 2m,9:40,47.73
Mar 2004,19-20/03/2004,AFS 2m,9:50,63.23
Mar 2004,13-14/03/2004,MO 1.2m,10:00,131.4
Mar 2004,13-14/03/2004,MO 1.2m,10:10,178.2
Mar 2004,13-14/03/2004,MO 1.2m,10:20,324.9
Mar 2004,13-14/03/2004,MO 1.2m,10:30,349.8
Mar 2004,13-14/03/2004,MO 1.2m,10:40,361.5
Mar 2004,13-14/03/2004,MO 1.2m,10:50,212.7
Mar 2004,13-14/03/2004,MO 1.2m,11:00,439.5
Mar 2004,13-14/03/2004,MO 1.2m,11:10,497.1
Mar 2004,13-14/03/2004,MO 1.2m,11:20,424.0
Mar 2004,13-14/03/2004,MO 1.2m,11:30,447.0
Mar 2004,13-14/03/2004,MO 1.2m,11:40,588.3
Mar 2004,13-14/03/2004,MO 1.2m,11:50,535.4
Mar 2004,13-14/03/2004,MO 1.2m,12:00,468.1
Mar 2004,13-14/03/2004,MO 1.2m,12:10,454.9
Mar 2004,13-14/03/2004,MO 1.2m,12:20,389.4
Mar 2004,13-14/03/2004,MO 1.2m,12:30,349.7
Mar 2004,13-14/03/2004,MO 1.2m,12:40,345.1
Mar 2004,13-14/03/2004,MO 1.2m,12:50,314.3
Mar 2004,13-14/03/2004,MO 1.2m,13:00,489.0
Mar 2004,13-14/03/2004,MO 1.2m,13:10,514.6
Mar 2004,13-14/03/2004,MO 1.2m,13:20,581.1
Mar 2004,13-14/03/2004,MO 1.2m,13:30,735.6
Mar 2004,13-14/03/2004,MO 1.2m,13:40,336.0
Mar 2004,13-14/03/2004,MO 1.2m,13:50,455.7
Mar 2004,13-14/03/2004,MO 1.2m,14:00,259.6
Mar 2004,13-14/03/2004,MO 1.2m,14:10,307.8
Mar 2004,13-14/03/2004,MO 1.2m,14:20,331.5
Mar 2004,13-14/03/2004,MO 1.2m,14:30,327.1
Mar 2004,13-14/03/2004,MO 1.2m,14:40,251.5
Mar 2004,13-14/03/2004,MO 1.2m,14:50,268.5
Mar 2004,13-14/03/2004,MO 1.2m,15:00,249.5
Mar 2004,13-14/03/2004,MO 1.2m,15:10,203.6
Mar 2004,13-14/03/2004,MO 1.2m,15:20,155.5
Mar 2004,13-14/03/2004,MO 1.2m,15:30,77.08
Mar 2004,13-14/03/2004,MO 1.2m,15:40,79.32
Mar 2004,13-14/03/2004,MO 1.2m,15:50,52.06
Mar 2004,13-14/03/2004,MO 1.2m,16:00,103.5
Mar 2004,13-14/03/2004,MO 1.2m,16:10,116.5
Mar 2004,13-14/03/2004,MO 1.2m,16:20,210.6
Mar 2004,13-14/03/2004,MO 1.2m,16:30,107.3
Mar 2004,13-14/03/2004,MO 1.2m,16:40,62.23
Mar 2004,13-14/03/2004,MO 1.2m,16:50,51.1
Mar 2004,13-14/03/2004,MO 1.2m,17:00,36.82
Mar 2004,13-14/03/2004,MO 1.2m,17:10,58.96
Mar 2004,13-14/03/2004,MO 1.2m,17:20,62.09
Mar 2004,13-14/03/2004,MO 1.2m,17:30,38.07
Mar 2004,13-14/03/2004,MO 1.2m,17:40,30.92
Mar 2004,13-14/03/2004,MO 1.2m,17:50,23.79
Mar 2004,13-14/03/2004,MO 1.2m,18:00,12.36
Mar 2004,13-14/03/2004,MO 1.2m,18:10,2.14
Mar 2004,13-14/03/2004,MO 1.2m,18:20,0.8
Mar 2004,13-14/03/2004,MO 1.2m,5:50,0.36
Mar 2004,13-14/03/2004,MO 1.2m,6:00,2.75
Mar 2004,13-14/03/2004,MO 1.2m,6:10,3.85
Mar 2004,13-14/03/2004,MO 1.2m,6:20,4.61
Mar 2004,13-14/03/2004,MO 1.2m,6:30,6.74
Mar 2004,13-14/03/2004,MO 1.2m,6:40,9.81
Mar 2004,13-14/03/2004,MO 1.2m,6:50,16.5
Mar 2004,13-14/03/2004,MO 1.2m,7:00,20.64
Mar 2004,13-14/03/2004,MO 1.2m,7:10,23.51
Mar 2004,13-14/03/2004,MO 1.2m,7:20,22.76
Mar 2004,13-14/03/2004,MO 1.2m,7:30,25.09
Mar 2004,13-14/03/2004,MO 1.2m,7:40,35.46
Mar 2004,13-14/03/2004,MO 1.2m,7:50,40.97
Mar 2004,13-14/03/2004,MO 1.2m,8:00,40.26
Mar 2004,13-14/03/2004,MO 1.2m,8:10,55.31
Mar 2004,13-14/03/2004,MO 1.2m,8:20,75.58
Mar 2004,13-14/03/2004,MO 1.2m,8:30,111.4
Mar 2004,13-14/03/2004,MO 1.2m,8:40,120.4
Mar 2004,13-14/03/2004,MO 1.2m,8:50,100.8
Mar 2004,13-14/03/2004,MO 1.2m,9:00,161.9
Mar 2004,13-14/03/2004,MO 1.2m,9:10,202.4
Mar 2004,13-14/03/2004,MO 1.2m,9:20,250.8
Mar 2004,13-14/03/2004,MO 1.2m,9:30,261.1
Mar 2004,13-14/03/2004,MO 1.2m,9:40,202.9
Mar 2004,13-14/03/2004,MO 1.2m,9:50,158.1
Mar 2004,18-19/03/2004,MO 1.2m,10:00,1189.0
Mar 2004,18-19/03/2004,MO 1.2m,10:10,1914.0
Mar 2004,18-19/03/2004,MO 1.2m,10:20,829.2
Mar 2004,18-19/03/2004,MO 1.2m,10:30,808.2
Mar 2004,18-19/03/2004,MO 1.2m,10:40,738.3
Mar 2004,18-19/03/2004,MO 1.2m,10:50,628.5
Mar 2004,18-19/03/2004,MO 1.2m,11:00,511.2
Mar 2004,18-19/03/2004,MO 1.2m,11:10,431.6
Mar 2004,18-19/03/2004,MO 1.2m,11:20,436.1
Mar 2004,18-19/03/2004,MO 1.2m,11:30,348.9
Mar 2004,18-19/03/2004,MO 1.2m,11:40,324.7
Mar 2004,18-19/03/2004,MO 1.2m,11:50,304.3
Mar 2004,18-19/03/2004,MO 1.2m,12:00,345.0
Mar 2004,18-19/03/2004,MO 1.2m,12:10,307.6
Mar 2004,18-19/03/2004,MO 1.2m,12:20,310.4
Mar 2004,18-19/03/2004,MO 1.2m,12:30,345.8
Mar 2004,18-19/03/2004,MO 1.2m,12:40,338.2
Mar 2004,18-19/03/2004,MO 1.2m,12:50,429.2
Mar 2004,18-19/03/2004,MO 1.2m,13:00,535.8
Mar 2004,18-19/03/2004,MO 1.2m,13:10,746.2
Mar 2004,18-19/03/2004,MO 1.2m,13:20,980.5
Mar 2004,18-19/03/2004,MO 1.2m,13:30,1011.0
Mar 2004,18-19/03/2004,MO 1.2m,13:40,1610.0
Mar 2004,18-19/03/2004,MO 1.2m,13:50,449.3
Mar 2004,18-19/03/2004,MO 1.2m,14:00,1302.0
Mar 2004,18-19/03/2004,MO 1.2m,14:10,797.7
Mar 2004,18-19/03/2004,MO 1.2m,14:20,1023.0
Mar 2004,18-19/03/2004,MO 1.2m,14:30,906.6
Mar 2004,18-19/03/2004,MO 1.2m,14:40,528.0
Mar 2004,18-19/03/2004,MO 1.2m,14:50,576.8
Mar 2004,18-19/03/2004,MO 1.2m,15:00,523.1
Mar 2004,18-19/03/2004,MO 1.2m,15:10,656.4
Mar 2004,18-19/03/2004,MO 1.2m,15:20,529.9
Mar 2004,18-19/03/2004,MO 1.2m,15:30,439.4
Mar 2004,18-19/03/2004,MO 1.2m,15:40,464.2
Mar 2004,18-19/03/2004,MO 1.2m,15:50,262.1
Mar 2004,18-19/03/2004,MO 1.2m,16:00,231.7
Mar 2004,18-19/03/2004,MO 1.2m,16:10,237.2
Mar 2004,18-19/03/2004,MO 1.2m,16:20,126.5
Mar 2004,18-19/03/2004,MO 1.2m,16:30,167.4
Mar 2004,18-19/03/2004,MO 1.2m,16:40,220.6
Mar 2004,18-19/03/2004,MO 1.2m,16:50,223.2
Mar 2004,18-19/03/2004,MO 1.2m,17:00,157.5
Mar 2004,18-19/03/2004,MO 1.2m,17:10,63.75
Mar 2004,18-19/03/2004,MO 1.2m,17:20,55.21
Mar 2004,18-19/03/2004,MO 1.2m,17:30,38.22
Mar 2004,18-19/03/2004,MO 1.2m,17:40,16.87
Mar 2004,18-19/03/2004,MO 1.2m,17:50,14.47
Mar 2004,18-19/03/2004,MO 1.2m,18:00,8.56
Mar 2004,18-19/03/2004,MO 1.2m,18:10,6.44
Mar 2004,18-19/03/2004,MO 1.2m,18:20,1.06
Mar 2004,18-19/03/2004,MO 1.2m,5:50,0.42
Mar 2004,18-19/03/2004,MO 1.2m,6:00,2.81
Mar 2004,18-19/03/2004,MO 1.2m,6:10,5.81
Mar 2004,18-19/03/2004,MO 1.2m,6:20,21.25
Mar 2004,18-19/03/2004,MO 1.2m,6:30,35.36
Mar 2004,18-19/03/2004,MO 1.2m,6:40,48.47
Mar 2004,18-19/03/2004,MO 1.2m,6:50,64.88
Mar 2004,18-19/03/2004,MO 1.2m,7:00,72.8
Mar 2004,18-19/03/2004,MO 1.2m,7:10,78.64
Mar 2004,18-19/03/2004,MO 1.2m,7:20,85.17
Mar 2004,18-19/03/2004,MO 1.2m,7:30,96.65
Mar 2004,18-19/03/2004,MO 1.2m,7:40,113.9
Mar 2004,18-19/03/2004,MO 1.2m,7:50,116.2
Mar 2004,18-19/03/2004,MO 1.2m,8:00,307.9
Mar 2004,18-19/03/2004,MO 1.2m,8:10,307.8
Mar 2004,18-19/03/2004,MO 1.2m,8:20,235.4
Mar 2004,18-19/03/2004,MO 1.2m,8:30,229.1
Mar 2004,18-19/03/2004,MO 1.2m,8:40,553.4
Mar 2004,18-19/03/2004,MO 1.2m,8:50,573.4
Mar 2004,18-19/03/2004,MO 1.2m,9:00,491.5
Mar 2004,18-19/03/2004,MO 1.2m,9:10,771.7
Mar 2004,18-19/03/2004,MO 1.2m,9:20,924.2
Mar 2004,18-19/03/2004,MO 1.2m,9:30,1035.0
Mar 2004,18-19/03/2004,MO 1.2m,9:40,999.7
Mar 2004,18-19/03/2004,MO 1.2m,9:50,714.7
Mar 2004,12-13/03/2004,MO 2m,10:00,386.6
Mar 2004,12-13/03/2004,MO 2m,10:10,446.1
Mar 2004,12-13/03/2004,MO 2m,10:20,458.0
Mar 2004,12-13/03/2004,MO 2m,10:30,480.4
Mar 2004,12-13/03/2004,MO 2m,10:40,493.0
Mar 2004,12-13/03/2004,MO 2m,10:50,625.2
Mar 2004,12-13/03/2004,MO 2m,11:00,638.1
Mar 2004,12-13/03/2004,MO 2m,11:10,545.4
Mar 2004,12-13/03/2004,MO 2m,11:20,446.0
Mar 2004,12-13/03/2004,MO 2m,11:30,458.2
Mar 2004,12-13/03/2004,MO 2m,11:40,569.8
Mar 2004,12-13/03/2004,MO 2m,11:50,655.8
Mar 2004,12-13/03/2004,MO 2m,12:00,784.7
Mar 2004,12-13/03/2004,MO 2m,12:10,820.7
Mar 2004,12-13/03/2004,MO 2m,12:20,549.0
Mar 2004,12-13/03/2004,MO 2m,12:30,548.8
Mar 2004,12-13/03/2004,MO 2m,12:40,614.1
Mar 2004,12-13/03/2004,MO 2m,12:50,621.3
Mar 2004,12-13/03/2004,MO 2m,13:00,937.9
Mar 2004,12-13/03/2004,MO 2m,13:10,1136.0
Mar 2004,12-13/03/2004,MO 2m,13:20,973.3
Mar 2004,12-13/03/2004,MO 2m,13:30,1898.0
Mar 2004,12-13/03/2004,MO 2m,13:40,1354.0
Mar 2004,12-13/03/2004,MO 2m,13:50,1051.0
Mar 2004,12-13/03/2004,MO 2m,14:00,982.9
Mar 2004,12-13/03/2004,MO 2m,14:10,1097.0
Mar 2004,12-13/03/2004,MO 2m,14:20,670.3
Mar 2004,12-13/03/2004,MO 2m,14:30,1078.0
Mar 2004,12-13/03/2004,MO 2m,14:40,813.0
Mar 2004,12-13/03/2004,MO 2m,14:50,823.0
Mar 2004,12-13/03/2004,MO 2m,15:00,477.0
Mar 2004,12-13/03/2004,MO 2m,15:10,336.4
Mar 2004,12-13/03/2004,MO 2m,15:20,228.5
Mar 2004,12-13/03/2004,MO 2m,15:30,122.6
Mar 2004,12-13/03/2004,MO 2m,15:40,116.9
Mar 2004,12-13/03/2004,MO 2m,15:50,219.4
Mar 2004,12-13/03/2004,MO 2m,16:00,341.4
Mar 2004,12-13/03/2004,MO 2m,16:10,328.4
Mar 2004,12-13/03/2004,MO 2m,16:20,380.0
Mar 2004,12-13/03/2004,MO 2m,16:30,197.7
Mar 2004,12-13/03/2004,MO 2m,16:40,114.7
Mar 2004,12-13/03/2004,MO 2m,16:50,119.0
Mar 2004,12-13/03/2004,MO 2m,17:00,108.9
Mar 2004,12-13/03/2004,MO 2m,17:10,102.4
Mar 2004,12-13/03/2004,MO 2m,17:20,99.17
Mar 2004,12-13/03/2004,MO 2m,17:30,59.27
Mar 2004,12-13/03/2004,MO 2m,17:40,29.63
Mar 2004,12-13/03/2004,MO 2m,17:50,24.95
Mar 2004,12-13/03/2004,MO 2m,18:00,20.79
Mar 2004,12-13/03/2004,MO 2m,18:10,10.63
Mar 2004,12-13/03/2004,MO 2m,18:20,2.04
Mar 2004,12-13/03/2004,MO 2m,5:50,0.81
Mar 2004,12-13/03/2004,MO 2m,6:00,4.86
Mar 2004,12-13/03/2004,MO 2m,6:10,9.83
Mar 2004,12-13/03/2004,MO 2m,6:20,23.38
Mar 2004,12-13/03/2004,MO 2m,6:30,40.6
Mar 2004,12-13/03/2004,MO 2m,6:40,52.32
Mar 2004,12-13/03/2004,MO 2m,6:50,65.33
Mar 2004,12-13/03/2004,MO 2m,7:00,102.48
Mar 2004,12-13/03/2004,MO 2m,7:10,103.5
Mar 2004,12-13/03/2004,MO 2m,7:20,114.3
Mar 2004,12-13/03/2004,MO 2m,7:30,139.5
Mar 2004,12-13/03/2004,MO 2m,7:40,180.3
Mar 2004,12-13/03/2004,MO 2m,7:50,251.4
Mar 2004,12-13/03/2004,MO 2m,8:00,242.7
Mar 2004,12-13/03/2004,MO 2m,8:10,210.6
Mar 2004,12-13/03/2004,MO 2m,8:20,239.5
Mar 2004,12-13/03/2004,MO 2m,8:30,378.7
Mar 2004,12-13/03/2004,MO 2m,8:40,279.0
Mar 2004,12-13/03/2004,MO 2m,8:50,210.1
Mar 2004,12-13/03/2004,MO 2m,9:00,206.9
Mar 2004,12-13/03/2004,MO 2m,9:10,214.8
Mar 2004,12-13/03/2004,MO 2m,9:20,216.8
Mar 2004,12-13/03/2004,MO 2m,9:30,255.7
Mar 2004,12-13/03/2004,MO 2m,9:40,280.0
Mar 2004,12-13/03/2004,MO 2m,9:50,344.5
Mar 2004,17-18/03/2004,MO 2m,10:00,1407.0
Mar 2004,17-18/03/2004,MO 2m,10:10,1446.0
Mar 2004,17-18/03/2004,MO 2m,10:20,1553.0
Mar 2004,17-18/03/2004,MO 2m,10:30,1482.0
Mar 2004,17-18/03/2004,MO 2m,10:40,1612.0
Mar 2004,17-18/03/2004,MO 2m,10:50,1613.0
Mar 2004,17-18/03/2004,MO 2m,11:00,1646.0
Mar 2004,17-18/03/2004,MO 2m,11:10,1639.0
Mar 2004,17-18/03/2004,MO 2m,11:20,1737.0
Mar 2004,17-18/03/2004,MO 2m,11:30,1122.0
Mar 2004,17-18/03/2004,MO 2m,11:40,1375.0
Mar 2004,17-18/03/2004,MO 2m,11:50,1364.0
Mar 2004,17-18/03/2004,MO 2m,12:00,1721.0
Mar 2004,17-18/03/2004,MO 2m,12:10,1575.0
Mar 2004,17-18/03/2004,MO 2m,12:20,1641.0
Mar 2004,17-18/03/2004,MO 2m,12:30,1167.0
Mar 2004,17-18/03/2004,MO 2m,12:40,1502.0
Mar 2004,17-18/03/2004,MO 2m,12:50,479.2
Mar 2004,17-18/03/2004,MO 2m,13:00,1376.0
Mar 2004,17-18/03/2004,MO 2m,13:10,1063.0
Mar 2004,17-18/03/2004,MO 2m,13:20,1224.0
Mar 2004,17-18/03/2004,MO 2m,13:30,1103.0
Mar 2004,17-18/03/2004,MO 2m,13:40,1700.0
Mar 2004,17-18/03/2004,MO 2m,13:50,1593.0
Mar 2004,17-18/03/2004,MO 2m,14:00,1518.0
Mar 2004,17-18/03/2004,MO 2m,14:10,1268.0
Mar 2004,17-18/03/2004,MO 2m,14:20,1519.0
Mar 2004,17-18/03/2004,MO 2m,14:30,834.4
Mar 2004,17-18/03/2004,MO 2m,14:40,1074.0
Mar 2004,17-18/03/2004,MO 2m,14:50,344.6
Mar 2004,17-18/03/2004,MO 2m,15:00,249.2
Mar 2004,17-18/03/2004,MO 2m,15:10,321.7
Mar 2004,17-18/03/2004,MO 2m,15:20,907.0
Mar 2004,17-18/03/2004,MO 2m,15:30,1021.0
Mar 2004,17-18/03/2004,MO 2m,15:40,957.6
Mar 2004,17-18/03/2004,MO 2m,15:50,880.6
Mar 2004,17-18/03/2004,MO 2m,16:00,714.2
Mar 2004,17-18/03/2004,MO 2m,16:10,640.2
Mar 2004,17-18/03/2004,MO 2m,16:20,514.4
Mar 2004,17-18/03/2004,MO 2m,16:30,409.2
Mar 2004,17-18/03/2004,MO 2m,16:40,122.5
Mar 2004,17-18/03/2004,MO 2m,16:50,77.2
Mar 2004,17-18/03/2004,MO 2m,17:00,74.7
Mar 2004,17-18/03/2004,MO 2m,17:10,65.6
Mar 2004,17-18/03/2004,MO 2m,17:20,52.58
Mar 2004,17-18/03/2004,MO 2m,17:30,48.36
Mar 2004,17-18/03/2004,MO 2m,17:40,28.27
Mar 2004,17-18/03/2004,MO 2m,17:50,19.36
Mar 2004,17-18/03/2004,MO 2m,18:00,21.04
Mar 2004,17-18/03/2004,MO 2m,18:10,9.42
Mar 2004,17-18/03/2004,MO 2m,18:20,2.85
Mar 2004,17-18/03/2004,MO 2m,5:50,1.04
Mar 2004,17-18/03/2004,MO 2m,6:00,4.12
Mar 2004,17-18/03/2004,MO 2m,6:10,8.37
Mar 2004,17-18/03/2004,MO 2m,6:20,52.62
Mar 2004,17-18/03/2004,MO 2m,6:30,97.82
Mar 2004,17-18/03/2004,MO 2m,6:40,141.6
Mar 2004,17-18/03/2004,MO 2m,6:50,169.2
Mar 2004,17-18/03/2004,MO 2m,7:00,174.9
Mar 2004,17-18/03/2004,MO 2m,7:10,158.6
Mar 2004,17-18/03/2004,MO 2m,7:20,131.6
Mar 2004,17-18/03/2004,MO 2m,7:30,126.0
Mar 2004,17-18/03/2004,MO 2m,7:40,143.5
Mar 2004,17-18/03/2004,MO 2m,7:50,278.4
Mar 2004,17-18/03/2004,MO 2m,8:00,300.9
Mar 2004,17-18/03/2004,MO 2m,8:10,182.9
Mar 2004,17-18/03/2004,MO 2m,8:20,142.5
Mar 2004,17-18/03/2004,MO 2m,8:30,139.5
Mar 2004,17-18/03/2004,MO 2m,8:40,589.5
Mar 2004,17-18/03/2004,MO 2m,8:50,629.1
Mar 2004,17-18/03/2004,MO 2m,9:00,650.5
Mar 2004,17-18/03/2004,MO 2m,9:10,1109.0
Mar 2004,17-18/03/2004,MO 2m,9:20,1219.0
Mar 2004,17-18/03/2004,MO 2m,9:30,1270.0
Mar 2004,17-18/03/2004,MO 2m,9:40,1320.0
Mar 2004,17-18/03/2004,MO 2m,9:50,1370.0
Mar 2004,14-15/03/2004,Open area 2m,10:00,1586.0
Mar 2004,14-15/03/2004,Open area 2m,10:10,1416.0
Mar 2004,14-15/03/2004,Open area 2m,10:20,319.9
Mar 2004,14-15/03/2004,Open area 2m,10:30,1228.0
Mar 2004,14-15/03/2004,Open area 2m,10:40,1141.0
Mar 2004,14-15/03/2004,Open area 2m,10:50,1295.0
Mar 2004,14-15/03/2004,Open area 2m,11:00,1269.0
Mar 2004,14-15/03/2004,Open area 2m,11:10,677.5
Mar 2004,14-15/03/2004,Open area 2m,11:20,1865.0
Mar 2004,14-15/03/2004,Open area 2m,11:30,1917.0
Mar 2004,14-15/03/2004,Open area 2m,11:40,919.0
Mar 2004,14-15/03/2004,Open area 2m,11:50,1292.0
Mar 2004,14-15/03/2004,Open area 2m,12:00,1322.0
Mar 2004,14-15/03/2004,Open area 2m,12:10,1340.0
Mar 2004,14-15/03/2004,Open area 2m,12:20,1470.0
Mar 2004,14-15/03/2004,Open area 2m,12:30,490.8
Mar 2004,14-15/03/2004,Open area 2m,12:40,858.5
Mar 2004,14-15/03/2004,Open area 2m,12:50,873.3
Mar 2004,14-15/03/2004,Open area 2m,13:00,1546.0
Mar 2004,14-15/03/2004,Open area 2m,13:10,1152.0
Mar 2004,14-15/03/2004,Open area 2m,13:20,1028.3
Mar 2004,14-15/03/2004,Open area 2m,13:30,1033.0
Mar 2004,14-15/03/2004,Open area 2m,13:40,1201.0
Mar 2004,14-15/03/2004,Open area 2m,13:50,1270.0
Mar 2004,14-15/03/2004,Open area 2m,14:00,1080.0
Mar 2004,14-15/03/2004,Open area 2m,14:10,1248.0
Mar 2004,14-15/03/2004,Open area 2m,14:20,1320.0
Mar 2004,14-15/03/2004,Open area 2m,14:30,1099.0
Mar 2004,14-15/03/2004,Open area 2m,14:40,876.2
Mar 2004,14-15/03/2004,Open area 2m,14:50,1321.0
Mar 2004,14-15/03/2004,Open area 2m,15:00,1350.0
Mar 2004,14-15/03/2004,Open area 2m,15:10,1160.0
Mar 2004,14-15/03/2004,Open area 2m,15:20,407.7
Mar 2004,14-15/03/2004,Open area 2m,15:30,333.1
Mar 2004,14-15/03/2004,Open area 2m,15:40,510.4
Mar 2004,14-15/03/2004,Open area 2m,15:50,779.9
Mar 2004,14-15/03/2004,Open area 2m,16:00,779.1
Mar 2004,14-15/03/2004,Open area 2m,16:10,619.4
Mar 2004,14-15/03/2004,Open area 2m,16:20,420.2
Mar 2004,14-15/03/2004,Open area 2m,16:30,330.4
Mar 2004,14-15/03/2004,Open area 2m,16:40,241.5
Mar 2004,14-15/03/2004,Open area 2m,16:50,183.3
Mar 2004,14-15/03/2004,Open area 2m,17:00,135.31
Mar 2004,14-15/03/2004,Open area 2m,17:10,98.6
Mar 2004,14-15/03/2004,Open area 2m,17:20,90.91
Mar 2004,14-15/03/2004,Open area 2m,17:30,83.07
Mar 2004,14-15/03/2004,Open area 2m,17:40,67.57
Mar 2004,14-15/03/2004,Open area 2m,17:50,29.8
Mar 2004,14-15/03/2004,Open area 2m,18:00,24.04
Mar 2004,14-15/03/2004,Open area 2m,18:10,11.73
Mar 2004,14-15/03/2004,Open area 2m,18:20,3.5
Mar 2004,14-15/03/2004,Open area 2m,5:50,2.92
Mar 2004,14-15/03/2004,Open area 2m,6:00,11.08
Mar 2004,14-15/03/2004,Open area 2m,6:10,22.23
Mar 2004,14-15/03/2004,Open area 2m,6:20,42.61
Mar 2004,14-15/03/2004,Open area 2m,6:30,93.47
Mar 2004,14-15/03/2004,Open area 2m,6:40,210.3
Mar 2004,14-15/03/2004,Open area 2m,6:50,304.1
Mar 2004,14-15/03/2004,Open area 2m,7:00,372.4
Mar 2004,14-15/03/2004,Open area 2m,7:10,438.9
Mar 2004,14-15/03/2004,Open area 2m,7:20,506.7
Mar 2004,14-15/03/2004,Open area 2m,7:30,573.0
Mar 2004,14-15/03/2004,Open area 2m,7:40,645.8
Mar 2004,14-15/03/2004,Open area 2m,7:50,718.3
Mar 2004,14-15/03/2004,Open area 2m,8:00,788.2
Mar 2004,14-15/03/2004,Open area 2m,8:10,871.4
Mar 2004,14-15/03/2004,Open area 2m,8:20,948.5
Mar 2004,14-15/03/2004,Open area 2m,8:30,1008.0
Mar 2004,14-15/03/2004,Open area 2m,8:40,1094.0
Mar 2004,14-15/03/2004,Open area 2m,8:50,1050.0
Mar 2004,14-15/03/2004,Open area 2m,9:00,1141.0
Mar 2004,14-15/03/2004,Open area 2m,9:10,1269.0
Mar 2004,14-15/03/2004,Open area 2m,9:20,1336.0
Mar 2004,14-15/03/2004,Open area 2m,9:30,1506.0
Mar 2004,14-15/03/2004,Open area 2m,9:40,1470.0
Mar 2004,14-15/03/2004,Open area 2m,9:50,1597.0
Mar 2004,15-16/03/2004,Open area 2m,10:00,1531.0
Mar 2004,15-16/03/2004,Open area 2m,10:10,1569.0
Mar 2004,15-16/03/2004,Open area 2m,10:20,1604.0
Mar 2004,15-16/03/2004,Open area 2m,10:30,1639.0
Mar 2004,15-16/03/2004,Open area 2m,10:40,1665.0
Mar 2004,15-16/03/2004,Open area 2m,10:50,1699.0
Mar 2004,15-16/03/2004,Open area 2m,11:00,1720.0
Mar 2004,15-16/03/2004,Open area 2m,11:10,1743.0
Mar 2004,15-16/03/2004,Open area 2m,11:20,1761.0
Mar 2004,15-16/03/2004,Open area 2m,11:30,1791.0
Mar 2004,15-16/03/2004,Open area 2m,11:40,1818.0
Mar 2004,15-16/03/2004,Open area 2m,11:50,1805.0
Mar 2004,15-16/03/2004,Open area 2m,12:00,1580.0
Mar 2004,15-16/03/2004,Open area 2m,12:10,1825.0
Mar 2004,15-16/03/2004,Open area 2m,12:20,1847.0
Mar 2004,15-16/03/2004,Open area 2m,12:30,1763.0
Mar 2004,15-16/03/2004,Open area 2m,12:40,1826.0
Mar 2004,15-16/03/2004,Open area 2m,12:50,1486.0
Mar 2004,15-16/03/2004,Open area 2m,13:00,1176.0
Mar 2004,15-16/03/2004,Open area 2m,13:10,1033.4
Mar 2004,15-16/03/2004,Open area 2m,13:20,1875.0
Mar 2004,15-16/03/2004,Open area 2m,13:30,1722.0
Mar 2004,15-16/03/2004,Open area 2m,13:40,1486.0
Mar 2004,15-16/03/2004,Open area 2m,13:50,1754.0
Mar 2004,15-16/03/2004,Open area 2m,14:00,1757.0
Mar 2004,15-16/03/2004,Open area 2m,14:10,749.3
Mar 2004,15-16/03/2004,Open area 2m,14:20,1103.0
Mar 2004,15-16/03/2004,Open area 2m,14:30,978.6
Mar 2004,15-16/03/2004,Open area 2m,14:40,877.4
Mar 2004,15-16/03/2004,Open area 2m,14:50,1409.0
Mar 2004,15-16/03/2004,Open area 2m,15:00,577.2
Mar 2004,15-16/03/2004,Open area 2m,15:10,1086.0
Mar 2004,15-16/03/2004,Open area 2m,15:20,1021.0
Mar 2004,15-16/03/2004,Open area 2m,15:30,1003.0
Mar 2004,15-16/03/2004,Open area 2m,15:40,890.9
Mar 2004,15-16/03/2004,Open area 2m,15:50,934.3
Mar 2004,15-16/03/2004,Open area 2m,16:00,470.8
Mar 2004,15-16/03/2004,Open area 2m,16:10,652.5
Mar 2004,15-16/03/2004,Open area 2m,16:20,600.2
Mar 2004,15-16/03/2004,Open area 2m,16:30,450.5
Mar 2004,15-16/03/2004,Open area 2m,16:40,207.2
Mar 2004,15-16/03/2004,Open area 2m,16:50,181.8
Mar 2004,15-16/03/2004,Open area 2m,17:00,135.12
Mar 2004,15-16/03/2004,Open area 2m,17:10,126.75
Mar 2004,15-16/03/2004,Open area 2m,17:20,98.41
Mar 2004,15-16/03/2004,Open area 2m,17:30,70.07
Mar 2004,15-16/03/2004,Open area 2m,17:40,41.73
Mar 2004,15-16/03/2004,Open area 2m,17:50,33.39
Mar 2004,15-16/03/2004,Open area 2m,18:00,25.05
Mar 2004,15-16/03/2004,Open area 2m,18:10,13.71
Mar 2004,15-16/03/2004,Open area 2m,18:20,4.37
Mar 2004,15-16/03/2004,Open area 2m,5:50,3.57
Mar 2004,15-16/03/2004,Open area 2m,6:00,12.21
Mar 2004,15-16/03/2004,Open area 2m,6:10,16.84
Mar 2004,15-16/03/2004,Open area 2m,6:20,38.07
Mar 2004,15-16/03/2004,Open area 2m,6:30,92.78
Mar 2004,15-16/03/2004,Open area 2m,6:40,252.8
Mar 2004,15-16/03/2004,Open area 2m,6:50,321.9
Mar 2004,15-16/03/2004,Open area 2m,7:00,389.8
Mar 2004,15-16/03/2004,Open area 2m,7:10,456.8
Mar 2004,15-16/03/2004,Open area 2m,7:20,521.6
Mar 2004,15-16/03/2004,Open area 2m,7:30,584.6
Mar 2004,15-16/03/2004,Open area 2m,7:40,649.6
Mar 2004,15-16/03/2004,Open area 2m,7:50,716.7
Mar 2004,15-16/03/2004,Open area 2m,8:00,781.8
Mar 2004,15-16/03/2004,Open area 2m,8:10,847.3
Mar 2004,15-16/03/2004,Open area 2m,8:20,911.8
Mar 2004,15-16/03/2004,Open area 2m,8:30,980.2
Mar 2004,15-16/03/2004,Open area 2m,8:40,1057.0
Mar 2004,15-16/03/2004,Open area 2m,8:50,1145.0
Mar 2004,15-16/03/2004,Open area 2m,9:00,1175.0
Mar 2004,15-16/03/2004,Open area 2m,9:10,1257.0
Mar 2004,15-16/03/2004,Open area 2m,9:20,1312.0
Mar 2004,15-16/03/2004,Open area 2m,9:30,1325.0
Mar 2004,15-16/03/2004,Open area 2m,9:40,1424.0
Mar 2004,15-16/03/2004,Open area 2m,9:50,1482.0
Mar 2004,16-17/03/2004,Open area 2m,10:00,1551.0
Mar 2004,16-17/03/2004,Open area 2m,10:10,1443.0
Mar 2004,16-17/03/2004,Open area 2m,10:20,1283.0
Mar 2004,16-17/03/2004,Open area 2m,10:30,640.5
Mar 2004,16-17/03/2004,Open area 2m,10:40,1599.0
Mar 2004,16-17/03/2004,Open area 2m,10:50,979.9
Mar 2004,16-17/03/2004,Open area 2m,11:00,1573.0
Mar 2004,16-17/03/2004,Open area 2m,11:10,1766.0
Mar 2004,16-17/03/2004,Open area 2m,11:20,1599.0
Mar 2004,16-17/03/2004,Open area 2m,11:30,1896.0
Mar 2004,16-17/03/2004,Open area 2m,11:40,2019.0
Mar 2004,16-17/03/2004,Open area 2m,11:50,1714.0
Mar 2004,16-17/03/2004,Open area 2m,12:00,668.5
Mar 2004,16-17/03/2004,Open area 2m,12:10,971.8
Mar 2004,16-17/03/2004,Open area 2m,12:20,409.1
Mar 2004,16-17/03/2004,Open area 2m,12:30,629.8
Mar 2004,16-17/03/2004,Open area 2m,12:40,1785.0
Mar 2004,16-17/03/2004,Open area 2m,12:50,1877.0
Mar 2004,16-17/03/2004,Open area 2m,13:00,1609.0
Mar 2004,16-17/03/2004,Open area 2m,13:10,1321.0
Mar 2004,16-17/03/2004,Open area 2m,13:20,1500.5
Mar 2004,16-17/03/2004,Open area 2m,13:30,1784.0
Mar 2004,16-17/03/2004,Open area 2m,13:40,1718.0
Mar 2004,16-17/03/2004,Open area 2m,13:50,1645.0
Mar 2004,16-17/03/2004,Open area 2m,14:00,1615.0
Mar 2004,16-17/03/2004,Open area 2m,14:10,1634.0
Mar 2004,16-17/03/2004,Open area 2m,14:20,1695.0
Mar 2004,16-17/03/2004,Open area 2m,14:30,673.0
Mar 2004,16-17/03/2004,Open area 2m,14:40,570.0
Mar 2004,16-17/03/2004,Open area 2m,14:50,425.2
Mar 2004,16-17/03/2004,Open area 2m,15:00,231.0
Mar 2004,16-17/03/2004,Open area 2m,15:10,568.0
Mar 2004,16-17/03/2004,Open area 2m,15:20,1056.0
Mar 2004,16-17/03/2004,Open area 2m,15:30,1048.0
Mar 2004,16-17/03/2004,Open area 2m,15:40,882.4
Mar 2004,16-17/03/2004,Open area 2m,15:50,878.2
Mar 2004,16-17/03/2004,Open area 2m,16:00,818.2
Mar 2004,16-17/03/2004,Open area 2m,16:10,651.0
Mar 2004,16-17/03/2004,Open area 2m,16:20,407.6
Mar 2004,16-17/03/2004,Open area 2m,16:30,200.5
Mar 2004,16-17/03/2004,Open area 2m,16:40,203.4
Mar 2004,16-17/03/2004,Open area 2m,16:50,187.2
Mar 2004,16-17/03/2004,Open area 2m,17:00,131.5
Mar 2004,16-17/03/2004,Open area 2m,17:10,109.24
Mar 2004,16-17/03/2004,Open area 2m,17:20,89.0
Mar 2004,16-17/03/2004,Open area 2m,17:30,63.91
Mar 2004,16-17/03/2004,Open area 2m,17:40,38.31
Mar 2004,16-17/03/2004,Open area 2m,17:50,32.72
Mar 2004,16-17/03/2004,Open area 2m,18:00,22.79
Mar 2004,16-17/03/2004,Open area 2m,18:10,11.8
Mar 2004,16-17/03/2004,Open area 2m,18:20,4.39
Mar 2004,16-17/03/2004,Open area 2m,5:50,2.98
Mar 2004,16-17/03/2004,Open area 2m,6:00,10.77
Mar 2004,16-17/03/2004,Open area 2m,6:10,16.55
Mar 2004,16-17/03/2004,Open area 2m,6:20,35.67
Mar 2004,16-17/03/2004,Open area 2m,6:30,55.87
Mar 2004,16-17/03/2004,Open area 2m,6:40,118.1
Mar 2004,16-17/03/2004,Open area 2m,6:50,128.5
Mar 2004,16-17/03/2004,Open area 2m,7:00,146.9
Mar 2004,16-17/03/2004,Open area 2m,7:10,248.2
Mar 2004,16-17/03/2004,Open area 2m,7:20,354.5
Mar 2004,16-17/03/2004,Open area 2m,7:30,560.6
Mar 2004,16-17/03/2004,Open area 2m,7:40,570.8
Mar 2004,16-17/03/2004,Open area 2m,7:50,475.6
Mar 2004,16-17/03/2004,Open area 2m,8:00,709.9
Mar 2004,16-17/03/2004,Open area 2m,8:10,538.4
Mar 2004,16-17/03/2004,Open area 2m,8:20,881.1
Mar 2004,16-17/03/2004,Open area 2m,8:30,998.4
Mar 2004,16-17/03/2004,Open area 2m,8:40,1051.0
Mar 2004,16-17/03/2004,Open area 2m,8:50,909.0
Mar 2004,16-17/03/2004,Open area 2m,9:00,1134.0
Mar 2004,16-17/03/2004,Open area 2m,9:10,1253.0
Mar 2004,16-17/03/2004,Open area 2m,9:20,1324.0
Mar 2004,16-17/03/2004,Open area 2m,9:30,1353.0
Mar 2004,16-17/03/2004,Open area 2m,9:40,1105.0
Mar 2004,16-17/03/2004,Open area 2m,9:50,1530.0
May 2004,06-07/05/2004,AFS 1.2m,10:00,4.4
May 2004,06-07/05/2004,AFS 1.2m,10:10,4.74
May 2004,06-07/05/2004,AFS 1.2m,10:20,5.41
May 2004,06-07/05/2004,AFS 1.2m,10:30,5.24
May 2004,06-07/05/2004,AFS 1.2m,10:40,5.23
May 2004,06-07/05/2004,AFS 1.2m,10:50,5.23
May 2004,06-07/05/2004,AFS 1.2m,11:00,4.97
May 2004,06-07/05/2004,AFS 1.2m,11:10,7.19
May 2004,06-07/05/2004,AFS 1.2m,11:20,14.88
May 2004,06-07/05/2004,AFS 1.2m,11:30,17.49
May 2004,06-07/05/2004,AFS 1.2m,11:40,16.02
May 2004,06-07/05/2004,AFS 1.2m,11:50,21.51
May 2004,06-07/05/2004,AFS 1.2m,12:00,23.81
May 2004,06-07/05/2004,AFS 1.2m,12:10,23.71
May 2004,06-07/05/2004,AFS 1.2m,12:20,28.64
May 2004,06-07/05/2004,AFS 1.2m,12:30,19.75
May 2004,06-07/05/2004,AFS 1.2m,12:40,22.38
May 2004,06-07/05/2004,AFS 1.2m,12:50,29.02
May 2004,06-07/05/2004,AFS 1.2m,13:00,38.53
May 2004,06-07/05/2004,AFS 1.2m,13:10,31.99
May 2004,06-07/05/2004,AFS 1.2m,13:20,33.19
May 2004,06-07/05/2004,AFS 1.2m,13:30,22.63
May 2004,06-07/05/2004,AFS 1.2m,13:40,21.73
May 2004,06-07/05/2004,AFS 1.2m,13:50,17.5
May 2004,06-07/05/2004,AFS 1.2m,14:00,43.78
May 2004,06-07/05/2004,AFS 1.2m,14:10,52.9
May 2004,06-07/05/2004,AFS 1.2m,14:20,51.78
May 2004,06-07/05/2004,AFS 1.2m,14:30,24.47
May 2004,06-07/05/2004,AFS 1.2m,14:40,20.7
May 2004,06-07/05/2004,AFS 1.2m,14:50,12.96
May 2004,06-07/05/2004,AFS 1.2m,15:00,18.57
May 2004,06-07/05/2004,AFS 1.2m,15:10,17.33
May 2004,06-07/05/2004,AFS 1.2m,15:20,20.38
May 2004,06-07/05/2004,AFS 1.2m,15:30,26.97
May 2004,06-07/05/2004,AFS 1.2m,15:40,22.43
May 2004,06-07/05/2004,AFS 1.2m,15:50,19.64
May 2004,06-07/05/2004,AFS 1.2m,16:00,17.45
May 2004,06-07/05/2004,AFS 1.2m,16:10,16.08
May 2004,06-07/05/2004,AFS 1.2m,16:20,14.23
May 2004,06-07/05/2004,AFS 1.2m,16:30,18.29
May 2004,06-07/05/2004,AFS 1.2m,16:40,16.11
May 2004,06-07/05/2004,AFS 1.2m,16:50,18.18
May 2004,06-07/05/2004,AFS 1.2m,17:00,17.72
May 2004,06-07/05/2004,AFS 1.2m,17:10,17.52
May 2004,06-07/05/2004,AFS 1.2m,17:20,17.25
May 2004,06-07/05/2004,AFS 1.2m,17:30,15.45
May 2004,06-07/05/2004,AFS 1.2m,17:40,15.54
May 2004,06-07/05/2004,AFS 1.2m,17:50,10.51
May 2004,06-07/05/2004,AFS 1.2m,18:00,5.76
May 2004,06-07/05/2004,AFS 1.2m,18:10,2.66
May 2004,06-07/05/2004,AFS 1.2m,18:20,1.75
May 2004,06-07/05/2004,AFS 1.2m,7:20,0.85
May 2004,06-07/05/2004,AFS 1.2m,7:30,0.88
May 2004,06-07/05/2004,AFS 1.2m,7:40,0.95
May 2004,06-07/05/2004,AFS 1.2m,7:50,1.04
May 2004,06-07/05/2004,AFS 1.2m,8:00,1.24
May 2004,06-07/05/2004,AFS 1.2m,8:10,1.55
May 2004,06-07/05/2004,AFS 1.2m,8:20,1.83
May 2004,06-07/05/2004,AFS 1.2m,8:30,2.5
May 2004,06-07/05/2004,AFS 1.2m,8:40,3.53
May 2004,06-07/05/2004,AFS 1.2m,8:50,5.11
May 2004,06-07/05/2004,AFS 1.2m,9:00,5.06
May 2004,06-07/05/2004,AFS 1.2m,9:10,4.41
May 2004,06-07/05/2004,AFS 1.2m,9:20,3.7
May 2004,06-07/05/2004,AFS 1.2m,9:30,3.71
May 2004,06-07/05/2004,AFS 1.2m,9:40,4.57
May 2004,06-07/05/2004,AFS 1.2m,9:50,4.33
May 2004,13-14/05/2004,AFS 1.2m,10:00,4.06
May 2004,13-14/05/2004,AFS 1.2m,10:10,3.48
May 2004,13-14/05/2004,AFS 1.2m,10:20,5.61
May 2004,13-14/05/2004,AFS 1.2m,10:30,9.8
May 2004,13-14/05/2004,AFS 1.2m,10:40,14.55
May 2004,13-14/05/2004,AFS 1.2m,10:50,19.09
May 2004,13-14/05/2004,AFS 1.2m,11:00,16.96
May 2004,13-14/05/2004,AFS 1.2m,11:10,21.38
May 2004,13-14/05/2004,AFS 1.2m,11:20,15.64
May 2004,13-14/05/2004,AFS 1.2m,11:30,14.39
May 2004,13-14/05/2004,AFS 1.2m,11:40,15.5
May 2004,13-14/05/2004,AFS 1.2m,11:50,14.98
May 2004,13-14/05/2004,AFS 1.2m,12:00,17.67
May 2004,13-14/05/2004,AFS 1.2m,12:10,16.29
May 2004,13-14/05/2004,AFS 1.2m,12:20,19.63
May 2004,13-14/05/2004,AFS 1.2m,12:30,14.02
May 2004,13-14/05/2004,AFS 1.2m,12:40,12.25
May 2004,13-14/05/2004,AFS 1.2m,12:50,10.66
May 2004,13-14/05/2004,AFS 1.2m,13:00,8.95
May 2004,13-14/05/2004,AFS 1.2m,13:10,10.75
May 2004,13-14/05/2004,AFS 1.2m,13:20,12.36
May 2004,13-14/05/2004,AFS 1.2m,13:30,12.84
May 2004,13-14/05/2004,AFS 1.2m,13:40,18.15
May 2004,13-14/05/2004,AFS 1.2m,13:50,27.36
May 2004,13-14/05/2004,AFS 1.2m,14:00,27.0
May 2004,13-14/05/2004,AFS 1.2m,14:10,26.99
May 2004,13-14/05/2004,AFS 1.2m,14:20,31.68
May 2004,13-14/05/2004,AFS 1.2m,14:30,28.38
May 2004,13-14/05/2004,AFS 1.2m,14:40,10.7
May 2004,13-14/05/2004,AFS 1.2m,14:50,24.39
May 2004,13-14/05/2004,AFS 1.2m,15:00,24.88
May 2004,13-14/05/2004,AFS 1.2m,15:10,22.93
May 2004,13-14/05/2004,AFS 1.2m,15:20,24.26
May 2004,13-14/05/2004,AFS 1.2m,15:30,25.08
May 2004,13-14/05/2004,AFS 1.2m,15:40,26.22
May 2004,13-14/05/2004,AFS 1.2m,15:50,24.21
May 2004,13-14/05/2004,AFS 1.2m,16:00,19.87
May 2004,13-14/05/2004,AFS 1.2m,16:10,22.2
May 2004,13-14/05/2004,AFS 1.2m,16:20,24.79
May 2004,13-14/05/2004,AFS 1.2m,16:30,23.24
May 2004,13-14/05/2004,AFS 1.2m,16:40,20.0
May 2004,13-14/05/2004,AFS 1.2m,16:50,21.04
May 2004,13-14/05/2004,AFS 1.2m,17:00,16.1
May 2004,13-14/05/2004,AFS 1.2m,17:10,10.39
May 2004,13-14/05/2004,AFS 1.2m,17:20,6.4
May 2004,13-14/05/2004,AFS 1.2m,17:30,3.5
May 2004,13-14/05/2004,AFS 1.2m,17:40,2.49
May 2004,13-14/05/2004,AFS 1.2m,17:50,1.4
May 2004,13-14/05/2004,AFS 1.2m,18:00,1.17
May 2004,13-14/05/2004,AFS 1.2m,18:10,0.72
May 2004,13-14/05/2004,AFS 1.2m,18:20,0.43
May 2004,13-14/05/2004,AFS 1.2m,7:20,0.16
May 2004,13-14/05/2004,AFS 1.2m,7:30,0.23
May 2004,13-14/05/2004,AFS 1.2m,7:40,0.28
May 2004,13-14/05/2004,AFS 1.2m,7:50,0.34
May 2004,13-14/05/2004,AFS 1.2m,8:00,0.37
May 2004,13-14/05/2004,AFS 1.2m,8:10,0.74
May 2004,13-14/05/2004,AFS 1.2m,8:20,1.55
May 2004,13-14/05/2004,AFS 1.2m,8:30,1.54
May 2004,13-14/05/2004,AFS 1.2m,8:40,2.39
May 2004,13-14/05/2004,AFS 1.2m,8:50,2.78
May 2004,13-14/05/2004,AFS 1.2m,9:00,3.22
May 2004,13-14/05/2004,AFS 1.2m,9:10,3.46
May 2004,13-14/05/2004,AFS 1.2m,9:20,5.0
May 2004,13-14/05/2004,AFS 1.2m,9:30,5.06
May 2004,13-14/05/2004,AFS 1.2m,9:40,4.66
May 2004,13-14/05/2004,AFS 1.2m,9:50,4.61
May 2004,18-19/05/2004,AFS 1.2m,10:00,6.116
May 2004,18-19/05/2004,AFS 1.2m,10:10,4.338
May 2004,18-19/05/2004,AFS 1.2m,10:20,4.613
May 2004,18-19/05/2004,AFS 1.2m,10:30,13.95
May 2004,18-19/05/2004,AFS 1.2m,10:40,25.2
May 2004,18-19/05/2004,AFS 1.2m,10:50,29.26
May 2004,18-19/05/2004,AFS 1.2m,11:00,19.78
May 2004,18-19/05/2004,AFS 1.2m,11:10,19.07
May 2004,18-19/05/2004,AFS 1.2m,11:20,19.89
May 2004,18-19/05/2004,AFS 1.2m,11:30,17.86
May 2004,18-19/05/2004,AFS 1.2m,11:40,25.29
May 2004,18-19/05/2004,AFS 1.2m,11:50,22.8
May 2004,18-19/05/2004,AFS 1.2m,12:00,21.74
May 2004,18-19/05/2004,AFS 1.2m,12:10,19.54
May 2004,18-19/05/2004,AFS 1.2m,12:20,30.12
May 2004,18-19/05/2004,AFS 1.2m,12:30,19.3
May 2004,18-19/05/2004,AFS 1.2m,12:40,13.45
May 2004,18-19/05/2004,AFS 1.2m,12:50,15.46
May 2004,18-19/05/2004,AFS 1.2m,13:00,17.63
May 2004,18-19/05/2004,AFS 1.2m,13:10,21.12
May 2004,18-19/05/2004,AFS 1.2m,13:20,18.2
May 2004,18-19/05/2004,AFS 1.2m,13:30,13.74
May 2004,18-19/05/2004,AFS 1.2m,13:40,15.39
May 2004,18-19/05/2004,AFS 1.2m,13:50,16.03
May 2004,18-19/05/2004,AFS 1.2m,14:00,16.01
May 2004,18-19/05/2004,AFS 1.2m,14:10,10.16
May 2004,18-19/05/2004,AFS 1.2m,14:20,9.397
May 2004,18-19/05/2004,AFS 1.2m,14:30,8.646
May 2004,18-19/05/2004,AFS 1.2m,14:40,3.491
May 2004,18-19/05/2004,AFS 1.2m,14:50,3.588
May 2004,18-19/05/2004,AFS 1.2m,15:00,3.698
May 2004,18-19/05/2004,AFS 1.2m,15:10,3.195
May 2004,18-19/05/2004,AFS 1.2m,15:20,3.66
May 2004,18-19/05/2004,AFS 1.2m,15:30,2.779
May 2004,18-19/05/2004,AFS 1.2m,15:40,5.236
May 2004,18-19/05/2004,AFS 1.2m,15:50,7.227
May 2004,18-19/05/2004,AFS 1.2m,16:00,15.13
May 2004,18-19/05/2004,AFS 1.2m,16:10,15.68
May 2004,18-19/05/2004,AFS 1.2m,16:20,5.007
May 2004,18-19/05/2004,AFS 1.2m,16:30,1.45
May 2004,18-19/05/2004,AFS 1.2m,16:40,1.862
May 2004,18-19/05/2004,AFS 1.2m,16:50,1.623
May 2004,18-19/05/2004,AFS 1.2m,17:00,0.9967
May 2004,18-19/05/2004,AFS 1.2m,17:10,1.782
May 2004,18-19/05/2004,AFS 1.2m,17:20,2.224
May 2004,18-19/05/2004,AFS 1.2m,17:30,0.7778
May 2004,18-19/05/2004,AFS 1.2m,17:40,1.595
May 2004,18-19/05/2004,AFS 1.2m,17:50,0.6084
May 2004,18-19/05/2004,AFS 1.2m,18:00,0.2829
May 2004,18-19/05/2004,AFS 1.2m,18:10,0.184
May 2004,18-19/05/2004,AFS 1.2m,18:20,0.09717
May 2004,18-19/05/2004,AFS 1.2m,7:20,0.06192
May 2004,18-19/05/2004,AFS 1.2m,7:30,0.06804
May 2004,18-19/05/2004,AFS 1.2m,7:40,0.08731
May 2004,18-19/05/2004,AFS 1.2m,7:50,0.1658
May 2004,18-19/05/2004,AFS 1.2m,8:00,0.2637
May 2004,18-19/05/2004,AFS 1.2m,8:10,0.3575
May 2004,18-19/05/2004,AFS 1.2m,8:20,0.7836
May 2004,18-19/05/2004,AFS 1.2m,8:30,1.537
May 2004,18-19/05/2004,AFS 1.2m,8:40,2.509
May 2004,18-19/05/2004,AFS 1.2m,8:50,1.721
May 2004,18-19/05/2004,AFS 1.2m,9:00,2.517
May 2004,18-19/05/2004,AFS 1.2m,9:10,5.767
May 2004,18-19/05/2004,AFS 1.2m,9:20,3.423
May 2004,18-19/05/2004,AFS 1.2m,9:30,3.834
May 2004,18-19/05/2004,AFS 1.2m,9:40,3.754
May 2004,18-19/05/2004,AFS 1.2m,9:50,4.824
May 2004,05-06/05/2004,AFS 2m,10:00,15.34
May 2004,05-06/05/2004,AFS 2m,10:10,21.9
May 2004,05-06/05/2004,AFS 2m,10:20,25.72
May 2004,05-06/05/2004,AFS 2m,10:30,21.9
May 2004,05-06/05/2004,AFS 2m,10:40,18.15
May 2004,05-06/05/2004,AFS 2m,10:50,18.83
May 2004,05-06/05/2004,AFS 2m,11:00,27.91
May 2004,05-06/05/2004,AFS 2m,11:10,26.3
May 2004,05-06/05/2004,AFS 2m,11:20,24.32
May 2004,05-06/05/2004,AFS 2m,11:30,21.27
May 2004,05-06/05/2004,AFS 2m,11:40,28.41
May 2004,05-06/05/2004,AFS 2m,11:50,25.66
May 2004,05-06/05/2004,AFS 2m,12:00,24.5
May 2004,05-06/05/2004,AFS 2m,12:10,36.65
May 2004,05-06/05/2004,AFS 2m,12:20,41.36
May 2004,05-06/05/2004,AFS 2m,12:30,27.34
May 2004,05-06/05/2004,AFS 2m,12:40,24.4
May 2004,05-06/05/2004,AFS 2m,12:50,24.09
May 2004,05-06/05/2004,AFS 2m,13:00,50.37
May 2004,05-06/05/2004,AFS 2m,13:10,59.18
May 2004,05-06/05/2004,AFS 2m,13:20,82.76
May 2004,05-06/05/2004,AFS 2m,13:30,67.5
May 2004,05-06/05/2004,AFS 2m,13:40,44.02
May 2004,05-06/05/2004,AFS 2m,13:50,37.93
May 2004,05-06/05/2004,AFS 2m,14:00,53.87
May 2004,05-06/05/2004,AFS 2m,14:10,61.7
May 2004,05-06/05/2004,AFS 2m,14:20,39.94
May 2004,05-06/05/2004,AFS 2m,14:30,18.44
May 2004,05-06/05/2004,AFS 2m,14:40,41.7
May 2004,05-06/05/2004,AFS 2m,14:50,31.29
May 2004,05-06/05/2004,AFS 2m,15:00,35.09
May 2004,05-06/05/2004,AFS 2m,15:10,36.48
May 2004,05-06/05/2004,AFS 2m,15:20,33.52
May 2004,05-06/05/2004,AFS 2m,15:30,31.17
May 2004,05-06/05/2004,AFS 2m,15:40,27.51
May 2004,05-06/05/2004,AFS 2m,15:50,22.95
May 2004,05-06/05/2004,AFS 2m,16:00,25.39
May 2004,05-06/05/2004,AFS 2m,16:10,23.72
May 2004,05-06/05/2004,AFS 2m,16:20,14.92
May 2004,05-06/05/2004,AFS 2m,16:30,14.0
May 2004,05-06/05/2004,AFS 2m,16:40,11.26
May 2004,05-06/05/2004,AFS 2m,16:50,8.63
May 2004,05-06/05/2004,AFS 2m,17:00,7.01
May 2004,05-06/05/2004,AFS 2m,17:10,9.41
May 2004,05-06/05/2004,AFS 2m,17:20,7.32
May 2004,05-06/05/2004,AFS 2m,17:30,6.24
May 2004,05-06/05/2004,AFS 2m,17:40,5.89
May 2004,05-06/05/2004,AFS 2m,17:50,4.26
May 2004,05-06/05/2004,AFS 2m,18:00,3.21
May 2004,05-06/05/2004,AFS 2m,18:10,2.55
May 2004,05-06/05/2004,AFS 2m,18:20,1.74
May 2004,05-06/05/2004,AFS 2m,7:20,0.91
May 2004,05-06/05/2004,AFS 2m,7:30,0.97
May 2004,05-06/05/2004,AFS 2m,7:40,1.16
May 2004,05-06/05/2004,AFS 2m,7:50,1.62
May 2004,05-06/05/2004,AFS 2m,8:00,2.56
May 2004,05-06/05/2004,AFS 2m,8:10,3.55
May 2004,05-06/05/2004,AFS 2m,8:20,4.88
May 2004,05-06/05/2004,AFS 2m,8:30,5.89
May 2004,05-06/05/2004,AFS 2m,8:40,6.47
May 2004,05-06/05/2004,AFS 2m,8:50,5.9
May 2004,05-06/05/2004,AFS 2m,9:00,5.3
May 2004,05-06/05/2004,AFS 2m,9:10,8.37
May 2004,05-06/05/2004,AFS 2m,9:20,15.02
May 2004,05-06/05/2004,AFS 2m,9:30,18.08
May 2004,05-06/05/2004,AFS 2m,9:40,17.77
May 2004,05-06/05/2004,AFS 2m,9:50,15.72
May 2004,12-13/05/2004,AFS 2m,10:00,22.06
May 2004,12-13/05/2004,AFS 2m,10:10,32.47
May 2004,12-13/05/2004,AFS 2m,10:20,32.1
May 2004,12-13/05/2004,AFS 2m,10:30,24.8
May 2004,12-13/05/2004,AFS 2m,10:40,29.12
May 2004,12-13/05/2004,AFS 2m,10:50,10.31
May 2004,12-13/05/2004,AFS 2m,11:00,7.99
May 2004,12-13/05/2004,AFS 2m,11:10,13.92
May 2004,12-13/05/2004,AFS 2m,11:20,27.44
May 2004,12-13/05/2004,AFS 2m,11:30,9.73
May 2004,12-13/05/2004,AFS 2m,11:40,8.59
May 2004,12-13/05/2004,AFS 2m,11:50,28.19
May 2004,12-13/05/2004,AFS 2m,12:00,38.08
May 2004,12-13/05/2004,AFS 2m,12:10,45.46
May 2004,12-13/05/2004,AFS 2m,12:20,45.6
May 2004,12-13/05/2004,AFS 2m,12:30,42.86
May 2004,12-13/05/2004,AFS 2m,12:40,33.52
May 2004,12-13/05/2004,AFS 2m,12:50,28.91
May 2004,12-13/05/2004,AFS 2m,13:00,38.78
May 2004,12-13/05/2004,AFS 2m,13:10,37.77
May 2004,12-13/05/2004,AFS 2m,13:20,36.97
May 2004,12-13/05/2004,AFS 2m,13:30,39.56
May 2004,12-13/05/2004,AFS 2m,13:40,37.24
May 2004,12-13/05/2004,AFS 2m,13:50,40.79
May 2004,12-13/05/2004,AFS 2m,14:00,38.16
May 2004,12-13/05/2004,AFS 2m,14:10,27.22
May 2004,12-13/05/2004,AFS 2m,14:20,70.05
May 2004,12-13/05/2004,AFS 2m,14:30,208.7
May 2004,12-13/05/2004,AFS 2m,14:40,25.33
May 2004,12-13/05/2004,AFS 2m,14:50,53.76
May 2004,12-13/05/2004,AFS 2m,15:00,23.12
May 2004,12-13/05/2004,AFS 2m,15:10,22.55
May 2004,12-13/05/2004,AFS 2m,15:20,25.96
May 2004,12-13/05/2004,AFS 2m,15:30,22.51
May 2004,12-13/05/2004,AFS 2m,15:40,18.03
May 2004,12-13/05/2004,AFS 2m,15:50,12.59
May 2004,12-13/05/2004,AFS 2m,16:00,12.91
May 2004,12-13/05/2004,AFS 2m,16:10,13.55
May 2004,12-13/05/2004,AFS 2m,16:20,13.68
May 2004,12-13/05/2004,AFS 2m,16:30,14.2
May 2004,12-13/05/2004,AFS 2m,16:40,11.17
May 2004,12-13/05/2004,AFS 2m,16:50,7.92
May 2004,12-13/05/2004,AFS 2m,17:00,7.56
May 2004,12-13/05/2004,AFS 2m,17:10,5.87
May 2004,12-13/05/2004,AFS 2m,17:20,4.68
May 2004,12-13/05/2004,AFS 2m,17:30,3.88
May 2004,12-13/05/2004,AFS 2m,17:40,3.17
May 2004,12-13/05/2004,AFS 2m,17:50,1.88
May 2004,12-13/05/2004,AFS 2m,18:00,1.28
May 2004,12-13/05/2004,AFS 2m,18:10,0.54
May 2004,12-13/05/2004,AFS 2m,18:20,0.29
May 2004,12-13/05/2004,AFS 2m,7:20,0.13
May 2004,12-13/05/2004,AFS 2m,7:30,0.39
May 2004,12-13/05/2004,AFS 2m,7:40,0.76
May 2004,12-13/05/2004,AFS 2m,7:50,2.07
May 2004,12-13/05/2004,AFS 2m,8:00,4.63
May 2004,12-13/05/2004,AFS 2m,8:10,5.33
May 2004,12-13/05/2004,AFS 2m,8:20,7.8
May 2004,12-13/05/2004,AFS 2m,8:30,9.5
May 2004,12-13/05/2004,AFS 2m,8:40,8.13
May 2004,12-13/05/2004,AFS 2m,8:50,3.92
May 2004,12-13/05/2004,AFS 2m,9:00,3.41
May 2004,12-13/05/2004,AFS 2m,9:10,8.37
May 2004,12-13/05/2004,AFS 2m,9:20,8.56
May 2004,12-13/05/2004,AFS 2m,9:30,9.32
May 2004,12-13/05/2004,AFS 2m,9:40,9.75
May 2004,12-13/05/2004,AFS 2m,9:50,17.73
May 2004,19-20/05/2004,AFS 2m,10:00,7.641
May 2004,19-20/05/2004,AFS 2m,10:10,7.945
May 2004,19-20/05/2004,AFS 2m,10:20,10.21
May 2004,19-20/05/2004,AFS 2m,10:30,11.75
May 2004,19-20/05/2004,AFS 2m,10:40,20.82
May 2004,19-20/05/2004,AFS 2m,10:50,30.87
May 2004,19-20/05/2004,AFS 2m,11:00,33.96
May 2004,19-20/05/2004,AFS 2m,11:10,38.77
May 2004,19-20/05/2004,AFS 2m,11:20,33.13
May 2004,19-20/05/2004,AFS 2m,11:30,25.36
May 2004,19-20/05/2004,AFS 2m,11:40,25.36
May 2004,19-20/05/2004,AFS 2m,11:50,13.21
May 2004,19-20/05/2004,AFS 2m,12:00,13.36
May 2004,19-20/05/2004,AFS 2m,12:10,19.01
May 2004,19-20/05/2004,AFS 2m,12:20,21.51
May 2004,19-20/05/2004,AFS 2m,12:30,13.75
May 2004,19-20/05/2004,AFS 2m,12:40,16.09
May 2004,19-20/05/2004,AFS 2m,12:50,20.2
May 2004,19-20/05/2004,AFS 2m,13:00,16.58
May 2004,19-20/05/2004,AFS 2m,13:10,13.31
May 2004,19-20/05/2004,AFS 2m,13:20,12.37
May 2004,19-20/05/2004,AFS 2m,13:30,7.489
May 2004,19-20/05/2004,AFS 2m,13:40,10.12
May 2004,19-20/05/2004,AFS 2m,13:50,7.01
May 2004,19-20/05/2004,AFS 2m,14:00,8.934
May 2004,19-20/05/2004,AFS 2m,14:10,6.452
May 2004,19-20/05/2004,AFS 2m,14:20,3.58
May 2004,19-20/05/2004,AFS 2m,14:30,42.76
May 2004,19-20/05/2004,AFS 2m,14:40,16.51
May 2004,19-20/05/2004,AFS 2m,14:50,15.93
May 2004,19-20/05/2004,AFS 2m,15:00,19.4
May 2004,19-20/05/2004,AFS 2m,15:10,23.96
May 2004,19-20/05/2004,AFS 2m,15:20,21.72
May 2004,19-20/05/2004,AFS 2m,15:30,57.16
May 2004,19-20/05/2004,AFS 2m,15:40,118.9
May 2004,19-20/05/2004,AFS 2m,15:50,28.45
May 2004,19-20/05/2004,AFS 2m,16:00,357.9
May 2004,19-20/05/2004,AFS 2m,16:10,21.55
May 2004,19-20/05/2004,AFS 2m,16:20,14.56
May 2004,19-20/05/2004,AFS 2m,16:30,14.86
May 2004,19-20/05/2004,AFS 2m,16:40,11.45
May 2004,19-20/05/2004,AFS 2m,16:50,9.387
May 2004,19-20/05/2004,AFS 2m,17:00,9.29
May 2004,19-20/05/2004,AFS 2m,17:10,7.271
May 2004,19-20/05/2004,AFS 2m,17:20,7.422
May 2004,19-20/05/2004,AFS 2m,17:30,5.694
May 2004,19-20/05/2004,AFS 2m,17:40,3.771
May 2004,19-20/05/2004,AFS 2m,17:50,2.015
May 2004,19-20/05/2004,AFS 2m,18:00,1.268
May 2004,19-20/05/2004,AFS 2m,18:10,0.6533
May 2004,19-20/05/2004,AFS 2m,18:20,0.3389
May 2004,19-20/05/2004,AFS 2m,7:20,0.07
May 2004,19-20/05/2004,AFS 2m,7:30,0.08
May 2004,19-20/05/2004,AFS 2m,7:40,0.11
May 2004,19-20/05/2004,AFS 2m,7:50,0.22
May 2004,19-20/05/2004,AFS 2m,8:00,0.617
May 2004,19-20/05/2004,AFS 2m,8:10,1.493
May 2004,19-20/05/2004,AFS 2m,8:20,2.811
May 2004,19-20/05/2004,AFS 2m,8:30,2.523
May 2004,19-20/05/2004,AFS 2m,8:40,3.962
May 2004,19-20/05/2004,AFS 2m,8:50,3.226
May 2004,19-20/05/2004,AFS 2m,9:00,8.253
May 2004,19-20/05/2004,AFS 2m,9:10,11.44
May 2004,19-20/05/2004,AFS 2m,9:20,11.56
May 2004,19-20/05/2004,AFS 2m,9:30,12.74
May 2004,19-20/05/2004,AFS 2m,9:40,14.77
May 2004,19-20/05/2004,AFS 2m,9:50,12.58
May 2004,07-08/05/2004,MO 1.2m,10:00,165.4
May 2004,07-08/05/2004,MO 1.2m,10:10,156.1
May 2004,07-08/05/2004,MO 1.2m,10:20,157.1
May 2004,07-08/05/2004,MO 1.2m,10:30,202.7
May 2004,07-08/05/2004,MO 1.2m,10:40,256.4
May 2004,07-08/05/2004,MO 1.2m,10:50,240.6
May 2004,07-08/05/2004,MO 1.2m,11:00,244.0
May 2004,07-08/05/2004,MO 1.2m,11:10,227.3
May 2004,07-08/05/2004,MO 1.2m,11:20,276.1
May 2004,07-08/05/2004,MO 1.2m,11:30,337.1
May 2004,07-08/05/2004,MO 1.2m,11:40,232.9
May 2004,07-08/05/2004,MO 1.2m,11:50,275.5
May 2004,07-08/05/2004,MO 1.2m,12:00,145.9
May 2004,07-08/05/2004,MO 1.2m,12:10,131.0
May 2004,07-08/05/2004,MO 1.2m,12:20,128.2
May 2004,07-08/05/2004,MO 1.2m,12:30,206.6
May 2004,07-08/05/2004,MO 1.2m,12:40,228.1
May 2004,07-08/05/2004,MO 1.2m,12:50,306.1
May 2004,07-08/05/2004,MO 1.2m,13:00,353.5
May 2004,07-08/05/2004,MO 1.2m,13:10,246.6
May 2004,07-08/05/2004,MO 1.2m,13:20,213.1
May 2004,07-08/05/2004,MO 1.2m,13:30,166.4
May 2004,07-08/05/2004,MO 1.2m,13:40,203.8
May 2004,07-08/05/2004,MO 1.2m,13:50,266.5
May 2004,07-08/05/2004,MO 1.2m,14:00,340.2
May 2004,07-08/05/2004,MO 1.2m,14:10,299.5
May 2004,07-08/05/2004,MO 1.2m,14:20,132.3
May 2004,07-08/05/2004,MO 1.2m,14:30,134.9
May 2004,07-08/05/2004,MO 1.2m,14:40,136.0
May 2004,07-08/05/2004,MO 1.2m,14:50,135.5
May 2004,07-08/05/2004,MO 1.2m,15:00,284.4
May 2004,07-08/05/2004,MO 1.2m,15:10,231.7
May 2004,07-08/05/2004,MO 1.2m,15:20,188.9
May 2004,07-08/05/2004,MO 1.2m,15:30,170.7
May 2004,07-08/05/2004,MO 1.2m,15:40,190.2
May 2004,07-08/05/2004,MO 1.2m,15:50,172.7
May 2004,07-08/05/2004,MO 1.2m,16:00,155.6
May 2004,07-08/05/2004,MO 1.2m,16:10,218.0
May 2004,07-08/05/2004,MO 1.2m,16:20,168.6
May 2004,07-08/05/2004,MO 1.2m,16:30,120.7
May 2004,07-08/05/2004,MO 1.2m,16:40,56.14
May 2004,07-08/05/2004,MO 1.2m,16:50,87.14
May 2004,07-08/05/2004,MO 1.2m,17:00,72.18
May 2004,07-08/05/2004,MO 1.2m,17:10,70.27
May 2004,07-08/05/2004,MO 1.2m,17:20,42.21
May 2004,07-08/05/2004,MO 1.2m,17:30,37.76
May 2004,07-08/05/2004,MO 1.2m,17:40,42.27
May 2004,07-08/05/2004,MO 1.2m,17:50,25.7
May 2004,07-08/05/2004,MO 1.2m,18:00,19.6
May 2004,07-08/05/2004,MO 1.2m,18:10,14.14
May 2004,07-08/05/2004,MO 1.2m,18:20,7.12
May 2004,07-08/05/2004,MO 1.2m,7:20,0.73
May 2004,07-08/05/2004,MO 1.2m,7:30,3.05
May 2004,07-08/05/2004,MO 1.2m,7:40,11.12
May 2004,07-08/05/2004,MO 1.2m,7:50,17.59
May 2004,07-08/05/2004,MO 1.2m,8:00,24.95
May 2004,07-08/05/2004,MO 1.2m,8:10,27.54
May 2004,07-08/05/2004,MO 1.2m,8:20,26.34
May 2004,07-08/05/2004,MO 1.2m,8:30,25.09
May 2004,07-08/05/2004,MO 1.2m,8:40,18.92
May 2004,07-08/05/2004,MO 1.2m,8:50,29.4
May 2004,07-08/05/2004,MO 1.2m,9:00,44.85
May 2004,07-08/05/2004,MO 1.2m,9:10,64.62
May 2004,07-08/05/2004,MO 1.2m,9:20,89.7
May 2004,07-08/05/2004,MO 1.2m,9:30,112.4
May 2004,07-08/05/2004,MO 1.2m,9:40,112.2
May 2004,07-08/05/2004,MO 1.2m,9:50,149.7
May 2004,16-17/05/2004,MO 1.2m,10:00,381.4
May 2004,16-17/05/2004,MO 1.2m,10:10,505.0
May 2004,16-17/05/2004,MO 1.2m,10:20,627.6
May 2004,16-17/05/2004,MO 1.2m,10:30,678.1
May 2004,16-17/05/2004,MO 1.2m,10:40,710.0
May 2004,16-17/05/2004,MO 1.2m,10:50,794.1
May 2004,16-17/05/2004,MO 1.2m,11:00,745.2
May 2004,16-17/05/2004,MO 1.2m,11:10,632.3
May 2004,16-17/05/2004,MO 1.2m,11:20,352.6
May 2004,16-17/05/2004,MO 1.2m,11:30,238.1
May 2004,16-17/05/2004,MO 1.2m,11:40,285.2
May 2004,16-17/05/2004,MO 1.2m,11:50,300.1
May 2004,16-17/05/2004,MO 1.2m,12:00,345.0
May 2004,16-17/05/2004,MO 1.2m,12:10,223.7
May 2004,16-17/05/2004,MO 1.2m,12:20,387.8
May 2004,16-17/05/2004,MO 1.2m,12:30,326.0
May 2004,16-17/05/2004,MO 1.2m,12:40,385.7
May 2004,16-17/05/2004,MO 1.2m,12:50,395.9
May 2004,16-17/05/2004,MO 1.2m,13:00,182.2
May 2004,16-17/05/2004,MO 1.2m,13:10,493.7
May 2004,16-17/05/2004,MO 1.2m,13:20,194.2
May 2004,16-17/05/2004,MO 1.2m,13:30,442.0
May 2004,16-17/05/2004,MO 1.2m,13:40,421.5
May 2004,16-17/05/2004,MO 1.2m,13:50,368.8
May 2004,16-17/05/2004,MO 1.2m,14:00,416.8
May 2004,16-17/05/2004,MO 1.2m,14:10,419.0
May 2004,16-17/05/2004,MO 1.2m,14:20,356.9
May 2004,16-17/05/2004,MO 1.2m,14:30,230.6
May 2004,16-17/05/2004,MO 1.2m,14:40,418.0
May 2004,16-17/05/2004,MO 1.2m,14:50,585.6
May 2004,16-17/05/2004,MO 1.2m,15:00,547.2
May 2004,16-17/05/2004,MO 1.2m,15:10,557.0
May 2004,16-17/05/2004,MO 1.2m,15:20,243.3
May 2004,16-17/05/2004,MO 1.2m,15:30,111.5
May 2004,16-17/05/2004,MO 1.2m,15:40,85.44
May 2004,16-17/05/2004,MO 1.2m,15:50,112.1
May 2004,16-17/05/2004,MO 1.2m,16:00,107.1
May 2004,16-17/05/2004,MO 1.2m,16:10,79.89
May 2004,16-17/05/2004,MO 1.2m,16:20,67.23
May 2004,16-17/05/2004,MO 1.2m,16:30,67.5
May 2004,16-17/05/2004,MO 1.2m,16:40,73.05
May 2004,16-17/05/2004,MO 1.2m,16:50,58.52
May 2004,16-17/05/2004,MO 1.2m,17:00,53.54
May 2004,16-17/05/2004,MO 1.2m,17:10,67.93
May 2004,16-17/05/2004,MO 1.2m,17:20,98.26
May 2004,16-17/05/2004,MO 1.2m,17:30,85.68
May 2004,16-17/05/2004,MO 1.2m,17:40,58.75
May 2004,16-17/05/2004,MO 1.2m,17:50,43.84
May 2004,16-17/05/2004,MO 1.2m,18:00,21.59
May 2004,16-17/05/2004,MO 1.2m,18:10,10.31
May 2004,16-17/05/2004,MO 1.2m,18:20,4.64
May 2004,16-17/05/2004,MO 1.2m,7:20,0.58
May 2004,16-17/05/2004,MO 1.2m,7:30,3.17
May 2004,16-17/05/2004,MO 1.2m,7:40,7.67
May 2004,16-17/05/2004,MO 1.2m,7:50,18.98
May 2004,16-17/05/2004,MO 1.2m,8:00,27.28
May 2004,16-17/05/2004,MO 1.2m,8:10,33.99
May 2004,16-17/05/2004,MO 1.2m,8:20,39.56
May 2004,16-17/05/2004,MO 1.2m,8:30,44.3
May 2004,16-17/05/2004,MO 1.2m,8:40,55.11
May 2004,16-17/05/2004,MO 1.2m,8:50,103.8
May 2004,16-17/05/2004,MO 1.2m,9:00,176.4
May 2004,16-17/05/2004,MO 1.2m,9:10,186.7
May 2004,16-17/05/2004,MO 1.2m,9:20,199.5
May 2004,16-17/05/2004,MO 1.2m,9:30,187.6
May 2004,16-17/05/2004,MO 1.2m,9:40,246.3
May 2004,16-17/05/2004,MO 1.2m,9:50,308.4
May 2004,22-23/05/2004,MO 1.2m,10:00,532.4
May 2004,22-23/05/2004,MO 1.2m,10:10,608.3
May 2004,22-23/05/2004,MO 1.2m,10:20,638.5
May 2004,22-23/05/2004,MO 1.2m,10:30,686.8
May 2004,22-23/05/2004,MO 1.2m,10:40,731.1
May 2004,22-23/05/2004,MO 1.2m,10:50,768.8
May 2004,22-23/05/2004,MO 1.2m,11:00,793.1
May 2004,22-23/05/2004,MO 1.2m,11:10,816.1
May 2004,22-23/05/2004,MO 1.2m,11:20,649.4
May 2004,22-23/05/2004,MO 1.2m,11:30,335.6
May 2004,22-23/05/2004,MO 1.2m,11:40,256.5
May 2004,22-23/05/2004,MO 1.2m,11:50,193.0
May 2004,22-23/05/2004,MO 1.2m,12:00,359.7
May 2004,22-23/05/2004,MO 1.2m,12:10,514.6
May 2004,22-23/05/2004,MO 1.2m,12:20,162.0
May 2004,22-23/05/2004,MO 1.2m,12:30,473.3
May 2004,22-23/05/2004,MO 1.2m,12:40,61.62
May 2004,22-23/05/2004,MO 1.2m,12:50,60.83
May 2004,22-23/05/2004,MO 1.2m,13:00,61.28
May 2004,22-23/05/2004,MO 1.2m,13:10,60.77
May 2004,22-23/05/2004,MO 1.2m,13:20,64.11
May 2004,22-23/05/2004,MO 1.2m,13:30,301.4
May 2004,22-23/05/2004,MO 1.2m,13:40,101.2
May 2004,22-23/05/2004,MO 1.2m,13:50,419.8
May 2004,22-23/05/2004,MO 1.2m,14:00,125.7
May 2004,22-23/05/2004,MO 1.2m,14:10,297.2
May 2004,22-23/05/2004,MO 1.2m,14:20,730.9
May 2004,22-23/05/2004,MO 1.2m,14:30,927.0
May 2004,22-23/05/2004,MO 1.2m,14:40,931.6
May 2004,22-23/05/2004,MO 1.2m,14:50,566.5
May 2004,22-23/05/2004,MO 1.2m,15:00,440.0
May 2004,22-23/05/2004,MO 1.2m,15:10,86.85
May 2004,22-23/05/2004,MO 1.2m,15:20,64.58
May 2004,22-23/05/2004,MO 1.2m,15:30,64.02
May 2004,22-23/05/2004,MO 1.2m,15:40,90.54
May 2004,22-23/05/2004,MO 1.2m,15:50,59.71
May 2004,22-23/05/2004,MO 1.2m,16:00,57.77
May 2004,22-23/05/2004,MO 1.2m,16:10,56.21
May 2004,22-23/05/2004,MO 1.2m,16:20,54.45
May 2004,22-23/05/2004,MO 1.2m,16:30,52.72
May 2004,22-23/05/2004,MO 1.2m,16:40,50.92
May 2004,22-23/05/2004,MO 1.2m,16:50,48.59
May 2004,22-23/05/2004,MO 1.2m,17:00,46.06
May 2004,22-23/05/2004,MO 1.2m,17:10,43.1
May 2004,22-23/05/2004,MO 1.2m,17:20,39.62
May 2004,22-23/05/2004,MO 1.2m,17:30,35.7
May 2004,22-23/05/2004,MO 1.2m,17:40,30.83
May 2004,22-23/05/2004,MO 1.2m,17:50,24.69
May 2004,22-23/05/2004,MO 1.2m,18:00,17.18
May 2004,22-23/05/2004,MO 1.2m,18:10,9.198
May 2004,22-23/05/2004,MO 1.2m,18:20,3.107
May 2004,22-23/05/2004,MO 1.2m,7:20,0.01874
May 2004,22-23/05/2004,MO 1.2m,7:30,0.195
May 2004,22-23/05/2004,MO 1.2m,7:40,1.522
May 2004,22-23/05/2004,MO 1.2m,7:50,5.914
May 2004,22-23/05/2004,MO 1.2m,8:00,13.05
May 2004,22-23/05/2004,MO 1.2m,8:10,20.61
May 2004,22-23/05/2004,MO 1.2m,8:20,27.11
May 2004,22-23/05/2004,MO 1.2m,8:30,32.6
May 2004,22-23/05/2004,MO 1.2m,8:40,36.97
May 2004,22-23/05/2004,MO 1.2m,8:50,40.15
May 2004,22-23/05/2004,MO 1.2m,9:00,54.98
May 2004,22-23/05/2004,MO 1.2m,9:10,125.7
May 2004,22-23/05/2004,MO 1.2m,9:20,76.45
May 2004,22-23/05/2004,MO 1.2m,9:30,115.3
May 2004,22-23/05/2004,MO 1.2m,9:40,276.0
May 2004,22-23/05/2004,MO 1.2m,9:50,207.5
May 2004,08-09/05/2004,MO 2m,10:00,347.5
May 2004,08-09/05/2004,MO 2m,10:10,321.3
May 2004,08-09/05/2004,MO 2m,10:20,319.9
May 2004,08-09/05/2004,MO 2m,10:30,327.0
May 2004,08-09/05/2004,MO 2m,10:40,323.7
May 2004,08-09/05/2004,MO 2m,10:50,407.7
May 2004,08-09/05/2004,MO 2m,11:00,449.1
May 2004,08-09/05/2004,MO 2m,11:10,174.2
May 2004,08-09/05/2004,MO 2m,11:20,580.2
May 2004,08-09/05/2004,MO 2m,11:30,452.8
May 2004,08-09/05/2004,MO 2m,11:40,110.1
May 2004,08-09/05/2004,MO 2m,11:50,201.6
May 2004,08-09/05/2004,MO 2m,12:00,206.3
May 2004,08-09/05/2004,MO 2m,12:10,59.5
May 2004,08-09/05/2004,MO 2m,12:20,64.52
May 2004,08-09/05/2004,MO 2m,12:30,475.1
May 2004,08-09/05/2004,MO 2m,12:40,173.2
May 2004,08-09/05/2004,MO 2m,12:50,687.0
May 2004,08-09/05/2004,MO 2m,13:00,368.9
May 2004,08-09/05/2004,MO 2m,13:10,295.4
May 2004,08-09/05/2004,MO 2m,13:20,199.5
May 2004,08-09/05/2004,MO 2m,13:30,51.36
May 2004,08-09/05/2004,MO 2m,13:40,140.3
May 2004,08-09/05/2004,MO 2m,13:50,123.6
May 2004,08-09/05/2004,MO 2m,14:00,709.9
May 2004,08-09/05/2004,MO 2m,14:10,728.2
May 2004,08-09/05/2004,MO 2m,14:20,715.2
May 2004,08-09/05/2004,MO 2m,14:30,702.6
May 2004,08-09/05/2004,MO 2m,14:40,408.6
May 2004,08-09/05/2004,MO 2m,14:50,408.5
May 2004,08-09/05/2004,MO 2m,15:00,300.5
May 2004,08-09/05/2004,MO 2m,15:10,409.2
May 2004,08-09/05/2004,MO 2m,15:20,266.8
May 2004,08-09/05/2004,MO 2m,15:30,221.7
May 2004,08-09/05/2004,MO 2m,15:40,220.2
May 2004,08-09/05/2004,MO 2m,15:50,222.3
May 2004,08-09/05/2004,MO 2m,16:00,106.9
May 2004,08-09/05/2004,MO 2m,16:10,115.9
May 2004,08-09/05/2004,MO 2m,16:20,137.1
May 2004,08-09/05/2004,MO 2m,16:30,165.1
May 2004,08-09/05/2004,MO 2m,16:40,140.6
May 2004,08-09/05/2004,MO 2m,16:50,107.9
May 2004,08-09/05/2004,MO 2m,17:00,93.76
May 2004,08-09/05/2004,MO 2m,17:10,86.6
May 2004,08-09/05/2004,MO 2m,17:20,41.05
May 2004,08-09/05/2004,MO 2m,17:30,30.14
May 2004,08-09/05/2004,MO 2m,17:40,30.05
May 2004,08-09/05/2004,MO 2m,17:50,28.43
May 2004,08-09/05/2004,MO 2m,18:00,22.46
May 2004,08-09/05/2004,MO 2m,18:10,10.46
May 2004,08-09/05/2004,MO 2m,18:20,7.05
May 2004,08-09/05/2004,MO 2m,7:20,1.51
May 2004,08-09/05/2004,MO 2m,7:30,3.56
May 2004,08-09/05/2004,MO 2m,7:40,8.21
May 2004,08-09/05/2004,MO 2m,7:50,19.82
May 2004,08-09/05/2004,MO 2m,8:00,22.79
May 2004,08-09/05/2004,MO 2m,8:10,25.57
May 2004,08-09/05/2004,MO 2m,8:20,32.7
May 2004,08-09/05/2004,MO 2m,8:30,33.38
May 2004,08-09/05/2004,MO 2m,8:40,46.05
May 2004,08-09/05/2004,MO 2m,8:50,65.82
May 2004,08-09/05/2004,MO 2m,9:00,206.5
May 2004,08-09/05/2004,MO 2m,9:10,312.2
May 2004,08-09/05/2004,MO 2m,9:20,309.9
May 2004,08-09/05/2004,MO 2m,9:30,189.6
May 2004,08-09/05/2004,MO 2m,9:40,200.6
May 2004,08-09/05/2004,MO 2m,9:50,292.8
May 2004,15-16/05/2004,MO 2m,10:00,327.2
May 2004,15-16/05/2004,MO 2m,10:10,454.9
May 2004,15-16/05/2004,MO 2m,10:20,436.6
May 2004,15-16/05/2004,MO 2m,10:30,485.5
May 2004,15-16/05/2004,MO 2m,10:40,465.0
May 2004,15-16/05/2004,MO 2m,10:50,844.8
May 2004,15-16/05/2004,MO 2m,11:00,795.2
May 2004,15-16/05/2004,MO 2m,11:10,798.1
May 2004,15-16/05/2004,MO 2m,11:20,698.6
May 2004,15-16/05/2004,MO 2m,11:30,657.0
May 2004,15-16/05/2004,MO 2m,11:40,576.2
May 2004,15-16/05/2004,MO 2m,11:50,589.1
May 2004,15-16/05/2004,MO 2m,12:00,603.9
May 2004,15-16/05/2004,MO 2m,12:10,712.0
May 2004,15-16/05/2004,MO 2m,12:20,579.0
May 2004,15-16/05/2004,MO 2m,12:30,936.2
May 2004,15-16/05/2004,MO 2m,12:40,628.3
May 2004,15-16/05/2004,MO 2m,12:50,863.8
May 2004,15-16/05/2004,MO 2m,13:00,862.1
May 2004,15-16/05/2004,MO 2m,13:10,715.7
May 2004,15-16/05/2004,MO 2m,13:20,505.0
May 2004,15-16/05/2004,MO 2m,13:30,682.0
May 2004,15-16/05/2004,MO 2m,13:40,859.0
May 2004,15-16/05/2004,MO 2m,13:50,785.2
May 2004,15-16/05/2004,MO 2m,14:00,658.7
May 2004,15-16/05/2004,MO 2m,14:10,484.8
May 2004,15-16/05/2004,MO 2m,14:20,988.5
May 2004,15-16/05/2004,MO 2m,14:30,389.7
May 2004,15-16/05/2004,MO 2m,14:40,393.9
May 2004,15-16/05/2004,MO 2m,14:50,303.9
May 2004,15-16/05/2004,MO 2m,15:00,420.1
May 2004,15-16/05/2004,MO 2m,15:10,484.3
May 2004,15-16/05/2004,MO 2m,15:20,360.3
May 2004,15-16/05/2004,MO 2m,15:30,564.4
May 2004,15-16/05/2004,MO 2m,15:40,440.0
May 2004,15-16/05/2004,MO 2m,15:50,223.9
May 2004,15-16/05/2004,MO 2m,16:00,241.0
May 2004,15-16/05/2004,MO 2m,16:10,317.1
May 2004,15-16/05/2004,MO 2m,16:20,242.0
May 2004,15-16/05/2004,MO 2m,16:30,78.53
May 2004,15-16/05/2004,MO 2m,16:40,110.5
May 2004,15-16/05/2004,MO 2m,16:50,109.5
May 2004,15-16/05/2004,MO 2m,17:00,93.06
May 2004,15-16/05/2004,MO 2m,17:10,76.86
May 2004,15-16/05/2004,MO 2m,17:20,58.1
May 2004,15-16/05/2004,MO 2m,17:30,55.28
May 2004,15-16/05/2004,MO 2m,17:40,50.34
May 2004,15-16/05/2004,MO 2m,17:50,43.39
May 2004,15-16/05/2004,MO 2m,18:00,31.85
May 2004,15-16/05/2004,MO 2m,18:10,17.71
May 2004,15-16/05/2004,MO 2m,18:20,6.93
May 2004,15-16/05/2004,MO 2m,7:20,0.45
May 2004,15-16/05/2004,MO 2m,7:30,2.24
May 2004,15-16/05/2004,MO 2m,7:40,8.98
May 2004,15-16/05/2004,MO 2m,7:50,18.29
May 2004,15-16/05/2004,MO 2m,8:00,46.88
May 2004,15-16/05/2004,MO 2m,8:10,53.14
May 2004,15-16/05/2004,MO 2m,8:20,70.61
May 2004,15-16/05/2004,MO 2m,8:30,79.84
May 2004,15-16/05/2004,MO 2m,8:40,123.5
May 2004,15-16/05/2004,MO 2m,8:50,121.4
May 2004,15-16/05/2004,MO 2m,9:00,256.1
May 2004,15-16/05/2004,MO 2m,9:10,186.9
May 2004,15-16/05/2004,MO 2m,9:20,229.4
May 2004,15-16/05/2004,MO 2m,9:30,264.6
May 2004,15-16/05/2004,MO 2m,9:40,309.5
May 2004,15-16/05/2004,MO 2m,9:50,333.9
May 2004,21-22/05/2004,MO 2m,10:00,191.2
May 2004,21-22/05/2004,MO 2m,10:10,569.8
May 2004,21-22/05/2004,MO 2m,10:20,271.7
May 2004,21-22/05/2004,MO 2m,10:30,589.8
May 2004,21-22/05/2004,MO 2m,10:40,729.1
May 2004,21-22/05/2004,MO 2m,10:50,631.2
May 2004,21-22/05/2004,MO 2m,11:00,417.4
May 2004,21-22/05/2004,MO 2m,11:10,194.3
May 2004,21-22/05/2004,MO 2m,11:20,911.0
May 2004,21-22/05/2004,MO 2m,11:30,459.1
May 2004,21-22/05/2004,MO 2m,11:40,166.1
May 2004,21-22/05/2004,MO 2m,11:50,1037.0
May 2004,21-22/05/2004,MO 2m,12:00,1083.0
May 2004,21-22/05/2004,MO 2m,12:10,596.5
May 2004,21-22/05/2004,MO 2m,12:20,652.8
May 2004,21-22/05/2004,MO 2m,12:30,928.9
May 2004,21-22/05/2004,MO 2m,12:40,797.9
May 2004,21-22/05/2004,MO 2m,12:50,539.8
May 2004,21-22/05/2004,MO 2m,13:00,398.8
May 2004,21-22/05/2004,MO 2m,13:10,592.0
May 2004,21-22/05/2004,MO 2m,13:20,939.3
May 2004,21-22/05/2004,MO 2m,13:30,966.2
May 2004,21-22/05/2004,MO 2m,13:40,1071.0
May 2004,21-22/05/2004,MO 2m,13:50,1036.0
May 2004,21-22/05/2004,MO 2m,14:00,962.2
May 2004,21-22/05/2004,MO 2m,14:10,544.9
May 2004,21-22/05/2004,MO 2m,14:20,450.6
May 2004,21-22/05/2004,MO 2m,14:30,1076.0
May 2004,21-22/05/2004,MO 2m,14:40,7.907
May 2004,21-22/05/2004,MO 2m,14:50,6.557
May 2004,21-22/05/2004,MO 2m,15:00,82.85
May 2004,21-22/05/2004,MO 2m,15:10,76.93
May 2004,21-22/05/2004,MO 2m,15:20,58.68
May 2004,21-22/05/2004,MO 2m,15:30,91.28
May 2004,21-22/05/2004,MO 2m,15:40,107.4
May 2004,21-22/05/2004,MO 2m,15:50,83.81
May 2004,21-22/05/2004,MO 2m,16:00,72.84
May 2004,21-22/05/2004,MO 2m,16:10,60.91
May 2004,21-22/05/2004,MO 2m,16:20,41.71
May 2004,21-22/05/2004,MO 2m,16:30,31.84
May 2004,21-22/05/2004,MO 2m,16:40,28.44
May 2004,21-22/05/2004,MO 2m,16:50,16.48
May 2004,21-22/05/2004,MO 2m,17:00,17.6
May 2004,21-22/05/2004,MO 2m,17:10,28.22
May 2004,21-22/05/2004,MO 2m,17:20,24.59
May 2004,21-22/05/2004,MO 2m,17:30,17.64
May 2004,21-22/05/2004,MO 2m,17:40,8.545
May 2004,21-22/05/2004,MO 2m,17:50,8.733
May 2004,21-22/05/2004,MO 2m,18:00,4.734
May 2004,21-22/05/2004,MO 2m,18:10,2.636
May 2004,21-22/05/2004,MO 2m,18:20,0.6595
May 2004,21-22/05/2004,MO 2m,7:20,0.02929
May 2004,21-22/05/2004,MO 2m,7:30,0.3204
May 2004,21-22/05/2004,MO 2m,7:40,0.7601
May 2004,21-22/05/2004,MO 2m,7:50,3.327
May 2004,21-22/05/2004,MO 2m,8:00,4.834
May 2004,21-22/05/2004,MO 2m,8:10,7.991
May 2004,21-22/05/2004,MO 2m,8:20,20.38
May 2004,21-22/05/2004,MO 2m,8:30,55.5
May 2004,21-22/05/2004,MO 2m,8:40,67.22
May 2004,21-22/05/2004,MO 2m,8:50,75.22
May 2004,21-22/05/2004,MO 2m,9:00,131.4
May 2004,21-22/05/2004,MO 2m,9:10,128.8
May 2004,21-22/05/2004,MO 2m,9:20,152.0
May 2004,21-22/05/2004,MO 2m,9:30,160.5
May 2004,21-22/05/2004,MO 2m,9:40,160.6
May 2004,21-22/05/2004,MO 2m,9:50,201.7
May 2004,09-10/05/2004,Open area 2m,10:00,450.3
May 2004,09-10/05/2004,Open area 2m,10:10,480.4
May 2004,09-10/05/2004,Open area 2m,10:20,515.1
May 2004,09-10/05/2004,Open area 2m,10:30,544.3
May 2004,09-10/05/2004,Open area 2m,10:40,565.1
May 2004,09-10/05/2004,Open area 2m,10:50,988.3
May 2004,09-10/05/2004,Open area 2m,11:00,610.0
May 2004,09-10/05/2004,Open area 2m,11:10,636.6
May 2004,09-10/05/2004,Open area 2m,11:20,661.2
May 2004,09-10/05/2004,Open area 2m,11:30,670.3
May 2004,09-10/05/2004,Open area 2m,11:40,664.5
May 2004,09-10/05/2004,Open area 2m,11:50,699.6
May 2004,09-10/05/2004,Open area 2m,12:00,714.9
May 2004,09-10/05/2004,Open area 2m,12:10,734.9
May 2004,09-10/05/2004,Open area 2m,12:20,749.5
May 2004,09-10/05/2004,Open area 2m,12:30,420.0
May 2004,09-10/05/2004,Open area 2m,12:40,448.0
May 2004,09-10/05/2004,Open area 2m,12:50,718.6
May 2004,09-10/05/2004,Open area 2m,13:00,880.9
May 2004,09-10/05/2004,Open area 2m,13:10,857.7
May 2004,09-10/05/2004,Open area 2m,13:20,827.4
May 2004,09-10/05/2004,Open area 2m,13:30,861.6
May 2004,09-10/05/2004,Open area 2m,13:40,860.6
May 2004,09-10/05/2004,Open area 2m,13:50,731.8
May 2004,09-10/05/2004,Open area 2m,14:00,974.8
May 2004,09-10/05/2004,Open area 2m,14:10,744.9
May 2004,09-10/05/2004,Open area 2m,14:20,774.8
May 2004,09-10/05/2004,Open area 2m,14:30,644.9
May 2004,09-10/05/2004,Open area 2m,14:40,687.3
May 2004,09-10/05/2004,Open area 2m,14:50,503.1
May 2004,09-10/05/2004,Open area 2m,15:00,541.6
May 2004,09-10/05/2004,Open area 2m,15:10,554.6
May 2004,09-10/05/2004,Open area 2m,15:20,521.5
May 2004,09-10/05/2004,Open area 2m,15:30,487.2
May 2004,09-10/05/2004,Open area 2m,15:40,415.4
May 2004,09-10/05/2004,Open area 2m,15:50,457.4
May 2004,09-10/05/2004,Open area 2m,16:00,433.9
May 2004,09-10/05/2004,Open area 2m,16:10,400.5
May 2004,09-10/05/2004,Open area 2m,16:20,366.9
May 2004,09-10/05/2004,Open area 2m,16:30,300.4
May 2004,09-10/05/2004,Open area 2m,16:40,266.0
May 2004,09-10/05/2004,Open area 2m,16:50,266.2
May 2004,09-10/05/2004,Open area 2m,17:00,144.9
May 2004,09-10/05/2004,Open area 2m,17:10,68.78
May 2004,09-10/05/2004,Open area 2m,17:20,56.01
May 2004,09-10/05/2004,Open area 2m,17:30,49.72
May 2004,09-10/05/2004,Open area 2m,17:40,44.01
May 2004,09-10/05/2004,Open area 2m,17:50,30.2
May 2004,09-10/05/2004,Open area 2m,18:00,25.08
May 2004,09-10/05/2004,Open area 2m,18:10,17.81
May 2004,09-10/05/2004,Open area 2m,18:20,9.76
May 2004,09-10/05/2004,Open area 2m,7:20,1.37
May 2004,09-10/05/2004,Open area 2m,7:30,4.55
May 2004,09-10/05/2004,Open area 2m,7:40,12.15
May 2004,09-10/05/2004,Open area 2m,7:50,19.88
May 2004,09-10/05/2004,Open area 2m,8:00,29.5
May 2004,09-10/05/2004,Open area 2m,8:10,44.81
May 2004,09-10/05/2004,Open area 2m,8:20,164.8
May 2004,09-10/05/2004,Open area 2m,8:30,202.9
May 2004,09-10/05/2004,Open area 2m,8:40,215.5
May 2004,09-10/05/2004,Open area 2m,8:50,273.8
May 2004,09-10/05/2004,Open area 2m,9:00,321.3
May 2004,09-10/05/2004,Open area 2m,9:10,326.1
May 2004,09-10/05/2004,Open area 2m,9:20,333.5
May 2004,09-10/05/2004,Open area 2m,9:30,347.5
May 2004,09-10/05/2004,Open area 2m,9:40,388.9
May 2004,09-10/05/2004,Open area 2m,9:50,423.7
May 2004,11-12/05/2004,Open area 2m,10:00,341.06
May 2004,11-12/05/2004,Open area 2m,10:10,480.61
May 2004,11-12/05/2004,Open area 2m,10:20,482.87
May 2004,11-12/05/2004,Open area 2m,10:30,561.56
May 2004,11-12/05/2004,Open area 2m,10:40,554.35
May 2004,11-12/05/2004,Open area 2m,10:50,784.3
May 2004,11-12/05/2004,Open area 2m,11:00,781.9
May 2004,11-12/05/2004,Open area 2m,11:10,799.3
May 2004,11-12/05/2004,Open area 2m,11:20,755.7
May 2004,11-12/05/2004,Open area 2m,11:30,771.2
May 2004,11-12/05/2004,Open area 2m,11:40,671.9
May 2004,11-12/05/2004,Open area 2m,11:50,648.6
May 2004,11-12/05/2004,Open area 2m,12:00,664.2
May 2004,11-12/05/2004,Open area 2m,12:10,642.3
May 2004,11-12/05/2004,Open area 2m,12:20,778.3
May 2004,11-12/05/2004,Open area 2m,12:30,965.8
May 2004,11-12/05/2004,Open area 2m,12:40,949.7
May 2004,11-12/05/2004,Open area 2m,12:50,867.7
May 2004,11-12/05/2004,Open area 2m,13:00,742.7
May 2004,11-12/05/2004,Open area 2m,13:10,622.9
May 2004,11-12/05/2004,Open area 2m,13:20,687.7
May 2004,11-12/05/2004,Open area 2m,13:30,1360.0
May 2004,11-12/05/2004,Open area 2m,13:40,1310.0
May 2004,11-12/05/2004,Open area 2m,13:50,836.0
May 2004,11-12/05/2004,Open area 2m,14:00,587.1
May 2004,11-12/05/2004,Open area 2m,14:10,593.2
May 2004,11-12/05/2004,Open area 2m,14:20,574.0
May 2004,11-12/05/2004,Open area 2m,14:30,587.7
May 2004,11-12/05/2004,Open area 2m,14:40,761.0
May 2004,11-12/05/2004,Open area 2m,14:50,837.9
May 2004,11-12/05/2004,Open area 2m,15:00,764.4
May 2004,11-12/05/2004,Open area 2m,15:10,613.9
May 2004,11-12/05/2004,Open area 2m,15:20,562.6
May 2004,11-12/05/2004,Open area 2m,15:30,449.4
May 2004,11-12/05/2004,Open area 2m,15:40,468.6
May 2004,11-12/05/2004,Open area 2m,15:50,582.4
May 2004,11-12/05/2004,Open area 2m,16:00,514.0
May 2004,11-12/05/2004,Open area 2m,16:10,328.8
May 2004,11-12/05/2004,Open area 2m,16:20,376.5
May 2004,11-12/05/2004,Open area 2m,16:30,400.6
May 2004,11-12/05/2004,Open area 2m,16:40,219.3
May 2004,11-12/05/2004,Open area 2m,16:50,191.3
May 2004,11-12/05/2004,Open area 2m,17:00,179.5
May 2004,11-12/05/2004,Open area 2m,17:10,156.1
May 2004,11-12/05/2004,Open area 2m,17:20,128.6
May 2004,11-12/05/2004,Open area 2m,17:30,82.44
May 2004,11-12/05/2004,Open area 2m,17:40,45.43
May 2004,11-12/05/2004,Open area 2m,17:50,30.25
May 2004,11-12/05/2004,Open area 2m,18:00,27.82
May 2004,11-12/05/2004,Open area 2m,18:10,18.85
May 2004,11-12/05/2004,Open area 2m,18:20,9.69
May 2004,11-12/05/2004,Open area 2m,7:20,1.87
May 2004,11-12/05/2004,Open area 2m,7:30,5.9
May 2004,11-12/05/2004,Open area 2m,7:40,9.4
May 2004,11-12/05/2004,Open area 2m,7:50,11.37
May 2004,11-12/05/2004,Open area 2m,8:00,14.97
May 2004,11-12/05/2004,Open area 2m,8:10,29.5
May 2004,11-12/05/2004,Open area 2m,8:20,140.88
May 2004,11-12/05/2004,Open area 2m,8:30,150.08
May 2004,11-12/05/2004,Open area 2m,8:40,152.32
May 2004,11-12/05/2004,Open area 2m,8:50,226.38
May 2004,11-12/05/2004,Open area 2m,9:00,255.74
May 2004,11-12/05/2004,Open area 2m,9:10,238.44
May 2004,11-12/05/2004,Open area 2m,9:20,269.63
May 2004,11-12/05/2004,Open area 2m,9:30,292.44
May 2004,11-12/05/2004,Open area 2m,9:40,350.6
May 2004,11-12/05/2004,Open area 2m,9:50,330.59
May 2004,14-15/05/2004,Open area 2m,10:00,237.0
May 2004,14-15/05/2004,Open area 2m,10:10,517.1
May 2004,14-15/05/2004,Open area 2m,10:20,319.8
May 2004,14-15/05/2004,Open area 2m,10:30,325.9
May 2004,14-15/05/2004,Open area 2m,10:40,508.2
May 2004,14-15/05/2004,Open area 2m,10:50,661.0
May 2004,14-15/05/2004,Open area 2m,11:00,440.6
May 2004,14-15/05/2004,Open area 2m,11:10,432.4
May 2004,14-15/05/2004,Open area 2m,11:20,360.6
May 2004,14-15/05/2004,Open area 2m,11:30,946.8
May 2004,14-15/05/2004,Open area 2m,11:40,508.1
May 2004,14-15/05/2004,Open area 2m,11:50,601.1
May 2004,14-15/05/2004,Open area 2m,12:00,566.5
May 2004,14-15/05/2004,Open area 2m,12:10,944.2
May 2004,14-15/05/2004,Open area 2m,12:20,948.2
May 2004,14-15/05/2004,Open area 2m,12:30,409.8
May 2004,14-15/05/2004,Open area 2m,12:40,222.1
May 2004,14-15/05/2004,Open area 2m,12:50,329.1
May 2004,14-15/05/2004,Open area 2m,13:00,402.2
May 2004,14-15/05/2004,Open area 2m,13:10,308.0
May 2004,14-15/05/2004,Open area 2m,13:20,319.6
May 2004,14-15/05/2004,Open area 2m,13:30,471.2
May 2004,14-15/05/2004,Open area 2m,13:40,585.8
May 2004,14-15/05/2004,Open area 2m,13:50,626.7
May 2004,14-15/05/2004,Open area 2m,14:00,541.2
May 2004,14-15/05/2004,Open area 2m,14:10,467.6
May 2004,14-15/05/2004,Open area 2m,14:20,526.9
May 2004,14-15/05/2004,Open area 2m,14:30,256.7
May 2004,14-15/05/2004,Open area 2m,14:40,310.8
May 2004,14-15/05/2004,Open area 2m,14:50,346.7
May 2004,14-15/05/2004,Open area 2m,15:00,372.2
May 2004,14-15/05/2004,Open area 2m,15:10,225.8
May 2004,14-15/05/2004,Open area 2m,15:20,265.4
May 2004,14-15/05/2004,Open area 2m,15:30,324.0
May 2004,14-15/05/2004,Open area 2m,15:40,154.1
May 2004,14-15/05/2004,Open area 2m,15:50,154.5
May 2004,14-15/05/2004,Open area 2m,16:00,249.8
May 2004,14-15/05/2004,Open area 2m,16:10,194.8
May 2004,14-15/05/2004,Open area 2m,16:20,146.6
May 2004,14-15/05/2004,Open area 2m,16:30,110.8
May 2004,14-15/05/2004,Open area 2m,16:40,80.29
May 2004,14-15/05/2004,Open area 2m,16:50,84.35
May 2004,14-15/05/2004,Open area 2m,17:00,152.7
May 2004,14-15/05/2004,Open area 2m,17:10,100.5
May 2004,14-15/05/2004,Open area 2m,17:20,76.68
May 2004,14-15/05/2004,Open area 2m,17:30,64.13
May 2004,14-15/05/2004,Open area 2m,17:40,80.16
May 2004,14-15/05/2004,Open area 2m,17:50,42.51
May 2004,14-15/05/2004,Open area 2m,18:00,24.33
May 2004,14-15/05/2004,Open area 2m,18:10,16.37
May 2004,14-15/05/2004,Open area 2m,18:20,4.93
May 2004,14-15/05/2004,Open area 2m,7:20,2.0
May 2004,14-15/05/2004,Open area 2m,7:30,5.13
May 2004,14-15/05/2004,Open area 2m,7:40,14.67
May 2004,14-15/05/2004,Open area 2m,7:50,28.6
May 2004,14-15/05/2004,Open area 2m,8:00,44.31
May 2004,14-15/05/2004,Open area 2m,8:10,64.29
May 2004,14-15/05/2004,Open area 2m,8:20,80.51
May 2004,14-15/05/2004,Open area 2m,8:30,90.91
May 2004,14-15/05/2004,Open area 2m,8:40,103.9
May 2004,14-15/05/2004,Open area 2m,8:50,147.9
May 2004,14-15/05/2004,Open area 2m,9:00,190.1
May 2004,14-15/05/2004,Open area 2m,9:10,287.2
May 2004,14-15/05/2004,Open area 2m,9:20,197.3
May 2004,14-15/05/2004,Open area 2m,9:30,273.2
May 2004,14-15/05/2004,Open area 2m,9:40,332.2
May 2004,14-15/05/2004,Open area 2m,9:50,449.4
May 2004,17-18/05/2004,Open area 2m,10:00,490.68
May 2004,17-18/05/2004,Open area 2m,10:10,549.09
May 2004,17-18/05/2004,Open area 2m,10:20,663.12
May 2004,17-18/05/2004,Open area 2m,10:30,699.66
May 2004,17-18/05/2004,Open area 2m,10:40,723.51
May 2004,17-18/05/2004,Open area 2m,10:50,669.3
May 2004,17-18/05/2004,Open area 2m,11:00,775.56
May 2004,17-18/05/2004,Open area 2m,11:10,761.52
May 2004,17-18/05/2004,Open area 2m,11:20,736.56
May 2004,17-18/05/2004,Open area 2m,11:30,779.16
May 2004,17-18/05/2004,Open area 2m,11:40,765.96
May 2004,17-18/05/2004,Open area 2m,11:50,718.56
May 2004,17-18/05/2004,Open area 2m,12:00,732.48
May 2004,17-18/05/2004,Open area 2m,12:10,730.56
May 2004,17-18/05/2004,Open area 2m,12:20,746.64
May 2004,17-18/05/2004,Open area 2m,12:30,747.84
May 2004,17-18/05/2004,Open area 2m,12:40,773.16
May 2004,17-18/05/2004,Open area 2m,12:50,814.8
May 2004,17-18/05/2004,Open area 2m,13:00,824.28
May 2004,17-18/05/2004,Open area 2m,13:10,817.56
May 2004,17-18/05/2004,Open area 2m,13:20,792.48
May 2004,17-18/05/2004,Open area 2m,13:30,804.6
May 2004,17-18/05/2004,Open area 2m,13:40,829.8
May 2004,17-18/05/2004,Open area 2m,13:50,816.96
May 2004,17-18/05/2004,Open area 2m,14:00,805.56
May 2004,17-18/05/2004,Open area 2m,14:10,806.52
May 2004,17-18/05/2004,Open area 2m,14:20,780.48
May 2004,17-18/05/2004,Open area 2m,14:30,798.48
May 2004,17-18/05/2004,Open area 2m,14:40,686.0
May 2004,17-18/05/2004,Open area 2m,14:50,463.4
May 2004,17-18/05/2004,Open area 2m,15:00,652.3
May 2004,17-18/05/2004,Open area 2m,15:10,893.5
May 2004,17-18/05/2004,Open area 2m,15:20,879.3
May 2004,17-18/05/2004,Open area 2m,15:30,854.7
May 2004,17-18/05/2004,Open area 2m,15:40,787.7
May 2004,17-18/05/2004,Open area 2m,15:50,734.1
May 2004,17-18/05/2004,Open area 2m,16:00,682.0
May 2004,17-18/05/2004,Open area 2m,16:10,645.1
May 2004,17-18/05/2004,Open area 2m,16:20,465.1
May 2004,17-18/05/2004,Open area 2m,16:30,239.2
May 2004,17-18/05/2004,Open area 2m,16:40,193.0
May 2004,17-18/05/2004,Open area 2m,16:50,188.6
May 2004,17-18/05/2004,Open area 2m,17:00,281.5
May 2004,17-18/05/2004,Open area 2m,17:10,229.1
May 2004,17-18/05/2004,Open area 2m,17:20,85.93
May 2004,17-18/05/2004,Open area 2m,17:30,67.38
May 2004,17-18/05/2004,Open area 2m,17:40,57.75
May 2004,17-18/05/2004,Open area 2m,17:50,44.28
May 2004,17-18/05/2004,Open area 2m,18:00,29.05
May 2004,17-18/05/2004,Open area 2m,18:10,17.45
May 2004,17-18/05/2004,Open area 2m,18:20,7.21
May 2004,17-18/05/2004,Open area 2m,7:20,1.44
May 2004,17-18/05/2004,Open area 2m,7:30,4.56
May 2004,17-18/05/2004,Open area 2m,7:40,11.96
May 2004,17-18/05/2004,Open area 2m,7:50,23.35
May 2004,17-18/05/2004,Open area 2m,8:00,34.44
May 2004,17-18/05/2004,Open area 2m,8:10,54.44
May 2004,17-18/05/2004,Open area 2m,8:20,118.6
May 2004,17-18/05/2004,Open area 2m,8:30,198.5
May 2004,17-18/05/2004,Open area 2m,8:40,317.45
May 2004,17-18/05/2004,Open area 2m,8:50,278.88
May 2004,17-18/05/2004,Open area 2m,9:00,301.12
May 2004,17-18/05/2004,Open area 2m,9:10,368.64
May 2004,17-18/05/2004,Open area 2m,9:20,390.87
May 2004,17-18/05/2004,Open area 2m,9:30,410.94
May 2004,17-18/05/2004,Open area 2m,9:40,427.14
May 2004,17-18/05/2004,Open area 2m,9:50,458.82
May 2004,20-21/05/2004,Open area 2m,10:00,628.6
May 2004,20-21/05/2004,Open area 2m,10:10,679.2
May 2004,20-21/05/2004,Open area 2m,10:20,732.5
May 2004,20-21/05/2004,Open area 2m,10:30,792.0
May 2004,20-21/05/2004,Open area 2m,10:40,836.8
May 2004,20-21/05/2004,Open area 2m,10:50,875.9
May 2004,20-21/05/2004,Open area 2m,11:00,910.4
May 2004,20-21/05/2004,Open area 2m,11:10,944.0
May 2004,20-21/05/2004,Open area 2m,11:20,976.6
May 2004,20-21/05/2004,Open area 2m,11:30,1003.0
May 2004,20-21/05/2004,Open area 2m,11:40,1004.0
May 2004,20-21/05/2004,Open area 2m,11:50,1025.0
May 2004,20-21/05/2004,Open area 2m,12:00,1047.0
May 2004,20-21/05/2004,Open area 2m,12:10,1065.0
May 2004,20-21/05/2004,Open area 2m,12:20,1080.0
May 2004,20-21/05/2004,Open area 2m,12:30,1091.0
May 2004,20-21/05/2004,Open area 2m,12:40,1101.0
May 2004,20-21/05/2004,Open area 2m,12:50,1109.0
May 2004,20-21/05/2004,Open area 2m,13:00,1111.0
May 2004,20-21/05/2004,Open area 2m,13:10,1108.0
May 2004,20-21/05/2004,Open area 2m,13:20,1105.0
May 2004,20-21/05/2004,Open area 2m,13:30,1099.0
May 2004,20-21/05/2004,Open area 2m,13:40,1087.0
May 2004,20-21/05/2004,Open area 2m,13:50,1076.0
May 2004,20-21/05/2004,Open area 2m,14:00,1057.0
May 2004,20-21/05/2004,Open area 2m,14:10,1041.0
May 2004,20-21/05/2004,Open area 2m,14:20,434.5
May 2004,20-21/05/2004,Open area 2m,14:30,82.25
May 2004,20-21/05/2004,Open area 2m,14:40,710.1
May 2004,20-21/05/2004,Open area 2m,14:50,1058.0
May 2004,20-21/05/2004,Open area 2m,15:00,937.3
May 2004,20-21/05/2004,Open area 2m,15:10,1063.0
May 2004,20-21/05/2004,Open area 2m,15:20,982.3
May 2004,20-21/05/2004,Open area 2m,15:30,790.1
May 2004,20-21/05/2004,Open area 2m,15:40,635.7
May 2004,20-21/05/2004,Open area 2m,15:50,578.0
May 2004,20-21/05/2004,Open area 2m,16:00,240.0
May 2004,20-21/05/2004,Open area 2m,16:10,113.3
May 2004,20-21/05/2004,Open area 2m,16:20,107.7
May 2004,20-21/05/2004,Open area 2m,16:30,94.67
May 2004,20-21/05/2004,Open area 2m,16:40,121.4
May 2004,20-21/05/2004,Open area 2m,16:50,139.2
May 2004,20-21/05/2004,Open area 2m,17:00,88.86
May 2004,20-21/05/2004,Open area 2m,17:10,63.37
May 2004,20-21/05/2004,Open area 2m,17:20,62.9
May 2004,20-21/05/2004,Open area 2m,17:30,77.39
May 2004,20-21/05/2004,Open area 2m,17:40,60.76
May 2004,20-21/05/2004,Open area 2m,17:50,36.44
May 2004,20-21/05/2004,Open area 2m,18:00,24.08
May 2004,20-21/05/2004,Open area 2m,18:10,12.64
May 2004,20-21/05/2004,Open area 2m,18:20,4.156
May 2004,20-21/05/2004,Open area 2m,7:20,0.005326
May 2004,20-21/05/2004,Open area 2m,7:30,0.08228
May 2004,20-21/05/2004,Open area 2m,7:40,2.24
May 2004,20-21/05/2004,Open area 2m,7:50,8.0
May 2004,20-21/05/2004,Open area 2m,8:00,17.13
May 2004,20-21/05/2004,Open area 2m,8:10,26.67
May 2004,20-21/05/2004,Open area 2m,8:20,35.51
May 2004,20-21/05/2004,Open area 2m,8:30,75.08
May 2004,20-21/05/2004,Open area 2m,8:40,85.06
May 2004,20-21/05/2004,Open area 2m,8:50,77.94
May 2004,20-21/05/2004,Open area 2m,9:00,280.7
May 2004,20-21/05/2004,Open area 2m,9:10,385.0
May 2004,20-21/05/2004,Open area 2m,9:20,433.8
May 2004,20-21/05/2004,Open area 2m,9:30,472.2
May 2004,20-21/05/2004,Open area 2m,9:40,522.4
May 2004,20-21/05/2004,Open area 2m,9:50,578.6
May 2004,23-24/05/2004,Open area 2m,10:00,614.4
May 2004,23-24/05/2004,Open area 2m,10:10,681.1
May 2004,23-24/05/2004,Open area 2m,10:20,745.2
May 2004,23-24/05/2004,Open area 2m,10:30,776.6
May 2004,23-24/05/2004,Open area 2m,10:40,788.7
May 2004,23-24/05/2004,Open area 2m,10:50,823.5
May 2004,23-24/05/2004,Open area 2m,11:00,863.5
May 2004,23-24/05/2004,Open area 2m,11:10,895.7
May 2004,23-24/05/2004,Open area 2m,11:20,929.9
May 2004,23-24/05/2004,Open area 2m,11:30,960.3
May 2004,23-24/05/2004,Open area 2m,11:40,982.3
May 2004,23-24/05/2004,Open area 2m,11:50,1005.0
May 2004,23-24/05/2004,Open area 2m,12:00,1026.0
May 2004,23-24/05/2004,Open area 2m,12:10,1043.0
May 2004,23-24/05/2004,Open area 2m,12:20,1059.0
May 2004,23-24/05/2004,Open area 2m,12:30,1070.0
May 2004,23-24/05/2004,Open area 2m,12:40,1079.0
May 2004,23-24/05/2004,Open area 2m,12:50,1085.0
May 2004,23-24/05/2004,Open area 2m,13:00,1088.0
May 2004,23-24/05/2004,Open area 2m,13:10,1080.0
May 2004,23-24/05/2004,Open area 2m,13:20,1066.0
May 2004,23-24/05/2004,Open area 2m,13:30,1066.0
May 2004,23-24/05/2004,Open area 2m,13:40,1065.0
May 2004,23-24/05/2004,Open area 2m,13:50,1040.0
May 2004,23-24/05/2004,Open area 2m,14:00,840.2
May 2004,23-24/05/2004,Open area 2m,14:10,860.2
May 2004,23-24/05/2004,Open area 2m,14:20,218.2
May 2004,23-24/05/2004,Open area 2m,14:30,850.9
May 2004,23-24/05/2004,Open area 2m,14:40,729.4
May 2004,23-24/05/2004,Open area 2m,14:50,901.2
May 2004,23-24/05/2004,Open area 2m,15:00,874.7
May 2004,23-24/05/2004,Open area 2m,15:10,842.1
May 2004,23-24/05/2004,Open area 2m,15:20,804.6
May 2004,23-24/05/2004,Open area 2m,15:30,764.0
May 2004,23-24/05/2004,Open area 2m,15:40,724.1
May 2004,23-24/05/2004,Open area 2m,15:50,678.0
May 2004,23-24/05/2004,Open area 2m,16:00,630.8
May 2004,23-24/05/2004,Open area 2m,16:10,582.4
May 2004,23-24/05/2004,Open area 2m,16:20,424.6
May 2004,23-24/05/2004,Open area 2m,16:30,94.2
May 2004,23-24/05/2004,Open area 2m,16:40,87.26
May 2004,23-24/05/2004,Open area 2m,16:50,74.82
May 2004,23-24/05/2004,Open area 2m,17:00,62.71
May 2004,23-24/05/2004,Open area 2m,17:10,58.11
May 2004,23-24/05/2004,Open area 2m,17:20,53.56
May 2004,23-24/05/2004,Open area 2m,17:30,48.24
May 2004,23-24/05/2004,Open area 2m,17:40,39.28
May 2004,23-24/05/2004,Open area 2m,17:50,28.71
May 2004,23-24/05/2004,Open area 2m,18:00,16.92
May 2004,23-24/05/2004,Open area 2m,18:10,7.962
May 2004,23-24/05/2004,Open area 2m,18:20,2.744
May 2004,23-24/05/2004,Open area 2m,7:20,0.02343
May 2004,23-24/05/2004,Open area 2m,7:30,0.2408
May 2004,23-24/05/2004,Open area 2m,7:40,1.806
May 2004,23-24/05/2004,Open area 2m,7:50,7.818
May 2004,23-24/05/2004,Open area 2m,8:00,16.86
May 2004,23-24/05/2004,Open area 2m,8:10,26.49
May 2004,23-24/05/2004,Open area 2m,8:20,35.25
May 2004,23-24/05/2004,Open area 2m,8:30,41.76
May 2004,23-24/05/2004,Open area 2m,8:40,47.52
May 2004,23-24/05/2004,Open area 2m,8:50,101.6
May 2004,23-24/05/2004,Open area 2m,9:00,205.8
May 2004,23-24/05/2004,Open area 2m,9:10,300.2
May 2004,23-24/05/2004,Open area 2m,9:20,365.8
May 2004,23-24/05/2004,Open area 2m,9:30,422.5
May 2004,23-24/05/2004,Open area 2m,9:40,475.4
May 2004,23-24/05/2004,Open area 2m,9:50,552.0
Jul 2004,29-30/07/2004,AFS 1.2m,10:00,9.64
Jul 2004,29-30/07/2004,AFS 1.2m,10:10,21.09
Jul 2004,29-30/07/2004,AFS 1.2m,10:20,23.5
Jul 2004,29-30/07/2004,AFS 1.2m,10:30,28.95
Jul 2004,29-30/07/2004,AFS 1.2m,10:40,32.05
Jul 2004,29-30/07/2004,AFS 1.2m,10:50,35.75
Jul 2004,29-30/07/2004,AFS 1.2m,11:00,19.26
Jul 2004,29-30/07/2004,AFS 1.2m,11:10,17.04
Jul 2004,29-30/07/2004,AFS 1.2m,11:20,15.65
Jul 2004,29-30/07/2004,AFS 1.2m,11:30,14.88
Jul 2004,29-30/07/2004,AFS 1.2m,11:40,9.6
Jul 2004,29-30/07/2004,AFS 1.2m,11:50,21.13
Jul 2004,29-30/07/2004,AFS 1.2m,12:00,14.82
Jul 2004,29-30/07/2004,AFS 1.2m,12:10,25.66
Jul 2004,29-30/07/2004,AFS 1.2m,12:20,13.85
Jul 2004,29-30/07/2004,AFS 1.2m,12:30,13.67
Jul 2004,29-30/07/2004,AFS 1.2m,12:40,23.66
Jul 2004,29-30/07/2004,AFS 1.2m,12:50,14.09
Jul 2004,29-30/07/2004,AFS 1.2m,13:00,14.92
Jul 2004,29-30/07/2004,AFS 1.2m,13:10,16.94
Jul 2004,29-30/07/2004,AFS 1.2m,13:20,31.82
Jul 2004,29-30/07/2004,AFS 1.2m,13:30,31.08
Jul 2004,29-30/07/2004,AFS 1.2m,13:40,47.62
Jul 2004,29-30/07/2004,AFS 1.2m,13:50,47.48
Jul 2004,29-30/07/2004,AFS 1.2m,14:00,44.4
Jul 2004,29-30/07/2004,AFS 1.2m,14:10,25.65
Jul 2004,29-30/07/2004,AFS 1.2m,14:20,22.1
Jul 2004,29-30/07/2004,AFS 1.2m,14:30,42.26
Jul 2004,29-30/07/2004,AFS 1.2m,14:40,29.73
Jul 2004,29-30/07/2004,AFS 1.2m,14:50,36.66
Jul 2004,29-30/07/2004,AFS 1.2m,15:00,29.33
Jul 2004,29-30/07/2004,AFS 1.2m,15:10,34.57
Jul 2004,29-30/07/2004,AFS 1.2m,15:20,33.69
Jul 2004,29-30/07/2004,AFS 1.2m,15:30,31.05
Jul 2004,29-30/07/2004,AFS 1.2m,15:40,32.22
Jul 2004,29-30/07/2004,AFS 1.2m,15:50,25.86
Jul 2004,29-30/07/2004,AFS 1.2m,16:00,22.84
Jul 2004,29-30/07/2004,AFS 1.2m,16:10,24.7
Jul 2004,29-30/07/2004,AFS 1.2m,16:20,12.74
Jul 2004,29-30/07/2004,AFS 1.2m,16:30,10.45
Jul 2004,29-30/07/2004,AFS 1.2m,16:40,12.96
Jul 2004,29-30/07/2004,AFS 1.2m,16:50,10.43
Jul 2004,29-30/07/2004,AFS 1.2m,17:00,7.7
Jul 2004,29-30/07/2004,AFS 1.2m,17:10,7.6
Jul 2004,29-30/07/2004,AFS 1.2m,17:20,8.62
Jul 2004,29-30/07/2004,AFS 1.2m,17:30,7.03
Jul 2004,29-30/07/2004,AFS 1.2m,17:40,2.96
Jul 2004,29-30/07/2004,AFS 1.2m,17:50,0.95
Jul 2004,29-30/07/2004,AFS 1.2m,18:00,0.36
Jul 2004,29-30/07/2004,AFS 1.2m,18:10,0.12
Jul 2004,29-30/07/2004,AFS 1.2m,18:20,0.07
Jul 2004,29-30/07/2004,AFS 1.2m,7:20,0.03
Jul 2004,29-30/07/2004,AFS 1.2m,7:30,0.16
Jul 2004,29-30/07/2004,AFS 1.2m,7:40,0.39
Jul 2004,29-30/07/2004,AFS 1.2m,7:50,1.51
Jul 2004,29-30/07/2004,AFS 1.2m,8:00,1.43
Jul 2004,29-30/07/2004,AFS 1.2m,8:10,2.34
Jul 2004,29-30/07/2004,AFS 1.2m,8:20,4.86
Jul 2004,29-30/07/2004,AFS 1.2m,8:30,9.34
Jul 2004,29-30/07/2004,AFS 1.2m,8:40,4.58
Jul 2004,29-30/07/2004,AFS 1.2m,8:50,4.17
Jul 2004,29-30/07/2004,AFS 1.2m,9:00,6.83
Jul 2004,29-30/07/2004,AFS 1.2m,9:10,5.95
Jul 2004,29-30/07/2004,AFS 1.2m,9:20,9.84
Jul 2004,29-30/07/2004,AFS 1.2m,9:30,13.05
Jul 2004,29-30/07/2004,AFS 1.2m,9:40,10.92
Jul 2004,29-30/07/2004,AFS 1.2m,9:50,11.58
Jul 2004,31/07-01/08/2004,AFS 1.2m,10:00,20.21
Jul 2004,31/07-01/08/2004,AFS 1.2m,10:10,27.18
Jul 2004,31/07-01/08/2004,AFS 1.2m,10:20,33.01
Jul 2004,31/07-01/08/2004,AFS 1.2m,10:30,31.21
Jul 2004,31/07-01/08/2004,AFS 1.2m,10:40,37.31
Jul 2004,31/07-01/08/2004,AFS 1.2m,10:50,42.6
Jul 2004,31/07-01/08/2004,AFS 1.2m,11:00,31.68
Jul 2004,31/07-01/08/2004,AFS 1.2m,11:10,37.51
Jul 2004,31/07-01/08/2004,AFS 1.2m,11:20,35.21
Jul 2004,31/07-01/08/2004,AFS 1.2m,11:30,34.02
Jul 2004,31/07-01/08/2004,AFS 1.2m,11:40,46.66
Jul 2004,31/07-01/08/2004,AFS 1.2m,11:50,32.51
Jul 2004,31/07-01/08/2004,AFS 1.2m,12:00,40.25
Jul 2004,31/07-01/08/2004,AFS 1.2m,12:10,58.62
Jul 2004,31/07-01/08/2004,AFS 1.2m,12:20,45.82
Jul 2004,31/07-01/08/2004,AFS 1.2m,12:30,26.61
Jul 2004,31/07-01/08/2004,AFS 1.2m,12:40,29.1
Jul 2004,31/07-01/08/2004,AFS 1.2m,12:50,68.36
Jul 2004,31/07-01/08/2004,AFS 1.2m,13:00,145.2
Jul 2004,31/07-01/08/2004,AFS 1.2m,13:10,92.64
Jul 2004,31/07-01/08/2004,AFS 1.2m,13:20,67.23
Jul 2004,31/07-01/08/2004,AFS 1.2m,13:30,63.16
Jul 2004,31/07-01/08/2004,AFS 1.2m,13:40,57.2
Jul 2004,31/07-01/08/2004,AFS 1.2m,13:50,49.93
Jul 2004,31/07-01/08/2004,AFS 1.2m,14:00,47.38
Jul 2004,31/07-01/08/2004,AFS 1.2m,14:10,45.1
Jul 2004,31/07-01/08/2004,AFS 1.2m,14:20,40.32
Jul 2004,31/07-01/08/2004,AFS 1.2m,14:30,33.66
Jul 2004,31/07-01/08/2004,AFS 1.2m,14:40,32.61
Jul 2004,31/07-01/08/2004,AFS 1.2m,14:50,32.04
Jul 2004,31/07-01/08/2004,AFS 1.2m,15:00,29.88
Jul 2004,31/07-01/08/2004,AFS 1.2m,15:10,27.81
Jul 2004,31/07-01/08/2004,AFS 1.2m,15:20,26.02
Jul 2004,31/07-01/08/2004,AFS 1.2m,15:30,22.65
Jul 2004,31/07-01/08/2004,AFS 1.2m,15:40,19.92
Jul 2004,31/07-01/08/2004,AFS 1.2m,15:50,18.57
Jul 2004,31/07-01/08/2004,AFS 1.2m,16:00,13.64
Jul 2004,31/07-01/08/2004,AFS 1.2m,16:10,16.78
Jul 2004,31/07-01/08/2004,AFS 1.2m,16:20,20.37
Jul 2004,31/07-01/08/2004,AFS 1.2m,16:30,20.1
Jul 2004,31/07-01/08/2004,AFS 1.2m,16:40,18.98
Jul 2004,31/07-01/08/2004,AFS 1.2m,16:50,14.09
Jul 2004,31/07-01/08/2004,AFS 1.2m,17:00,11.86
Jul 2004,31/07-01/08/2004,AFS 1.2m,17:10,7.96
Jul 2004,31/07-01/08/2004,AFS 1.2m,17:20,6.02
Jul 2004,31/07-01/08/2004,AFS 1.2m,17:30,3.97
Jul 2004,31/07-01/08/2004,AFS 1.2m,17:40,2.94
Jul 2004,31/07-01/08/2004,AFS 1.2m,17:50,1.4
Jul 2004,31/07-01/08/2004,AFS 1.2m,18:00,0.72
Jul 2004,31/07-01/08/2004,AFS 1.2m,18:10,0.17
Jul 2004,31/07-01/08/2004,AFS 1.2m,18:20,0.05
Jul 2004,31/07-01/08/2004,AFS 1.2m,7:20,0.18
Jul 2004,31/07-01/08/2004,AFS 1.2m,7:30,0.89
Jul 2004,31/07-01/08/2004,AFS 1.2m,7:40,2.32
Jul 2004,31/07-01/08/2004,AFS 1.2m,7:50,5.1
Jul 2004,31/07-01/08/2004,AFS 1.2m,8:00,5.58
Jul 2004,31/07-01/08/2004,AFS 1.2m,8:10,6.24
Jul 2004,31/07-01/08/2004,AFS 1.2m,8:20,6.8
Jul 2004,31/07-01/08/2004,AFS 1.2m,8:30,10.77
Jul 2004,31/07-01/08/2004,AFS 1.2m,8:40,14.34
Jul 2004,31/07-01/08/2004,AFS 1.2m,8:50,15.82
Jul 2004,31/07-01/08/2004,AFS 1.2m,9:00,19.44
Jul 2004,31/07-01/08/2004,AFS 1.2m,9:10,19.96
Jul 2004,31/07-01/08/2004,AFS 1.2m,9:20,22.91
Jul 2004,31/07-01/08/2004,AFS 1.2m,9:30,22.85
Jul 2004,31/07-01/08/2004,AFS 1.2m,9:40,17.91
Jul 2004,31/07-01/08/2004,AFS 1.2m,9:50,17.72
Jul 2004,01-02/08/2004,AFS 2m,10:00,260.9
Jul 2004,01-02/08/2004,AFS 2m,10:10,345.0
Jul 2004,01-02/08/2004,AFS 2m,10:20,70.58
Jul 2004,01-02/08/2004,AFS 2m,10:30,20.6
Jul 2004,01-02/08/2004,AFS 2m,10:40,23.83
Jul 2004,01-02/08/2004,AFS 2m,10:50,17.0
Jul 2004,01-02/08/2004,AFS 2m,11:00,27.6
Jul 2004,01-02/08/2004,AFS 2m,11:10,15.91
Jul 2004,01-02/08/2004,AFS 2m,11:20,25.06
Jul 2004,01-02/08/2004,AFS 2m,11:30,142.1
Jul 2004,01-02/08/2004,AFS 2m,11:40,194.9
Jul 2004,01-02/08/2004,AFS 2m,11:50,472.1
Jul 2004,01-02/08/2004,AFS 2m,12:00,476.1
Jul 2004,01-02/08/2004,AFS 2m,12:10,207.1
Jul 2004,01-02/08/2004,AFS 2m,12:20,176.5
Jul 2004,01-02/08/2004,AFS 2m,12:30,415.1
Jul 2004,01-02/08/2004,AFS 2m,12:40,118.6
Jul 2004,01-02/08/2004,AFS 2m,12:50,61.26
Jul 2004,01-02/08/2004,AFS 2m,13:00,63.42
Jul 2004,01-02/08/2004,AFS 2m,13:10,96.44
Jul 2004,01-02/08/2004,AFS 2m,13:20,40.34
Jul 2004,01-02/08/2004,AFS 2m,13:30,54.54
Jul 2004,01-02/08/2004,AFS 2m,13:40,110.0
Jul 2004,01-02/08/2004,AFS 2m,13:50,74.26
Jul 2004,01-02/08/2004,AFS 2m,14:00,98.33
Jul 2004,01-02/08/2004,AFS 2m,14:10,151.9
Jul 2004,01-02/08/2004,AFS 2m,14:20,17.85
Jul 2004,01-02/08/2004,AFS 2m,14:30,36.82
Jul 2004,01-02/08/2004,AFS 2m,14:40,43.23
Jul 2004,01-02/08/2004,AFS 2m,14:50,45.23
Jul 2004,01-02/08/2004,AFS 2m,15:00,42.08
Jul 2004,01-02/08/2004,AFS 2m,15:10,42.4
Jul 2004,01-02/08/2004,AFS 2m,15:20,41.34
Jul 2004,01-02/08/2004,AFS 2m,15:30,45.82
Jul 2004,01-02/08/2004,AFS 2m,15:40,26.1
Jul 2004,01-02/08/2004,AFS 2m,15:50,18.92
Jul 2004,01-02/08/2004,AFS 2m,16:00,15.81
Jul 2004,01-02/08/2004,AFS 2m,16:10,14.26
Jul 2004,01-02/08/2004,AFS 2m,16:20,17.93
Jul 2004,01-02/08/2004,AFS 2m,16:30,33.65
Jul 2004,01-02/08/2004,AFS 2m,16:40,8.87
Jul 2004,01-02/08/2004,AFS 2m,16:50,8.21
Jul 2004,01-02/08/2004,AFS 2m,17:00,7.61
Jul 2004,01-02/08/2004,AFS 2m,17:10,12.51
Jul 2004,01-02/08/2004,AFS 2m,17:20,6.34
Jul 2004,01-02/08/2004,AFS 2m,17:30,5.14
Jul 2004,01-02/08/2004,AFS 2m,17:40,3.95
Jul 2004,01-02/08/2004,AFS 2m,17:50,2.51
Jul 2004,01-02/08/2004,AFS 2m,18:00,1.21
Jul 2004,01-02/08/2004,AFS 2m,18:10,0.39
Jul 2004,01-02/08/2004,AFS 2m,18:20,0.1
Jul 2004,01-02/08/2004,AFS 2m,7:20,0.26
Jul 2004,01-02/08/2004,AFS 2m,7:30,0.94
Jul 2004,01-02/08/2004,AFS 2m,7:40,2.41
Jul 2004,01-02/08/2004,AFS 2m,7:50,20.78
Jul 2004,01-02/08/2004,AFS 2m,8:00,7.01
Jul 2004,01-02/08/2004,AFS 2m,8:10,7.74
Jul 2004,01-02/08/2004,AFS 2m,8:20,8.49
Jul 2004,01-02/08/2004,AFS 2m,8:30,9.2
Jul 2004,01-02/08/2004,AFS 2m,8:40,9.97
Jul 2004,01-02/08/2004,AFS 2m,8:50,11.3
Jul 2004,01-02/08/2004,AFS 2m,9:00,26.57
Jul 2004,01-02/08/2004,AFS 2m,9:10,53.41
Jul 2004,01-02/08/2004,AFS 2m,9:20,27.58
Jul 2004,01-02/08/2004,AFS 2m,9:30,66.76
Jul 2004,01-02/08/2004,AFS 2m,9:40,456.8
Jul 2004,01-02/08/2004,AFS 2m,9:50,269.3
Jul 2004,28-29/07/2004,AFS 2m,10:00,32.52
Jul 2004,28-29/07/2004,AFS 2m,10:10,30.18
Jul 2004,28-29/07/2004,AFS 2m,10:20,25.48
Jul 2004,28-29/07/2004,AFS 2m,10:30,30.76
Jul 2004,28-29/07/2004,AFS 2m,10:40,35.7
Jul 2004,28-29/07/2004,AFS 2m,10:50,34.8
Jul 2004,28-29/07/2004,AFS 2m,11:00,47.86
Jul 2004,28-29/07/2004,AFS 2m,11:10,54.3
Jul 2004,28-29/07/2004,AFS 2m,11:20,47.49
Jul 2004,28-29/07/2004,AFS 2m,11:30,41.9
Jul 2004,28-29/07/2004,AFS 2m,11:40,40.15
Jul 2004,28-29/07/2004,AFS 2m,11:50,39.14
Jul 2004,28-29/07/2004,AFS 2m,12:00,36.75
Jul 2004,28-29/07/2004,AFS 2m,12:10,50.74
Jul 2004,28-29/07/2004,AFS 2m,12:20,63.1
Jul 2004,28-29/07/2004,AFS 2m,12:30,57.06
Jul 2004,28-29/07/2004,AFS 2m,12:40,46.6
Jul 2004,28-29/07/2004,AFS 2m,12:50,45.38
Jul 2004,28-29/07/2004,AFS 2m,13:00,45.82
Jul 2004,28-29/07/2004,AFS 2m,13:10,44.0
Jul 2004,28-29/07/2004,AFS 2m,13:20,47.24
Jul 2004,28-29/07/2004,AFS 2m,13:30,55.85
Jul 2004,28-29/07/2004,AFS 2m,13:40,61.5
Jul 2004,28-29/07/2004,AFS 2m,13:50,52.8
Jul 2004,28-29/07/2004,AFS 2m,14:00,50.88
Jul 2004,28-29/07/2004,AFS 2m,14:10,54.9
Jul 2004,28-29/07/2004,AFS 2m,14:20,49.5
Jul 2004,28-29/07/2004,AFS 2m,14:30,28.81
Jul 2004,28-29/07/2004,AFS 2m,14:40,26.86
Jul 2004,28-29/07/2004,AFS 2m,14:50,22.69
Jul 2004,28-29/07/2004,AFS 2m,15:00,19.3
Jul 2004,28-29/07/2004,AFS 2m,15:10,15.37
Jul 2004,28-29/07/2004,AFS 2m,15:20,17.75
Jul 2004,28-29/07/2004,AFS 2m,15:30,14.87
Jul 2004,28-29/07/2004,AFS 2m,15:40,16.25
Jul 2004,28-29/07/2004,AFS 2m,15:50,15.64
Jul 2004,28-29/07/2004,AFS 2m,16:00,19.96
Jul 2004,28-29/07/2004,AFS 2m,16:10,11.7
Jul 2004,28-29/07/2004,AFS 2m,16:20,13.14
Jul 2004,28-29/07/2004,AFS 2m,16:30,40.48
Jul 2004,28-29/07/2004,AFS 2m,16:40,10.89
Jul 2004,28-29/07/2004,AFS 2m,16:50,9.69
Jul 2004,28-29/07/2004,AFS 2m,17:00,8.2
Jul 2004,28-29/07/2004,AFS 2m,17:10,10.45
Jul 2004,28-29/07/2004,AFS 2m,17:20,7.52
Jul 2004,28-29/07/2004,AFS 2m,17:30,4.84
Jul 2004,28-29/07/2004,AFS 2m,17:40,2.9
Jul 2004,28-29/07/2004,AFS 2m,17:50,1.69
Jul 2004,28-29/07/2004,AFS 2m,18:00,0.83
Jul 2004,28-29/07/2004,AFS 2m,18:10,0.36
Jul 2004,28-29/07/2004,AFS 2m,18:20,0.22
Jul 2004,28-29/07/2004,AFS 2m,7:20,0.3
Jul 2004,28-29/07/2004,AFS 2m,7:30,0.54
Jul 2004,28-29/07/2004,AFS 2m,7:40,1.28
Jul 2004,28-29/07/2004,AFS 2m,7:50,5.62
Jul 2004,28-29/07/2004,AFS 2m,8:00,9.09
Jul 2004,28-29/07/2004,AFS 2m,8:10,13.1
Jul 2004,28-29/07/2004,AFS 2m,8:20,16.8
Jul 2004,28-29/07/2004,AFS 2m,8:30,20.04
Jul 2004,28-29/07/2004,AFS 2m,8:40,16.2
Jul 2004,28-29/07/2004,AFS 2m,8:50,25.11
Jul 2004,28-29/07/2004,AFS 2m,9:00,39.58
Jul 2004,28-29/07/2004,AFS 2m,9:10,42.14
Jul 2004,28-29/07/2004,AFS 2m,9:20,38.32
Jul 2004,28-29/07/2004,AFS 2m,9:30,75.43
Jul 2004,28-29/07/2004,AFS 2m,9:40,266.0
Jul 2004,28-29/07/2004,AFS 2m,9:50,52.16
Jul 2004,30-31/07/2004,AFS 2m,10:00,64.23
Jul 2004,30-31/07/2004,AFS 2m,10:10,46.73
Jul 2004,30-31/07/2004,AFS 2m,10:20,45.16
Jul 2004,30-31/07/2004,AFS 2m,10:30,48.06
Jul 2004,30-31/07/2004,AFS 2m,10:40,46.74
Jul 2004,30-31/07/2004,AFS 2m,10:50,45.7
Jul 2004,30-31/07/2004,AFS 2m,11:00,48.02
Jul 2004,30-31/07/2004,AFS 2m,11:10,51.33
Jul 2004,30-31/07/2004,AFS 2m,11:20,43.63
Jul 2004,30-31/07/2004,AFS 2m,11:30,45.71
Jul 2004,30-31/07/2004,AFS 2m,11:40,55.84
Jul 2004,30-31/07/2004,AFS 2m,11:50,52.54
Jul 2004,30-31/07/2004,AFS 2m,12:00,52.53
Jul 2004,30-31/07/2004,AFS 2m,12:10,59.02
Jul 2004,30-31/07/2004,AFS 2m,12:20,48.52
Jul 2004,30-31/07/2004,AFS 2m,12:30,36.3
Jul 2004,30-31/07/2004,AFS 2m,12:40,43.46
Jul 2004,30-31/07/2004,AFS 2m,12:50,38.96
Jul 2004,30-31/07/2004,AFS 2m,13:00,39.6
Jul 2004,30-31/07/2004,AFS 2m,13:10,35.56
Jul 2004,30-31/07/2004,AFS 2m,13:20,37.37
Jul 2004,30-31/07/2004,AFS 2m,13:30,39.41
Jul 2004,30-31/07/2004,AFS 2m,13:40,47.55
Jul 2004,30-31/07/2004,AFS 2m,13:50,49.17
Jul 2004,30-31/07/2004,AFS 2m,14:00,62.58
Jul 2004,30-31/07/2004,AFS 2m,14:10,53.42
Jul 2004,30-31/07/2004,AFS 2m,14:20,35.63
Jul 2004,30-31/07/2004,AFS 2m,14:30,35.06
Jul 2004,30-31/07/2004,AFS 2m,14:40,27.79
Jul 2004,30-31/07/2004,AFS 2m,14:50,39.49
Jul 2004,30-31/07/2004,AFS 2m,15:00,30.7
Jul 2004,30-31/07/2004,AFS 2m,15:10,35.06
Jul 2004,30-31/07/2004,AFS 2m,15:20,34.43
Jul 2004,30-31/07/2004,AFS 2m,15:30,38.09
Jul 2004,30-31/07/2004,AFS 2m,15:40,46.28
Jul 2004,30-31/07/2004,AFS 2m,15:50,27.79
Jul 2004,30-31/07/2004,AFS 2m,16:00,24.71
Jul 2004,30-31/07/2004,AFS 2m,16:10,14.6
Jul 2004,30-31/07/2004,AFS 2m,16:20,14.2
Jul 2004,30-31/07/2004,AFS 2m,16:30,26.12
Jul 2004,30-31/07/2004,AFS 2m,16:40,22.53
Jul 2004,30-31/07/2004,AFS 2m,16:50,14.31
Jul 2004,30-31/07/2004,AFS 2m,17:00,6.55
Jul 2004,30-31/07/2004,AFS 2m,17:10,9.61
Jul 2004,30-31/07/2004,AFS 2m,17:20,9.84
Jul 2004,30-31/07/2004,AFS 2m,17:30,4.29
Jul 2004,30-31/07/2004,AFS 2m,17:40,2.2
Jul 2004,30-31/07/2004,AFS 2m,17:50,0.67
Jul 2004,30-31/07/2004,AFS 2m,18:00,0.41
Jul 2004,30-31/07/2004,AFS 2m,18:10,0.23
Jul 2004,30-31/07/2004,AFS 2m,18:20,0.06
Jul 2004,30-31/07/2004,AFS 2m,7:20,0.27
Jul 2004,30-31/07/2004,AFS 2m,7:30,0.77
Jul 2004,30-31/07/2004,AFS 2m,7:40,2.09
Jul 2004,30-31/07/2004,AFS 2m,7:50,19.19
Jul 2004,30-31/07/2004,AFS 2m,8:00,7.13
Jul 2004,30-31/07/2004,AFS 2m,8:10,8.01
Jul 2004,30-31/07/2004,AFS 2m,8:20,8.81
Jul 2004,30-31/07/2004,AFS 2m,8:30,9.61
Jul 2004,30-31/07/2004,AFS 2m,8:40,10.4
Jul 2004,30-31/07/2004,AFS 2m,8:50,11.86
Jul 2004,30-31/07/2004,AFS 2m,9:00,39.65
Jul 2004,30-31/07/2004,AFS 2m,9:10,46.22
Jul 2004,30-31/07/2004,AFS 2m,9:20,35.68
Jul 2004,30-31/07/2004,AFS 2m,9:30,27.27
Jul 2004,30-31/07/2004,AFS 2m,9:40,435.7
Jul 2004,30-31/07/2004,AFS 2m,9:50,273.0
Jul 2004,21-22/07/2004,MO 1.2m,10:00,719.7
Jul 2004,21-22/07/2004,MO 1.2m,10:10,760.0
Jul 2004,21-22/07/2004,MO 1.2m,10:20,799.8
Jul 2004,21-22/07/2004,MO 1.2m,10:30,834.9
Jul 2004,21-22/07/2004,MO 1.2m,10:40,860.3
Jul 2004,21-22/07/2004,MO 1.2m,10:50,870.0
Jul 2004,21-22/07/2004,MO 1.2m,11:00,605.3
Jul 2004,21-22/07/2004,MO 1.2m,11:10,218.6
Jul 2004,21-22/07/2004,MO 1.2m,11:20,666.0
Jul 2004,21-22/07/2004,MO 1.2m,11:30,720.2
Jul 2004,21-22/07/2004,MO 1.2m,11:40,631.6
Jul 2004,21-22/07/2004,MO 1.2m,11:50,399.9
Jul 2004,21-22/07/2004,MO 1.2m,12:00,289.3
Jul 2004,21-22/07/2004,MO 1.2m,12:10,267.4
Jul 2004,21-22/07/2004,MO 1.2m,12:20,263.9
Jul 2004,21-22/07/2004,MO 1.2m,12:30,354.3
Jul 2004,21-22/07/2004,MO 1.2m,12:40,475.4
Jul 2004,21-22/07/2004,MO 1.2m,12:50,481.9
Jul 2004,21-22/07/2004,MO 1.2m,13:00,295.8
Jul 2004,21-22/07/2004,MO 1.2m,13:10,294.1
Jul 2004,21-22/07/2004,MO 1.2m,13:20,300.3
Jul 2004,21-22/07/2004,MO 1.2m,13:30,258.5
Jul 2004,21-22/07/2004,MO 1.2m,13:40,288.4
Jul 2004,21-22/07/2004,MO 1.2m,13:50,102.4
Jul 2004,21-22/07/2004,MO 1.2m,14:00,584.5
Jul 2004,21-22/07/2004,MO 1.2m,14:10,954.2
Jul 2004,21-22/07/2004,MO 1.2m,14:20,941.1
Jul 2004,21-22/07/2004,MO 1.2m,14:30,888.8
Jul 2004,21-22/07/2004,MO 1.2m,14:40,868.0
Jul 2004,21-22/07/2004,MO 1.2m,14:50,843.5
Jul 2004,21-22/07/2004,MO 1.2m,15:00,822.7
Jul 2004,21-22/07/2004,MO 1.2m,15:10,794.4
Jul 2004,21-22/07/2004,MO 1.2m,15:20,753.6
Jul 2004,21-22/07/2004,MO 1.2m,15:30,713.0
Jul 2004,21-22/07/2004,MO 1.2m,15:40,669.0
Jul 2004,21-22/07/2004,MO 1.2m,15:50,618.6
Jul 2004,21-22/07/2004,MO 1.2m,16:00,568.3
Jul 2004,21-22/07/2004,MO 1.2m,16:10,513.7
Jul 2004,21-22/07/2004,MO 1.2m,16:20,458.4
Jul 2004,21-22/07/2004,MO 1.2m,16:30,173.9
Jul 2004,21-22/07/2004,MO 1.2m,16:40,153.5
Jul 2004,21-22/07/2004,MO 1.2m,16:50,88.78
Jul 2004,21-22/07/2004,MO 1.2m,17:00,94.73
Jul 2004,21-22/07/2004,MO 1.2m,17:10,70.19
Jul 2004,21-22/07/2004,MO 1.2m,17:20,34.56
Jul 2004,21-22/07/2004,MO 1.2m,17:30,27.77
Jul 2004,21-22/07/2004,MO 1.2m,17:40,19.61
Jul 2004,21-22/07/2004,MO 1.2m,17:50,10.9
Jul 2004,21-22/07/2004,MO 1.2m,18:00,3.9
Jul 2004,21-22/07/2004,MO 1.2m,18:10,0.71
Jul 2004,21-22/07/2004,MO 1.2m,18:20,0.07
Jul 2004,21-22/07/2004,MO 1.2m,7:20,0.38
Jul 2004,21-22/07/2004,MO 1.2m,7:30,2.53
Jul 2004,21-22/07/2004,MO 1.2m,7:40,8.15
Jul 2004,21-22/07/2004,MO 1.2m,7:50,28.16
Jul 2004,21-22/07/2004,MO 1.2m,8:00,33.07
Jul 2004,21-22/07/2004,MO 1.2m,8:10,49.62
Jul 2004,21-22/07/2004,MO 1.2m,8:20,128.1
Jul 2004,21-22/07/2004,MO 1.2m,8:30,237.9
Jul 2004,21-22/07/2004,MO 1.2m,8:40,199.5
Jul 2004,21-22/07/2004,MO 1.2m,8:50,68.46
Jul 2004,21-22/07/2004,MO 1.2m,9:00,214.5
Jul 2004,21-22/07/2004,MO 1.2m,9:10,224.9
Jul 2004,21-22/07/2004,MO 1.2m,9:20,248.0
Jul 2004,21-22/07/2004,MO 1.2m,9:30,556.7
Jul 2004,21-22/07/2004,MO 1.2m,9:40,663.5
Jul 2004,21-22/07/2004,MO 1.2m,9:50,710.0
Jul 2004,23-24/07/2004,MO 1.2m,10:00,765.4
Jul 2004,23-24/07/2004,MO 1.2m,10:10,823.2
Jul 2004,23-24/07/2004,MO 1.2m,10:20,804.1
Jul 2004,23-24/07/2004,MO 1.2m,10:30,837.4
Jul 2004,23-24/07/2004,MO 1.2m,10:40,879.5
Jul 2004,23-24/07/2004,MO 1.2m,10:50,886.3
Jul 2004,23-24/07/2004,MO 1.2m,11:00,417.7
Jul 2004,23-24/07/2004,MO 1.2m,11:10,97.3
Jul 2004,23-24/07/2004,MO 1.2m,11:20,428.0
Jul 2004,23-24/07/2004,MO 1.2m,11:30,269.9
Jul 2004,23-24/07/2004,MO 1.2m,11:40,178.6
Jul 2004,23-24/07/2004,MO 1.2m,11:50,283.4
Jul 2004,23-24/07/2004,MO 1.2m,12:00,118.6
Jul 2004,23-24/07/2004,MO 1.2m,12:10,78.86
Jul 2004,23-24/07/2004,MO 1.2m,12:20,77.24
Jul 2004,23-24/07/2004,MO 1.2m,12:30,166.7
Jul 2004,23-24/07/2004,MO 1.2m,12:40,763.4
Jul 2004,23-24/07/2004,MO 1.2m,12:50,735.8
Jul 2004,23-24/07/2004,MO 1.2m,13:00,637.4
Jul 2004,23-24/07/2004,MO 1.2m,13:10,147.8
Jul 2004,23-24/07/2004,MO 1.2m,13:20,97.18
Jul 2004,23-24/07/2004,MO 1.2m,13:30,109.8
Jul 2004,23-24/07/2004,MO 1.2m,13:40,357.6
Jul 2004,23-24/07/2004,MO 1.2m,13:50,175.2
Jul 2004,23-24/07/2004,MO 1.2m,14:00,973.8
Jul 2004,23-24/07/2004,MO 1.2m,14:10,1071.0
Jul 2004,23-24/07/2004,MO 1.2m,14:20,1052.0
Jul 2004,23-24/07/2004,MO 1.2m,14:30,925.8
Jul 2004,23-24/07/2004,MO 1.2m,14:40,905.4
Jul 2004,23-24/07/2004,MO 1.2m,14:50,877.4
Jul 2004,23-24/07/2004,MO 1.2m,15:00,847.0
Jul 2004,23-24/07/2004,MO 1.2m,15:10,811.8
Jul 2004,23-24/07/2004,MO 1.2m,15:20,768.6
Jul 2004,23-24/07/2004,MO 1.2m,15:30,718.0
Jul 2004,23-24/07/2004,MO 1.2m,15:40,674.0
Jul 2004,23-24/07/2004,MO 1.2m,15:50,625.8
Jul 2004,23-24/07/2004,MO 1.2m,16:00,569.1
Jul 2004,23-24/07/2004,MO 1.2m,16:10,508.8
Jul 2004,23-24/07/2004,MO 1.2m,16:20,458.6
Jul 2004,23-24/07/2004,MO 1.2m,16:30,202.6
Jul 2004,23-24/07/2004,MO 1.2m,16:40,166.6
Jul 2004,23-24/07/2004,MO 1.2m,16:50,121.1
Jul 2004,23-24/07/2004,MO 1.2m,17:00,85.86
Jul 2004,23-24/07/2004,MO 1.2m,17:10,70.01
Jul 2004,23-24/07/2004,MO 1.2m,17:20,41.73
Jul 2004,23-24/07/2004,MO 1.2m,17:30,29.64
Jul 2004,23-24/07/2004,MO 1.2m,17:40,17.4
Jul 2004,23-24/07/2004,MO 1.2m,17:50,9.41
Jul 2004,23-24/07/2004,MO 1.2m,18:00,3.37
Jul 2004,23-24/07/2004,MO 1.2m,18:10,0.58
Jul 2004,23-24/07/2004,MO 1.2m,18:20,0.06
Jul 2004,23-24/07/2004,MO 1.2m,7:20,0.48
Jul 2004,23-24/07/2004,MO 1.2m,7:30,2.97
Jul 2004,23-24/07/2004,MO 1.2m,7:40,9.13
Jul 2004,23-24/07/2004,MO 1.2m,7:50,29.76
Jul 2004,23-24/07/2004,MO 1.2m,8:00,34.12
Jul 2004,23-24/07/2004,MO 1.2m,8:10,39.02
Jul 2004,23-24/07/2004,MO 1.2m,8:20,54.46
Jul 2004,23-24/07/2004,MO 1.2m,8:30,130.3
Jul 2004,23-24/07/2004,MO 1.2m,8:40,213.8
Jul 2004,23-24/07/2004,MO 1.2m,8:50,55.9
Jul 2004,23-24/07/2004,MO 1.2m,9:00,137.0
Jul 2004,23-24/07/2004,MO 1.2m,9:10,65.98
Jul 2004,23-24/07/2004,MO 1.2m,9:20,323.8
Jul 2004,23-24/07/2004,MO 1.2m,9:30,528.9
Jul 2004,23-24/07/2004,MO 1.2m,9:40,600.9
Jul 2004,23-24/07/2004,MO 1.2m,9:50,681.4
Jul 2004,20-21/07/2004,MO 2m,10:00,760.8
Jul 2004,20-21/07/2004,MO 2m,10:10,801.8
Jul 2004,20-21/07/2004,MO 2m,10:20,838.4
Jul 2004,20-21/07/2004,MO 2m,10:30,876.2
Jul 2004,20-21/07/2004,MO 2m,10:40,911.4
Jul 2004,20-21/07/2004,MO 2m,10:50,938.2
Jul 2004,20-21/07/2004,MO 2m,11:00,969.2
Jul 2004,20-21/07/2004,MO 2m,11:10,1002.0
Jul 2004,20-21/07/2004,MO 2m,11:20,1022.0
Jul 2004,20-21/07/2004,MO 2m,11:30,1044.0
Jul 2004,20-21/07/2004,MO 2m,11:40,1061.0
Jul 2004,20-21/07/2004,MO 2m,11:50,1074.0
Jul 2004,20-21/07/2004,MO 2m,12:00,1087.0
Jul 2004,20-21/07/2004,MO 2m,12:10,1098.0
Jul 2004,20-21/07/2004,MO 2m,12:20,1106.0
Jul 2004,20-21/07/2004,MO 2m,12:30,1103.0
Jul 2004,20-21/07/2004,MO 2m,12:40,1110.0
Jul 2004,20-21/07/2004,MO 2m,12:50,1106.0
Jul 2004,20-21/07/2004,MO 2m,13:00,1102.0
Jul 2004,20-21/07/2004,MO 2m,13:10,1092.0
Jul 2004,20-21/07/2004,MO 2m,13:20,1079.0
Jul 2004,20-21/07/2004,MO 2m,13:30,1064.0
Jul 2004,20-21/07/2004,MO 2m,13:40,1054.0
Jul 2004,20-21/07/2004,MO 2m,13:50,834.6
Jul 2004,20-21/07/2004,MO 2m,14:00,90.14
Jul 2004,20-21/07/2004,MO 2m,14:10,365.0
Jul 2004,20-21/07/2004,MO 2m,14:20,886.7
Jul 2004,20-21/07/2004,MO 2m,14:30,888.8
Jul 2004,20-21/07/2004,MO 2m,14:40,853.1
Jul 2004,20-21/07/2004,MO 2m,14:50,821.8
Jul 2004,20-21/07/2004,MO 2m,15:00,808.2
Jul 2004,20-21/07/2004,MO 2m,15:10,743.2
Jul 2004,20-21/07/2004,MO 2m,15:20,635.8
Jul 2004,20-21/07/2004,MO 2m,15:30,673.8
Jul 2004,20-21/07/2004,MO 2m,15:40,627.4
Jul 2004,20-21/07/2004,MO 2m,15:50,579.3
Jul 2004,20-21/07/2004,MO 2m,16:00,523.5
Jul 2004,20-21/07/2004,MO 2m,16:10,472.3
Jul 2004,20-21/07/2004,MO 2m,16:20,421.1
Jul 2004,20-21/07/2004,MO 2m,16:30,225.1
Jul 2004,20-21/07/2004,MO 2m,16:40,170.2
Jul 2004,20-21/07/2004,MO 2m,16:50,164.1
Jul 2004,20-21/07/2004,MO 2m,17:00,118.5
Jul 2004,20-21/07/2004,MO 2m,17:10,81.82
Jul 2004,20-21/07/2004,MO 2m,17:20,54.45
Jul 2004,20-21/07/2004,MO 2m,17:30,35.55
Jul 2004,20-21/07/2004,MO 2m,17:40,24.75
Jul 2004,20-21/07/2004,MO 2m,17:50,13.34
Jul 2004,20-21/07/2004,MO 2m,18:00,4.48
Jul 2004,20-21/07/2004,MO 2m,18:10,0.77
Jul 2004,20-21/07/2004,MO 2m,18:20,0.03
Jul 2004,20-21/07/2004,MO 2m,7:20,0.56
Jul 2004,20-21/07/2004,MO 2m,7:30,3.6
Jul 2004,20-21/07/2004,MO 2m,7:40,11.33
Jul 2004,20-21/07/2004,MO 2m,7:50,67.54
Jul 2004,20-21/07/2004,MO 2m,8:00,120.2
Jul 2004,20-21/07/2004,MO 2m,8:10,141.3
Jul 2004,20-21/07/2004,MO 2m,8:20,161.6
Jul 2004,20-21/07/2004,MO 2m,8:30,269.6
Jul 2004,20-21/07/2004,MO 2m,8:40,344.4
Jul 2004,20-21/07/2004,MO 2m,8:50,406.2
Jul 2004,20-21/07/2004,MO 2m,9:00,461.8
Jul 2004,20-21/07/2004,MO 2m,9:10,517.1
Jul 2004,20-21/07/2004,MO 2m,9:20,569.7
Jul 2004,20-21/07/2004,MO 2m,9:30,620.3
Jul 2004,20-21/07/2004,MO 2m,9:40,670.0
Jul 2004,20-21/07/2004,MO 2m,9:50,717.4
Jul 2004,22-23/07/2004,MO 2m,10:00,780.5
Jul 2004,22-23/07/2004,MO 2m,10:10,826.2
Jul 2004,22-23/07/2004,MO 2m,10:20,864.4
Jul 2004,22-23/07/2004,MO 2m,10:30,905.6
Jul 2004,22-23/07/2004,MO 2m,10:40,937.9
Jul 2004,22-23/07/2004,MO 2m,10:50,969.9
Jul 2004,22-23/07/2004,MO 2m,11:00,1001.0
Jul 2004,22-23/07/2004,MO 2m,11:10,1029.0
Jul 2004,22-23/07/2004,MO 2m,11:20,1050.0
Jul 2004,22-23/07/2004,MO 2m,11:30,1070.0
Jul 2004,22-23/07/2004,MO 2m,11:40,1090.0
Jul 2004,22-23/07/2004,MO 2m,11:50,1101.0
Jul 2004,22-23/07/2004,MO 2m,12:00,1114.0
Jul 2004,22-23/07/2004,MO 2m,12:10,1124.0
Jul 2004,22-23/07/2004,MO 2m,12:20,1126.0
Jul 2004,22-23/07/2004,MO 2m,12:30,1132.0
Jul 2004,22-23/07/2004,MO 2m,12:40,1131.0
Jul 2004,22-23/07/2004,MO 2m,12:50,1128.0
Jul 2004,22-23/07/2004,MO 2m,13:00,1121.0
Jul 2004,22-23/07/2004,MO 2m,13:10,1113.0
Jul 2004,22-23/07/2004,MO 2m,13:20,1098.0
Jul 2004,22-23/07/2004,MO 2m,13:30,1084.0
Jul 2004,22-23/07/2004,MO 2m,13:40,1068.0
Jul 2004,22-23/07/2004,MO 2m,13:50,1049.0
Jul 2004,22-23/07/2004,MO 2m,14:00,1020.0
Jul 2004,22-23/07/2004,MO 2m,14:10,993.2
Jul 2004,22-23/07/2004,MO 2m,14:20,928.5
Jul 2004,22-23/07/2004,MO 2m,14:30,902.7
Jul 2004,22-23/07/2004,MO 2m,14:40,873.0
Jul 2004,22-23/07/2004,MO 2m,14:50,856.3
Jul 2004,22-23/07/2004,MO 2m,15:00,805.1
Jul 2004,22-23/07/2004,MO 2m,15:10,769.8
Jul 2004,22-23/07/2004,MO 2m,15:20,734.7
Jul 2004,22-23/07/2004,MO 2m,15:30,689.6
Jul 2004,22-23/07/2004,MO 2m,15:40,632.4
Jul 2004,22-23/07/2004,MO 2m,15:50,579.4
Jul 2004,22-23/07/2004,MO 2m,16:00,544.1
Jul 2004,22-23/07/2004,MO 2m,16:10,483.6
Jul 2004,22-23/07/2004,MO 2m,16:20,410.4
Jul 2004,22-23/07/2004,MO 2m,16:30,218.7
Jul 2004,22-23/07/2004,MO 2m,16:40,175.5
Jul 2004,22-23/07/2004,MO 2m,16:50,128.9
Jul 2004,22-23/07/2004,MO 2m,17:00,92.81
Jul 2004,22-23/07/2004,MO 2m,17:10,86.52
Jul 2004,22-23/07/2004,MO 2m,17:20,49.17
Jul 2004,22-23/07/2004,MO 2m,17:30,39.36
Jul 2004,22-23/07/2004,MO 2m,17:40,27.82
Jul 2004,22-23/07/2004,MO 2m,17:50,14.84
Jul 2004,22-23/07/2004,MO 2m,18:00,4.54
Jul 2004,22-23/07/2004,MO 2m,18:10,0.8
Jul 2004,22-23/07/2004,MO 2m,18:20,0.07
Jul 2004,22-23/07/2004,MO 2m,7:20,0.73
Jul 2004,22-23/07/2004,MO 2m,7:30,4.31
Jul 2004,22-23/07/2004,MO 2m,7:40,13.12
Jul 2004,22-23/07/2004,MO 2m,7:50,58.06
Jul 2004,22-23/07/2004,MO 2m,8:00,148.2
Jul 2004,22-23/07/2004,MO 2m,8:10,201.4
Jul 2004,22-23/07/2004,MO 2m,8:20,172.6
Jul 2004,22-23/07/2004,MO 2m,8:30,284.2
Jul 2004,22-23/07/2004,MO 2m,8:40,361.5
Jul 2004,22-23/07/2004,MO 2m,8:50,437.2
Jul 2004,22-23/07/2004,MO 2m,9:00,512.3
Jul 2004,22-23/07/2004,MO 2m,9:10,570.1
Jul 2004,22-23/07/2004,MO 2m,9:20,599.7
Jul 2004,22-23/07/2004,MO 2m,9:30,639.3
Jul 2004,22-23/07/2004,MO 2m,9:40,689.3
Jul 2004,22-23/07/2004,MO 2m,9:50,735.8
Jul 2004,24-25/07/2004,Open area 2m,10:00,830.6
Jul 2004,24-25/07/2004,Open area 2m,10:10,881.1
Jul 2004,24-25/07/2004,Open area 2m,10:20,929.9
Jul 2004,24-25/07/2004,Open area 2m,10:30,973.5
Jul 2004,24-25/07/2004,Open area 2m,10:40,1015.0
Jul 2004,24-25/07/2004,Open area 2m,10:50,1053.0
Jul 2004,24-25/07/2004,Open area 2m,11:00,1096.0
Jul 2004,24-25/07/2004,Open area 2m,11:10,1132.0
Jul 2004,24-25/07/2004,Open area 2m,11:20,1161.0
Jul 2004,24-25/07/2004,Open area 2m,11:30,1179.0
Jul 2004,24-25/07/2004,Open area 2m,11:40,1203.0
Jul 2004,24-25/07/2004,Open area 2m,11:50,1223.0
Jul 2004,24-25/07/2004,Open area 2m,12:00,1241.0
Jul 2004,24-25/07/2004,Open area 2m,12:10,1244.0
Jul 2004,24-25/07/2004,Open area 2m,12:20,1248.0
Jul 2004,24-25/07/2004,Open area 2m,12:30,1251.0
Jul 2004,24-25/07/2004,Open area 2m,12:40,1257.0
Jul 2004,24-25/07/2004,Open area 2m,12:50,1258.0
Jul 2004,24-25/07/2004,Open area 2m,13:00,1256.0
Jul 2004,24-25/07/2004,Open area 2m,13:10,1253.0
Jul 2004,24-25/07/2004,Open area 2m,13:20,1244.0
Jul 2004,24-25/07/2004,Open area 2m,13:30,1232.0
Jul 2004,24-25/07/2004,Open area 2m,13:40,1217.0
Jul 2004,24-25/07/2004,Open area 2m,13:50,1200.0
Jul 2004,24-25/07/2004,Open area 2m,14:00,1178.0
Jul 2004,24-25/07/2004,Open area 2m,14:10,1156.0
Jul 2004,24-25/07/2004,Open area 2m,14:20,1125.0
Jul 2004,24-25/07/2004,Open area 2m,14:30,1020.0
Jul 2004,24-25/07/2004,Open area 2m,14:40,977.6
Jul 2004,24-25/07/2004,Open area 2m,14:50,955.0
Jul 2004,24-25/07/2004,Open area 2m,15:00,917.1
Jul 2004,24-25/07/2004,Open area 2m,15:10,841.4
Jul 2004,24-25/07/2004,Open area 2m,15:20,824.6
Jul 2004,24-25/07/2004,Open area 2m,15:30,642.9
Jul 2004,24-25/07/2004,Open area 2m,15:40,607.0
Jul 2004,24-25/07/2004,Open area 2m,15:50,672.2
Jul 2004,24-25/07/2004,Open area 2m,16:00,612.0
Jul 2004,24-25/07/2004,Open area 2m,16:10,561.9
Jul 2004,24-25/07/2004,Open area 2m,16:20,503.7
Jul 2004,24-25/07/2004,Open area 2m,16:30,447.6
Jul 2004,24-25/07/2004,Open area 2m,16:40,387.3
Jul 2004,24-25/07/2004,Open area 2m,16:50,286.2
Jul 2004,24-25/07/2004,Open area 2m,17:00,245.3
Jul 2004,24-25/07/2004,Open area 2m,17:10,178.4
Jul 2004,24-25/07/2004,Open area 2m,17:20,72.46
Jul 2004,24-25/07/2004,Open area 2m,17:30,43.12
Jul 2004,24-25/07/2004,Open area 2m,17:40,29.28
Jul 2004,24-25/07/2004,Open area 2m,17:50,15.78
Jul 2004,24-25/07/2004,Open area 2m,18:00,5.67
Jul 2004,24-25/07/2004,Open area 2m,18:10,3.11
Jul 2004,24-25/07/2004,Open area 2m,18:20,1.1
Jul 2004,24-25/07/2004,Open area 2m,7:20,0.84
Jul 2004,24-25/07/2004,Open area 2m,7:30,4.6
Jul 2004,24-25/07/2004,Open area 2m,7:40,12.88
Jul 2004,24-25/07/2004,Open area 2m,7:50,65.1
Jul 2004,24-25/07/2004,Open area 2m,8:00,131.5
Jul 2004,24-25/07/2004,Open area 2m,8:10,182.6
Jul 2004,24-25/07/2004,Open area 2m,8:20,234.7
Jul 2004,24-25/07/2004,Open area 2m,8:30,282.7
Jul 2004,24-25/07/2004,Open area 2m,8:40,331.8
Jul 2004,24-25/07/2004,Open area 2m,8:50,390.9
Jul 2004,24-25/07/2004,Open area 2m,9:00,463.6
Jul 2004,24-25/07/2004,Open area 2m,9:10,545.4
Jul 2004,24-25/07/2004,Open area 2m,9:20,611.1
Jul 2004,24-25/07/2004,Open area 2m,9:30,669.4
Jul 2004,24-25/07/2004,Open area 2m,9:40,739.7
Jul 2004,24-25/07/2004,Open area 2m,9:50,788.2
Jul 2004,25-26/07/2004,Open area 2m,10:00,859.6
Jul 2004,25-26/07/2004,Open area 2m,10:10,892.9
Jul 2004,25-26/07/2004,Open area 2m,10:20,936.8
Jul 2004,25-26/07/2004,Open area 2m,10:30,979.8
Jul 2004,25-26/07/2004,Open area 2m,10:40,1020.0
Jul 2004,25-26/07/2004,Open area 2m,10:50,1058.0
Jul 2004,25-26/07/2004,Open area 2m,11:00,1096.0
Jul 2004,25-26/07/2004,Open area 2m,11:10,1128.0
Jul 2004,25-26/07/2004,Open area 2m,11:20,1161.0
Jul 2004,25-26/07/2004,Open area 2m,11:30,1189.0
Jul 2004,25-26/07/2004,Open area 2m,11:40,1214.0
Jul 2004,25-26/07/2004,Open area 2m,11:50,1238.0
Jul 2004,25-26/07/2004,Open area 2m,12:00,1258.0
Jul 2004,25-26/07/2004,Open area 2m,12:10,1266.0
Jul 2004,25-26/07/2004,Open area 2m,12:20,1270.0
Jul 2004,25-26/07/2004,Open area 2m,12:30,1277.0
Jul 2004,25-26/07/2004,Open area 2m,12:40,1280.0
Jul 2004,25-26/07/2004,Open area 2m,12:50,1278.0
Jul 2004,25-26/07/2004,Open area 2m,13:00,1279.0
Jul 2004,25-26/07/2004,Open area 2m,13:10,1273.0
Jul 2004,25-26/07/2004,Open area 2m,13:20,1262.0
Jul 2004,25-26/07/2004,Open area 2m,13:30,1246.0
Jul 2004,25-26/07/2004,Open area 2m,13:40,1231.0
Jul 2004,25-26/07/2004,Open area 2m,13:50,1212.0
Jul 2004,25-26/07/2004,Open area 2m,14:00,1189.0
Jul 2004,25-26/07/2004,Open area 2m,14:10,872.7
Jul 2004,25-26/07/2004,Open area 2m,14:20,847.1
Jul 2004,25-26/07/2004,Open area 2m,14:30,1094.0
Jul 2004,25-26/07/2004,Open area 2m,14:40,1057.0
Jul 2004,25-26/07/2004,Open area 2m,14:50,1019.0
Jul 2004,25-26/07/2004,Open area 2m,15:00,975.7
Jul 2004,25-26/07/2004,Open area 2m,15:10,933.5
Jul 2004,25-26/07/2004,Open area 2m,15:20,887.0
Jul 2004,25-26/07/2004,Open area 2m,15:30,834.2
Jul 2004,25-26/07/2004,Open area 2m,15:40,783.1
Jul 2004,25-26/07/2004,Open area 2m,15:50,726.5
Jul 2004,25-26/07/2004,Open area 2m,16:00,668.8
Jul 2004,25-26/07/2004,Open area 2m,16:10,611.0
Jul 2004,25-26/07/2004,Open area 2m,16:20,552.7
Jul 2004,25-26/07/2004,Open area 2m,16:30,488.3
Jul 2004,25-26/07/2004,Open area 2m,16:40,416.2
Jul 2004,25-26/07/2004,Open area 2m,16:50,308.4
Jul 2004,25-26/07/2004,Open area 2m,17:00,269.3
Jul 2004,25-26/07/2004,Open area 2m,17:10,209.7
Jul 2004,25-26/07/2004,Open area 2m,17:20,81.31
Jul 2004,25-26/07/2004,Open area 2m,17:30,44.24
Jul 2004,25-26/07/2004,Open area 2m,17:40,31.57
Jul 2004,25-26/07/2004,Open area 2m,17:50,18.13
Jul 2004,25-26/07/2004,Open area 2m,18:00,6.95
Jul 2004,25-26/07/2004,Open area 2m,18:10,3.42
Jul 2004,25-26/07/2004,Open area 2m,18:20,0.14
Jul 2004,25-26/07/2004,Open area 2m,7:20,0.96
Jul 2004,25-26/07/2004,Open area 2m,7:30,5.05
Jul 2004,25-26/07/2004,Open area 2m,7:40,13.89
Jul 2004,25-26/07/2004,Open area 2m,7:50,73.0
Jul 2004,25-26/07/2004,Open area 2m,8:00,157.2
Jul 2004,25-26/07/2004,Open area 2m,8:10,208.5
Jul 2004,25-26/07/2004,Open area 2m,8:20,253.0
Jul 2004,25-26/07/2004,Open area 2m,8:30,298.8
Jul 2004,25-26/07/2004,Open area 2m,8:40,348.2
Jul 2004,25-26/07/2004,Open area 2m,8:50,405.6
Jul 2004,25-26/07/2004,Open area 2m,9:00,477.3
Jul 2004,25-26/07/2004,Open area 2m,9:10,559.4
Jul 2004,25-26/07/2004,Open area 2m,9:20,632.3
Jul 2004,25-26/07/2004,Open area 2m,9:30,699.3
Jul 2004,25-26/07/2004,Open area 2m,9:40,759.1
Jul 2004,25-26/07/2004,Open area 2m,9:50,811.2
Sep 2004,09-10/09/2004,AFS 1.2m,10:00,7.426
Sep 2004,09-10/09/2004,AFS 1.2m,10:10,8.406
Sep 2004,09-10/09/2004,AFS 1.2m,10:20,8.857
Sep 2004,09-10/09/2004,AFS 1.2m,10:30,11.78
Sep 2004,09-10/09/2004,AFS 1.2m,10:40,17.1
Sep 2004,09-10/09/2004,AFS 1.2m,10:50,22.03
Sep 2004,09-10/09/2004,AFS 1.2m,11:00,26.71
Sep 2004,09-10/09/2004,AFS 1.2m,11:10,25.92
Sep 2004,09-10/09/2004,AFS 1.2m,11:20,33.0
Sep 2004,09-10/09/2004,AFS 1.2m,11:30,23.94
Sep 2004,09-10/09/2004,AFS 1.2m,11:40,19.23
Sep 2004,09-10/09/2004,AFS 1.2m,11:50,17.62
Sep 2004,09-10/09/2004,AFS 1.2m,12:00,28.22
Sep 2004,09-10/09/2004,AFS 1.2m,12:10,12.41
Sep 2004,09-10/09/2004,AFS 1.2m,12:20,25.59
Sep 2004,09-10/09/2004,AFS 1.2m,12:30,32.62
Sep 2004,09-10/09/2004,AFS 1.2m,12:40,15.72
Sep 2004,09-10/09/2004,AFS 1.2m,12:50,14.67
Sep 2004,09-10/09/2004,AFS 1.2m,13:00,6.634
Sep 2004,09-10/09/2004,AFS 1.2m,13:10,23.42
Sep 2004,09-10/09/2004,AFS 1.2m,13:20,46.12
Sep 2004,09-10/09/2004,AFS 1.2m,13:30,55.84
Sep 2004,09-10/09/2004,AFS 1.2m,13:40,63.81
Sep 2004,09-10/09/2004,AFS 1.2m,13:50,88.1
Sep 2004,09-10/09/2004,AFS 1.2m,14:00,77.9
Sep 2004,09-10/09/2004,AFS 1.2m,14:10,88.15
Sep 2004,09-10/09/2004,AFS 1.2m,14:20,88.02
Sep 2004,09-10/09/2004,AFS 1.2m,14:30,112.6
Sep 2004,09-10/09/2004,AFS 1.2m,14:40,151.0
Sep 2004,09-10/09/2004,AFS 1.2m,14:50,133.0
Sep 2004,09-10/09/2004,AFS 1.2m,15:00,113.6
Sep 2004,09-10/09/2004,AFS 1.2m,15:10,100.1
Sep 2004,09-10/09/2004,AFS 1.2m,15:20,127.9
Sep 2004,09-10/09/2004,AFS 1.2m,15:30,115.3
Sep 2004,09-10/09/2004,AFS 1.2m,15:40,108.9
Sep 2004,09-10/09/2004,AFS 1.2m,15:50,95.76
Sep 2004,09-10/09/2004,AFS 1.2m,16:00,79.63
Sep 2004,09-10/09/2004,AFS 1.2m,16:10,82.75
Sep 2004,09-10/09/2004,AFS 1.2m,16:20,60.87
Sep 2004,09-10/09/2004,AFS 1.2m,16:30,54.34
Sep 2004,09-10/09/2004,AFS 1.2m,16:40,42.6
Sep 2004,09-10/09/2004,AFS 1.2m,16:50,42.87
Sep 2004,09-10/09/2004,AFS 1.2m,17:00,35.75
Sep 2004,09-10/09/2004,AFS 1.2m,17:10,35.94
Sep 2004,09-10/09/2004,AFS 1.2m,17:20,26.17
Sep 2004,09-10/09/2004,AFS 1.2m,17:30,17.29
Sep 2004,09-10/09/2004,AFS 1.2m,17:40,16.32
Sep 2004,09-10/09/2004,AFS 1.2m,17:50,12.06
Sep 2004,09-10/09/2004,AFS 1.2m,18:00,7.847
Sep 2004,09-10/09/2004,AFS 1.2m,18:10,4.766
Sep 2004,09-10/09/2004,AFS 1.2m,18:20,1.995
Sep 2004,09-10/09/2004,AFS 1.2m,18:30,0.638
Sep 2004,09-10/09/2004,AFS 1.2m,6:30,0.1109
Sep 2004,09-10/09/2004,AFS 1.2m,6:40,0.3361
Sep 2004,09-10/09/2004,AFS 1.2m,6:50,0.7837
Sep 2004,09-10/09/2004,AFS 1.2m,7:00,1.119
Sep 2004,09-10/09/2004,AFS 1.2m,7:10,1.184
Sep 2004,09-10/09/2004,AFS 1.2m,7:20,1.754
Sep 2004,09-10/09/2004,AFS 1.2m,7:30,2.882
Sep 2004,09-10/09/2004,AFS 1.2m,7:40,3.49
Sep 2004,09-10/09/2004,AFS 1.2m,7:50,3.049
Sep 2004,09-10/09/2004,AFS 1.2m,8:00,3.059
Sep 2004,09-10/09/2004,AFS 1.2m,8:10,3.039
Sep 2004,09-10/09/2004,AFS 1.2m,8:20,4.602
Sep 2004,09-10/09/2004,AFS 1.2m,8:30,4.386
Sep 2004,09-10/09/2004,AFS 1.2m,8:40,5.812
Sep 2004,09-10/09/2004,AFS 1.2m,8:50,7.946
Sep 2004,09-10/09/2004,AFS 1.2m,9:00,8.716
Sep 2004,09-10/09/2004,AFS 1.2m,9:10,6.361
Sep 2004,09-10/09/2004,AFS 1.2m,9:20,7.442
Sep 2004,09-10/09/2004,AFS 1.2m,9:30,10.76
Sep 2004,09-10/09/2004,AFS 1.2m,9:40,13.12
Sep 2004,09-10/09/2004,AFS 1.2m,9:50,12.3
Sep 2004,30-31/08/2004,AFS 1.2m,10:00,125.8
Sep 2004,30-31/08/2004,AFS 1.2m,10:10,48.62
Sep 2004,30-31/08/2004,AFS 1.2m,10:20,51.78
Sep 2004,30-31/08/2004,AFS 1.2m,10:30,135.2
Sep 2004,30-31/08/2004,AFS 1.2m,10:40,57.87
Sep 2004,30-31/08/2004,AFS 1.2m,10:50,231.5
Sep 2004,30-31/08/2004,AFS 1.2m,11:00,220.2
Sep 2004,30-31/08/2004,AFS 1.2m,11:10,283.7
Sep 2004,30-31/08/2004,AFS 1.2m,11:20,378.8
Sep 2004,30-31/08/2004,AFS 1.2m,11:30,83.57
Sep 2004,30-31/08/2004,AFS 1.2m,11:40,76.6
Sep 2004,30-31/08/2004,AFS 1.2m,11:50,77.44
Sep 2004,30-31/08/2004,AFS 1.2m,12:00,111.1
Sep 2004,30-31/08/2004,AFS 1.2m,12:10,218.4
Sep 2004,30-31/08/2004,AFS 1.2m,12:20,58.39
Sep 2004,30-31/08/2004,AFS 1.2m,12:30,38.9
Sep 2004,30-31/08/2004,AFS 1.2m,12:40,65.11
Sep 2004,30-31/08/2004,AFS 1.2m,12:50,62.7
Sep 2004,30-31/08/2004,AFS 1.2m,13:00,122.2
Sep 2004,30-31/08/2004,AFS 1.2m,13:10,88.34
Sep 2004,30-31/08/2004,AFS 1.2m,13:20,91.41
Sep 2004,30-31/08/2004,AFS 1.2m,13:30,127.5
Sep 2004,30-31/08/2004,AFS 1.2m,13:40,54.67
Sep 2004,30-31/08/2004,AFS 1.2m,13:50,76.1
Sep 2004,30-31/08/2004,AFS 1.2m,14:00,55.23
Sep 2004,30-31/08/2004,AFS 1.2m,14:10,114.1
Sep 2004,30-31/08/2004,AFS 1.2m,14:20,60.4
Sep 2004,30-31/08/2004,AFS 1.2m,14:30,76.36
Sep 2004,30-31/08/2004,AFS 1.2m,14:40,47.64
Sep 2004,30-31/08/2004,AFS 1.2m,14:50,52.76
Sep 2004,30-31/08/2004,AFS 1.2m,15:00,349.4
Sep 2004,30-31/08/2004,AFS 1.2m,15:10,278.8
Sep 2004,30-31/08/2004,AFS 1.2m,15:20,403.0
Sep 2004,30-31/08/2004,AFS 1.2m,15:30,416.8
Sep 2004,30-31/08/2004,AFS 1.2m,15:40,475.6
Sep 2004,30-31/08/2004,AFS 1.2m,15:50,163.5
Sep 2004,30-31/08/2004,AFS 1.2m,16:00,44.8
Sep 2004,30-31/08/2004,AFS 1.2m,16:10,25.12
Sep 2004,30-31/08/2004,AFS 1.2m,16:20,24.84
Sep 2004,30-31/08/2004,AFS 1.2m,16:30,20.54
Sep 2004,30-31/08/2004,AFS 1.2m,16:40,18.76
Sep 2004,30-31/08/2004,AFS 1.2m,16:50,20.35
Sep 2004,30-31/08/2004,AFS 1.2m,17:00,26.7
Sep 2004,30-31/08/2004,AFS 1.2m,17:10,15.06
Sep 2004,30-31/08/2004,AFS 1.2m,17:20,16.98
Sep 2004,30-31/08/2004,AFS 1.2m,17:30,16.6
Sep 2004,30-31/08/2004,AFS 1.2m,17:40,10.42
Sep 2004,30-31/08/2004,AFS 1.2m,17:50,9.186
Sep 2004,30-31/08/2004,AFS 1.2m,18:00,5.766
Sep 2004,30-31/08/2004,AFS 1.2m,18:10,3.379
Sep 2004,30-31/08/2004,AFS 1.2m,18:20,1.464
Sep 2004,30-31/08/2004,AFS 1.2m,18:30,0.4834
Sep 2004,30-31/08/2004,AFS 1.2m,6:30,0.4964
Sep 2004,30-31/08/2004,AFS 1.2m,6:40,1.667
Sep 2004,30-31/08/2004,AFS 1.2m,6:50,3.702
Sep 2004,30-31/08/2004,AFS 1.2m,7:00,6.115
Sep 2004,30-31/08/2004,AFS 1.2m,7:10,8.162
Sep 2004,30-31/08/2004,AFS 1.2m,7:20,10.24
Sep 2004,30-31/08/2004,AFS 1.2m,7:30,17.36
Sep 2004,30-31/08/2004,AFS 1.2m,7:40,26.55
Sep 2004,30-31/08/2004,AFS 1.2m,7:50,17.13
Sep 2004,30-31/08/2004,AFS 1.2m,8:00,16.45
Sep 2004,30-31/08/2004,AFS 1.2m,8:10,18.54
Sep 2004,30-31/08/2004,AFS 1.2m,8:20,23.66
Sep 2004,30-31/08/2004,AFS 1.2m,8:30,50.98
Sep 2004,30-31/08/2004,AFS 1.2m,8:40,32.99
Sep 2004,30-31/08/2004,AFS 1.2m,8:50,35.18
Sep 2004,30-31/08/2004,AFS 1.2m,9:00,37.05
Sep 2004,30-31/08/2004,AFS 1.2m,9:10,38.9
Sep 2004,30-31/08/2004,AFS 1.2m,9:20,40.81
Sep 2004,30-31/08/2004,AFS 1.2m,9:30,42.55
Sep 2004,30-31/08/2004,AFS 1.2m,9:40,45.41
Sep 2004,30-31/08/2004,AFS 1.2m,9:50,91.87
Sep 2004,09-10/09/2004,AFS 2m,10:00,52.93
Sep 2004,09-10/09/2004,AFS 2m,10:10,57.89
Sep 2004,09-10/09/2004,AFS 2m,10:20,63.43
Sep 2004,09-10/09/2004,AFS 2m,10:30,69.52
Sep 2004,09-10/09/2004,AFS 2m,10:40,79.82
Sep 2004,09-10/09/2004,AFS 2m,10:50,83.94
Sep 2004,09-10/09/2004,AFS 2m,11:00,90.18
Sep 2004,09-10/09/2004,AFS 2m,11:10,75.28
Sep 2004,09-10/09/2004,AFS 2m,11:20,75.54
Sep 2004,09-10/09/2004,AFS 2m,11:30,90.28
Sep 2004,09-10/09/2004,AFS 2m,11:40,94.31
Sep 2004,09-10/09/2004,AFS 2m,11:50,102.6
Sep 2004,09-10/09/2004,AFS 2m,12:00,120.5
Sep 2004,09-10/09/2004,AFS 2m,12:10,117.5
Sep 2004,09-10/09/2004,AFS 2m,12:20,109.4
Sep 2004,09-10/09/2004,AFS 2m,12:30,117.2
Sep 2004,09-10/09/2004,AFS 2m,12:40,116.1
Sep 2004,09-10/09/2004,AFS 2m,12:50,119.5
Sep 2004,09-10/09/2004,AFS 2m,13:00,218.4
Sep 2004,09-10/09/2004,AFS 2m,13:10,113.4
Sep 2004,09-10/09/2004,AFS 2m,13:20,111.0
Sep 2004,09-10/09/2004,AFS 2m,13:30,98.25
Sep 2004,09-10/09/2004,AFS 2m,13:40,102.7
Sep 2004,09-10/09/2004,AFS 2m,13:50,90.96
Sep 2004,09-10/09/2004,AFS 2m,14:00,250.8
Sep 2004,09-10/09/2004,AFS 2m,14:10,104.0
Sep 2004,09-10/09/2004,AFS 2m,14:20,104.6
Sep 2004,09-10/09/2004,AFS 2m,14:30,111.1
Sep 2004,09-10/09/2004,AFS 2m,14:40,108.0
Sep 2004,09-10/09/2004,AFS 2m,14:50,97.04
Sep 2004,09-10/09/2004,AFS 2m,15:00,91.9
Sep 2004,09-10/09/2004,AFS 2m,15:10,89.38
Sep 2004,09-10/09/2004,AFS 2m,15:20,115.6
Sep 2004,09-10/09/2004,AFS 2m,15:30,87.94
Sep 2004,09-10/09/2004,AFS 2m,15:40,73.26
Sep 2004,09-10/09/2004,AFS 2m,15:50,79.33
Sep 2004,09-10/09/2004,AFS 2m,16:00,61.98
Sep 2004,09-10/09/2004,AFS 2m,16:10,64.43
Sep 2004,09-10/09/2004,AFS 2m,16:20,53.08
Sep 2004,09-10/09/2004,AFS 2m,16:30,46.16
Sep 2004,09-10/09/2004,AFS 2m,16:40,40.62
Sep 2004,09-10/09/2004,AFS 2m,16:50,36.66
Sep 2004,09-10/09/2004,AFS 2m,17:00,31.5
Sep 2004,09-10/09/2004,AFS 2m,17:10,26.23
Sep 2004,09-10/09/2004,AFS 2m,17:20,20.77
Sep 2004,09-10/09/2004,AFS 2m,17:30,15.2
Sep 2004,09-10/09/2004,AFS 2m,17:40,10.52
Sep 2004,09-10/09/2004,AFS 2m,17:50,6.052
Sep 2004,09-10/09/2004,AFS 2m,18:00,3.79
Sep 2004,09-10/09/2004,AFS 2m,18:10,1.752
Sep 2004,09-10/09/2004,AFS 2m,18:20,0.589
Sep 2004,09-10/09/2004,AFS 2m,18:30,1.752
Sep 2004,09-10/09/2004,AFS 2m,6:30,0.2048
Sep 2004,09-10/09/2004,AFS 2m,6:40,0.4736
Sep 2004,09-10/09/2004,AFS 2m,6:50,0.8926
Sep 2004,09-10/09/2004,AFS 2m,7:00,1.636
Sep 2004,09-10/09/2004,AFS 2m,7:10,2.39
Sep 2004,09-10/09/2004,AFS 2m,7:20,3.246
Sep 2004,09-10/09/2004,AFS 2m,7:30,4.129
Sep 2004,09-10/09/2004,AFS 2m,7:40,6.0
Sep 2004,09-10/09/2004,AFS 2m,7:50,6.53
Sep 2004,09-10/09/2004,AFS 2m,8:00,8.994
Sep 2004,09-10/09/2004,AFS 2m,8:10,11.95
Sep 2004,09-10/09/2004,AFS 2m,8:20,13.27
Sep 2004,09-10/09/2004,AFS 2m,8:30,15.21
Sep 2004,09-10/09/2004,AFS 2m,8:40,18.24
Sep 2004,09-10/09/2004,AFS 2m,8:50,24.46
Sep 2004,09-10/09/2004,AFS 2m,9:00,30.69
Sep 2004,09-10/09/2004,AFS 2m,9:10,26.76
Sep 2004,09-10/09/2004,AFS 2m,9:20,29.82
Sep 2004,09-10/09/2004,AFS 2m,9:30,31.59
Sep 2004,09-10/09/2004,AFS 2m,9:40,37.14
Sep 2004,09-10/09/2004,AFS 2m,9:50,48.44
Sep 2004,31/08-01/09/2004,AFS 2m,10:00,96.22
Sep 2004,31/08-01/09/2004,AFS 2m,10:10,57.04
Sep 2004,31/08-01/09/2004,AFS 2m,10:20,78.93
Sep 2004,31/08-01/09/2004,AFS 2m,10:30,56.45
Sep 2004,31/08-01/09/2004,AFS 2m,10:40,55.86
Sep 2004,31/08-01/09/2004,AFS 2m,10:50,107.9
Sep 2004,31/08-01/09/2004,AFS 2m,11:00,116.12
Sep 2004,31/08-01/09/2004,AFS 2m,11:10,133.0
Sep 2004,31/08-01/09/2004,AFS 2m,11:20,230.6
Sep 2004,31/08-01/09/2004,AFS 2m,11:30,77.47
Sep 2004,31/08-01/09/2004,AFS 2m,11:40,130.6
Sep 2004,31/08-01/09/2004,AFS 2m,11:50,136.1
Sep 2004,31/08-01/09/2004,AFS 2m,12:00,127.2
Sep 2004,31/08-01/09/2004,AFS 2m,12:10,308.7
Sep 2004,31/08-01/09/2004,AFS 2m,12:20,177.7
Sep 2004,31/08-01/09/2004,AFS 2m,12:30,167.4
Sep 2004,31/08-01/09/2004,AFS 2m,12:40,674.2
Sep 2004,31/08-01/09/2004,AFS 2m,12:50,137.6
Sep 2004,31/08-01/09/2004,AFS 2m,13:00,248.5
Sep 2004,31/08-01/09/2004,AFS 2m,13:10,221.6
Sep 2004,31/08-01/09/2004,AFS 2m,13:20,222.0
Sep 2004,31/08-01/09/2004,AFS 2m,13:30,129.5
Sep 2004,31/08-01/09/2004,AFS 2m,13:40,59.44
Sep 2004,31/08-01/09/2004,AFS 2m,13:50,84.18
Sep 2004,31/08-01/09/2004,AFS 2m,14:00,52.26
Sep 2004,31/08-01/09/2004,AFS 2m,14:10,50.86
Sep 2004,31/08-01/09/2004,AFS 2m,14:20,122.3
Sep 2004,31/08-01/09/2004,AFS 2m,14:30,37.6
Sep 2004,31/08-01/09/2004,AFS 2m,14:40,33.94
Sep 2004,31/08-01/09/2004,AFS 2m,14:50,144.1
Sep 2004,31/08-01/09/2004,AFS 2m,15:00,90.26
Sep 2004,31/08-01/09/2004,AFS 2m,15:10,272.0
Sep 2004,31/08-01/09/2004,AFS 2m,15:20,583.7
Sep 2004,31/08-01/09/2004,AFS 2m,15:30,277.8
Sep 2004,31/08-01/09/2004,AFS 2m,15:40,507.6
Sep 2004,31/08-01/09/2004,AFS 2m,15:50,98.34
Sep 2004,31/08-01/09/2004,AFS 2m,16:00,147.2
Sep 2004,31/08-01/09/2004,AFS 2m,16:10,23.94
Sep 2004,31/08-01/09/2004,AFS 2m,16:20,18.4
Sep 2004,31/08-01/09/2004,AFS 2m,16:30,17.41
Sep 2004,31/08-01/09/2004,AFS 2m,16:40,16.02
Sep 2004,31/08-01/09/2004,AFS 2m,16:50,14.87
Sep 2004,31/08-01/09/2004,AFS 2m,17:00,24.98
Sep 2004,31/08-01/09/2004,AFS 2m,17:10,12.67
Sep 2004,31/08-01/09/2004,AFS 2m,17:20,11.79
Sep 2004,31/08-01/09/2004,AFS 2m,17:30,10.19
Sep 2004,31/08-01/09/2004,AFS 2m,17:40,12.31
Sep 2004,31/08-01/09/2004,AFS 2m,17:50,6.058
Sep 2004,31/08-01/09/2004,AFS 2m,18:00,3.464
Sep 2004,31/08-01/09/2004,AFS 2m,18:10,1.533
Sep 2004,31/08-01/09/2004,AFS 2m,18:20,0.4799
Sep 2004,31/08-01/09/2004,AFS 2m,18:30,0.2086
Sep 2004,31/08-01/09/2004,AFS 2m,6:30,0.1952
Sep 2004,31/08-01/09/2004,AFS 2m,6:40,0.617
Sep 2004,31/08-01/09/2004,AFS 2m,6:50,1.916
Sep 2004,31/08-01/09/2004,AFS 2m,7:00,4.528
Sep 2004,31/08-01/09/2004,AFS 2m,7:10,19.92
Sep 2004,31/08-01/09/2004,AFS 2m,7:20,32.8
Sep 2004,31/08-01/09/2004,AFS 2m,7:30,31.49
Sep 2004,31/08-01/09/2004,AFS 2m,7:40,18.16
Sep 2004,31/08-01/09/2004,AFS 2m,7:50,18.66
Sep 2004,31/08-01/09/2004,AFS 2m,8:00,16.57
Sep 2004,31/08-01/09/2004,AFS 2m,8:10,25.38
Sep 2004,31/08-01/09/2004,AFS 2m,8:20,26.17
Sep 2004,31/08-01/09/2004,AFS 2m,8:30,44.4
Sep 2004,31/08-01/09/2004,AFS 2m,8:40,137.8
Sep 2004,31/08-01/09/2004,AFS 2m,8:50,146.7
Sep 2004,31/08-01/09/2004,AFS 2m,9:00,88.98
Sep 2004,31/08-01/09/2004,AFS 2m,9:10,53.8
Sep 2004,31/08-01/09/2004,AFS 2m,9:20,43.41
Sep 2004,31/08-01/09/2004,AFS 2m,9:30,44.03
Sep 2004,31/08-01/09/2004,AFS 2m,9:40,47.25
Sep 2004,31/08-01/09/2004,AFS 2m,9:50,46.77
Sep 2004,02-03/09/2004,MO 1.2m,10:00,77.49
Sep 2004,02-03/09/2004,MO 1.2m,10:10,156.7
Sep 2004,02-03/09/2004,MO 1.2m,10:20,220.6
Sep 2004,02-03/09/2004,MO 1.2m,10:30,226.5
Sep 2004,02-03/09/2004,MO 1.2m,10:40,244.4
Sep 2004,02-03/09/2004,MO 1.2m,10:50,271.8
Sep 2004,02-03/09/2004,MO 1.2m,11:00,283.6
Sep 2004,02-03/09/2004,MO 1.2m,11:10,232.0
Sep 2004,02-03/09/2004,MO 1.2m,11:20,223.2
Sep 2004,02-03/09/2004,MO 1.2m,11:30,195.5
Sep 2004,02-03/09/2004,MO 1.2m,11:40,182.1
Sep 2004,02-03/09/2004,MO 1.2m,11:50,152.0
Sep 2004,02-03/09/2004,MO 1.2m,12:00,124.1
Sep 2004,02-03/09/2004,MO 1.2m,12:10,115.4
Sep 2004,02-03/09/2004,MO 1.2m,12:20,147.4
Sep 2004,02-03/09/2004,MO 1.2m,12:30,141.6
Sep 2004,02-03/09/2004,MO 1.2m,12:40,126.1
Sep 2004,02-03/09/2004,MO 1.2m,12:50,209.5
Sep 2004,02-03/09/2004,MO 1.2m,13:00,209.9
Sep 2004,02-03/09/2004,MO 1.2m,13:10,269.9
Sep 2004,02-03/09/2004,MO 1.2m,13:20,219.5
Sep 2004,02-03/09/2004,MO 1.2m,13:30,326.1
Sep 2004,02-03/09/2004,MO 1.2m,13:40,414.2
Sep 2004,02-03/09/2004,MO 1.2m,13:50,482.2
Sep 2004,02-03/09/2004,MO 1.2m,14:00,463.2
Sep 2004,02-03/09/2004,MO 1.2m,14:10,456.3
Sep 2004,02-03/09/2004,MO 1.2m,14:20,456.2
Sep 2004,02-03/09/2004,MO 1.2m,14:30,465.0
Sep 2004,02-03/09/2004,MO 1.2m,14:40,350.8
Sep 2004,02-03/09/2004,MO 1.2m,14:50,229.4
Sep 2004,02-03/09/2004,MO 1.2m,15:00,554.8
Sep 2004,02-03/09/2004,MO 1.2m,15:10,804.5
Sep 2004,02-03/09/2004,MO 1.2m,15:20,209.5
Sep 2004,02-03/09/2004,MO 1.2m,15:30,155.1
Sep 2004,02-03/09/2004,MO 1.2m,15:40,161.6
Sep 2004,02-03/09/2004,MO 1.2m,15:50,231.1
Sep 2004,02-03/09/2004,MO 1.2m,16:00,137.7
Sep 2004,02-03/09/2004,MO 1.2m,16:10,140.7
Sep 2004,02-03/09/2004,MO 1.2m,16:20,125.8
Sep 2004,02-03/09/2004,MO 1.2m,16:30,196.6
Sep 2004,02-03/09/2004,MO 1.2m,16:40,140.0
Sep 2004,02-03/09/2004,MO 1.2m,16:50,103.9
Sep 2004,02-03/09/2004,MO 1.2m,17:00,105.3
Sep 2004,02-03/09/2004,MO 1.2m,17:10,84.44
Sep 2004,02-03/09/2004,MO 1.2m,17:20,73.72
Sep 2004,02-03/09/2004,MO 1.2m,17:30,62.61
Sep 2004,02-03/09/2004,MO 1.2m,17:40,51.17
Sep 2004,02-03/09/2004,MO 1.2m,17:50,39.3
Sep 2004,02-03/09/2004,MO 1.2m,18:00,26.03
Sep 2004,02-03/09/2004,MO 1.2m,18:10,14.05
Sep 2004,02-03/09/2004,MO 1.2m,18:20,3.326
Sep 2004,02-03/09/2004,MO 1.2m,18:30,1.336
Sep 2004,02-03/09/2004,MO 1.2m,6:30,0.08894
Sep 2004,02-03/09/2004,MO 1.2m,6:40,0.427
Sep 2004,02-03/09/2004,MO 1.2m,6:50,2.666
Sep 2004,02-03/09/2004,MO 1.2m,7:00,6.83
Sep 2004,02-03/09/2004,MO 1.2m,7:10,8.928
Sep 2004,02-03/09/2004,MO 1.2m,7:20,9.354
Sep 2004,02-03/09/2004,MO 1.2m,7:30,11.22
Sep 2004,02-03/09/2004,MO 1.2m,7:40,23.03
Sep 2004,02-03/09/2004,MO 1.2m,7:50,34.43
Sep 2004,02-03/09/2004,MO 1.2m,8:00,71.19
Sep 2004,02-03/09/2004,MO 1.2m,8:10,101.4
Sep 2004,02-03/09/2004,MO 1.2m,8:20,74.91
Sep 2004,02-03/09/2004,MO 1.2m,8:30,31.4
Sep 2004,02-03/09/2004,MO 1.2m,8:40,57.16
Sep 2004,02-03/09/2004,MO 1.2m,8:50,45.9
Sep 2004,02-03/09/2004,MO 1.2m,9:00,44.39
Sep 2004,02-03/09/2004,MO 1.2m,9:10,35.7
Sep 2004,02-03/09/2004,MO 1.2m,9:20,17.37
Sep 2004,02-03/09/2004,MO 1.2m,9:30,16.2
Sep 2004,02-03/09/2004,MO 1.2m,9:40,31.86
Sep 2004,02-03/09/2004,MO 1.2m,9:50,88.49
Sep 2004,08-09/09/2004,MO 1.2m,10:00,196.4
Sep 2004,08-09/09/2004,MO 1.2m,10:10,202.2
Sep 2004,08-09/09/2004,MO 1.2m,10:20,207.6
Sep 2004,08-09/09/2004,MO 1.2m,10:30,215.5
Sep 2004,08-09/09/2004,MO 1.2m,10:40,243.4
Sep 2004,08-09/09/2004,MO 1.2m,10:50,228.1
Sep 2004,08-09/09/2004,MO 1.2m,11:00,228.5
Sep 2004,08-09/09/2004,MO 1.2m,11:10,234.9
Sep 2004,08-09/09/2004,MO 1.2m,11:20,245.5
Sep 2004,08-09/09/2004,MO 1.2m,11:30,295.7
Sep 2004,08-09/09/2004,MO 1.2m,11:40,261.9
Sep 2004,08-09/09/2004,MO 1.2m,11:50,257.3
Sep 2004,08-09/09/2004,MO 1.2m,12:00,273.9
Sep 2004,08-09/09/2004,MO 1.2m,12:10,271.6
Sep 2004,08-09/09/2004,MO 1.2m,12:20,274.4
Sep 2004,08-09/09/2004,MO 1.2m,12:30,281.6
Sep 2004,08-09/09/2004,MO 1.2m,12:40,286.7
Sep 2004,08-09/09/2004,MO 1.2m,12:50,294.8
Sep 2004,08-09/09/2004,MO 1.2m,13:00,306.0
Sep 2004,08-09/09/2004,MO 1.2m,13:10,312.1
Sep 2004,08-09/09/2004,MO 1.2m,13:20,339.3
Sep 2004,08-09/09/2004,MO 1.2m,13:30,745.2
Sep 2004,08-09/09/2004,MO 1.2m,13:40,846.1
Sep 2004,08-09/09/2004,MO 1.2m,13:50,466.0
Sep 2004,08-09/09/2004,MO 1.2m,14:00,398.4
Sep 2004,08-09/09/2004,MO 1.2m,14:10,258.0
Sep 2004,08-09/09/2004,MO 1.2m,14:20,175.9
Sep 2004,08-09/09/2004,MO 1.2m,14:30,183.8
Sep 2004,08-09/09/2004,MO 1.2m,14:40,207.6
Sep 2004,08-09/09/2004,MO 1.2m,14:50,461.9
Sep 2004,08-09/09/2004,MO 1.2m,15:00,492.2
Sep 2004,08-09/09/2004,MO 1.2m,15:10,456.5
Sep 2004,08-09/09/2004,MO 1.2m,15:20,401.3
Sep 2004,08-09/09/2004,MO 1.2m,15:30,183.4
Sep 2004,08-09/09/2004,MO 1.2m,15:40,205.4
Sep 2004,08-09/09/2004,MO 1.2m,15:50,174.9
Sep 2004,08-09/09/2004,MO 1.2m,16:00,171.9
Sep 2004,08-09/09/2004,MO 1.2m,16:10,167.2
Sep 2004,08-09/09/2004,MO 1.2m,16:20,162.0
Sep 2004,08-09/09/2004,MO 1.2m,16:30,157.8
Sep 2004,08-09/09/2004,MO 1.2m,16:40,194.0
Sep 2004,08-09/09/2004,MO 1.2m,16:50,152.1
Sep 2004,08-09/09/2004,MO 1.2m,17:00,168.2
Sep 2004,08-09/09/2004,MO 1.2m,17:10,159.4
Sep 2004,08-09/09/2004,MO 1.2m,17:20,127.3
Sep 2004,08-09/09/2004,MO 1.2m,17:30,94.66
Sep 2004,08-09/09/2004,MO 1.2m,17:40,79.86
Sep 2004,08-09/09/2004,MO 1.2m,17:50,63.32
Sep 2004,08-09/09/2004,MO 1.2m,18:00,46.89
Sep 2004,08-09/09/2004,MO 1.2m,18:10,30.71
Sep 2004,08-09/09/2004,MO 1.2m,18:20,10.92
Sep 2004,08-09/09/2004,MO 1.2m,18:30,2.78
Sep 2004,08-09/09/2004,MO 1.2m,6:30,1.159
Sep 2004,08-09/09/2004,MO 1.2m,6:40,4.399
Sep 2004,08-09/09/2004,MO 1.2m,6:50,10.51
Sep 2004,08-09/09/2004,MO 1.2m,7:00,18.89
Sep 2004,08-09/09/2004,MO 1.2m,7:10,28.46
Sep 2004,08-09/09/2004,MO 1.2m,7:20,39.33
Sep 2004,08-09/09/2004,MO 1.2m,7:30,51.04
Sep 2004,08-09/09/2004,MO 1.2m,7:40,62.56
Sep 2004,08-09/09/2004,MO 1.2m,7:50,73.78
Sep 2004,08-09/09/2004,MO 1.2m,8:00,87.33
Sep 2004,08-09/09/2004,MO 1.2m,8:10,102.2
Sep 2004,08-09/09/2004,MO 1.2m,8:20,114.3
Sep 2004,08-09/09/2004,MO 1.2m,8:30,124.9
Sep 2004,08-09/09/2004,MO 1.2m,8:40,135.9
Sep 2004,08-09/09/2004,MO 1.2m,8:50,160.7
Sep 2004,08-09/09/2004,MO 1.2m,9:00,214.2
Sep 2004,08-09/09/2004,MO 1.2m,9:10,177.8
Sep 2004,08-09/09/2004,MO 1.2m,9:20,171.3
Sep 2004,08-09/09/2004,MO 1.2m,9:30,201.2
Sep 2004,08-09/09/2004,MO 1.2m,9:40,228.6
Sep 2004,08-09/09/2004,MO 1.2m,9:50,233.8
Sep 2004,06-07/09/2004,MO 2m,10:00,918.8
Sep 2004,06-07/09/2004,MO 2m,10:10,663.0
Sep 2004,06-07/09/2004,MO 2m,10:20,271.0
Sep 2004,06-07/09/2004,MO 2m,10:30,203.7
Sep 2004,06-07/09/2004,MO 2m,10:40,257.8
Sep 2004,06-07/09/2004,MO 2m,10:50,182.4
Sep 2004,06-07/09/2004,MO 2m,11:00,201.8
Sep 2004,06-07/09/2004,MO 2m,11:10,232.3
Sep 2004,06-07/09/2004,MO 2m,11:20,278.7
Sep 2004,06-07/09/2004,MO 2m,11:30,422.9
Sep 2004,06-07/09/2004,MO 2m,11:40,556.6
Sep 2004,06-07/09/2004,MO 2m,11:50,1132.0
Sep 2004,06-07/09/2004,MO 2m,12:00,724.3
Sep 2004,06-07/09/2004,MO 2m,12:10,366.1
Sep 2004,06-07/09/2004,MO 2m,12:20,276.7
Sep 2004,06-07/09/2004,MO 2m,12:30,303.5
Sep 2004,06-07/09/2004,MO 2m,12:40,499.6
Sep 2004,06-07/09/2004,MO 2m,12:50,745.4
Sep 2004,06-07/09/2004,MO 2m,13:00,1284.0
Sep 2004,06-07/09/2004,MO 2m,13:10,1385.0
Sep 2004,06-07/09/2004,MO 2m,13:20,1425.0
Sep 2004,06-07/09/2004,MO 2m,13:30,1342.0
Sep 2004,06-07/09/2004,MO 2m,13:40,1275.0
Sep 2004,06-07/09/2004,MO 2m,13:50,1247.0
Sep 2004,06-07/09/2004,MO 2m,14:00,1258.0
Sep 2004,06-07/09/2004,MO 2m,14:10,1250.0
Sep 2004,06-07/09/2004,MO 2m,14:20,1248.0
Sep 2004,06-07/09/2004,MO 2m,14:30,1304.0
Sep 2004,06-07/09/2004,MO 2m,14:40,1279.0
Sep 2004,06-07/09/2004,MO 2m,14:50,1169.0
Sep 2004,06-07/09/2004,MO 2m,15:00,1041.0
Sep 2004,06-07/09/2004,MO 2m,15:10,859.6
Sep 2004,06-07/09/2004,MO 2m,15:20,649.7
Sep 2004,06-07/09/2004,MO 2m,15:30,428.9
Sep 2004,06-07/09/2004,MO 2m,15:40,640.2
Sep 2004,06-07/09/2004,MO 2m,15:50,785.6
Sep 2004,06-07/09/2004,MO 2m,16:00,395.7
Sep 2004,06-07/09/2004,MO 2m,16:10,364.2
Sep 2004,06-07/09/2004,MO 2m,16:20,241.2
Sep 2004,06-07/09/2004,MO 2m,16:30,560.2
Sep 2004,06-07/09/2004,MO 2m,16:40,562.0
Sep 2004,06-07/09/2004,MO 2m,16:50,315.4
Sep 2004,06-07/09/2004,MO 2m,17:00,200.3
Sep 2004,06-07/09/2004,MO 2m,17:10,168.0
Sep 2004,06-07/09/2004,MO 2m,17:20,75.3
Sep 2004,06-07/09/2004,MO 2m,17:30,85.55
Sep 2004,06-07/09/2004,MO 2m,17:40,72.87
Sep 2004,06-07/09/2004,MO 2m,17:50,58.21
Sep 2004,06-07/09/2004,MO 2m,18:00,41.64
Sep 2004,06-07/09/2004,MO 2m,18:10,24.63
Sep 2004,06-07/09/2004,MO 2m,18:20,11.07
Sep 2004,06-07/09/2004,MO 2m,18:30,2.189
Sep 2004,06-07/09/2004,MO 2m,6:30,1.828
Sep 2004,06-07/09/2004,MO 2m,6:40,8.034
Sep 2004,06-07/09/2004,MO 2m,6:50,20.62
Sep 2004,06-07/09/2004,MO 2m,7:00,37.53
Sep 2004,06-07/09/2004,MO 2m,7:10,54.56
Sep 2004,06-07/09/2004,MO 2m,7:20,72.16
Sep 2004,06-07/09/2004,MO 2m,7:30,97.75
Sep 2004,06-07/09/2004,MO 2m,7:40,98.36
Sep 2004,06-07/09/2004,MO 2m,7:50,110.9
Sep 2004,06-07/09/2004,MO 2m,8:00,133.2
Sep 2004,06-07/09/2004,MO 2m,8:10,195.0
Sep 2004,06-07/09/2004,MO 2m,8:20,382.4
Sep 2004,06-07/09/2004,MO 2m,8:30,540.4
Sep 2004,06-07/09/2004,MO 2m,8:40,413.0
Sep 2004,06-07/09/2004,MO 2m,8:50,679.5
Sep 2004,06-07/09/2004,MO 2m,9:00,745.7
Sep 2004,06-07/09/2004,MO 2m,9:10,812.2
Sep 2004,06-07/09/2004,MO 2m,9:20,875.0
Sep 2004,06-07/09/2004,MO 2m,9:30,934.7
Sep 2004,06-07/09/2004,MO 2m,9:40,987.6
Sep 2004,06-07/09/2004,MO 2m,9:50,706.0
Sep 2004,07-08/09/2004,MO 2m,10:00,745.9
Sep 2004,07-08/09/2004,MO 2m,10:10,794.0
Sep 2004,07-08/09/2004,MO 2m,10:20,289.2
Sep 2004,07-08/09/2004,MO 2m,10:30,247.4
Sep 2004,07-08/09/2004,MO 2m,10:40,256.6
Sep 2004,07-08/09/2004,MO 2m,10:50,245.0
Sep 2004,07-08/09/2004,MO 2m,11:00,246.5
Sep 2004,07-08/09/2004,MO 2m,11:10,260.6
Sep 2004,07-08/09/2004,MO 2m,11:20,333.8
Sep 2004,07-08/09/2004,MO 2m,11:30,454.1
Sep 2004,07-08/09/2004,MO 2m,11:40,448.4
Sep 2004,07-08/09/2004,MO 2m,11:50,522.0
Sep 2004,07-08/09/2004,MO 2m,12:00,1076.0
Sep 2004,07-08/09/2004,MO 2m,12:10,670.1
Sep 2004,07-08/09/2004,MO 2m,12:20,312.3
Sep 2004,07-08/09/2004,MO 2m,12:30,336.2
Sep 2004,07-08/09/2004,MO 2m,12:40,378.2
Sep 2004,07-08/09/2004,MO 2m,12:50,522.8
Sep 2004,07-08/09/2004,MO 2m,13:00,635.5
Sep 2004,07-08/09/2004,MO 2m,13:10,1250.0
Sep 2004,07-08/09/2004,MO 2m,13:20,1374.0
Sep 2004,07-08/09/2004,MO 2m,13:30,1388.0
Sep 2004,07-08/09/2004,MO 2m,13:40,1316.0
Sep 2004,07-08/09/2004,MO 2m,13:50,1216.0
Sep 2004,07-08/09/2004,MO 2m,14:00,1159.0
Sep 2004,07-08/09/2004,MO 2m,14:10,1135.5
Sep 2004,07-08/09/2004,MO 2m,14:20,1016.0
Sep 2004,07-08/09/2004,MO 2m,14:30,1223.0
Sep 2004,07-08/09/2004,MO 2m,14:40,1163.0
Sep 2004,07-08/09/2004,MO 2m,14:50,1075.0
Sep 2004,07-08/09/2004,MO 2m,15:00,652.5
Sep 2004,07-08/09/2004,MO 2m,15:10,392.4
Sep 2004,07-08/09/2004,MO 2m,15:20,539.0
Sep 2004,07-08/09/2004,MO 2m,15:30,497.5
Sep 2004,07-08/09/2004,MO 2m,15:40,498.8
Sep 2004,07-08/09/2004,MO 2m,15:50,592.9
Sep 2004,07-08/09/2004,MO 2m,16:00,402.2
Sep 2004,07-08/09/2004,MO 2m,16:10,266.5
Sep 2004,07-08/09/2004,MO 2m,16:20,249.4
Sep 2004,07-08/09/2004,MO 2m,16:30,513.0
Sep 2004,07-08/09/2004,MO 2m,16:40,475.2
Sep 2004,07-08/09/2004,MO 2m,16:50,271.3
Sep 2004,07-08/09/2004,MO 2m,17:00,249.8
Sep 2004,07-08/09/2004,MO 2m,17:10,157.8
Sep 2004,07-08/09/2004,MO 2m,17:20,88.3
Sep 2004,07-08/09/2004,MO 2m,17:30,96.48
Sep 2004,07-08/09/2004,MO 2m,17:40,79.91
Sep 2004,07-08/09/2004,MO 2m,17:50,61.95
Sep 2004,07-08/09/2004,MO 2m,18:00,42.96
Sep 2004,07-08/09/2004,MO 2m,18:10,25.04
Sep 2004,07-08/09/2004,MO 2m,18:20,16.88
Sep 2004,07-08/09/2004,MO 2m,18:30,2.667
Sep 2004,07-08/09/2004,MO 2m,6:30,0.3275
Sep 2004,07-08/09/2004,MO 2m,6:40,2.191
Sep 2004,07-08/09/2004,MO 2m,6:50,9.151
Sep 2004,07-08/09/2004,MO 2m,7:00,22.74
Sep 2004,07-08/09/2004,MO 2m,7:10,40.37
Sep 2004,07-08/09/2004,MO 2m,7:20,58.72
Sep 2004,07-08/09/2004,MO 2m,7:30,76.09
Sep 2004,07-08/09/2004,MO 2m,7:40,91.66
Sep 2004,07-08/09/2004,MO 2m,7:50,113.6
Sep 2004,07-08/09/2004,MO 2m,8:00,132.5
Sep 2004,07-08/09/2004,MO 2m,8:10,148.3
Sep 2004,07-08/09/2004,MO 2m,8:20,219.3
Sep 2004,07-08/09/2004,MO 2m,8:30,328.2
Sep 2004,07-08/09/2004,MO 2m,8:40,441.0
Sep 2004,07-08/09/2004,MO 2m,8:50,525.8
Sep 2004,07-08/09/2004,MO 2m,9:00,587.2
Sep 2004,07-08/09/2004,MO 2m,9:10,646.4
Sep 2004,07-08/09/2004,MO 2m,9:20,706.0
Sep 2004,07-08/09/2004,MO 2m,9:30,770.3
Sep 2004,07-08/09/2004,MO 2m,9:40,832.2
Sep 2004,07-08/09/2004,MO 2m,9:50,885.6
Sep 2004,01-02/09/2004,Open area 2m,10:00,1094.0
Sep 2004,01-02/09/2004,Open area 2m,10:10,1160.0
Sep 2004,01-02/09/2004,Open area 2m,10:20,1217.0
Sep 2004,01-02/09/2004,Open area 2m,10:30,1261.0
Sep 2004,01-02/09/2004,Open area 2m,10:40,1302.0
Sep 2004,01-02/09/2004,Open area 2m,10:50,1332.0
Sep 2004,01-02/09/2004,Open area 2m,11:00,1351.0
Sep 2004,01-02/09/2004,Open area 2m,11:10,1385.0
Sep 2004,01-02/09/2004,Open area 2m,11:20,1398.0
Sep 2004,01-02/09/2004,Open area 2m,11:30,1406.0
Sep 2004,01-02/09/2004,Open area 2m,11:40,1430.0
Sep 2004,01-02/09/2004,Open area 2m,11:50,1453.0
Sep 2004,01-02/09/2004,Open area 2m,12:00,1476.0
Sep 2004,01-02/09/2004,Open area 2m,12:10,1464.0
Sep 2004,01-02/09/2004,Open area 2m,12:20,1447.0
Sep 2004,01-02/09/2004,Open area 2m,12:30,1473.0
Sep 2004,01-02/09/2004,Open area 2m,12:40,1477.0
Sep 2004,01-02/09/2004,Open area 2m,12:50,1484.0
Sep 2004,01-02/09/2004,Open area 2m,13:00,1460.0
Sep 2004,01-02/09/2004,Open area 2m,13:10,1156.0
Sep 2004,01-02/09/2004,Open area 2m,13:20,309.5
Sep 2004,01-02/09/2004,Open area 2m,13:30,1226.0
Sep 2004,01-02/09/2004,Open area 2m,13:40,1211.0
Sep 2004,01-02/09/2004,Open area 2m,13:50,1181.0
Sep 2004,01-02/09/2004,Open area 2m,14:00,1163.0
Sep 2004,01-02/09/2004,Open area 2m,14:10,1118.0
Sep 2004,01-02/09/2004,Open area 2m,14:20,810.5
Sep 2004,01-02/09/2004,Open area 2m,14:30,1369.0
Sep 2004,01-02/09/2004,Open area 2m,14:40,1316.0
Sep 2004,01-02/09/2004,Open area 2m,14:50,1271.0
Sep 2004,01-02/09/2004,Open area 2m,15:00,1227.0
Sep 2004,01-02/09/2004,Open area 2m,15:10,1163.0
Sep 2004,01-02/09/2004,Open area 2m,15:20,1095.0
Sep 2004,01-02/09/2004,Open area 2m,15:30,1040.0
Sep 2004,01-02/09/2004,Open area 2m,15:40,992.0
Sep 2004,01-02/09/2004,Open area 2m,15:50,929.8
Sep 2004,01-02/09/2004,Open area 2m,16:00,863.8
Sep 2004,01-02/09/2004,Open area 2m,16:10,784.1
Sep 2004,01-02/09/2004,Open area 2m,16:20,708.3
Sep 2004,01-02/09/2004,Open area 2m,16:30,632.9
Sep 2004,01-02/09/2004,Open area 2m,16:40,553.1
Sep 2004,01-02/09/2004,Open area 2m,16:50,487.9
Sep 2004,01-02/09/2004,Open area 2m,17:00,413.4
Sep 2004,01-02/09/2004,Open area 2m,17:10,317.7
Sep 2004,01-02/09/2004,Open area 2m,17:20,130.1
Sep 2004,01-02/09/2004,Open area 2m,17:30,112.4
Sep 2004,01-02/09/2004,Open area 2m,17:40,93.72
Sep 2004,01-02/09/2004,Open area 2m,17:50,73.36
Sep 2004,01-02/09/2004,Open area 2m,18:00,50.62
Sep 2004,01-02/09/2004,Open area 2m,18:10,27.59
Sep 2004,01-02/09/2004,Open area 2m,18:20,10.96
Sep 2004,01-02/09/2004,Open area 2m,18:30,3.09
Sep 2004,01-02/09/2004,Open area 2m,6:30,0.991
Sep 2004,01-02/09/2004,Open area 2m,6:40,5.207
Sep 2004,01-02/09/2004,Open area 2m,6:50,14.58
Sep 2004,01-02/09/2004,Open area 2m,7:00,35.1
Sep 2004,01-02/09/2004,Open area 2m,7:10,61.08
Sep 2004,01-02/09/2004,Open area 2m,7:20,98.61
Sep 2004,01-02/09/2004,Open area 2m,7:30,151.6
Sep 2004,01-02/09/2004,Open area 2m,7:40,231.1
Sep 2004,01-02/09/2004,Open area 2m,7:50,309.8
Sep 2004,01-02/09/2004,Open area 2m,8:00,315.8
Sep 2004,01-02/09/2004,Open area 2m,8:10,324.4
Sep 2004,01-02/09/2004,Open area 2m,8:20,431.7
Sep 2004,01-02/09/2004,Open area 2m,8:30,404.0
Sep 2004,01-02/09/2004,Open area 2m,8:40,443.2
Sep 2004,01-02/09/2004,Open area 2m,8:50,675.7
Sep 2004,01-02/09/2004,Open area 2m,9:00,726.4
Sep 2004,01-02/09/2004,Open area 2m,9:10,790.2
Sep 2004,01-02/09/2004,Open area 2m,9:20,844.0
Sep 2004,01-02/09/2004,Open area 2m,9:30,908.7
Sep 2004,01-02/09/2004,Open area 2m,9:40,964.5
Sep 2004,01-02/09/2004,Open area 2m,9:50,1032.0
Sep 2004,29-30/08/2004,Open area 2m,10:00,1251.0
Sep 2004,29-30/08/2004,Open area 2m,10:10,1306.0
Sep 2004,29-30/08/2004,Open area 2m,10:20,1354.0
Sep 2004,29-30/08/2004,Open area 2m,10:30,1398.0
Sep 2004,29-30/08/2004,Open area 2m,10:40,1436.0
Sep 2004,29-30/08/2004,Open area 2m,10:50,1468.0
Sep 2004,29-30/08/2004,Open area 2m,11:00,1511.0
Sep 2004,29-30/08/2004,Open area 2m,11:10,1538.0
Sep 2004,29-30/08/2004,Open area 2m,11:20,1570.0
Sep 2004,29-30/08/2004,Open area 2m,11:30,1604.0
Sep 2004,29-30/08/2004,Open area 2m,11:40,1617.0
Sep 2004,29-30/08/2004,Open area 2m,11:50,1644.0
Sep 2004,29-30/08/2004,Open area 2m,12:00,1661.0
Sep 2004,29-30/08/2004,Open area 2m,12:10,1670.0
Sep 2004,29-30/08/2004,Open area 2m,12:20,1678.0
Sep 2004,29-30/08/2004,Open area 2m,12:30,1674.0
Sep 2004,29-30/08/2004,Open area 2m,12:40,1686.0
Sep 2004,29-30/08/2004,Open area 2m,12:50,1684.0
Sep 2004,29-30/08/2004,Open area 2m,13:00,1675.0
Sep 2004,29-30/08/2004,Open area 2m,13:10,1650.0
Sep 2004,29-30/08/2004,Open area 2m,13:20,1642.0
Sep 2004,29-30/08/2004,Open area 2m,13:30,1619.0
Sep 2004,29-30/08/2004,Open area 2m,13:40,1607.0
Sep 2004,29-30/08/2004,Open area 2m,13:50,1574.0
Sep 2004,29-30/08/2004,Open area 2m,14:00,1541.0
Sep 2004,29-30/08/2004,Open area 2m,14:10,978.4
Sep 2004,29-30/08/2004,Open area 2m,14:20,1285.0
Sep 2004,29-30/08/2004,Open area 2m,14:30,1442.0
Sep 2004,29-30/08/2004,Open area 2m,14:40,1400.0
Sep 2004,29-30/08/2004,Open area 2m,14:50,1352.0
Sep 2004,29-30/08/2004,Open area 2m,15:00,1302.0
Sep 2004,29-30/08/2004,Open area 2m,15:10,1246.0
Sep 2004,29-30/08/2004,Open area 2m,15:20,1187.0
Sep 2004,29-30/08/2004,Open area 2m,15:30,1125.0
Sep 2004,29-30/08/2004,Open area 2m,15:40,1063.0
Sep 2004,29-30/08/2004,Open area 2m,15:50,998.7
Sep 2004,29-30/08/2004,Open area 2m,16:00,931.2
Sep 2004,29-30/08/2004,Open area 2m,16:10,862.1
Sep 2004,29-30/08/2004,Open area 2m,16:20,789.9
Sep 2004,29-30/08/2004,Open area 2m,16:30,714.5
Sep 2004,29-30/08/2004,Open area 2m,16:40,639.0
Sep 2004,29-30/08/2004,Open area 2m,16:50,562.8
Sep 2004,29-30/08/2004,Open area 2m,17:00,299.4
Sep 2004,29-30/08/2004,Open area 2m,17:10,125.0
Sep 2004,29-30/08/2004,Open area 2m,17:20,97.19
Sep 2004,29-30/08/2004,Open area 2m,17:30,78.45
Sep 2004,29-30/08/2004,Open area 2m,17:40,69.04
Sep 2004,29-30/08/2004,Open area 2m,17:50,57.54
Sep 2004,29-30/08/2004,Open area 2m,18:00,42.84
Sep 2004,29-30/08/2004,Open area 2m,18:10,25.93
Sep 2004,29-30/08/2004,Open area 2m,18:20,10.78
Sep 2004,29-30/08/2004,Open area 2m,18:30,2.88
Sep 2004,29-30/08/2004,Open area 2m,6:30,1.413
Sep 2004,29-30/08/2004,Open area 2m,6:40,6.638
Sep 2004,29-30/08/2004,Open area 2m,6:50,13.84
Sep 2004,29-30/08/2004,Open area 2m,7:00,31.32
Sep 2004,29-30/08/2004,Open area 2m,7:10,55.2
Sep 2004,29-30/08/2004,Open area 2m,7:20,86.4
Sep 2004,29-30/08/2004,Open area 2m,7:30,108.6
Sep 2004,29-30/08/2004,Open area 2m,7:40,137.7
Sep 2004,29-30/08/2004,Open area 2m,7:50,143.7
Sep 2004,29-30/08/2004,Open area 2m,8:00,309.2
Sep 2004,29-30/08/2004,Open area 2m,8:10,361.3
Sep 2004,29-30/08/2004,Open area 2m,8:20,491.9
Sep 2004,29-30/08/2004,Open area 2m,8:30,631.6
Sep 2004,29-30/08/2004,Open area 2m,8:40,700.3
Sep 2004,29-30/08/2004,Open area 2m,8:50,767.5
Sep 2004,29-30/08/2004,Open area 2m,9:00,846.8
Sep 2004,29-30/08/2004,Open area 2m,9:10,918.3
Sep 2004,29-30/08/2004,Open area 2m,9:20,989.8
Sep 2004,29-30/08/2004,Open area 2m,9:30,1061.0
Sep 2004,29-30/08/2004,Open area 2m,9:40,1128.0
Sep 2004,29-30/08/2004,Open area 2m,9:50,1190.0
Nov 2004,12-13/11/2004,AFS 1.2m,10:00,27.06
Nov 2004,12-13/11/2004,AFS 1.2m,10:10,75.92
Nov 2004,12-13/11/2004,AFS 1.2m,10:20,30.77
Nov 2004,12-13/11/2004,AFS 1.2m,10:30,25.59
Nov 2004,12-13/11/2004,AFS 1.2m,10:40,25.34
Nov 2004,12-13/11/2004,AFS 1.2m,10:50,36.5
Nov 2004,12-13/11/2004,AFS 1.2m,11:00,29.31
Nov 2004,12-13/11/2004,AFS 1.2m,11:10,27.32
Nov 2004,12-13/11/2004,AFS 1.2m,11:20,34.2
Nov 2004,12-13/11/2004,AFS 1.2m,11:30,42.47
Nov 2004,12-13/11/2004,AFS 1.2m,11:40,56.18
Nov 2004,12-13/11/2004,AFS 1.2m,11:50,47.36
Nov 2004,12-13/11/2004,AFS 1.2m,12:00,45.84
Nov 2004,12-13/11/2004,AFS 1.2m,12:10,57.78
Nov 2004,12-13/11/2004,AFS 1.2m,12:20,47.15
Nov 2004,12-13/11/2004,AFS 1.2m,12:30,72.14
Nov 2004,12-13/11/2004,AFS 1.2m,12:40,45.06
Nov 2004,12-13/11/2004,AFS 1.2m,12:50,37.39
Nov 2004,12-13/11/2004,AFS 1.2m,13:00,54.54
Nov 2004,12-13/11/2004,AFS 1.2m,13:10,45.33
Nov 2004,12-13/11/2004,AFS 1.2m,13:20,75.27
Nov 2004,12-13/11/2004,AFS 1.2m,13:30,56.81
Nov 2004,12-13/11/2004,AFS 1.2m,13:40,93.9
Nov 2004,12-13/11/2004,AFS 1.2m,13:50,113.7
Nov 2004,12-13/11/2004,AFS 1.2m,14:00,216.0
Nov 2004,12-13/11/2004,AFS 1.2m,14:10,230.5
Nov 2004,12-13/11/2004,AFS 1.2m,14:20,116.5
Nov 2004,12-13/11/2004,AFS 1.2m,14:30,125.1
Nov 2004,12-13/11/2004,AFS 1.2m,14:40,145.5
Nov 2004,12-13/11/2004,AFS 1.2m,14:50,149.6
Nov 2004,12-13/11/2004,AFS 1.2m,15:00,108.6
Nov 2004,12-13/11/2004,AFS 1.2m,15:10,407.8
Nov 2004,12-13/11/2004,AFS 1.2m,15:20,207.1
Nov 2004,12-13/11/2004,AFS 1.2m,15:30,45.16
Nov 2004,12-13/11/2004,AFS 1.2m,15:40,81.15
Nov 2004,12-13/11/2004,AFS 1.2m,15:50,40.34
Nov 2004,12-13/11/2004,AFS 1.2m,16:00,49.89
Nov 2004,12-13/11/2004,AFS 1.2m,16:10,33.16
Nov 2004,12-13/11/2004,AFS 1.2m,16:20,231.0
Nov 2004,12-13/11/2004,AFS 1.2m,16:30,74.18
Nov 2004,12-13/11/2004,AFS 1.2m,16:40,48.72
Nov 2004,12-13/11/2004,AFS 1.2m,16:50,80.71
Nov 2004,12-13/11/2004,AFS 1.2m,17:00,37.61
Nov 2004,12-13/11/2004,AFS 1.2m,17:10,12.59
Nov 2004,12-13/11/2004,AFS 1.2m,17:20,12.68
Nov 2004,12-13/11/2004,AFS 1.2m,17:30,9.828
Nov 2004,12-13/11/2004,AFS 1.2m,17:40,9.225
Nov 2004,12-13/11/2004,AFS 1.2m,17:50,8.947
Nov 2004,12-13/11/2004,AFS 1.2m,18:00,7.63
Nov 2004,12-13/11/2004,AFS 1.2m,18:10,7.026
Nov 2004,12-13/11/2004,AFS 1.2m,18:20,7.029
Nov 2004,12-13/11/2004,AFS 1.2m,18:30,5.318
Nov 2004,12-13/11/2004,AFS 1.2m,18:40,4.749
Nov 2004,12-13/11/2004,AFS 1.2m,18:50,0.8919
Nov 2004,12-13/11/2004,AFS 1.2m,5:50,0.1144
Nov 2004,12-13/11/2004,AFS 1.2m,6:00,3.22
Nov 2004,12-13/11/2004,AFS 1.2m,6:10,4.657
Nov 2004,12-13/11/2004,AFS 1.2m,6:20,5.944
Nov 2004,12-13/11/2004,AFS 1.2m,6:30,7.357
Nov 2004,12-13/11/2004,AFS 1.2m,6:40,8.58
Nov 2004,12-13/11/2004,AFS 1.2m,6:50,10.05
Nov 2004,12-13/11/2004,AFS 1.2m,7:00,12.54
Nov 2004,12-13/11/2004,AFS 1.2m,7:10,14.38
Nov 2004,12-13/11/2004,AFS 1.2m,7:20,18.55
Nov 2004,12-13/11/2004,AFS 1.2m,7:30,21.27
Nov 2004,12-13/11/2004,AFS 1.2m,7:40,21.19
Nov 2004,12-13/11/2004,AFS 1.2m,7:50,31.32
Nov 2004,12-13/11/2004,AFS 1.2m,8:00,36.73
Nov 2004,12-13/11/2004,AFS 1.2m,8:10,30.65
Nov 2004,12-13/11/2004,AFS 1.2m,8:20,34.42
Nov 2004,12-13/11/2004,AFS 1.2m,8:30,21.3
Nov 2004,12-13/11/2004,AFS 1.2m,8:40,24.86
Nov 2004,12-13/11/2004,AFS 1.2m,8:50,16.16
Nov 2004,12-13/11/2004,AFS 1.2m,9:00,17.86
Nov 2004,12-13/11/2004,AFS 1.2m,9:10,18.89
Nov 2004,12-13/11/2004,AFS 1.2m,9:20,18.18
Nov 2004,12-13/11/2004,AFS 1.2m,9:30,19.63
Nov 2004,12-13/11/2004,AFS 1.2m,9:40,20.0
Nov 2004,12-13/11/2004,AFS 1.2m,9:50,19.18
Nov 2004,31/10-01/11/2004,AFS 1.2m,10:00,235.1
Nov 2004,31/10-01/11/2004,AFS 1.2m,10:10,30.02
Nov 2004,31/10-01/11/2004,AFS 1.2m,10:20,28.02
Nov 2004,31/10-01/11/2004,AFS 1.2m,10:30,18.38
Nov 2004,31/10-01/11/2004,AFS 1.2m,10:40,19.44
Nov 2004,31/10-01/11/2004,AFS 1.2m,10:50,19.06
Nov 2004,31/10-01/11/2004,AFS 1.2m,11:00,20.42
Nov 2004,31/10-01/11/2004,AFS 1.2m,11:10,20.32
Nov 2004,31/10-01/11/2004,AFS 1.2m,11:20,20.75
Nov 2004,31/10-01/11/2004,AFS 1.2m,11:30,26.04
Nov 2004,31/10-01/11/2004,AFS 1.2m,11:40,17.95
Nov 2004,31/10-01/11/2004,AFS 1.2m,11:50,21.89
Nov 2004,31/10-01/11/2004,AFS 1.2m,12:00,32.67
Nov 2004,31/10-01/11/2004,AFS 1.2m,12:10,30.89
Nov 2004,31/10-01/11/2004,AFS 1.2m,12:20,25.17
Nov 2004,31/10-01/11/2004,AFS 1.2m,12:30,32.28
Nov 2004,31/10-01/11/2004,AFS 1.2m,12:40,18.53
Nov 2004,31/10-01/11/2004,AFS 1.2m,12:50,9.372
Nov 2004,31/10-01/11/2004,AFS 1.2m,13:00,13.25
Nov 2004,31/10-01/11/2004,AFS 1.2m,13:10,14.09
Nov 2004,31/10-01/11/2004,AFS 1.2m,13:20,35.84
Nov 2004,31/10-01/11/2004,AFS 1.2m,13:30,62.04
Nov 2004,31/10-01/11/2004,AFS 1.2m,13:40,129.6
Nov 2004,31/10-01/11/2004,AFS 1.2m,13:50,96.01
Nov 2004,31/10-01/11/2004,AFS 1.2m,14:00,62.98
Nov 2004,31/10-01/11/2004,AFS 1.2m,14:10,74.62
Nov 2004,31/10-01/11/2004,AFS 1.2m,14:20,86.68
Nov 2004,31/10-01/11/2004,AFS 1.2m,14:30,78.01
Nov 2004,31/10-01/11/2004,AFS 1.2m,14:40,77.1
Nov 2004,31/10-01/11/2004,AFS 1.2m,14:50,67.74
Nov 2004,31/10-01/11/2004,AFS 1.2m,15:00,42.38
Nov 2004,31/10-01/11/2004,AFS 1.2m,15:10,14.96
Nov 2004,31/10-01/11/2004,AFS 1.2m,15:20,13.2
Nov 2004,31/10-01/11/2004,AFS 1.2m,15:30,19.24
Nov 2004,31/10-01/11/2004,AFS 1.2m,15:40,30.76
Nov 2004,31/10-01/11/2004,AFS 1.2m,15:50,26.82
Nov 2004,31/10-01/11/2004,AFS 1.2m,16:00,27.44
Nov 2004,31/10-01/11/2004,AFS 1.2m,16:10,26.99
Nov 2004,31/10-01/11/2004,AFS 1.2m,16:20,24.87
Nov 2004,31/10-01/11/2004,AFS 1.2m,16:30,45.34
Nov 2004,31/10-01/11/2004,AFS 1.2m,16:40,59.02
Nov 2004,31/10-01/11/2004,AFS 1.2m,16:50,51.32
Nov 2004,31/10-01/11/2004,AFS 1.2m,17:00,46.9
Nov 2004,31/10-01/11/2004,AFS 1.2m,17:10,36.58
Nov 2004,31/10-01/11/2004,AFS 1.2m,17:20,25.91
Nov 2004,31/10-01/11/2004,AFS 1.2m,17:30,25.31
Nov 2004,31/10-01/11/2004,AFS 1.2m,17:40,17.42
Nov 2004,31/10-01/11/2004,AFS 1.2m,17:50,13.63
Nov 2004,31/10-01/11/2004,AFS 1.2m,18:00,11.08
Nov 2004,31/10-01/11/2004,AFS 1.2m,18:10,9.168
Nov 2004,31/10-01/11/2004,AFS 1.2m,18:20,7.41
Nov 2004,31/10-01/11/2004,AFS 1.2m,18:30,5.314
Nov 2004,31/10-01/11/2004,AFS 1.2m,18:40,3.444
Nov 2004,31/10-01/11/2004,AFS 1.2m,18:50,1.114
Nov 2004,31/10-01/11/2004,AFS 1.2m,5:50,0.1144
Nov 2004,31/10-01/11/2004,AFS 1.2m,6:00,1.688
Nov 2004,31/10-01/11/2004,AFS 1.2m,6:10,4.32
Nov 2004,31/10-01/11/2004,AFS 1.2m,6:20,5.636
Nov 2004,31/10-01/11/2004,AFS 1.2m,6:30,7.907
Nov 2004,31/10-01/11/2004,AFS 1.2m,6:40,8.757
Nov 2004,31/10-01/11/2004,AFS 1.2m,6:50,9.897
Nov 2004,31/10-01/11/2004,AFS 1.2m,7:00,10.57
Nov 2004,31/10-01/11/2004,AFS 1.2m,7:10,11.04
Nov 2004,31/10-01/11/2004,AFS 1.2m,7:20,11.6
Nov 2004,31/10-01/11/2004,AFS 1.2m,7:30,12.27
Nov 2004,31/10-01/11/2004,AFS 1.2m,7:40,12.67
Nov 2004,31/10-01/11/2004,AFS 1.2m,7:50,13.14
Nov 2004,31/10-01/11/2004,AFS 1.2m,8:00,13.56
Nov 2004,31/10-01/11/2004,AFS 1.2m,8:10,14.29
Nov 2004,31/10-01/11/2004,AFS 1.2m,8:20,15.61
Nov 2004,31/10-01/11/2004,AFS 1.2m,8:30,16.57
Nov 2004,31/10-01/11/2004,AFS 1.2m,8:40,24.34
Nov 2004,31/10-01/11/2004,AFS 1.2m,8:50,30.31
Nov 2004,31/10-01/11/2004,AFS 1.2m,9:00,31.1
Nov 2004,31/10-01/11/2004,AFS 1.2m,9:10,42.74
Nov 2004,31/10-01/11/2004,AFS 1.2m,9:20,50.95
Nov 2004,31/10-01/11/2004,AFS 1.2m,9:30,56.64
Nov 2004,31/10-01/11/2004,AFS 1.2m,9:40,49.84
Nov 2004,31/10-01/11/2004,AFS 1.2m,9:50,52.21
Nov 2004,01-02/11/2004,AFS 2m,10:00,39.74
Nov 2004,01-02/11/2004,AFS 2m,10:10,155.5
Nov 2004,01-02/11/2004,AFS 2m,10:20,84.47
Nov 2004,01-02/11/2004,AFS 2m,10:30,28.73
Nov 2004,01-02/11/2004,AFS 2m,10:40,21.21
Nov 2004,01-02/11/2004,AFS 2m,10:50,22.3
Nov 2004,01-02/11/2004,AFS 2m,11:00,31.92
Nov 2004,01-02/11/2004,AFS 2m,11:10,54.63
Nov 2004,01-02/11/2004,AFS 2m,11:20,41.97
Nov 2004,01-02/11/2004,AFS 2m,11:30,459.1
Nov 2004,01-02/11/2004,AFS 2m,11:40,38.27
Nov 2004,01-02/11/2004,AFS 2m,11:50,42.91
Nov 2004,01-02/11/2004,AFS 2m,12:00,43.92
Nov 2004,01-02/11/2004,AFS 2m,12:10,52.38
Nov 2004,01-02/11/2004,AFS 2m,12:20,38.33
Nov 2004,01-02/11/2004,AFS 2m,12:30,36.95
Nov 2004,01-02/11/2004,AFS 2m,12:40,26.95
Nov 2004,01-02/11/2004,AFS 2m,12:50,74.09
Nov 2004,01-02/11/2004,AFS 2m,13:00,74.96
Nov 2004,01-02/11/2004,AFS 2m,13:10,76.55
Nov 2004,01-02/11/2004,AFS 2m,13:20,65.08
Nov 2004,01-02/11/2004,AFS 2m,13:30,70.37
Nov 2004,01-02/11/2004,AFS 2m,13:40,47.95
Nov 2004,01-02/11/2004,AFS 2m,13:50,204.0
Nov 2004,01-02/11/2004,AFS 2m,14:00,500.7
Nov 2004,01-02/11/2004,AFS 2m,14:10,144.3
Nov 2004,01-02/11/2004,AFS 2m,14:20,128.1
Nov 2004,01-02/11/2004,AFS 2m,14:30,75.88
Nov 2004,01-02/11/2004,AFS 2m,14:40,127.6
Nov 2004,01-02/11/2004,AFS 2m,14:50,37.39
Nov 2004,01-02/11/2004,AFS 2m,15:00,126.2
Nov 2004,01-02/11/2004,AFS 2m,15:10,130.5
Nov 2004,01-02/11/2004,AFS 2m,15:20,73.98
Nov 2004,01-02/11/2004,AFS 2m,15:30,31.51
Nov 2004,01-02/11/2004,AFS 2m,15:40,29.64
Nov 2004,01-02/11/2004,AFS 2m,15:50,25.65
Nov 2004,01-02/11/2004,AFS 2m,16:00,16.05
Nov 2004,01-02/11/2004,AFS 2m,16:10,25.08
Nov 2004,01-02/11/2004,AFS 2m,16:20,115.1
Nov 2004,01-02/11/2004,AFS 2m,16:30,12.23
Nov 2004,01-02/11/2004,AFS 2m,16:40,12.0
Nov 2004,01-02/11/2004,AFS 2m,16:50,44.3
Nov 2004,01-02/11/2004,AFS 2m,17:00,14.09
Nov 2004,01-02/11/2004,AFS 2m,17:10,11.46
Nov 2004,01-02/11/2004,AFS 2m,17:20,10.79
Nov 2004,01-02/11/2004,AFS 2m,17:30,10.14
Nov 2004,01-02/11/2004,AFS 2m,17:40,9.253
Nov 2004,01-02/11/2004,AFS 2m,17:50,8.06
Nov 2004,01-02/11/2004,AFS 2m,18:00,7.345
Nov 2004,01-02/11/2004,AFS 2m,18:10,7.738
Nov 2004,01-02/11/2004,AFS 2m,18:20,4.793
Nov 2004,01-02/11/2004,AFS 2m,18:30,4.073
Nov 2004,01-02/11/2004,AFS 2m,18:40,1.863
Nov 2004,01-02/11/2004,AFS 2m,18:50,1.034
Nov 2004,01-02/11/2004,AFS 2m,5:50,0.8479
Nov 2004,01-02/11/2004,AFS 2m,6:00,3.518
Nov 2004,01-02/11/2004,AFS 2m,6:10,4.555
Nov 2004,01-02/11/2004,AFS 2m,6:20,8.5554
Nov 2004,01-02/11/2004,AFS 2m,6:30,8.349
Nov 2004,01-02/11/2004,AFS 2m,6:40,11.23
Nov 2004,01-02/11/2004,AFS 2m,6:50,18.42
Nov 2004,01-02/11/2004,AFS 2m,7:00,10.18
Nov 2004,01-02/11/2004,AFS 2m,7:10,11.54
Nov 2004,01-02/11/2004,AFS 2m,7:20,19.91
Nov 2004,01-02/11/2004,AFS 2m,7:30,16.44
Nov 2004,01-02/11/2004,AFS 2m,7:40,23.95
Nov 2004,01-02/11/2004,AFS 2m,7:50,13.57
Nov 2004,01-02/11/2004,AFS 2m,8:00,13.92
Nov 2004,01-02/11/2004,AFS 2m,8:10,14.84
Nov 2004,01-02/11/2004,AFS 2m,8:20,14.78
Nov 2004,01-02/11/2004,AFS 2m,8:30,15.17
Nov 2004,01-02/11/2004,AFS 2m,8:40,15.23
Nov 2004,01-02/11/2004,AFS 2m,8:50,15.73
Nov 2004,01-02/11/2004,AFS 2m,9:00,18.55
Nov 2004,01-02/11/2004,AFS 2m,9:10,20.26
Nov 2004,01-02/11/2004,AFS 2m,9:20,22.46
Nov 2004,01-02/11/2004,AFS 2m,9:30,23.0
Nov 2004,01-02/11/2004,AFS 2m,9:40,24.58
Nov 2004,01-02/11/2004,AFS 2m,9:50,153.9
Nov 2004,13-14/11/2004,AFS 2m,10:00,109.2
Nov 2004,13-14/11/2004,AFS 2m,10:10,74.55
Nov 2004,13-14/11/2004,AFS 2m,10:20,61.34
Nov 2004,13-14/11/2004,AFS 2m,10:30,62.34
Nov 2004,13-14/11/2004,AFS 2m,10:40,44.901
Nov 2004,13-14/11/2004,AFS 2m,10:50,48.33
Nov 2004,13-14/11/2004,AFS 2m,11:00,51.77
Nov 2004,13-14/11/2004,AFS 2m,11:10,55.204
Nov 2004,13-14/11/2004,AFS 2m,11:20,58.638
Nov 2004,13-14/11/2004,AFS 2m,11:30,62.072
Nov 2004,13-14/11/2004,AFS 2m,11:40,61.61
Nov 2004,13-14/11/2004,AFS 2m,11:50,57.95
Nov 2004,13-14/11/2004,AFS 2m,12:00,187.4
Nov 2004,13-14/11/2004,AFS 2m,12:10,73.06
Nov 2004,13-14/11/2004,AFS 2m,12:20,55.98
Nov 2004,13-14/11/2004,AFS 2m,12:30,78.15
Nov 2004,13-14/11/2004,AFS 2m,12:40,75.32
Nov 2004,13-14/11/2004,AFS 2m,12:50,74.14
Nov 2004,13-14/11/2004,AFS 2m,13:00,88.53
Nov 2004,13-14/11/2004,AFS 2m,13:10,73.51
Nov 2004,13-14/11/2004,AFS 2m,13:20,76.87
Nov 2004,13-14/11/2004,AFS 2m,13:30,50.3
Nov 2004,13-14/11/2004,AFS 2m,13:40,87.62
Nov 2004,13-14/11/2004,AFS 2m,13:50,175.0
Nov 2004,13-14/11/2004,AFS 2m,14:00,325.6
Nov 2004,13-14/11/2004,AFS 2m,14:10,378.7
Nov 2004,13-14/11/2004,AFS 2m,14:20,112.8
Nov 2004,13-14/11/2004,AFS 2m,14:30,325.0
Nov 2004,13-14/11/2004,AFS 2m,14:40,191.1
Nov 2004,13-14/11/2004,AFS 2m,14:50,158.1
Nov 2004,13-14/11/2004,AFS 2m,15:00,153.1
Nov 2004,13-14/11/2004,AFS 2m,15:10,98.44
Nov 2004,13-14/11/2004,AFS 2m,15:20,458.8
Nov 2004,13-14/11/2004,AFS 2m,15:30,77.79
Nov 2004,13-14/11/2004,AFS 2m,15:40,96.04
Nov 2004,13-14/11/2004,AFS 2m,15:50,42.16
Nov 2004,13-14/11/2004,AFS 2m,16:00,64.2
Nov 2004,13-14/11/2004,AFS 2m,16:10,42.87
Nov 2004,13-14/11/2004,AFS 2m,16:20,70.05
Nov 2004,13-14/11/2004,AFS 2m,16:30,136.0
Nov 2004,13-14/11/2004,AFS 2m,16:40,358.0
Nov 2004,13-14/11/2004,AFS 2m,16:50,90.28
Nov 2004,13-14/11/2004,AFS 2m,17:00,127.7
Nov 2004,13-14/11/2004,AFS 2m,17:10,36.0
Nov 2004,13-14/11/2004,AFS 2m,17:20,21.2
Nov 2004,13-14/11/2004,AFS 2m,17:30,25.59
Nov 2004,13-14/11/2004,AFS 2m,17:40,11.11
Nov 2004,13-14/11/2004,AFS 2m,17:50,11.53
Nov 2004,13-14/11/2004,AFS 2m,18:00,11.69
Nov 2004,13-14/11/2004,AFS 2m,18:10,8.17
Nov 2004,13-14/11/2004,AFS 2m,18:20,18.82
Nov 2004,13-14/11/2004,AFS 2m,18:30,8.744
Nov 2004,13-14/11/2004,AFS 2m,18:40,6.488
Nov 2004,13-14/11/2004,AFS 2m,18:50,1.774
Nov 2004,13-14/11/2004,AFS 2m,5:50,0.878
Nov 2004,13-14/11/2004,AFS 2m,6:00,2.26
Nov 2004,13-14/11/2004,AFS 2m,6:10,7.122
Nov 2004,13-14/11/2004,AFS 2m,6:20,8.981
Nov 2004,13-14/11/2004,AFS 2m,6:30,9.328
Nov 2004,13-14/11/2004,AFS 2m,6:40,15.75
Nov 2004,13-14/11/2004,AFS 2m,6:50,18.05
Nov 2004,13-14/11/2004,AFS 2m,7:00,13.01
Nov 2004,13-14/11/2004,AFS 2m,7:10,18.18
Nov 2004,13-14/11/2004,AFS 2m,7:20,21.65
Nov 2004,13-14/11/2004,AFS 2m,7:30,23.8
Nov 2004,13-14/11/2004,AFS 2m,7:40,27.77
Nov 2004,13-14/11/2004,AFS 2m,7:50,29.85
Nov 2004,13-14/11/2004,AFS 2m,8:00,33.01
Nov 2004,13-14/11/2004,AFS 2m,8:10,42.96
Nov 2004,13-14/11/2004,AFS 2m,8:20,37.79
Nov 2004,13-14/11/2004,AFS 2m,8:30,27.48
Nov 2004,13-14/11/2004,AFS 2m,8:40,31.1
Nov 2004,13-14/11/2004,AFS 2m,8:50,27.71
Nov 2004,13-14/11/2004,AFS 2m,9:00,31.73
Nov 2004,13-14/11/2004,AFS 2m,9:10,27.74
Nov 2004,13-14/11/2004,AFS 2m,9:20,25.19
Nov 2004,13-14/11/2004,AFS 2m,9:30,18.2
Nov 2004,13-14/11/2004,AFS 2m,9:40,23.7
Nov 2004,13-14/11/2004,AFS 2m,9:50,20.03
Nov 2004,02-03/11/2004,MO 1.2m,10:00,196.6
Nov 2004,02-03/11/2004,MO 1.2m,10:10,209.5
Nov 2004,02-03/11/2004,MO 1.2m,10:20,345.2
Nov 2004,02-03/11/2004,MO 1.2m,10:30,297.4
Nov 2004,02-03/11/2004,MO 1.2m,10:40,417.8
Nov 2004,02-03/11/2004,MO 1.2m,10:50,544.6
Nov 2004,02-03/11/2004,MO 1.2m,11:00,249.0
Nov 2004,02-03/11/2004,MO 1.2m,11:10,283.3
Nov 2004,02-03/11/2004,MO 1.2m,11:20,328.0
Nov 2004,02-03/11/2004,MO 1.2m,11:30,597.2
Nov 2004,02-03/11/2004,MO 1.2m,11:40,189.8
Nov 2004,02-03/11/2004,MO 1.2m,11:50,114.3
Nov 2004,02-03/11/2004,MO 1.2m,12:00,120.5
Nov 2004,02-03/11/2004,MO 1.2m,12:10,130.5
Nov 2004,02-03/11/2004,MO 1.2m,12:20,119.7
Nov 2004,02-03/11/2004,MO 1.2m,12:30,129.1
Nov 2004,02-03/11/2004,MO 1.2m,12:40,147.9
Nov 2004,02-03/11/2004,MO 1.2m,12:50,204.7
Nov 2004,02-03/11/2004,MO 1.2m,13:00,195.8
Nov 2004,02-03/11/2004,MO 1.2m,13:10,199.6
Nov 2004,02-03/11/2004,MO 1.2m,13:20,243.7
Nov 2004,02-03/11/2004,MO 1.2m,13:30,269.9
Nov 2004,02-03/11/2004,MO 1.2m,13:40,318.3
Nov 2004,02-03/11/2004,MO 1.2m,13:50,645.4
Nov 2004,02-03/11/2004,MO 1.2m,14:00,376.6
Nov 2004,02-03/11/2004,MO 1.2m,14:10,265.8
Nov 2004,02-03/11/2004,MO 1.2m,14:20,261.1
Nov 2004,02-03/11/2004,MO 1.2m,14:30,299.1
Nov 2004,02-03/11/2004,MO 1.2m,14:40,566.1
Nov 2004,02-03/11/2004,MO 1.2m,14:50,202.2
Nov 2004,02-03/11/2004,MO 1.2m,15:00,196.5
Nov 2004,02-03/11/2004,MO 1.2m,15:10,156.4
Nov 2004,02-03/11/2004,MO 1.2m,15:20,207.1
Nov 2004,02-03/11/2004,MO 1.2m,15:30,231.1
Nov 2004,02-03/11/2004,MO 1.2m,15:40,530.9
Nov 2004,02-03/11/2004,MO 1.2m,15:50,832.1
Nov 2004,02-03/11/2004,MO 1.2m,16:00,535.6
Nov 2004,02-03/11/2004,MO 1.2m,16:10,164.7
Nov 2004,02-03/11/2004,MO 1.2m,16:20,261.9
Nov 2004,02-03/11/2004,MO 1.2m,16:30,101.7
Nov 2004,02-03/11/2004,MO 1.2m,16:40,73.61
Nov 2004,02-03/11/2004,MO 1.2m,16:50,59.28
Nov 2004,02-03/11/2004,MO 1.2m,17:00,53.82
Nov 2004,02-03/11/2004,MO 1.2m,17:10,67.15
Nov 2004,02-03/11/2004,MO 1.2m,17:20,71.58
Nov 2004,02-03/11/2004,MO 1.2m,17:30,70.29
Nov 2004,02-03/11/2004,MO 1.2m,17:40,64.66
Nov 2004,02-03/11/2004,MO 1.2m,17:50,68.4
Nov 2004,02-03/11/2004,MO 1.2m,18:00,48.89
Nov 2004,02-03/11/2004,MO 1.2m,18:10,34.43
Nov 2004,02-03/11/2004,MO 1.2m,18:20,29.02
Nov 2004,02-03/11/2004,MO 1.2m,18:30,14.51
Nov 2004,02-03/11/2004,MO 1.2m,18:40,6.017
Nov 2004,02-03/11/2004,MO 1.2m,18:50,1.476
Nov 2004,02-03/11/2004,MO 1.2m,5:50,1.067
Nov 2004,02-03/11/2004,MO 1.2m,6:00,4.45
Nov 2004,02-03/11/2004,MO 1.2m,6:10,7.77
Nov 2004,02-03/11/2004,MO 1.2m,6:20,14.99
Nov 2004,02-03/11/2004,MO 1.2m,6:30,28.21
Nov 2004,02-03/11/2004,MO 1.2m,6:40,31.99
Nov 2004,02-03/11/2004,MO 1.2m,6:50,34.93
Nov 2004,02-03/11/2004,MO 1.2m,7:00,43.16
Nov 2004,02-03/11/2004,MO 1.2m,7:10,57.43
Nov 2004,02-03/11/2004,MO 1.2m,7:20,66.87
Nov 2004,02-03/11/2004,MO 1.2m,7:30,73.44
Nov 2004,02-03/11/2004,MO 1.2m,7:40,98.85
Nov 2004,02-03/11/2004,MO 1.2m,7:50,120.7
Nov 2004,02-03/11/2004,MO 1.2m,8:00,119.8
Nov 2004,02-03/11/2004,MO 1.2m,8:10,111.6
Nov 2004,02-03/11/2004,MO 1.2m,8:20,112.5
Nov 2004,02-03/11/2004,MO 1.2m,8:30,131.0
Nov 2004,02-03/11/2004,MO 1.2m,8:40,158.2
Nov 2004,02-03/11/2004,MO 1.2m,8:50,170.4
Nov 2004,02-03/11/2004,MO 1.2m,9:00,178.6
Nov 2004,02-03/11/2004,MO 1.2m,9:10,189.1
Nov 2004,02-03/11/2004,MO 1.2m,9:20,199.5
Nov 2004,02-03/11/2004,MO 1.2m,9:30,200.4
Nov 2004,02-03/11/2004,MO 1.2m,9:40,200.2
Nov 2004,02-03/11/2004,MO 1.2m,9:50,201.0
Nov 2004,10-11/11/2004,MO 1.2m,10:00,343.8
Nov 2004,10-11/11/2004,MO 1.2m,10:10,366.2
Nov 2004,10-11/11/2004,MO 1.2m,10:20,483.9
Nov 2004,10-11/11/2004,MO 1.2m,10:30,397.3
Nov 2004,10-11/11/2004,MO 1.2m,10:40,299.8
Nov 2004,10-11/11/2004,MO 1.2m,10:50,280.4
Nov 2004,10-11/11/2004,MO 1.2m,11:00,287.3
Nov 2004,10-11/11/2004,MO 1.2m,11:10,257.2
Nov 2004,10-11/11/2004,MO 1.2m,11:20,274.6
Nov 2004,10-11/11/2004,MO 1.2m,11:30,296.6
Nov 2004,10-11/11/2004,MO 1.2m,11:40,257.4
Nov 2004,10-11/11/2004,MO 1.2m,11:50,240.7
Nov 2004,10-11/11/2004,MO 1.2m,12:00,257.6
Nov 2004,10-11/11/2004,MO 1.2m,12:10,219.0
Nov 2004,10-11/11/2004,MO 1.2m,12:20,246.0
Nov 2004,10-11/11/2004,MO 1.2m,12:30,220.5
Nov 2004,10-11/11/2004,MO 1.2m,12:40,279.1
Nov 2004,10-11/11/2004,MO 1.2m,12:50,208.1
Nov 2004,10-11/11/2004,MO 1.2m,13:00,179.3
Nov 2004,10-11/11/2004,MO 1.2m,13:10,242.2
Nov 2004,10-11/11/2004,MO 1.2m,13:20,261.7
Nov 2004,10-11/11/2004,MO 1.2m,13:30,211.7
Nov 2004,10-11/11/2004,MO 1.2m,13:40,178.6
Nov 2004,10-11/11/2004,MO 1.2m,13:50,182.3
Nov 2004,10-11/11/2004,MO 1.2m,14:00,174.1
Nov 2004,10-11/11/2004,MO 1.2m,14:10,167.5
Nov 2004,10-11/11/2004,MO 1.2m,14:20,161.9
Nov 2004,10-11/11/2004,MO 1.2m,14:30,188.2
Nov 2004,10-11/11/2004,MO 1.2m,14:40,212.3
Nov 2004,10-11/11/2004,MO 1.2m,14:50,191.8
Nov 2004,10-11/11/2004,MO 1.2m,15:00,168.5
Nov 2004,10-11/11/2004,MO 1.2m,15:10,162.6
Nov 2004,10-11/11/2004,MO 1.2m,15:20,155.0
Nov 2004,10-11/11/2004,MO 1.2m,15:30,169.9
Nov 2004,10-11/11/2004,MO 1.2m,15:40,175.8
Nov 2004,10-11/11/2004,MO 1.2m,15:50,183.7
Nov 2004,10-11/11/2004,MO 1.2m,16:00,203.6
Nov 2004,10-11/11/2004,MO 1.2m,16:10,173.7
Nov 2004,10-11/11/2004,MO 1.2m,16:20,182.5
Nov 2004,10-11/11/2004,MO 1.2m,16:30,215.7
Nov 2004,10-11/11/2004,MO 1.2m,16:40,193.4
Nov 2004,10-11/11/2004,MO 1.2m,16:50,153.8
Nov 2004,10-11/11/2004,MO 1.2m,17:00,155.7
Nov 2004,10-11/11/2004,MO 1.2m,17:10,136.5
Nov 2004,10-11/11/2004,MO 1.2m,17:20,84.94
Nov 2004,10-11/11/2004,MO 1.2m,17:30,78.62
Nov 2004,10-11/11/2004,MO 1.2m,17:40,58.6
Nov 2004,10-11/11/2004,MO 1.2m,17:50,52.85
Nov 2004,10-11/11/2004,MO 1.2m,18:00,55.18
Nov 2004,10-11/11/2004,MO 1.2m,18:10,37.49
Nov 2004,10-11/11/2004,MO 1.2m,18:20,47.04
Nov 2004,10-11/11/2004,MO 1.2m,18:30,22.13
Nov 2004,10-11/11/2004,MO 1.2m,18:40,13.62
Nov 2004,10-11/11/2004,MO 1.2m,18:50,2.11
Nov 2004,10-11/11/2004,MO 1.2m,5:50,1.671
Nov 2004,10-11/11/2004,MO 1.2m,6:00,3.248
Nov 2004,10-11/11/2004,MO 1.2m,6:10,6.31
Nov 2004,10-11/11/2004,MO 1.2m,6:20,10.17
Nov 2004,10-11/11/2004,MO 1.2m,6:30,14.25
Nov 2004,10-11/11/2004,MO 1.2m,6:40,19.59
Nov 2004,10-11/11/2004,MO 1.2m,6:50,22.78
Nov 2004,10-11/11/2004,MO 1.2m,7:00,57.55
Nov 2004,10-11/11/2004,MO 1.2m,7:10,75.26
Nov 2004,10-11/11/2004,MO 1.2m,7:20,120.1
Nov 2004,10-11/11/2004,MO 1.2m,7:30,141.7
Nov 2004,10-11/11/2004,MO 1.2m,7:40,101.7
Nov 2004,10-11/11/2004,MO 1.2m,7:50,84.64
Nov 2004,10-11/11/2004,MO 1.2m,8:00,69.35
Nov 2004,10-11/11/2004,MO 1.2m,8:10,79.33
Nov 2004,10-11/11/2004,MO 1.2m,8:20,128.6
Nov 2004,10-11/11/2004,MO 1.2m,8:30,140.8
Nov 2004,10-11/11/2004,MO 1.2m,8:40,151.1
Nov 2004,10-11/11/2004,MO 1.2m,8:50,135.8
Nov 2004,10-11/11/2004,MO 1.2m,9:00,255.7
Nov 2004,10-11/11/2004,MO 1.2m,9:10,299.6
Nov 2004,10-11/11/2004,MO 1.2m,9:20,233.6
Nov 2004,10-11/11/2004,MO 1.2m,9:30,229.7
Nov 2004,10-11/11/2004,MO 1.2m,9:40,250.5
Nov 2004,10-11/11/2004,MO 1.2m,9:50,297.7
Nov 2004,11-12/11/2004,MO 1.2m,10:00,285.0
Nov 2004,11-12/11/2004,MO 1.2m,10:10,219.8
Nov 2004,11-12/11/2004,MO 1.2m,10:20,208.6
Nov 2004,11-12/11/2004,MO 1.2m,10:30,200.5
Nov 2004,11-12/11/2004,MO 1.2m,10:40,189.0
Nov 2004,11-12/11/2004,MO 1.2m,10:50,137.0
Nov 2004,11-12/11/2004,MO 1.2m,11:00,53.31
Nov 2004,11-12/11/2004,MO 1.2m,11:10,68.96
Nov 2004,11-12/11/2004,MO 1.2m,11:20,56.24
Nov 2004,11-12/11/2004,MO 1.2m,11:30,54.56
Nov 2004,11-12/11/2004,MO 1.2m,11:40,118.2
Nov 2004,11-12/11/2004,MO 1.2m,11:50,116.4
Nov 2004,11-12/11/2004,MO 1.2m,12:00,100.2
Nov 2004,11-12/11/2004,MO 1.2m,12:10,92.9
Nov 2004,11-12/11/2004,MO 1.2m,12:20,143.0
Nov 2004,11-12/11/2004,MO 1.2m,12:30,212.9
Nov 2004,11-12/11/2004,MO 1.2m,12:40,202.0
Nov 2004,11-12/11/2004,MO 1.2m,12:50,192.6
Nov 2004,11-12/11/2004,MO 1.2m,13:00,233.4
Nov 2004,11-12/11/2004,MO 1.2m,13:10,104.0
Nov 2004,11-12/11/2004,MO 1.2m,13:20,94.03
Nov 2004,11-12/11/2004,MO 1.2m,13:30,39.36
Nov 2004,11-12/11/2004,MO 1.2m,13:40,100.8
Nov 2004,11-12/11/2004,MO 1.2m,13:50,114.3
Nov 2004,11-12/11/2004,MO 1.2m,14:00,88.7
Nov 2004,11-12/11/2004,MO 1.2m,14:10,71.49
Nov 2004,11-12/11/2004,MO 1.2m,14:20,69.52
Nov 2004,11-12/11/2004,MO 1.2m,14:30,67.94
Nov 2004,11-12/11/2004,MO 1.2m,14:40,63.46
Nov 2004,11-12/11/2004,MO 1.2m,14:50,57.06
Nov 2004,11-12/11/2004,MO 1.2m,15:00,53.23
Nov 2004,11-12/11/2004,MO 1.2m,15:10,53.74
Nov 2004,11-12/11/2004,MO 1.2m,15:20,39.64
Nov 2004,11-12/11/2004,MO 1.2m,15:30,48.11
Nov 2004,11-12/11/2004,MO 1.2m,15:40,67.97
Nov 2004,11-12/11/2004,MO 1.2m,15:50,115.0
Nov 2004,11-12/11/2004,MO 1.2m,16:00,142.9
Nov 2004,11-12/11/2004,MO 1.2m,16:10,170.8
Nov 2004,11-12/11/2004,MO 1.2m,16:20,79.88
Nov 2004,11-12/11/2004,MO 1.2m,16:30,157.3
Nov 2004,11-12/11/2004,MO 1.2m,16:40,167.4
Nov 2004,11-12/11/2004,MO 1.2m,16:50,82.71
Nov 2004,11-12/11/2004,MO 1.2m,17:00,56.92
Nov 2004,11-12/11/2004,MO 1.2m,17:10,49.27
Nov 2004,11-12/11/2004,MO 1.2m,17:20,31.34
Nov 2004,11-12/11/2004,MO 1.2m,17:30,30.73
Nov 2004,11-12/11/2004,MO 1.2m,17:40,28.39
Nov 2004,11-12/11/2004,MO 1.2m,17:50,40.27
Nov 2004,11-12/11/2004,MO 1.2m,18:00,56.95
Nov 2004,11-12/11/2004,MO 1.2m,18:10,56.36
Nov 2004,11-12/11/2004,MO 1.2m,18:20,23.05
Nov 2004,11-12/11/2004,MO 1.2m,18:30,12.15
Nov 2004,11-12/11/2004,MO 1.2m,18:40,7.69
Nov 2004,11-12/11/2004,MO 1.2m,18:50,1.795
Nov 2004,11-12/11/2004,MO 1.2m,5:50,1.614
Nov 2004,11-12/11/2004,MO 1.2m,6:00,4.214
Nov 2004,11-12/11/2004,MO 1.2m,6:10,7.461
Nov 2004,11-12/11/2004,MO 1.2m,6:20,10.274
Nov 2004,11-12/11/2004,MO 1.2m,6:30,54.19
Nov 2004,11-12/11/2004,MO 1.2m,6:40,49.57
Nov 2004,11-12/11/2004,MO 1.2m,6:50,35.25
Nov 2004,11-12/11/2004,MO 1.2m,7:00,74.25
Nov 2004,11-12/11/2004,MO 1.2m,7:10,91.78
Nov 2004,11-12/11/2004,MO 1.2m,7:20,106.9
Nov 2004,11-12/11/2004,MO 1.2m,7:30,138.8
Nov 2004,11-12/11/2004,MO 1.2m,7:40,166.5
Nov 2004,11-12/11/2004,MO 1.2m,7:50,151.2
Nov 2004,11-12/11/2004,MO 1.2m,8:00,123.3
Nov 2004,11-12/11/2004,MO 1.2m,8:10,192.0
Nov 2004,11-12/11/2004,MO 1.2m,8:20,163.3
Nov 2004,11-12/11/2004,MO 1.2m,8:30,131.9
Nov 2004,11-12/11/2004,MO 1.2m,8:40,201.4
Nov 2004,11-12/11/2004,MO 1.2m,8:50,200.0
Nov 2004,11-12/11/2004,MO 1.2m,9:00,186.5
Nov 2004,11-12/11/2004,MO 1.2m,9:10,158.4
Nov 2004,11-12/11/2004,MO 1.2m,9:20,185.3
Nov 2004,11-12/11/2004,MO 1.2m,9:30,223.3
Nov 2004,11-12/11/2004,MO 1.2m,9:40,238.1
Nov 2004,11-12/11/2004,MO 1.2m,9:50,178.2
Nov 2004,04-05/11/2004,MO 2m,10:00,298.3
Nov 2004,04-05/11/2004,MO 2m,10:10,237.5
Nov 2004,04-05/11/2004,MO 2m,10:20,304.1
Nov 2004,04-05/11/2004,MO 2m,10:30,294.3
Nov 2004,04-05/11/2004,MO 2m,10:40,249.7
Nov 2004,04-05/11/2004,MO 2m,10:50,380.7
Nov 2004,04-05/11/2004,MO 2m,11:00,266.4
Nov 2004,04-05/11/2004,MO 2m,11:10,332.0
Nov 2004,04-05/11/2004,MO 2m,11:20,574.0
Nov 2004,04-05/11/2004,MO 2m,11:30,778.0
Nov 2004,04-05/11/2004,MO 2m,11:40,788.8
Nov 2004,04-05/11/2004,MO 2m,11:50,832.0
Nov 2004,04-05/11/2004,MO 2m,12:00,780.8
Nov 2004,04-05/11/2004,MO 2m,12:10,714.6
Nov 2004,04-05/11/2004,MO 2m,12:20,661.0
Nov 2004,04-05/11/2004,MO 2m,12:30,621.0
Nov 2004,04-05/11/2004,MO 2m,12:40,600.6
Nov 2004,04-05/11/2004,MO 2m,12:50,639.4
Nov 2004,04-05/11/2004,MO 2m,13:00,662.8
Nov 2004,04-05/11/2004,MO 2m,13:10,710.2
Nov 2004,04-05/11/2004,MO 2m,13:20,767.3
Nov 2004,04-05/11/2004,MO 2m,13:30,775.1
Nov 2004,04-05/11/2004,MO 2m,13:40,752.5
Nov 2004,04-05/11/2004,MO 2m,13:50,727.9
Nov 2004,04-05/11/2004,MO 2m,14:00,764.7
Nov 2004,04-05/11/2004,MO 2m,14:10,669.9
Nov 2004,04-05/11/2004,MO 2m,14:20,554.0
Nov 2004,04-05/11/2004,MO 2m,14:30,493.2
Nov 2004,04-05/11/2004,MO 2m,14:40,418.4
Nov 2004,04-05/11/2004,MO 2m,14:50,272.8
Nov 2004,04-05/11/2004,MO 2m,15:00,250.0
Nov 2004,04-05/11/2004,MO 2m,15:10,263.2
Nov 2004,04-05/11/2004,MO 2m,15:20,221.5
Nov 2004,04-05/11/2004,MO 2m,15:30,294.1
Nov 2004,04-05/11/2004,MO 2m,15:40,356.5
Nov 2004,04-05/11/2004,MO 2m,15:50,330.0
Nov 2004,04-05/11/2004,MO 2m,16:00,261.7
Nov 2004,04-05/11/2004,MO 2m,16:10,143.1
Nov 2004,04-05/11/2004,MO 2m,16:20,197.4
Nov 2004,04-05/11/2004,MO 2m,16:30,170.0
Nov 2004,04-05/11/2004,MO 2m,16:40,88.94
Nov 2004,04-05/11/2004,MO 2m,16:50,46.46
Nov 2004,04-05/11/2004,MO 2m,17:00,32.48
Nov 2004,04-05/11/2004,MO 2m,17:10,22.54
Nov 2004,04-05/11/2004,MO 2m,17:20,11.84
Nov 2004,04-05/11/2004,MO 2m,17:30,15.27
Nov 2004,04-05/11/2004,MO 2m,17:40,10.64
Nov 2004,04-05/11/2004,MO 2m,17:50,7.888
Nov 2004,04-05/11/2004,MO 2m,18:00,6.775
Nov 2004,04-05/11/2004,MO 2m,18:10,45.15
Nov 2004,04-05/11/2004,MO 2m,18:20,49.21
Nov 2004,04-05/11/2004,MO 2m,18:30,26.91
Nov 2004,04-05/11/2004,MO 2m,18:40,11.461
Nov 2004,04-05/11/2004,MO 2m,18:50,2.831
Nov 2004,04-05/11/2004,MO 2m,5:50,2.372
Nov 2004,04-05/11/2004,MO 2m,6:00,6.061
Nov 2004,04-05/11/2004,MO 2m,6:10,12.09
Nov 2004,04-05/11/2004,MO 2m,6:20,25.11
Nov 2004,04-05/11/2004,MO 2m,6:30,38.33
Nov 2004,04-05/11/2004,MO 2m,6:40,44.26
Nov 2004,04-05/11/2004,MO 2m,6:50,51.35
Nov 2004,04-05/11/2004,MO 2m,7:00,59.67
Nov 2004,04-05/11/2004,MO 2m,7:10,72.68
Nov 2004,04-05/11/2004,MO 2m,7:20,86.96
Nov 2004,04-05/11/2004,MO 2m,7:30,103.2
Nov 2004,04-05/11/2004,MO 2m,7:40,119.7
Nov 2004,04-05/11/2004,MO 2m,7:50,136.8
Nov 2004,04-05/11/2004,MO 2m,8:00,153.5
Nov 2004,04-05/11/2004,MO 2m,8:10,173.0
Nov 2004,04-05/11/2004,MO 2m,8:20,198.8
Nov 2004,04-05/11/2004,MO 2m,8:30,235.7
Nov 2004,04-05/11/2004,MO 2m,8:40,270.7
Nov 2004,04-05/11/2004,MO 2m,8:50,307.5
Nov 2004,04-05/11/2004,MO 2m,9:00,398.9
Nov 2004,04-05/11/2004,MO 2m,9:10,459.2
Nov 2004,04-05/11/2004,MO 2m,9:20,450.7
Nov 2004,04-05/11/2004,MO 2m,9:30,461.0
Nov 2004,04-05/11/2004,MO 2m,9:40,475.9
Nov 2004,04-05/11/2004,MO 2m,9:50,363.1
Nov 2004,09-10/11/2004,MO 2m,10:00,110.2
Nov 2004,09-10/11/2004,MO 2m,10:10,96.94
Nov 2004,09-10/11/2004,MO 2m,10:20,119.0
Nov 2004,09-10/11/2004,MO 2m,10:30,338.1
Nov 2004,09-10/11/2004,MO 2m,10:40,410.7
Nov 2004,09-10/11/2004,MO 2m,10:50,333.1
Nov 2004,09-10/11/2004,MO 2m,11:00,277.4
Nov 2004,09-10/11/2004,MO 2m,11:10,155.7
Nov 2004,09-10/11/2004,MO 2m,11:20,164.1
Nov 2004,09-10/11/2004,MO 2m,11:30,215.3
Nov 2004,09-10/11/2004,MO 2m,11:40,917.4
Nov 2004,09-10/11/2004,MO 2m,11:50,873.5
Nov 2004,09-10/11/2004,MO 2m,12:00,868.6
Nov 2004,09-10/11/2004,MO 2m,12:10,845.0
Nov 2004,09-10/11/2004,MO 2m,12:20,833.7
Nov 2004,09-10/11/2004,MO 2m,12:30,831.1
Nov 2004,09-10/11/2004,MO 2m,12:40,789.0
Nov 2004,09-10/11/2004,MO 2m,12:50,769.0
Nov 2004,09-10/11/2004,MO 2m,13:00,789.3
Nov 2004,09-10/11/2004,MO 2m,13:10,727.4
Nov 2004,09-10/11/2004,MO 2m,13:20,647.2
Nov 2004,09-10/11/2004,MO 2m,13:30,571.5
Nov 2004,09-10/11/2004,MO 2m,13:40,502.8
Nov 2004,09-10/11/2004,MO 2m,13:50,505.7
Nov 2004,09-10/11/2004,MO 2m,14:00,505.1
Nov 2004,09-10/11/2004,MO 2m,14:10,462.2
Nov 2004,09-10/11/2004,MO 2m,14:20,437.5
Nov 2004,09-10/11/2004,MO 2m,14:30,436.2
Nov 2004,09-10/11/2004,MO 2m,14:40,576.3
Nov 2004,09-10/11/2004,MO 2m,14:50,578.6
Nov 2004,09-10/11/2004,MO 2m,15:00,513.8
Nov 2004,09-10/11/2004,MO 2m,15:10,309.7
Nov 2004,09-10/11/2004,MO 2m,15:20,311.8
Nov 2004,09-10/11/2004,MO 2m,15:30,303.8
Nov 2004,09-10/11/2004,MO 2m,15:40,374.6
Nov 2004,09-10/11/2004,MO 2m,15:50,345.5
Nov 2004,09-10/11/2004,MO 2m,16:00,334.7
Nov 2004,09-10/11/2004,MO 2m,16:10,402.7
Nov 2004,09-10/11/2004,MO 2m,16:20,362.5
Nov 2004,09-10/11/2004,MO 2m,16:30,263.5
Nov 2004,09-10/11/2004,MO 2m,16:40,317.4
Nov 2004,09-10/11/2004,MO 2m,16:50,385.0
Nov 2004,09-10/11/2004,MO 2m,17:00,386.6
Nov 2004,09-10/11/2004,MO 2m,17:10,264.4
Nov 2004,09-10/11/2004,MO 2m,17:20,192.4
Nov 2004,09-10/11/2004,MO 2m,17:30,130.6
Nov 2004,09-10/11/2004,MO 2m,17:40,75.33
Nov 2004,09-10/11/2004,MO 2m,17:50,71.14
Nov 2004,09-10/11/2004,MO 2m,18:00,67.33
Nov 2004,09-10/11/2004,MO 2m,18:10,60.92
Nov 2004,09-10/11/2004,MO 2m,18:20,61.9
Nov 2004,09-10/11/2004,MO 2m,18:30,40.19
Nov 2004,09-10/11/2004,MO 2m,18:40,20.191
Nov 2004,09-10/11/2004,MO 2m,18:50,2.178
Nov 2004,09-10/11/2004,MO 2m,5:50,2.451
Nov 2004,09-10/11/2004,MO 2m,6:00,6.818
Nov 2004,09-10/11/2004,MO 2m,6:10,9.37
Nov 2004,09-10/11/2004,MO 2m,6:20,21.34
Nov 2004,09-10/11/2004,MO 2m,6:30,36.8
Nov 2004,09-10/11/2004,MO 2m,6:40,52.78
Nov 2004,09-10/11/2004,MO 2m,6:50,49.93
Nov 2004,09-10/11/2004,MO 2m,7:00,25.12
Nov 2004,09-10/11/2004,MO 2m,7:10,20.89
Nov 2004,09-10/11/2004,MO 2m,7:20,26.9
Nov 2004,09-10/11/2004,MO 2m,7:30,25.65
Nov 2004,09-10/11/2004,MO 2m,7:40,32.31
Nov 2004,09-10/11/2004,MO 2m,7:50,56.6
Nov 2004,09-10/11/2004,MO 2m,8:00,103.4
Nov 2004,09-10/11/2004,MO 2m,8:10,83.46
Nov 2004,09-10/11/2004,MO 2m,8:20,258.1
Nov 2004,09-10/11/2004,MO 2m,8:30,357.9
Nov 2004,09-10/11/2004,MO 2m,8:40,232.9
Nov 2004,09-10/11/2004,MO 2m,8:50,225.7
Nov 2004,09-10/11/2004,MO 2m,9:00,151.2
Nov 2004,09-10/11/2004,MO 2m,9:10,118.6
Nov 2004,09-10/11/2004,MO 2m,9:20,261.5
Nov 2004,09-10/11/2004,MO 2m,9:30,387.0
Nov 2004,09-10/11/2004,MO 2m,9:40,442.8
Nov 2004,09-10/11/2004,MO 2m,9:50,277.3
Nov 2004,07-08/11/2004,Open area 2m,10:00,1767.0
Nov 2004,07-08/11/2004,Open area 2m,10:10,1820.0
Nov 2004,07-08/11/2004,Open area 2m,10:20,1866.0
Nov 2004,07-08/11/2004,Open area 2m,10:30,1902.0
Nov 2004,07-08/11/2004,Open area 2m,10:40,1848.0
Nov 2004,07-08/11/2004,Open area 2m,10:50,1852.0
Nov 2004,07-08/11/2004,Open area 2m,11:00,1785.0
Nov 2004,07-08/11/2004,Open area 2m,11:10,2074.0
Nov 2004,07-08/11/2004,Open area 2m,11:20,2026.0
Nov 2004,07-08/11/2004,Open area 2m,11:30,2074.0
Nov 2004,07-08/11/2004,Open area 2m,11:40,2101.0
Nov 2004,07-08/11/2004,Open area 2m,11:50,2116.0
Nov 2004,07-08/11/2004,Open area 2m,12:00,1854.0
Nov 2004,07-08/11/2004,Open area 2m,12:10,2154.0
Nov 2004,07-08/11/2004,Open area 2m,12:20,2118.0
Nov 2004,07-08/11/2004,Open area 2m,12:30,2112.0
Nov 2004,07-08/11/2004,Open area 2m,12:40,2010.0
Nov 2004,07-08/11/2004,Open area 2m,12:50,1979.0
Nov 2004,07-08/11/2004,Open area 2m,13:00,1906.0
Nov 2004,07-08/11/2004,Open area 2m,13:10,2149.0
Nov 2004,07-08/11/2004,Open area 2m,13:20,1767.0
Nov 2004,07-08/11/2004,Open area 2m,13:30,2110.0
Nov 2004,07-08/11/2004,Open area 2m,13:40,1390.0
Nov 2004,07-08/11/2004,Open area 2m,13:50,1311.0
Nov 2004,07-08/11/2004,Open area 2m,14:00,1944.0
Nov 2004,07-08/11/2004,Open area 2m,14:10,1894.0
Nov 2004,07-08/11/2004,Open area 2m,14:20,1669.0
Nov 2004,07-08/11/2004,Open area 2m,14:30,1065.0
Nov 2004,07-08/11/2004,Open area 2m,14:40,897.3
Nov 2004,07-08/11/2004,Open area 2m,14:50,921.0
Nov 2004,07-08/11/2004,Open area 2m,15:00,1783.0
Nov 2004,07-08/11/2004,Open area 2m,15:10,1601.0
Nov 2004,07-08/11/2004,Open area 2m,15:20,1408.0
Nov 2004,07-08/11/2004,Open area 2m,15:30,1676.0
Nov 2004,07-08/11/2004,Open area 2m,15:40,1526.0
Nov 2004,07-08/11/2004,Open area 2m,15:50,1444.0
Nov 2004,07-08/11/2004,Open area 2m,16:00,1247.0
Nov 2004,07-08/11/2004,Open area 2m,16:10,1217.0
Nov 2004,07-08/11/2004,Open area 2m,16:20,1014.0
Nov 2004,07-08/11/2004,Open area 2m,16:30,1041.0
Nov 2004,07-08/11/2004,Open area 2m,16:40,964.8
Nov 2004,07-08/11/2004,Open area 2m,16:50,902.1
Nov 2004,07-08/11/2004,Open area 2m,17:00,884.8
Nov 2004,07-08/11/2004,Open area 2m,17:10,789.4
Nov 2004,07-08/11/2004,Open area 2m,17:20,705.8
Nov 2004,07-08/11/2004,Open area 2m,17:30,564.2
Nov 2004,07-08/11/2004,Open area 2m,17:40,559.0
Nov 2004,07-08/11/2004,Open area 2m,17:50,462.4
Nov 2004,07-08/11/2004,Open area 2m,18:00,340.3
Nov 2004,07-08/11/2004,Open area 2m,18:10,263.8
Nov 2004,07-08/11/2004,Open area 2m,18:20,192.7
Nov 2004,07-08/11/2004,Open area 2m,18:30,98.4
Nov 2004,07-08/11/2004,Open area 2m,18:40,19.56
Nov 2004,07-08/11/2004,Open area 2m,18:50,3.111
Nov 2004,07-08/11/2004,Open area 2m,5:50,2.79
Nov 2004,07-08/11/2004,Open area 2m,6:00,11.74
Nov 2004,07-08/11/2004,Open area 2m,6:10,20.69
Nov 2004,07-08/11/2004,Open area 2m,6:20,79.64
Nov 2004,07-08/11/2004,Open area 2m,6:30,88.59
Nov 2004,07-08/11/2004,Open area 2m,6:40,97.54
Nov 2004,07-08/11/2004,Open area 2m,6:50,214.5
Nov 2004,07-08/11/2004,Open area 2m,7:00,494.8
Nov 2004,07-08/11/2004,Open area 2m,7:10,573.4
Nov 2004,07-08/11/2004,Open area 2m,7:20,654.1
Nov 2004,07-08/11/2004,Open area 2m,7:30,735.2
Nov 2004,07-08/11/2004,Open area 2m,7:40,816.2
Nov 2004,07-08/11/2004,Open area 2m,7:50,896.7
Nov 2004,07-08/11/2004,Open area 2m,8:00,956.2
Nov 2004,07-08/11/2004,Open area 2m,8:10,1023.0
Nov 2004,07-08/11/2004,Open area 2m,8:20,1114.0
Nov 2004,07-08/11/2004,Open area 2m,8:30,1171.0
Nov 2004,07-08/11/2004,Open area 2m,8:40,1142.0
Nov 2004,07-08/11/2004,Open area 2m,8:50,1147.0
Nov 2004,07-08/11/2004,Open area 2m,9:00,1415.0
Nov 2004,07-08/11/2004,Open area 2m,9:10,1480.0
Nov 2004,07-08/11/2004,Open area 2m,9:20,1539.0
Nov 2004,07-08/11/2004,Open area 2m,9:30,1599.0
Nov 2004,07-08/11/2004,Open area 2m,9:40,1663.0
Nov 2004,07-08/11/2004,Open area 2m,9:50,1720.0
Nov 2004,08-09/11/2004,Open area 2m,10:00,1823.0
Nov 2004,08-09/11/2004,Open area 2m,10:10,1854.0
Nov 2004,08-09/11/2004,Open area 2m,10:20,1937.0
Nov 2004,08-09/11/2004,Open area 2m,10:30,1186.0
Nov 2004,08-09/11/2004,Open area 2m,10:40,1303.0
Nov 2004,08-09/11/2004,Open area 2m,10:50,1211.0
Nov 2004,08-09/11/2004,Open area 2m,11:00,1218.0
Nov 2004,08-09/11/2004,Open area 2m,11:10,898.8
Nov 2004,08-09/11/2004,Open area 2m,11:20,1321.0
Nov 2004,08-09/11/2004,Open area 2m,11:30,1174.0
Nov 2004,08-09/11/2004,Open area 2m,11:40,2198.0
Nov 2004,08-09/11/2004,Open area 2m,11:50,1757.0
Nov 2004,08-09/11/2004,Open area 2m,12:00,1809.0
Nov 2004,08-09/11/2004,Open area 2m,12:10,2133.0
Nov 2004,08-09/11/2004,Open area 2m,12:20,1893.0
Nov 2004,08-09/11/2004,Open area 2m,12:30,2250.0
Nov 2004,08-09/11/2004,Open area 2m,12:40,1995.0
Nov 2004,08-09/11/2004,Open area 2m,12:50,2031.0
Nov 2004,08-09/11/2004,Open area 2m,13:00,2121.0
Nov 2004,08-09/11/2004,Open area 2m,13:10,2089.0
Nov 2004,08-09/11/2004,Open area 2m,13:20,1461.0
Nov 2004,08-09/11/2004,Open area 2m,13:30,1494.0
Nov 2004,08-09/11/2004,Open area 2m,13:40,1320.0
Nov 2004,08-09/11/2004,Open area 2m,13:50,1788.0
Nov 2004,08-09/11/2004,Open area 2m,14:00,1136.0
Nov 2004,08-09/11/2004,Open area 2m,14:10,1342.0
Nov 2004,08-09/11/2004,Open area 2m,14:20,1347.0
Nov 2004,08-09/11/2004,Open area 2m,14:30,1464.0
Nov 2004,08-09/11/2004,Open area 2m,14:40,1824.0
Nov 2004,08-09/11/2004,Open area 2m,14:50,1347.0
Nov 2004,08-09/11/2004,Open area 2m,15:00,786.4
Nov 2004,08-09/11/2004,Open area 2m,15:10,1147.0
Nov 2004,08-09/11/2004,Open area 2m,15:20,1221.0
Nov 2004,08-09/11/2004,Open area 2m,15:30,1235.0
Nov 2004,08-09/11/2004,Open area 2m,15:40,1149.0
Nov 2004,08-09/11/2004,Open area 2m,15:50,946.1
Nov 2004,08-09/11/2004,Open area 2m,16:00,1033.0
Nov 2004,08-09/11/2004,Open area 2m,16:10,1014.0
Nov 2004,08-09/11/2004,Open area 2m,16:20,769.5
Nov 2004,08-09/11/2004,Open area 2m,16:30,866.4
Nov 2004,08-09/11/2004,Open area 2m,16:40,752.8
Nov 2004,08-09/11/2004,Open area 2m,16:50,720.6
Nov 2004,08-09/11/2004,Open area 2m,17:00,690.7
Nov 2004,08-09/11/2004,Open area 2m,17:10,482.9
Nov 2004,08-09/11/2004,Open area 2m,17:20,447.1
Nov 2004,08-09/11/2004,Open area 2m,17:30,456.8
Nov 2004,08-09/11/2004,Open area 2m,17:40,615.7
Nov 2004,08-09/11/2004,Open area 2m,17:50,467.2
Nov 2004,08-09/11/2004,Open area 2m,18:00,329.9
Nov 2004,08-09/11/2004,Open area 2m,18:10,244.4
Nov 2004,08-09/11/2004,Open area 2m,18:20,176.3
Nov 2004,08-09/11/2004,Open area 2m,18:30,86.74
Nov 2004,08-09/11/2004,Open area 2m,18:40,11.484
Nov 2004,08-09/11/2004,Open area 2m,18:50,3.471
Nov 2004,08-09/11/2004,Open area 2m,5:50,2.88
Nov 2004,08-09/11/2004,Open area 2m,6:00,6.83
Nov 2004,08-09/11/2004,Open area 2m,6:10,10.42
Nov 2004,08-09/11/2004,Open area 2m,6:20,22.67
Nov 2004,08-09/11/2004,Open area 2m,6:30,34.92
Nov 2004,08-09/11/2004,Open area 2m,6:40,50.37
Nov 2004,08-09/11/2004,Open area 2m,6:50,76.02
Nov 2004,08-09/11/2004,Open area 2m,7:00,74.11
Nov 2004,08-09/11/2004,Open area 2m,7:10,89.77
Nov 2004,08-09/11/2004,Open area 2m,7:20,82.82
Nov 2004,08-09/11/2004,Open area 2m,7:30,114.1
Nov 2004,08-09/11/2004,Open area 2m,7:40,139.5
Nov 2004,08-09/11/2004,Open area 2m,7:50,185.9
Nov 2004,08-09/11/2004,Open area 2m,8:00,175.9
Nov 2004,08-09/11/2004,Open area 2m,8:10,297.8
Nov 2004,08-09/11/2004,Open area 2m,8:20,261.9
Nov 2004,08-09/11/2004,Open area 2m,8:30,228.3
Nov 2004,08-09/11/2004,Open area 2m,8:40,256.5
Nov 2004,08-09/11/2004,Open area 2m,8:50,353.0
Nov 2004,08-09/11/2004,Open area 2m,9:00,858.6
Nov 2004,08-09/11/2004,Open area 2m,9:10,1236.0
Nov 2004,08-09/11/2004,Open area 2m,9:20,1338.0
Nov 2004,08-09/11/2004,Open area 2m,9:30,1573.0
Nov 2004,08-09/11/2004,Open area 2m,9:40,1483.0
Nov 2004,08-09/11/2004,Open area 2m,9:50,1477.0
Jan 2005,07-8/01/2005,AFS 1.2m,10:00,54.55
Jan 2005,07-8/01/2005,AFS 1.2m,10:10,56.95
Jan 2005,07-8/01/2005,AFS 1.2m,10:20,54.45
Jan 2005,07-8/01/2005,AFS 1.2m,10:30,54.65
Jan 2005,07-8/01/2005,AFS 1.2m,10:40,61.05
Jan 2005,07-8/01/2005,AFS 1.2m,10:50,60.65
Jan 2005,07-8/01/2005,AFS 1.2m,11:00,65.85
Jan 2005,07-8/01/2005,AFS 1.2m,11:10,67.15
Jan 2005,07-8/01/2005,AFS 1.2m,11:20,59.85
Jan 2005,07-8/01/2005,AFS 1.2m,11:30,66.85
Jan 2005,07-8/01/2005,AFS 1.2m,11:40,69.0
Jan 2005,07-8/01/2005,AFS 1.2m,11:50,76.4
Jan 2005,07-8/01/2005,AFS 1.2m,12:00,77.9
Jan 2005,07-8/01/2005,AFS 1.2m,12:10,79.0
Jan 2005,07-8/01/2005,AFS 1.2m,12:20,65.65
Jan 2005,07-8/01/2005,AFS 1.2m,12:30,73.2
Jan 2005,07-8/01/2005,AFS 1.2m,12:40,82.45
Jan 2005,07-8/01/2005,AFS 1.2m,12:50,83.2
Jan 2005,07-8/01/2005,AFS 1.2m,13:00,84.55
Jan 2005,07-8/01/2005,AFS 1.2m,13:10,90.05
Jan 2005,07-8/01/2005,AFS 1.2m,13:20,92.15
Jan 2005,07-8/01/2005,AFS 1.2m,13:30,87.45
Jan 2005,07-8/01/2005,AFS 1.2m,13:40,117.1
Jan 2005,07-8/01/2005,AFS 1.2m,13:50,93.5
Jan 2005,07-8/01/2005,AFS 1.2m,14:00,78.7
Jan 2005,07-8/01/2005,AFS 1.2m,14:10,47.29
Jan 2005,07-8/01/2005,AFS 1.2m,14:20,53.35
Jan 2005,07-8/01/2005,AFS 1.2m,14:30,88.0
Jan 2005,07-8/01/2005,AFS 1.2m,14:40,106.15
Jan 2005,07-8/01/2005,AFS 1.2m,14:50,96.95
Jan 2005,07-8/01/2005,AFS 1.2m,15:00,79.25
Jan 2005,07-8/01/2005,AFS 1.2m,15:10,100.0
Jan 2005,07-8/01/2005,AFS 1.2m,15:20,96.6
Jan 2005,07-8/01/2005,AFS 1.2m,15:30,98.55
Jan 2005,07-8/01/2005,AFS 1.2m,15:40,90.2
Jan 2005,07-8/01/2005,AFS 1.2m,15:50,109.05
Jan 2005,07-8/01/2005,AFS 1.2m,16:00,123.0
Jan 2005,07-8/01/2005,AFS 1.2m,16:10,132.25
Jan 2005,07-8/01/2005,AFS 1.2m,16:20,115.85
Jan 2005,07-8/01/2005,AFS 1.2m,16:30,113.35
Jan 2005,07-8/01/2005,AFS 1.2m,16:40,75.7
Jan 2005,07-8/01/2005,AFS 1.2m,16:50,82.25
Jan 2005,07-8/01/2005,AFS 1.2m,17:00,67.75
Jan 2005,07-8/01/2005,AFS 1.2m,17:10,69.3
Jan 2005,07-8/01/2005,AFS 1.2m,17:20,78.9
Jan 2005,07-8/01/2005,AFS 1.2m,17:30,52.6
Jan 2005,07-8/01/2005,AFS 1.2m,17:40,39.71
Jan 2005,07-8/01/2005,AFS 1.2m,17:50,28.935
Jan 2005,07-8/01/2005,AFS 1.2m,18:00,29.46
Jan 2005,07-8/01/2005,AFS 1.2m,18:10,21.4
Jan 2005,07-8/01/2005,AFS 1.2m,18:20,15.34
Jan 2005,07-8/01/2005,AFS 1.2m,18:30,10.28
Jan 2005,07-8/01/2005,AFS 1.2m,18:40,4.558
Jan 2005,07-8/01/2005,AFS 1.2m,18:50,3.561
Jan 2005,07-8/01/2005,AFS 1.2m,19:00,2.564
Jan 2005,07-8/01/2005,AFS 1.2m,19:10,1.567
Jan 2005,07-8/01/2005,AFS 1.2m,19:20,0.57
Jan 2005,07-8/01/2005,AFS 1.2m,5:40,0.1144
Jan 2005,07-8/01/2005,AFS 1.2m,5:50,0.1144
Jan 2005,07-8/01/2005,AFS 1.2m,6:00,0.1144
Jan 2005,07-8/01/2005,AFS 1.2m,6:10,0.8725
Jan 2005,07-8/01/2005,AFS 1.2m,6:20,1.6495
Jan 2005,07-8/01/2005,AFS 1.2m,6:30,3.7335
Jan 2005,07-8/01/2005,AFS 1.2m,6:40,10.74
Jan 2005,07-8/01/2005,AFS 1.2m,6:50,18.095
Jan 2005,07-8/01/2005,AFS 1.2m,7:00,15.98
Jan 2005,07-8/01/2005,AFS 1.2m,7:10,21.075
Jan 2005,07-8/01/2005,AFS 1.2m,7:20,49.065
Jan 2005,07-8/01/2005,AFS 1.2m,7:30,49.98
Jan 2005,07-8/01/2005,AFS 1.2m,7:40,31.84
Jan 2005,07-8/01/2005,AFS 1.2m,7:50,42.31
Jan 2005,07-8/01/2005,AFS 1.2m,8:00,34.61
Jan 2005,07-8/01/2005,AFS 1.2m,8:10,41.0
Jan 2005,07-8/01/2005,AFS 1.2m,8:20,39.13
Jan 2005,07-8/01/2005,AFS 1.2m,8:30,53.85
Jan 2005,07-8/01/2005,AFS 1.2m,8:40,47.005
Jan 2005,07-8/01/2005,AFS 1.2m,8:50,40.83
Jan 2005,07-8/01/2005,AFS 1.2m,9:00,41.59
Jan 2005,07-8/01/2005,AFS 1.2m,9:10,42.715
Jan 2005,07-8/01/2005,AFS 1.2m,9:20,43.69
Jan 2005,07-8/01/2005,AFS 1.2m,9:30,45.47
Jan 2005,07-8/01/2005,AFS 1.2m,9:40,51.6
Jan 2005,07-8/01/2005,AFS 1.2m,9:50,53.2
Jan 2005,08-09/01/2005,AFS 1.2m,10:00,55.3
Jan 2005,08-09/01/2005,AFS 1.2m,10:10,57.35
Jan 2005,08-09/01/2005,AFS 1.2m,10:20,59.35
Jan 2005,08-09/01/2005,AFS 1.2m,10:30,65.4
Jan 2005,08-09/01/2005,AFS 1.2m,10:40,70.4
Jan 2005,08-09/01/2005,AFS 1.2m,10:50,70.1
Jan 2005,08-09/01/2005,AFS 1.2m,11:00,70.05
Jan 2005,08-09/01/2005,AFS 1.2m,11:10,71.85
Jan 2005,08-09/01/2005,AFS 1.2m,11:20,67.7
Jan 2005,08-09/01/2005,AFS 1.2m,11:30,77.2
Jan 2005,08-09/01/2005,AFS 1.2m,11:40,75.7
Jan 2005,08-09/01/2005,AFS 1.2m,11:50,79.0
Jan 2005,08-09/01/2005,AFS 1.2m,12:00,86.05
Jan 2005,08-09/01/2005,AFS 1.2m,12:10,89.6
Jan 2005,08-09/01/2005,AFS 1.2m,12:20,92.05
Jan 2005,08-09/01/2005,AFS 1.2m,12:30,86.9
Jan 2005,08-09/01/2005,AFS 1.2m,12:40,86.15
Jan 2005,08-09/01/2005,AFS 1.2m,12:50,92.7
Jan 2005,08-09/01/2005,AFS 1.2m,13:00,104.65
Jan 2005,08-09/01/2005,AFS 1.2m,13:10,87.4
Jan 2005,08-09/01/2005,AFS 1.2m,13:20,101.75
Jan 2005,08-09/01/2005,AFS 1.2m,13:30,92.25
Jan 2005,08-09/01/2005,AFS 1.2m,13:40,94.0
Jan 2005,08-09/01/2005,AFS 1.2m,13:50,101.6
Jan 2005,08-09/01/2005,AFS 1.2m,14:00,89.45
Jan 2005,08-09/01/2005,AFS 1.2m,14:10,82.95
Jan 2005,08-09/01/2005,AFS 1.2m,14:20,95.35
Jan 2005,08-09/01/2005,AFS 1.2m,14:30,109.75
Jan 2005,08-09/01/2005,AFS 1.2m,14:40,118.95
Jan 2005,08-09/01/2005,AFS 1.2m,14:50,110.95
Jan 2005,08-09/01/2005,AFS 1.2m,15:00,98.4
Jan 2005,08-09/01/2005,AFS 1.2m,15:10,99.65
Jan 2005,08-09/01/2005,AFS 1.2m,15:20,90.05
Jan 2005,08-09/01/2005,AFS 1.2m,15:30,63.8
Jan 2005,08-09/01/2005,AFS 1.2m,15:40,65.35
Jan 2005,08-09/01/2005,AFS 1.2m,15:50,55.05
Jan 2005,08-09/01/2005,AFS 1.2m,16:00,63.6
Jan 2005,08-09/01/2005,AFS 1.2m,16:10,107.05
Jan 2005,08-09/01/2005,AFS 1.2m,16:20,98.45
Jan 2005,08-09/01/2005,AFS 1.2m,16:30,83.2
Jan 2005,08-09/01/2005,AFS 1.2m,16:40,83.95
Jan 2005,08-09/01/2005,AFS 1.2m,16:50,88.55
Jan 2005,08-09/01/2005,AFS 1.2m,17:00,92.3
Jan 2005,08-09/01/2005,AFS 1.2m,17:10,92.6
Jan 2005,08-09/01/2005,AFS 1.2m,17:20,77.35
Jan 2005,08-09/01/2005,AFS 1.2m,17:30,69.45
Jan 2005,08-09/01/2005,AFS 1.2m,17:40,48.03
Jan 2005,08-09/01/2005,AFS 1.2m,17:50,46.57
Jan 2005,08-09/01/2005,AFS 1.2m,18:00,42.94
Jan 2005,08-09/01/2005,AFS 1.2m,18:10,33.715
Jan 2005,08-09/01/2005,AFS 1.2m,18:20,28.22
Jan 2005,08-09/01/2005,AFS 1.2m,18:30,21.7925
Jan 2005,08-09/01/2005,AFS 1.2m,18:40,15.365
Jan 2005,08-09/01/2005,AFS 1.2m,18:50,8.9375
Jan 2005,08-09/01/2005,AFS 1.2m,19:00,2.51
Jan 2005,08-09/01/2005,AFS 1.2m,19:10,0.9175
Jan 2005,08-09/01/2005,AFS 1.2m,19:20,0.1144
Jan 2005,08-09/01/2005,AFS 1.2m,5:40,0.1144
Jan 2005,08-09/01/2005,AFS 1.2m,5:50,0.1144
Jan 2005,08-09/01/2005,AFS 1.2m,6:00,0.276
Jan 2005,08-09/01/2005,AFS 1.2m,6:10,0.853
Jan 2005,08-09/01/2005,AFS 1.2m,6:20,1.43
Jan 2005,08-09/01/2005,AFS 1.2m,6:30,2.693
Jan 2005,08-09/01/2005,AFS 1.2m,6:40,5.78
Jan 2005,08-09/01/2005,AFS 1.2m,6:50,11.735
Jan 2005,08-09/01/2005,AFS 1.2m,7:00,16.015
Jan 2005,08-09/01/2005,AFS 1.2m,7:10,27.4
Jan 2005,08-09/01/2005,AFS 1.2m,7:20,47.35
Jan 2005,08-09/01/2005,AFS 1.2m,7:30,32.29
Jan 2005,08-09/01/2005,AFS 1.2m,7:40,32.29
Jan 2005,08-09/01/2005,AFS 1.2m,7:50,32.535
Jan 2005,08-09/01/2005,AFS 1.2m,8:00,41.335
Jan 2005,08-09/01/2005,AFS 1.2m,8:10,52.7
Jan 2005,08-09/01/2005,AFS 1.2m,8:20,48.21
Jan 2005,08-09/01/2005,AFS 1.2m,8:30,46.59
Jan 2005,08-09/01/2005,AFS 1.2m,8:40,42.97
Jan 2005,08-09/01/2005,AFS 1.2m,8:50,43.345
Jan 2005,08-09/01/2005,AFS 1.2m,9:00,44.28
Jan 2005,08-09/01/2005,AFS 1.2m,9:10,45.145
Jan 2005,08-09/01/2005,AFS 1.2m,9:20,46.515
Jan 2005,08-09/01/2005,AFS 1.2m,9:30,48.005
Jan 2005,08-09/01/2005,AFS 1.2m,9:40,49.905
Jan 2005,08-09/01/2005,AFS 1.2m,9:50,52.5
Jan 2005,09-10/01/2005,AFS 2m,10:00,44.79
Jan 2005,09-10/01/2005,AFS 2m,10:10,70.1
Jan 2005,09-10/01/2005,AFS 2m,10:20,71.55
Jan 2005,09-10/01/2005,AFS 2m,10:30,43.95
Jan 2005,09-10/01/2005,AFS 2m,10:40,38.895
Jan 2005,09-10/01/2005,AFS 2m,10:50,54.15
Jan 2005,09-10/01/2005,AFS 2m,11:00,62.15
Jan 2005,09-10/01/2005,AFS 2m,11:10,60.7
Jan 2005,09-10/01/2005,AFS 2m,11:20,78.1
Jan 2005,09-10/01/2005,AFS 2m,11:30,85.7
Jan 2005,09-10/01/2005,AFS 2m,11:40,83.55
Jan 2005,09-10/01/2005,AFS 2m,11:50,86.5
Jan 2005,09-10/01/2005,AFS 2m,12:00,86.8
Jan 2005,09-10/01/2005,AFS 2m,12:10,91.55
Jan 2005,09-10/01/2005,AFS 2m,12:20,89.7
Jan 2005,09-10/01/2005,AFS 2m,12:30,95.15
Jan 2005,09-10/01/2005,AFS 2m,12:40,93.05
Jan 2005,09-10/01/2005,AFS 2m,12:50,92.55
Jan 2005,09-10/01/2005,AFS 2m,13:00,93.35
Jan 2005,09-10/01/2005,AFS 2m,13:10,98.0
Jan 2005,09-10/01/2005,AFS 2m,13:20,102.3
Jan 2005,09-10/01/2005,AFS 2m,13:30,103.55
Jan 2005,09-10/01/2005,AFS 2m,13:40,94.8
Jan 2005,09-10/01/2005,AFS 2m,13:50,78.45
Jan 2005,09-10/01/2005,AFS 2m,14:00,82.0
Jan 2005,09-10/01/2005,AFS 2m,14:10,84.6
Jan 2005,09-10/01/2005,AFS 2m,14:20,90.25
Jan 2005,09-10/01/2005,AFS 2m,14:30,93.25
Jan 2005,09-10/01/2005,AFS 2m,14:40,97.1
Jan 2005,09-10/01/2005,AFS 2m,14:50,99.05
Jan 2005,09-10/01/2005,AFS 2m,15:00,100.35
Jan 2005,09-10/01/2005,AFS 2m,15:10,101.15
Jan 2005,09-10/01/2005,AFS 2m,15:20,104.3
Jan 2005,09-10/01/2005,AFS 2m,15:30,106.65
Jan 2005,09-10/01/2005,AFS 2m,15:40,101.75
Jan 2005,09-10/01/2005,AFS 2m,15:50,97.8
Jan 2005,09-10/01/2005,AFS 2m,16:00,98.65
Jan 2005,09-10/01/2005,AFS 2m,16:10,93.1
Jan 2005,09-10/01/2005,AFS 2m,16:20,77.2
Jan 2005,09-10/01/2005,AFS 2m,16:30,39.19
Jan 2005,09-10/01/2005,AFS 2m,16:40,25.385
Jan 2005,09-10/01/2005,AFS 2m,16:50,28.15
Jan 2005,09-10/01/2005,AFS 2m,17:00,38.63
Jan 2005,09-10/01/2005,AFS 2m,17:10,76.5
Jan 2005,09-10/01/2005,AFS 2m,17:20,78.8
Jan 2005,09-10/01/2005,AFS 2m,17:30,90.55
Jan 2005,09-10/01/2005,AFS 2m,17:40,85.05
Jan 2005,09-10/01/2005,AFS 2m,17:50,85.4
Jan 2005,09-10/01/2005,AFS 2m,18:00,80.8
Jan 2005,09-10/01/2005,AFS 2m,18:10,77.6
Jan 2005,09-10/01/2005,AFS 2m,18:20,69.51
Jan 2005,09-10/01/2005,AFS 2m,18:30,61.42
Jan 2005,09-10/01/2005,AFS 2m,18:40,53.33
Jan 2005,09-10/01/2005,AFS 2m,18:50,45.24
Jan 2005,09-10/01/2005,AFS 2m,19:00,17.15
Jan 2005,09-10/01/2005,AFS 2m,19:10,5.182
Jan 2005,09-10/01/2005,AFS 2m,19:20,1.56
Jan 2005,09-10/01/2005,AFS 2m,5:40,0.5815
Jan 2005,09-10/01/2005,AFS 2m,5:50,0.785
Jan 2005,09-10/01/2005,AFS 2m,6:00,0.9535
Jan 2005,09-10/01/2005,AFS 2m,6:10,1.1045
Jan 2005,09-10/01/2005,AFS 2m,6:20,1.2955
Jan 2005,09-10/01/2005,AFS 2m,6:30,3.6135
Jan 2005,09-10/01/2005,AFS 2m,6:40,6.68
Jan 2005,09-10/01/2005,AFS 2m,6:50,11.445
Jan 2005,09-10/01/2005,AFS 2m,7:00,11.125
Jan 2005,09-10/01/2005,AFS 2m,7:10,11.395
Jan 2005,09-10/01/2005,AFS 2m,7:20,7.315
Jan 2005,09-10/01/2005,AFS 2m,7:30,10.62
Jan 2005,09-10/01/2005,AFS 2m,7:40,18.07
Jan 2005,09-10/01/2005,AFS 2m,7:50,28.75
Jan 2005,09-10/01/2005,AFS 2m,8:00,41.435
Jan 2005,09-10/01/2005,AFS 2m,8:10,42.335
Jan 2005,09-10/01/2005,AFS 2m,8:20,33.13
Jan 2005,09-10/01/2005,AFS 2m,8:30,49.98
Jan 2005,09-10/01/2005,AFS 2m,8:40,60.6
Jan 2005,09-10/01/2005,AFS 2m,8:50,59.6
Jan 2005,09-10/01/2005,AFS 2m,9:00,72.75
Jan 2005,09-10/01/2005,AFS 2m,9:10,81.4
Jan 2005,09-10/01/2005,AFS 2m,9:20,57.7
Jan 2005,09-10/01/2005,AFS 2m,9:30,45.89
Jan 2005,09-10/01/2005,AFS 2m,9:40,32.91
Jan 2005,09-10/01/2005,AFS 2m,9:50,27.605
Jan 2005,14-15/01/2005,AFS 2m,10:00,112.3
Jan 2005,14-15/01/2005,AFS 2m,10:10,116.6
Jan 2005,14-15/01/2005,AFS 2m,10:20,98.15
Jan 2005,14-15/01/2005,AFS 2m,10:30,88.1
Jan 2005,14-15/01/2005,AFS 2m,10:40,87.55
Jan 2005,14-15/01/2005,AFS 2m,10:50,88.8
Jan 2005,14-15/01/2005,AFS 2m,11:00,96.5
Jan 2005,14-15/01/2005,AFS 2m,11:10,90.75
Jan 2005,14-15/01/2005,AFS 2m,11:20,71.0
Jan 2005,14-15/01/2005,AFS 2m,11:30,74.55
Jan 2005,14-15/01/2005,AFS 2m,11:40,76.05
Jan 2005,14-15/01/2005,AFS 2m,11:50,70.15
Jan 2005,14-15/01/2005,AFS 2m,12:00,71.25
Jan 2005,14-15/01/2005,AFS 2m,12:10,74.65
Jan 2005,14-15/01/2005,AFS 2m,12:20,79.25
Jan 2005,14-15/01/2005,AFS 2m,12:30,77.1
Jan 2005,14-15/01/2005,AFS 2m,12:40,89.45
Jan 2005,14-15/01/2005,AFS 2m,12:50,81.95
Jan 2005,14-15/01/2005,AFS 2m,13:00,103.45
Jan 2005,14-15/01/2005,AFS 2m,13:10,99.2
Jan 2005,14-15/01/2005,AFS 2m,13:20,98.6
Jan 2005,14-15/01/2005,AFS 2m,13:30,85.1
Jan 2005,14-15/01/2005,AFS 2m,13:40,91.6
Jan 2005,14-15/01/2005,AFS 2m,13:50,84.1
Jan 2005,14-15/01/2005,AFS 2m,14:00,84.85
Jan 2005,14-15/01/2005,AFS 2m,14:10,98.15
Jan 2005,14-15/01/2005,AFS 2m,14:20,95.95
Jan 2005,14-15/01/2005,AFS 2m,14:30,96.05
Jan 2005,14-15/01/2005,AFS 2m,14:40,111.5
Jan 2005,14-15/01/2005,AFS 2m,14:50,111.45
Jan 2005,14-15/01/2005,AFS 2m,15:00,98.7
Jan 2005,14-15/01/2005,AFS 2m,15:10,113.0
Jan 2005,14-15/01/2005,AFS 2m,15:20,112.05
Jan 2005,14-15/01/2005,AFS 2m,15:30,100.3
Jan 2005,14-15/01/2005,AFS 2m,15:40,89.2
Jan 2005,14-15/01/2005,AFS 2m,15:50,90.5
Jan 2005,14-15/01/2005,AFS 2m,16:00,141.95
Jan 2005,14-15/01/2005,AFS 2m,16:10,152.2
Jan 2005,14-15/01/2005,AFS 2m,16:20,133.45
Jan 2005,14-15/01/2005,AFS 2m,16:30,108.8
Jan 2005,14-15/01/2005,AFS 2m,16:40,90.95
Jan 2005,14-15/01/2005,AFS 2m,16:50,95.85
Jan 2005,14-15/01/2005,AFS 2m,17:00,83.3
Jan 2005,14-15/01/2005,AFS 2m,17:10,98.4
Jan 2005,14-15/01/2005,AFS 2m,17:20,88.7
Jan 2005,14-15/01/2005,AFS 2m,17:30,86.0
Jan 2005,14-15/01/2005,AFS 2m,17:40,94.05
Jan 2005,14-15/01/2005,AFS 2m,17:50,89.55
Jan 2005,14-15/01/2005,AFS 2m,18:00,71.35
Jan 2005,14-15/01/2005,AFS 2m,18:10,61.8
Jan 2005,14-15/01/2005,AFS 2m,18:20,46.48
Jan 2005,14-15/01/2005,AFS 2m,18:30,38.601
Jan 2005,14-15/01/2005,AFS 2m,18:40,31.722
Jan 2005,14-15/01/2005,AFS 2m,18:50,24.84
Jan 2005,14-15/01/2005,AFS 2m,19:00,14.964
Jan 2005,14-15/01/2005,AFS 2m,19:10,5.084
Jan 2005,14-15/01/2005,AFS 2m,19:20,1.794
Jan 2005,14-15/01/2005,AFS 2m,5:40,0.1144
Jan 2005,14-15/01/2005,AFS 2m,5:50,0.5144
Jan 2005,14-15/01/2005,AFS 2m,6:00,0.728
Jan 2005,14-15/01/2005,AFS 2m,6:10,1.336
Jan 2005,14-15/01/2005,AFS 2m,6:20,2.111
Jan 2005,14-15/01/2005,AFS 2m,6:30,2.6355
Jan 2005,14-15/01/2005,AFS 2m,6:40,7.165
Jan 2005,14-15/01/2005,AFS 2m,6:50,15.505
Jan 2005,14-15/01/2005,AFS 2m,7:00,22.45
Jan 2005,14-15/01/2005,AFS 2m,7:10,36.05
Jan 2005,14-15/01/2005,AFS 2m,7:20,50.55
Jan 2005,14-15/01/2005,AFS 2m,7:30,41.64
Jan 2005,14-15/01/2005,AFS 2m,7:40,47.18
Jan 2005,14-15/01/2005,AFS 2m,7:50,66.15
Jan 2005,14-15/01/2005,AFS 2m,8:00,54.1
Jan 2005,14-15/01/2005,AFS 2m,8:10,58.3
Jan 2005,14-15/01/2005,AFS 2m,8:20,57.05
Jan 2005,14-15/01/2005,AFS 2m,8:30,68.8
Jan 2005,14-15/01/2005,AFS 2m,8:40,77.55
Jan 2005,14-15/01/2005,AFS 2m,8:50,87.5
Jan 2005,14-15/01/2005,AFS 2m,9:00,72.75
Jan 2005,14-15/01/2005,AFS 2m,9:10,71.7
Jan 2005,14-15/01/2005,AFS 2m,9:20,82.6
Jan 2005,14-15/01/2005,AFS 2m,9:30,79.7
Jan 2005,14-15/01/2005,AFS 2m,9:40,73.35
Jan 2005,14-15/01/2005,AFS 2m,9:50,76.7
Jan 2005,18-19/01/2005,AFS 2m,10:00,33.57
Jan 2005,18-19/01/2005,AFS 2m,10:10,99.12
Jan 2005,18-19/01/2005,AFS 2m,10:20,51.34
Jan 2005,18-19/01/2005,AFS 2m,10:30,57.72
Jan 2005,18-19/01/2005,AFS 2m,10:40,52.11
Jan 2005,18-19/01/2005,AFS 2m,10:50,50.12
Jan 2005,18-19/01/2005,AFS 2m,11:00,81.1
Jan 2005,18-19/01/2005,AFS 2m,11:10,191.1
Jan 2005,18-19/01/2005,AFS 2m,11:20,33.38
Jan 2005,18-19/01/2005,AFS 2m,11:30,36.47
Jan 2005,18-19/01/2005,AFS 2m,11:40,33.71
Jan 2005,18-19/01/2005,AFS 2m,11:50,34.9
Jan 2005,18-19/01/2005,AFS 2m,12:00,25.53
Jan 2005,18-19/01/2005,AFS 2m,12:10,32.62
Jan 2005,18-19/01/2005,AFS 2m,12:20,37.31
Jan 2005,18-19/01/2005,AFS 2m,12:30,47.18
Jan 2005,18-19/01/2005,AFS 2m,12:40,42.98
Jan 2005,18-19/01/2005,AFS 2m,12:50,30.94
Jan 2005,18-19/01/2005,AFS 2m,13:00,33.8
Jan 2005,18-19/01/2005,AFS 2m,13:10,38.53
Jan 2005,18-19/01/2005,AFS 2m,13:20,42.44
Jan 2005,18-19/01/2005,AFS 2m,13:30,67.81
Jan 2005,18-19/01/2005,AFS 2m,13:40,49.8
Jan 2005,18-19/01/2005,AFS 2m,13:50,34.92
Jan 2005,18-19/01/2005,AFS 2m,14:00,46.18
Jan 2005,18-19/01/2005,AFS 2m,14:10,49.6
Jan 2005,18-19/01/2005,AFS 2m,14:20,52.01
Jan 2005,18-19/01/2005,AFS 2m,14:30,50.46
Jan 2005,18-19/01/2005,AFS 2m,14:40,51.08
Jan 2005,18-19/01/2005,AFS 2m,14:50,147.6
Jan 2005,18-19/01/2005,AFS 2m,15:00,361.3
Jan 2005,18-19/01/2005,AFS 2m,15:10,66.36
Jan 2005,18-19/01/2005,AFS 2m,15:20,40.8
Jan 2005,18-19/01/2005,AFS 2m,15:30,134.1
Jan 2005,18-19/01/2005,AFS 2m,15:40,87.74
Jan 2005,18-19/01/2005,AFS 2m,15:50,73.3
Jan 2005,18-19/01/2005,AFS 2m,16:00,105.0
Jan 2005,18-19/01/2005,AFS 2m,16:10,485.9
Jan 2005,18-19/01/2005,AFS 2m,16:20,234.75
Jan 2005,18-19/01/2005,AFS 2m,16:30,366.0
Jan 2005,18-19/01/2005,AFS 2m,16:40,43.86
Jan 2005,18-19/01/2005,AFS 2m,16:50,34.31
Jan 2005,18-19/01/2005,AFS 2m,17:00,25.66
Jan 2005,18-19/01/2005,AFS 2m,17:10,42.0
Jan 2005,18-19/01/2005,AFS 2m,17:20,40.21
Jan 2005,18-19/01/2005,AFS 2m,17:30,29.66
Jan 2005,18-19/01/2005,AFS 2m,17:40,22.31
Jan 2005,18-19/01/2005,AFS 2m,17:50,24.38
Jan 2005,18-19/01/2005,AFS 2m,18:00,25.13
Jan 2005,18-19/01/2005,AFS 2m,18:10,17.14
Jan 2005,18-19/01/2005,AFS 2m,18:20,16.08
Jan 2005,18-19/01/2005,AFS 2m,18:30,15.35
Jan 2005,18-19/01/2005,AFS 2m,18:40,12.735
Jan 2005,18-19/01/2005,AFS 2m,18:50,10.12
Jan 2005,18-19/01/2005,AFS 2m,19:00,7.505
Jan 2005,18-19/01/2005,AFS 2m,19:10,4.89
Jan 2005,18-19/01/2005,AFS 2m,19:20,2.275
Jan 2005,18-19/01/2005,AFS 2m,5:40,0.1144
Jan 2005,18-19/01/2005,AFS 2m,5:50,0.419
Jan 2005,18-19/01/2005,AFS 2m,6:00,1.002
Jan 2005,18-19/01/2005,AFS 2m,6:10,1.585
Jan 2005,18-19/01/2005,AFS 2m,6:20,2.168
Jan 2005,18-19/01/2005,AFS 2m,6:30,2.536
Jan 2005,18-19/01/2005,AFS 2m,6:40,3.315
Jan 2005,18-19/01/2005,AFS 2m,6:50,3.491
Jan 2005,18-19/01/2005,AFS 2m,7:00,4.656
Jan 2005,18-19/01/2005,AFS 2m,7:10,6.044
Jan 2005,18-19/01/2005,AFS 2m,7:20,10.27
Jan 2005,18-19/01/2005,AFS 2m,7:30,9.228
Jan 2005,18-19/01/2005,AFS 2m,7:40,10.47
Jan 2005,18-19/01/2005,AFS 2m,7:50,11.52
Jan 2005,18-19/01/2005,AFS 2m,8:00,13.64
Jan 2005,18-19/01/2005,AFS 2m,8:10,18.18
Jan 2005,18-19/01/2005,AFS 2m,8:20,22.6
Jan 2005,18-19/01/2005,AFS 2m,8:30,26.07
Jan 2005,18-19/01/2005,AFS 2m,8:40,26.58
Jan 2005,18-19/01/2005,AFS 2m,8:50,28.02
Jan 2005,18-19/01/2005,AFS 2m,9:00,29.46
Jan 2005,18-19/01/2005,AFS 2m,9:10,30.35
Jan 2005,18-19/01/2005,AFS 2m,9:20,40.51
Jan 2005,18-19/01/2005,AFS 2m,9:30,52.55
Jan 2005,18-19/01/2005,AFS 2m,9:40,40.85
Jan 2005,18-19/01/2005,AFS 2m,9:50,37.85
Jan 2005,11-12/01/2005,MO 1.2m,10:00,444.25
Jan 2005,11-12/01/2005,MO 1.2m,10:10,449.0
Jan 2005,11-12/01/2005,MO 1.2m,10:20,450.5
Jan 2005,11-12/01/2005,MO 1.2m,10:30,451.0
Jan 2005,11-12/01/2005,MO 1.2m,10:40,450.0
Jan 2005,11-12/01/2005,MO 1.2m,10:50,472.5
Jan 2005,11-12/01/2005,MO 1.2m,11:00,540.25
Jan 2005,11-12/01/2005,MO 1.2m,11:10,625.5
Jan 2005,11-12/01/2005,MO 1.2m,11:20,679.75
Jan 2005,11-12/01/2005,MO 1.2m,11:30,618.5
Jan 2005,11-12/01/2005,MO 1.2m,11:40,596.25
Jan 2005,11-12/01/2005,MO 1.2m,11:50,559.5
Jan 2005,11-12/01/2005,MO 1.2m,12:00,567.75
Jan 2005,11-12/01/2005,MO 1.2m,12:10,562.0
Jan 2005,11-12/01/2005,MO 1.2m,12:20,555.75
Jan 2005,11-12/01/2005,MO 1.2m,12:30,570.25
Jan 2005,11-12/01/2005,MO 1.2m,12:40,551.75
Jan 2005,11-12/01/2005,MO 1.2m,12:50,539.5
Jan 2005,11-12/01/2005,MO 1.2m,13:00,545.75
Jan 2005,11-12/01/2005,MO 1.2m,13:10,538.0
Jan 2005,11-12/01/2005,MO 1.2m,13:20,563.0
Jan 2005,11-12/01/2005,MO 1.2m,13:30,554.0
Jan 2005,11-12/01/2005,MO 1.2m,13:40,566.75
Jan 2005,11-12/01/2005,MO 1.2m,13:50,562.5
Jan 2005,11-12/01/2005,MO 1.2m,14:00,563.0
Jan 2005,11-12/01/2005,MO 1.2m,14:10,606.5
Jan 2005,11-12/01/2005,MO 1.2m,14:20,587.0
Jan 2005,11-12/01/2005,MO 1.2m,14:30,552.0
Jan 2005,11-12/01/2005,MO 1.2m,14:40,546.0
Jan 2005,11-12/01/2005,MO 1.2m,14:50,559.75
Jan 2005,11-12/01/2005,MO 1.2m,15:00,641.25
Jan 2005,11-12/01/2005,MO 1.2m,15:10,684.0
Jan 2005,11-12/01/2005,MO 1.2m,15:20,747.25
Jan 2005,11-12/01/2005,MO 1.2m,15:30,774.5
Jan 2005,11-12/01/2005,MO 1.2m,15:40,769.5
Jan 2005,11-12/01/2005,MO 1.2m,15:50,606.75
Jan 2005,11-12/01/2005,MO 1.2m,16:00,787.75
Jan 2005,11-12/01/2005,MO 1.2m,16:10,806.5
Jan 2005,11-12/01/2005,MO 1.2m,16:20,557.5
Jan 2005,11-12/01/2005,MO 1.2m,16:30,533.75
Jan 2005,11-12/01/2005,MO 1.2m,16:40,739.0
Jan 2005,11-12/01/2005,MO 1.2m,16:50,480.75
Jan 2005,11-12/01/2005,MO 1.2m,17:00,408.0
Jan 2005,11-12/01/2005,MO 1.2m,17:10,385.5
Jan 2005,11-12/01/2005,MO 1.2m,17:20,462.75
Jan 2005,11-12/01/2005,MO 1.2m,17:30,415.125
Jan 2005,11-12/01/2005,MO 1.2m,17:40,407.475
Jan 2005,11-12/01/2005,MO 1.2m,17:50,399.825
Jan 2005,11-12/01/2005,MO 1.2m,18:00,392.175
Jan 2005,11-12/01/2005,MO 1.2m,18:10,384.525
Jan 2005,11-12/01/2005,MO 1.2m,18:20,206.875
Jan 2005,11-12/01/2005,MO 1.2m,18:30,169.225
Jan 2005,11-12/01/2005,MO 1.2m,18:40,131.575
Jan 2005,11-12/01/2005,MO 1.2m,18:50,93.925
Jan 2005,11-12/01/2005,MO 1.2m,19:00,56.275
Jan 2005,11-12/01/2005,MO 1.2m,19:10,18.625
Jan 2005,11-12/01/2005,MO 1.2m,19:20,1.525
Jan 2005,11-12/01/2005,MO 1.2m,5:40,0.4875
Jan 2005,11-12/01/2005,MO 1.2m,5:50,3.119
Jan 2005,11-12/01/2005,MO 1.2m,6:00,5.075
Jan 2005,11-12/01/2005,MO 1.2m,6:10,10.405
Jan 2005,11-12/01/2005,MO 1.2m,6:20,20.7025
Jan 2005,11-12/01/2005,MO 1.2m,6:30,54.625
Jan 2005,11-12/01/2005,MO 1.2m,6:40,119.075
Jan 2005,11-12/01/2005,MO 1.2m,6:50,204.875
Jan 2005,11-12/01/2005,MO 1.2m,7:00,307.0
Jan 2005,11-12/01/2005,MO 1.2m,7:10,344.25
Jan 2005,11-12/01/2005,MO 1.2m,7:20,378.25
Jan 2005,11-12/01/2005,MO 1.2m,7:30,388.5
Jan 2005,11-12/01/2005,MO 1.2m,7:40,399.25
Jan 2005,11-12/01/2005,MO 1.2m,7:50,408.75
Jan 2005,11-12/01/2005,MO 1.2m,8:00,412.25
Jan 2005,11-12/01/2005,MO 1.2m,8:10,411.25
Jan 2005,11-12/01/2005,MO 1.2m,8:20,414.5
Jan 2005,11-12/01/2005,MO 1.2m,8:30,415.0
Jan 2005,11-12/01/2005,MO 1.2m,8:40,420.0
Jan 2005,11-12/01/2005,MO 1.2m,8:50,420.0
Jan 2005,11-12/01/2005,MO 1.2m,9:00,418.0
Jan 2005,11-12/01/2005,MO 1.2m,9:10,420.25
Jan 2005,11-12/01/2005,MO 1.2m,9:20,425.5
Jan 2005,11-12/01/2005,MO 1.2m,9:30,426.25
Jan 2005,11-12/01/2005,MO 1.2m,9:40,431.0
Jan 2005,11-12/01/2005,MO 1.2m,9:50,435.5
Jan 2005,19-20/01/2005,MO 1.2m,10:00,493.5
Jan 2005,19-20/01/2005,MO 1.2m,10:10,469.75
Jan 2005,19-20/01/2005,MO 1.2m,10:20,417.5
Jan 2005,19-20/01/2005,MO 1.2m,10:30,390.5
Jan 2005,19-20/01/2005,MO 1.2m,10:40,468.5
Jan 2005,19-20/01/2005,MO 1.2m,10:50,366.25
Jan 2005,19-20/01/2005,MO 1.2m,11:00,395.5
Jan 2005,19-20/01/2005,MO 1.2m,11:10,845.0
Jan 2005,19-20/01/2005,MO 1.2m,11:20,773.25
Jan 2005,19-20/01/2005,MO 1.2m,11:30,723.25
Jan 2005,19-20/01/2005,MO 1.2m,11:40,674.75
Jan 2005,19-20/01/2005,MO 1.2m,11:50,522.0
Jan 2005,19-20/01/2005,MO 1.2m,12:00,464.75
Jan 2005,19-20/01/2005,MO 1.2m,12:10,573.0
Jan 2005,19-20/01/2005,MO 1.2m,12:20,365.0
Jan 2005,19-20/01/2005,MO 1.2m,12:30,416.1
Jan 2005,19-20/01/2005,MO 1.2m,12:40,391.7
Jan 2005,19-20/01/2005,MO 1.2m,12:50,208.7
Jan 2005,19-20/01/2005,MO 1.2m,13:00,199.5
Jan 2005,19-20/01/2005,MO 1.2m,13:10,161.2
Jan 2005,19-20/01/2005,MO 1.2m,13:20,129.9
Jan 2005,19-20/01/2005,MO 1.2m,13:30,174.2
Jan 2005,19-20/01/2005,MO 1.2m,13:40,277.25
Jan 2005,19-20/01/2005,MO 1.2m,13:50,351.5
Jan 2005,19-20/01/2005,MO 1.2m,14:00,394.0
Jan 2005,19-20/01/2005,MO 1.2m,14:10,453.5
Jan 2005,19-20/01/2005,MO 1.2m,14:20,392.0
Jan 2005,19-20/01/2005,MO 1.2m,14:30,316.75
Jan 2005,19-20/01/2005,MO 1.2m,14:40,263.25
Jan 2005,19-20/01/2005,MO 1.2m,14:50,863.0
Jan 2005,19-20/01/2005,MO 1.2m,15:00,875.0
Jan 2005,19-20/01/2005,MO 1.2m,15:10,956.75
Jan 2005,19-20/01/2005,MO 1.2m,15:20,422.5
Jan 2005,19-20/01/2005,MO 1.2m,15:30,219.25
Jan 2005,19-20/01/2005,MO 1.2m,15:40,258.5
Jan 2005,19-20/01/2005,MO 1.2m,15:50,307.75
Jan 2005,19-20/01/2005,MO 1.2m,16:00,250.0
Jan 2005,19-20/01/2005,MO 1.2m,16:10,919.75
Jan 2005,19-20/01/2005,MO 1.2m,16:20,892.5
Jan 2005,19-20/01/2005,MO 1.2m,16:30,601.4
Jan 2005,19-20/01/2005,MO 1.2m,16:40,509.0
Jan 2005,19-20/01/2005,MO 1.2m,16:50,401.5
Jan 2005,19-20/01/2005,MO 1.2m,17:00,346.25
Jan 2005,19-20/01/2005,MO 1.2m,17:10,163.275
Jan 2005,19-20/01/2005,MO 1.2m,17:20,358.25
Jan 2005,19-20/01/2005,MO 1.2m,17:30,851.75
Jan 2005,19-20/01/2005,MO 1.2m,17:40,820.0
Jan 2005,19-20/01/2005,MO 1.2m,17:50,808.75
Jan 2005,19-20/01/2005,MO 1.2m,18:00,676.3
Jan 2005,19-20/01/2005,MO 1.2m,18:10,417.25
Jan 2005,19-20/01/2005,MO 1.2m,18:20,216.58
Jan 2005,19-20/01/2005,MO 1.2m,18:30,117.201
Jan 2005,19-20/01/2005,MO 1.2m,18:40,97.82
Jan 2005,19-20/01/2005,MO 1.2m,18:50,78.439
Jan 2005,19-20/01/2005,MO 1.2m,19:00,39.058
Jan 2005,19-20/01/2005,MO 1.2m,19:10,19.677
Jan 2005,19-20/01/2005,MO 1.2m,19:20,2.29
Jan 2005,19-20/01/2005,MO 1.2m,5:40,0.1144
Jan 2005,19-20/01/2005,MO 1.2m,5:50,0.5275
Jan 2005,19-20/01/2005,MO 1.2m,6:00,0.951
Jan 2005,19-20/01/2005,MO 1.2m,6:10,1.372
Jan 2005,19-20/01/2005,MO 1.2m,6:20,2.795
Jan 2005,19-20/01/2005,MO 1.2m,6:30,4.7825
Jan 2005,19-20/01/2005,MO 1.2m,6:40,12.36
Jan 2005,19-20/01/2005,MO 1.2m,6:50,19.9375
Jan 2005,19-20/01/2005,MO 1.2m,7:00,35.325
Jan 2005,19-20/01/2005,MO 1.2m,7:10,53.575
Jan 2005,19-20/01/2005,MO 1.2m,7:20,77.0
Jan 2005,19-20/01/2005,MO 1.2m,7:30,100.5
Jan 2005,19-20/01/2005,MO 1.2m,7:40,106.05
Jan 2005,19-20/01/2005,MO 1.2m,7:50,103.95
Jan 2005,19-20/01/2005,MO 1.2m,8:00,150.7
Jan 2005,19-20/01/2005,MO 1.2m,8:10,144.35
Jan 2005,19-20/01/2005,MO 1.2m,8:20,139.175
Jan 2005,19-20/01/2005,MO 1.2m,8:30,202.875
Jan 2005,19-20/01/2005,MO 1.2m,8:40,313.0
Jan 2005,19-20/01/2005,MO 1.2m,8:50,314.25
Jan 2005,19-20/01/2005,MO 1.2m,9:00,324.75
Jan 2005,19-20/01/2005,MO 1.2m,9:10,635.75
Jan 2005,19-20/01/2005,MO 1.2m,9:20,418.0
Jan 2005,19-20/01/2005,MO 1.2m,9:30,354.75
Jan 2005,19-20/01/2005,MO 1.2m,9:40,408.75
Jan 2005,19-20/01/2005,MO 1.2m,9:50,443.75
Jan 2005,10-11/01/2005,MO 2m,10:00,607.5
Jan 2005,10-11/01/2005,MO 2m,10:10,631.25
Jan 2005,10-11/01/2005,MO 2m,10:20,697.0
Jan 2005,10-11/01/2005,MO 2m,10:30,694.25
Jan 2005,10-11/01/2005,MO 2m,10:40,684.75
Jan 2005,10-11/01/2005,MO 2m,10:50,695.25
Jan 2005,10-11/01/2005,MO 2m,11:00,692.0
Jan 2005,10-11/01/2005,MO 2m,11:10,638.75
Jan 2005,10-11/01/2005,MO 2m,11:20,398.0
Jan 2005,10-11/01/2005,MO 2m,11:30,630.5
Jan 2005,10-11/01/2005,MO 2m,11:40,655.5
Jan 2005,10-11/01/2005,MO 2m,11:50,615.75
Jan 2005,10-11/01/2005,MO 2m,12:00,652.5
Jan 2005,10-11/01/2005,MO 2m,12:10,661.75
Jan 2005,10-11/01/2005,MO 2m,12:20,646.5
Jan 2005,10-11/01/2005,MO 2m,12:30,597.5
Jan 2005,10-11/01/2005,MO 2m,12:40,653.25
Jan 2005,10-11/01/2005,MO 2m,12:50,576.5
Jan 2005,10-11/01/2005,MO 2m,13:00,538.75
Jan 2005,10-11/01/2005,MO 2m,13:10,621.0
Jan 2005,10-11/01/2005,MO 2m,13:20,619.25
Jan 2005,10-11/01/2005,MO 2m,13:30,640.25
Jan 2005,10-11/01/2005,MO 2m,13:40,664.25
Jan 2005,10-11/01/2005,MO 2m,13:50,687.25
Jan 2005,10-11/01/2005,MO 2m,14:00,651.25
Jan 2005,10-11/01/2005,MO 2m,14:10,638.5
Jan 2005,10-11/01/2005,MO 2m,14:20,689.75
Jan 2005,10-11/01/2005,MO 2m,14:30,684.5
Jan 2005,10-11/01/2005,MO 2m,14:40,678.0
Jan 2005,10-11/01/2005,MO 2m,14:50,679.0
Jan 2005,10-11/01/2005,MO 2m,15:00,660.5
Jan 2005,10-11/01/2005,MO 2m,15:10,594.5
Jan 2005,10-11/01/2005,MO 2m,15:20,715.5
Jan 2005,10-11/01/2005,MO 2m,15:30,655.25
Jan 2005,10-11/01/2005,MO 2m,15:40,687.5
Jan 2005,10-11/01/2005,MO 2m,15:50,688.5
Jan 2005,10-11/01/2005,MO 2m,16:00,693.25
Jan 2005,10-11/01/2005,MO 2m,16:10,703.25
Jan 2005,10-11/01/2005,MO 2m,16:20,739.75
Jan 2005,10-11/01/2005,MO 2m,16:30,738.25
Jan 2005,10-11/01/2005,MO 2m,16:40,649.0
Jan 2005,10-11/01/2005,MO 2m,16:50,652.0
Jan 2005,10-11/01/2005,MO 2m,17:00,732.75
Jan 2005,10-11/01/2005,MO 2m,17:10,650.75
Jan 2005,10-11/01/2005,MO 2m,17:20,523.5
Jan 2005,10-11/01/2005,MO 2m,17:30,753.5
Jan 2005,10-11/01/2005,MO 2m,17:40,763.0
Jan 2005,10-11/01/2005,MO 2m,17:50,721.75
Jan 2005,10-11/01/2005,MO 2m,18:00,663.25
Jan 2005,10-11/01/2005,MO 2m,18:10,675.25
Jan 2005,10-11/01/2005,MO 2m,18:20,500.58
Jan 2005,10-11/01/2005,MO 2m,18:30,413.91
Jan 2005,10-11/01/2005,MO 2m,18:40,283.24
Jan 2005,10-11/01/2005,MO 2m,18:50,152.57
Jan 2005,10-11/01/2005,MO 2m,19:00,92.459
Jan 2005,10-11/01/2005,MO 2m,19:10,22.348
Jan 2005,10-11/01/2005,MO 2m,19:20,4.763
Jan 2005,10-11/01/2005,MO 2m,5:40,1.093
Jan 2005,10-11/01/2005,MO 2m,5:50,5.135
Jan 2005,10-11/01/2005,MO 2m,6:00,7.34
Jan 2005,10-11/01/2005,MO 2m,6:10,13.455
Jan 2005,10-11/01/2005,MO 2m,6:20,54.25
Jan 2005,10-11/01/2005,MO 2m,6:30,144.725
Jan 2005,10-11/01/2005,MO 2m,6:40,348.5
Jan 2005,10-11/01/2005,MO 2m,6:50,480.0
Jan 2005,10-11/01/2005,MO 2m,7:00,521.0
Jan 2005,10-11/01/2005,MO 2m,7:10,539.0
Jan 2005,10-11/01/2005,MO 2m,7:20,559.0
Jan 2005,10-11/01/2005,MO 2m,7:30,564.0
Jan 2005,10-11/01/2005,MO 2m,7:40,554.25
Jan 2005,10-11/01/2005,MO 2m,7:50,542.5
Jan 2005,10-11/01/2005,MO 2m,8:00,559.5
Jan 2005,10-11/01/2005,MO 2m,8:10,576.25
Jan 2005,10-11/01/2005,MO 2m,8:20,583.5
Jan 2005,10-11/01/2005,MO 2m,8:30,606.5
Jan 2005,10-11/01/2005,MO 2m,8:40,613.75
Jan 2005,10-11/01/2005,MO 2m,8:50,542.25
Jan 2005,10-11/01/2005,MO 2m,9:00,615.25
Jan 2005,10-11/01/2005,MO 2m,9:10,589.0
Jan 2005,10-11/01/2005,MO 2m,9:20,551.25
Jan 2005,10-11/01/2005,MO 2m,9:30,575.25
Jan 2005,10-11/01/2005,MO 2m,9:40,575.25
Jan 2005,10-11/01/2005,MO 2m,9:50,572.5
Jan 2005,20-21/01/2005,MO 2m,10:00,276.7
Jan 2005,20-21/01/2005,MO 2m,10:10,649.6
Jan 2005,20-21/01/2005,MO 2m,10:20,711.75
Jan 2005,20-21/01/2005,MO 2m,10:30,728.25
Jan 2005,20-21/01/2005,MO 2m,10:40,737.5
Jan 2005,20-21/01/2005,MO 2m,10:50,753.0
Jan 2005,20-21/01/2005,MO 2m,11:00,761.0
Jan 2005,20-21/01/2005,MO 2m,11:10,501.25
Jan 2005,20-21/01/2005,MO 2m,11:20,720.5
Jan 2005,20-21/01/2005,MO 2m,11:30,807.75
Jan 2005,20-21/01/2005,MO 2m,11:40,810.75
Jan 2005,20-21/01/2005,MO 2m,11:50,816.25
Jan 2005,20-21/01/2005,MO 2m,12:00,823.25
Jan 2005,20-21/01/2005,MO 2m,12:10,592.5
Jan 2005,20-21/01/2005,MO 2m,12:20,636.5
Jan 2005,20-21/01/2005,MO 2m,12:30,502.5
Jan 2005,20-21/01/2005,MO 2m,12:40,414.5
Jan 2005,20-21/01/2005,MO 2m,12:50,367.75
Jan 2005,20-21/01/2005,MO 2m,13:00,492.75
Jan 2005,20-21/01/2005,MO 2m,13:10,318.5
Jan 2005,20-21/01/2005,MO 2m,13:20,249.4
Jan 2005,20-21/01/2005,MO 2m,13:30,367.25
Jan 2005,20-21/01/2005,MO 2m,13:40,738.7
Jan 2005,20-21/01/2005,MO 2m,13:50,390.3
Jan 2005,20-21/01/2005,MO 2m,14:00,370.4
Jan 2005,20-21/01/2005,MO 2m,14:10,678.4
Jan 2005,20-21/01/2005,MO 2m,14:20,848.75
Jan 2005,20-21/01/2005,MO 2m,14:30,955.25
Jan 2005,20-21/01/2005,MO 2m,14:40,892.5
Jan 2005,20-21/01/2005,MO 2m,14:50,930.0
Jan 2005,20-21/01/2005,MO 2m,15:00,882.5
Jan 2005,20-21/01/2005,MO 2m,15:10,935.75
Jan 2005,20-21/01/2005,MO 2m,15:20,934.0
Jan 2005,20-21/01/2005,MO 2m,15:30,945.75
Jan 2005,20-21/01/2005,MO 2m,15:40,921.5
Jan 2005,20-21/01/2005,MO 2m,15:50,896.5
Jan 2005,20-21/01/2005,MO 2m,16:00,894.0
Jan 2005,20-21/01/2005,MO 2m,16:10,887.75
Jan 2005,20-21/01/2005,MO 2m,16:20,872.5
Jan 2005,20-21/01/2005,MO 2m,16:30,881.5
Jan 2005,20-21/01/2005,MO 2m,16:40,951.0
Jan 2005,20-21/01/2005,MO 2m,16:50,894.25
Jan 2005,20-21/01/2005,MO 2m,17:00,876.5
Jan 2005,20-21/01/2005,MO 2m,17:10,868.5
Jan 2005,20-21/01/2005,MO 2m,17:20,860.0
Jan 2005,20-21/01/2005,MO 2m,17:30,849.75
Jan 2005,20-21/01/2005,MO 2m,17:40,852.75
Jan 2005,20-21/01/2005,MO 2m,17:50,834.25
Jan 2005,20-21/01/2005,MO 2m,18:00,814.5
Jan 2005,20-21/01/2005,MO 2m,18:10,595.6
Jan 2005,20-21/01/2005,MO 2m,18:20,448.38
Jan 2005,20-21/01/2005,MO 2m,18:30,401.37
Jan 2005,20-21/01/2005,MO 2m,18:40,283.84
Jan 2005,20-21/01/2005,MO 2m,18:50,225.44
Jan 2005,20-21/01/2005,MO 2m,19:00,22.68
Jan 2005,20-21/01/2005,MO 2m,19:10,20.51
Jan 2005,20-21/01/2005,MO 2m,19:20,2.44
Jan 2005,20-21/01/2005,MO 2m,5:40,0.1144
Jan 2005,20-21/01/2005,MO 2m,5:50,0.352
Jan 2005,20-21/01/2005,MO 2m,6:00,1.274
Jan 2005,20-21/01/2005,MO 2m,6:10,2.196
Jan 2005,20-21/01/2005,MO 2m,6:20,3.118
Jan 2005,20-21/01/2005,MO 2m,6:30,8.432
Jan 2005,20-21/01/2005,MO 2m,6:40,13.746
Jan 2005,20-21/01/2005,MO 2m,6:50,21.06
Jan 2005,20-21/01/2005,MO 2m,7:00,37.64
Jan 2005,20-21/01/2005,MO 2m,7:10,43.25
Jan 2005,20-21/01/2005,MO 2m,7:20,50.95
Jan 2005,20-21/01/2005,MO 2m,7:30,58.79
Jan 2005,20-21/01/2005,MO 2m,7:40,145.9
Jan 2005,20-21/01/2005,MO 2m,7:50,66.93
Jan 2005,20-21/01/2005,MO 2m,8:00,70.75
Jan 2005,20-21/01/2005,MO 2m,8:10,81.39
Jan 2005,20-21/01/2005,MO 2m,8:20,81.6
Jan 2005,20-21/01/2005,MO 2m,8:30,337.9
Jan 2005,20-21/01/2005,MO 2m,8:40,578.1
Jan 2005,20-21/01/2005,MO 2m,8:50,183.4
Jan 2005,20-21/01/2005,MO 2m,9:00,544.3
Jan 2005,20-21/01/2005,MO 2m,9:10,345.7
Jan 2005,20-21/01/2005,MO 2m,9:20,210.1
Jan 2005,20-21/01/2005,MO 2m,9:30,105.9
Jan 2005,20-21/01/2005,MO 2m,9:40,117.3
Jan 2005,20-21/01/2005,MO 2m,9:50,107.0
Jan 2005,12-13/01/2005,Open area 2m,10:00,695.5
Jan 2005,12-13/01/2005,Open area 2m,10:10,708.75
Jan 2005,12-13/01/2005,Open area 2m,10:20,718.0
Jan 2005,12-13/01/2005,Open area 2m,10:30,734.75
Jan 2005,12-13/01/2005,Open area 2m,10:40,744.25
Jan 2005,12-13/01/2005,Open area 2m,10:50,746.25
Jan 2005,12-13/01/2005,Open area 2m,11:00,751.5
Jan 2005,12-13/01/2005,Open area 2m,11:10,1044.5
Jan 2005,12-13/01/2005,Open area 2m,11:20,1825.0
Jan 2005,12-13/01/2005,Open area 2m,11:30,1020.5
Jan 2005,12-13/01/2005,Open area 2m,11:40,752.5
Jan 2005,12-13/01/2005,Open area 2m,11:50,771.5
Jan 2005,12-13/01/2005,Open area 2m,12:00,772.5
Jan 2005,12-13/01/2005,Open area 2m,12:10,788.0
Jan 2005,12-13/01/2005,Open area 2m,12:20,796.0
Jan 2005,12-13/01/2005,Open area 2m,12:30,818.5
Jan 2005,12-13/01/2005,Open area 2m,12:40,842.0
Jan 2005,12-13/01/2005,Open area 2m,12:50,847.0
Jan 2005,12-13/01/2005,Open area 2m,13:00,860.5
Jan 2005,12-13/01/2005,Open area 2m,13:10,863.75
Jan 2005,12-13/01/2005,Open area 2m,13:20,874.0
Jan 2005,12-13/01/2005,Open area 2m,13:30,880.75
Jan 2005,12-13/01/2005,Open area 2m,13:40,884.75
Jan 2005,12-13/01/2005,Open area 2m,13:50,885.5
Jan 2005,12-13/01/2005,Open area 2m,14:00,900.25
Jan 2005,12-13/01/2005,Open area 2m,14:10,916.75
Jan 2005,12-13/01/2005,Open area 2m,14:20,930.25
Jan 2005,12-13/01/2005,Open area 2m,14:30,925.75
Jan 2005,12-13/01/2005,Open area 2m,14:40,908.5
Jan 2005,12-13/01/2005,Open area 2m,14:50,1020.0
Jan 2005,12-13/01/2005,Open area 2m,15:00,749.0
Jan 2005,12-13/01/2005,Open area 2m,15:10,1531.25
Jan 2005,12-13/01/2005,Open area 2m,15:20,917.75
Jan 2005,12-13/01/2005,Open area 2m,15:30,920.0
Jan 2005,12-13/01/2005,Open area 2m,15:40,891.5
Jan 2005,12-13/01/2005,Open area 2m,15:50,954.0
Jan 2005,12-13/01/2005,Open area 2m,16:00,940.75
Jan 2005,12-13/01/2005,Open area 2m,16:10,1319.0
Jan 2005,12-13/01/2005,Open area 2m,16:20,944.5
Jan 2005,12-13/01/2005,Open area 2m,16:30,964.0
Jan 2005,12-13/01/2005,Open area 2m,16:40,940.0
Jan 2005,12-13/01/2005,Open area 2m,16:50,917.5
Jan 2005,12-13/01/2005,Open area 2m,17:00,878.0
Jan 2005,12-13/01/2005,Open area 2m,17:10,921.0
Jan 2005,12-13/01/2005,Open area 2m,17:20,914.5
Jan 2005,12-13/01/2005,Open area 2m,17:30,1068.0
Jan 2005,12-13/01/2005,Open area 2m,17:40,980.7
Jan 2005,12-13/01/2005,Open area 2m,17:50,879.4
Jan 2005,12-13/01/2005,Open area 2m,18:00,753.75
Jan 2005,12-13/01/2005,Open area 2m,18:10,827.5
Jan 2005,12-13/01/2005,Open area 2m,18:20,515.41
Jan 2005,12-13/01/2005,Open area 2m,18:30,424.785
Jan 2005,12-13/01/2005,Open area 2m,18:40,244.158
Jan 2005,12-13/01/2005,Open area 2m,18:50,163.531
Jan 2005,12-13/01/2005,Open area 2m,19:00,82.904
Jan 2005,12-13/01/2005,Open area 2m,19:10,24.27
Jan 2005,12-13/01/2005,Open area 2m,19:20,4.835
Jan 2005,12-13/01/2005,Open area 2m,5:40,1.611
Jan 2005,12-13/01/2005,Open area 2m,5:50,7.25
Jan 2005,12-13/01/2005,Open area 2m,6:00,9.922
Jan 2005,12-13/01/2005,Open area 2m,6:10,14.45
Jan 2005,12-13/01/2005,Open area 2m,6:20,45.8
Jan 2005,12-13/01/2005,Open area 2m,6:30,189.35
Jan 2005,12-13/01/2005,Open area 2m,6:40,413.25
Jan 2005,12-13/01/2005,Open area 2m,6:50,524.5
Jan 2005,12-13/01/2005,Open area 2m,7:00,577.5
Jan 2005,12-13/01/2005,Open area 2m,7:10,619.25
Jan 2005,12-13/01/2005,Open area 2m,7:20,626.25
Jan 2005,12-13/01/2005,Open area 2m,7:30,624.5
Jan 2005,12-13/01/2005,Open area 2m,7:40,637.5
Jan 2005,12-13/01/2005,Open area 2m,7:50,639.75
Jan 2005,12-13/01/2005,Open area 2m,8:00,640.5
Jan 2005,12-13/01/2005,Open area 2m,8:10,642.5
Jan 2005,12-13/01/2005,Open area 2m,8:20,648.5
Jan 2005,12-13/01/2005,Open area 2m,8:30,642.5
Jan 2005,12-13/01/2005,Open area 2m,8:40,650.25
Jan 2005,12-13/01/2005,Open area 2m,8:50,665.75
Jan 2005,12-13/01/2005,Open area 2m,9:00,664.75
Jan 2005,12-13/01/2005,Open area 2m,9:10,669.25
Jan 2005,12-13/01/2005,Open area 2m,9:20,671.25
Jan 2005,12-13/01/2005,Open area 2m,9:30,679.0
Jan 2005,12-13/01/2005,Open area 2m,9:40,687.0
Jan 2005,12-13/01/2005,Open area 2m,9:50,696.5
Jan 2005,13-14/01/2005,Open area 2m,10:00,700.0
Jan 2005,13-14/01/2005,Open area 2m,10:10,701.5
Jan 2005,13-14/01/2005,Open area 2m,10:20,1047.0
Jan 2005,13-14/01/2005,Open area 2m,10:30,1573.0
Jan 2005,13-14/01/2005,Open area 2m,10:40,1628.0
Jan 2005,13-14/01/2005,Open area 2m,10:50,1676.0
Jan 2005,13-14/01/2005,Open area 2m,11:00,1726.0
Jan 2005,13-14/01/2005,Open area 2m,11:10,1777.0
Jan 2005,13-14/01/2005,Open area 2m,11:20,1937.5
Jan 2005,13-14/01/2005,Open area 2m,11:30,1777.0
Jan 2005,13-14/01/2005,Open area 2m,11:40,1732.0
Jan 2005,13-14/01/2005,Open area 2m,11:50,1401.0
Jan 2005,13-14/01/2005,Open area 2m,12:00,1024.0
Jan 2005,13-14/01/2005,Open area 2m,12:10,848.5
Jan 2005,13-14/01/2005,Open area 2m,12:20,799.25
Jan 2005,13-14/01/2005,Open area 2m,12:30,891.25
Jan 2005,13-14/01/2005,Open area 2m,12:40,891.25
Jan 2005,13-14/01/2005,Open area 2m,12:50,882.5
Jan 2005,13-14/01/2005,Open area 2m,13:00,909.5
Jan 2005,13-14/01/2005,Open area 2m,13:10,935.25
Jan 2005,13-14/01/2005,Open area 2m,13:20,910.0
Jan 2005,13-14/01/2005,Open area 2m,13:30,960.5
Jan 2005,13-14/01/2005,Open area 2m,13:40,941.75
Jan 2005,13-14/01/2005,Open area 2m,13:50,948.0
Jan 2005,13-14/01/2005,Open area 2m,14:00,916.75
Jan 2005,13-14/01/2005,Open area 2m,14:10,936.25
Jan 2005,13-14/01/2005,Open area 2m,14:20,1810.0
Jan 2005,13-14/01/2005,Open area 2m,14:30,1950.0
Jan 2005,13-14/01/2005,Open area 2m,14:40,1942.0
Jan 2005,13-14/01/2005,Open area 2m,14:50,1919.0
Jan 2005,13-14/01/2005,Open area 2m,15:00,1892.0
Jan 2005,13-14/01/2005,Open area 2m,15:10,1854.0
Jan 2005,13-14/01/2005,Open area 2m,15:20,1816.0
Jan 2005,13-14/01/2005,Open area 2m,15:30,1768.0
Jan 2005,13-14/01/2005,Open area 2m,15:40,1729.0
Jan 2005,13-14/01/2005,Open area 2m,15:50,1520.0
Jan 2005,13-14/01/2005,Open area 2m,16:00,1449.0
Jan 2005,13-14/01/2005,Open area 2m,16:10,1507.0
Jan 2005,13-14/01/2005,Open area 2m,16:20,866.9
Jan 2005,13-14/01/2005,Open area 2m,16:30,1454.0
Jan 2005,13-14/01/2005,Open area 2m,16:40,1406.0
Jan 2005,13-14/01/2005,Open area 2m,16:50,1340.0
Jan 2005,13-14/01/2005,Open area 2m,17:00,1270.0
Jan 2005,13-14/01/2005,Open area 2m,17:10,1209.0
Jan 2005,13-14/01/2005,Open area 2m,17:20,1140.0
Jan 2005,13-14/01/2005,Open area 2m,17:30,1923.25
Jan 2005,13-14/01/2005,Open area 2m,17:40,2003.5
Jan 2005,13-14/01/2005,Open area 2m,17:50,2018.5
Jan 2005,13-14/01/2005,Open area 2m,18:00,1718.25
Jan 2005,13-14/01/2005,Open area 2m,18:10,805.25
Jan 2005,13-14/01/2005,Open area 2m,18:20,558.91
Jan 2005,13-14/01/2005,Open area 2m,18:30,448.3
Jan 2005,13-14/01/2005,Open area 2m,18:40,204.38
Jan 2005,13-14/01/2005,Open area 2m,18:50,160.34
Jan 2005,13-14/01/2005,Open area 2m,19:00,96.3
Jan 2005,13-14/01/2005,Open area 2m,19:10,22.26
Jan 2005,13-14/01/2005,Open area 2m,19:20,5.22
Jan 2005,13-14/01/2005,Open area 2m,5:40,1.699
Jan 2005,13-14/01/2005,Open area 2m,5:50,7.689
Jan 2005,13-14/01/2005,Open area 2m,6:00,9.672
Jan 2005,13-14/01/2005,Open area 2m,6:10,10.34
Jan 2005,13-14/01/2005,Open area 2m,6:20,50.35
Jan 2005,13-14/01/2005,Open area 2m,6:30,194.575
Jan 2005,13-14/01/2005,Open area 2m,6:40,449.5
Jan 2005,13-14/01/2005,Open area 2m,6:50,542.75
Jan 2005,13-14/01/2005,Open area 2m,7:00,569.5
Jan 2005,13-14/01/2005,Open area 2m,7:10,599.75
Jan 2005,13-14/01/2005,Open area 2m,7:20,617.0
Jan 2005,13-14/01/2005,Open area 2m,7:30,622.75
Jan 2005,13-14/01/2005,Open area 2m,7:40,624.0
Jan 2005,13-14/01/2005,Open area 2m,7:50,620.5
Jan 2005,13-14/01/2005,Open area 2m,8:00,635.5
Jan 2005,13-14/01/2005,Open area 2m,8:10,645.75
Jan 2005,13-14/01/2005,Open area 2m,8:20,647.0
Jan 2005,13-14/01/2005,Open area 2m,8:30,649.25
Jan 2005,13-14/01/2005,Open area 2m,8:40,651.5
Jan 2005,13-14/01/2005,Open area 2m,8:50,656.0
Jan 2005,13-14/01/2005,Open area 2m,9:00,670.5
Jan 2005,13-14/01/2005,Open area 2m,9:10,680.0
Jan 2005,13-14/01/2005,Open area 2m,9:20,678.0
Jan 2005,13-14/01/2005,Open area 2m,9:30,683.0
Jan 2005,13-14/01/2005,Open area 2m,9:40,688.5
Jan 2005,13-14/01/2005,Open area 2m,9:50,697.75
Mar 2005,12-13/03/2005,AFS 1.2m,10:00,6.864
Mar 2005,12-13/03/2005,AFS 1.2m,10:10,3.586
Mar 2005,12-13/03/2005,AFS 1.2m,10:20,2.943
Mar 2005,12-13/03/2005,AFS 1.2m,10:30,3.552
Mar 2005,12-13/03/2005,AFS 1.2m,10:40,4.522
Mar 2005,12-13/03/2005,AFS 1.2m,10:50,4.352
Mar 2005,12-13/03/2005,AFS 1.2m,11:00,8.821
Mar 2005,12-13/03/2005,AFS 1.2m,11:10,5.192
Mar 2005,12-13/03/2005,AFS 1.2m,11:20,4.057
Mar 2005,12-13/03/2005,AFS 1.2m,11:30,4.066
Mar 2005,12-13/03/2005,AFS 1.2m,11:40,52.7
Mar 2005,12-13/03/2005,AFS 1.2m,11:50,49.28
Mar 2005,12-13/03/2005,AFS 1.2m,12:00,48.82
Mar 2005,12-13/03/2005,AFS 1.2m,12:10,52.96
Mar 2005,12-13/03/2005,AFS 1.2m,12:20,51.12
Mar 2005,12-13/03/2005,AFS 1.2m,12:30,36.67
Mar 2005,12-13/03/2005,AFS 1.2m,12:40,48.0
Mar 2005,12-13/03/2005,AFS 1.2m,12:50,56.4
Mar 2005,12-13/03/2005,AFS 1.2m,13:00,38.47
Mar 2005,12-13/03/2005,AFS 1.2m,13:10,39.46
Mar 2005,12-13/03/2005,AFS 1.2m,13:20,33.95
Mar 2005,12-13/03/2005,AFS 1.2m,13:30,39.64
Mar 2005,12-13/03/2005,AFS 1.2m,13:40,38.29
Mar 2005,12-13/03/2005,AFS 1.2m,13:50,145.2
Mar 2005,12-13/03/2005,AFS 1.2m,14:00,110.3
Mar 2005,12-13/03/2005,AFS 1.2m,14:10,123.3
Mar 2005,12-13/03/2005,AFS 1.2m,14:20,104.6
Mar 2005,12-13/03/2005,AFS 1.2m,14:30,125.5
Mar 2005,12-13/03/2005,AFS 1.2m,14:40,127.3
Mar 2005,12-13/03/2005,AFS 1.2m,14:50,74.43
Mar 2005,12-13/03/2005,AFS 1.2m,15:00,68.11
Mar 2005,12-13/03/2005,AFS 1.2m,15:10,99.18
Mar 2005,12-13/03/2005,AFS 1.2m,15:20,66.05
Mar 2005,12-13/03/2005,AFS 1.2m,15:30,69.95
Mar 2005,12-13/03/2005,AFS 1.2m,15:40,122.7
Mar 2005,12-13/03/2005,AFS 1.2m,15:50,121.3
Mar 2005,12-13/03/2005,AFS 1.2m,16:00,107.0
Mar 2005,12-13/03/2005,AFS 1.2m,16:10,56.24
Mar 2005,12-13/03/2005,AFS 1.2m,16:20,67.6
Mar 2005,12-13/03/2005,AFS 1.2m,16:30,48.07
Mar 2005,12-13/03/2005,AFS 1.2m,16:40,44.98
Mar 2005,12-13/03/2005,AFS 1.2m,16:50,39.68
Mar 2005,12-13/03/2005,AFS 1.2m,17:00,36.96
Mar 2005,12-13/03/2005,AFS 1.2m,17:10,34.58
Mar 2005,12-13/03/2005,AFS 1.2m,17:20,25.01
Mar 2005,12-13/03/2005,AFS 1.2m,17:30,28.32
Mar 2005,12-13/03/2005,AFS 1.2m,17:40,18.53
Mar 2005,12-13/03/2005,AFS 1.2m,17:50,15.98
Mar 2005,12-13/03/2005,AFS 1.2m,18:00,10.84
Mar 2005,12-13/03/2005,AFS 1.2m,18:10,8.11
Mar 2005,12-13/03/2005,AFS 1.2m,18:20,8.45
Mar 2005,12-13/03/2005,AFS 1.2m,18:30,5.573
Mar 2005,12-13/03/2005,AFS 1.2m,6:30,0.02459
Mar 2005,12-13/03/2005,AFS 1.2m,6:40,0.92514
Mar 2005,12-13/03/2005,AFS 1.2m,6:50,1.22458
Mar 2005,12-13/03/2005,AFS 1.2m,7:00,1.22426
Mar 2005,12-13/03/2005,AFS 1.2m,7:10,1.441
Mar 2005,12-13/03/2005,AFS 1.2m,7:20,1.737
Mar 2005,12-13/03/2005,AFS 1.2m,7:30,1.7242
Mar 2005,12-13/03/2005,AFS 1.2m,7:40,2.3661
Mar 2005,12-13/03/2005,AFS 1.2m,7:50,1.6247
Mar 2005,12-13/03/2005,AFS 1.2m,8:00,1.223
Mar 2005,12-13/03/2005,AFS 1.2m,8:10,2.071
Mar 2005,12-13/03/2005,AFS 1.2m,8:20,2.893
Mar 2005,12-13/03/2005,AFS 1.2m,8:30,2.001
Mar 2005,12-13/03/2005,AFS 1.2m,8:40,2.108
Mar 2005,12-13/03/2005,AFS 1.2m,8:50,2.264
Mar 2005,12-13/03/2005,AFS 1.2m,9:00,1.286
Mar 2005,12-13/03/2005,AFS 1.2m,9:10,1.019
Mar 2005,12-13/03/2005,AFS 1.2m,9:20,4.067
Mar 2005,12-13/03/2005,AFS 1.2m,9:30,4.756
Mar 2005,12-13/03/2005,AFS 1.2m,9:40,11.0
Mar 2005,12-13/03/2005,AFS 1.2m,9:50,21.44
Mar 2005,13-14/03/2005,AFS 1.2m,10:00,29.61
Mar 2005,13-14/03/2005,AFS 1.2m,10:10,36.77
Mar 2005,13-14/03/2005,AFS 1.2m,10:20,15.28
Mar 2005,13-14/03/2005,AFS 1.2m,10:30,20.69
Mar 2005,13-14/03/2005,AFS 1.2m,10:40,50.69
Mar 2005,13-14/03/2005,AFS 1.2m,10:50,15.0
Mar 2005,13-14/03/2005,AFS 1.2m,11:00,56.98
Mar 2005,13-14/03/2005,AFS 1.2m,11:10,27.44
Mar 2005,13-14/03/2005,AFS 1.2m,11:20,20.99
Mar 2005,13-14/03/2005,AFS 1.2m,11:30,22.97
Mar 2005,13-14/03/2005,AFS 1.2m,11:40,36.67
Mar 2005,13-14/03/2005,AFS 1.2m,11:50,42.26
Mar 2005,13-14/03/2005,AFS 1.2m,12:00,49.94
Mar 2005,13-14/03/2005,AFS 1.2m,12:10,33.66
Mar 2005,13-14/03/2005,AFS 1.2m,12:20,40.23
Mar 2005,13-14/03/2005,AFS 1.2m,12:30,44.61
Mar 2005,13-14/03/2005,AFS 1.2m,12:40,62.36
Mar 2005,13-14/03/2005,AFS 1.2m,12:50,56.09
Mar 2005,13-14/03/2005,AFS 1.2m,13:00,27.51
Mar 2005,13-14/03/2005,AFS 1.2m,13:10,41.51
Mar 2005,13-14/03/2005,AFS 1.2m,13:20,33.79
Mar 2005,13-14/03/2005,AFS 1.2m,13:30,13.54
Mar 2005,13-14/03/2005,AFS 1.2m,13:40,9.936
Mar 2005,13-14/03/2005,AFS 1.2m,13:50,18.59
Mar 2005,13-14/03/2005,AFS 1.2m,14:00,24.41
Mar 2005,13-14/03/2005,AFS 1.2m,14:10,33.47
Mar 2005,13-14/03/2005,AFS 1.2m,14:20,50.69
Mar 2005,13-14/03/2005,AFS 1.2m,14:30,68.78
Mar 2005,13-14/03/2005,AFS 1.2m,14:40,67.66
Mar 2005,13-14/03/2005,AFS 1.2m,14:50,69.67
Mar 2005,13-14/03/2005,AFS 1.2m,15:00,45.71
Mar 2005,13-14/03/2005,AFS 1.2m,15:10,21.71
Mar 2005,13-14/03/2005,AFS 1.2m,15:20,24.37
Mar 2005,13-14/03/2005,AFS 1.2m,15:30,28.01
Mar 2005,13-14/03/2005,AFS 1.2m,15:40,31.78
Mar 2005,13-14/03/2005,AFS 1.2m,15:50,26.21
Mar 2005,13-14/03/2005,AFS 1.2m,16:00,34.11
Mar 2005,13-14/03/2005,AFS 1.2m,16:10,45.78
Mar 2005,13-14/03/2005,AFS 1.2m,16:20,47.62
Mar 2005,13-14/03/2005,AFS 1.2m,16:30,51.84
Mar 2005,13-14/03/2005,AFS 1.2m,16:40,43.42
Mar 2005,13-14/03/2005,AFS 1.2m,16:50,37.59
Mar 2005,13-14/03/2005,AFS 1.2m,17:00,29.83
Mar 2005,13-14/03/2005,AFS 1.2m,17:10,38.42
Mar 2005,13-14/03/2005,AFS 1.2m,17:20,35.47
Mar 2005,13-14/03/2005,AFS 1.2m,17:30,33.6
Mar 2005,13-14/03/2005,AFS 1.2m,17:40,24.61
Mar 2005,13-14/03/2005,AFS 1.2m,17:50,16.55
Mar 2005,13-14/03/2005,AFS 1.2m,18:00,14.6
Mar 2005,13-14/03/2005,AFS 1.2m,18:10,11.14
Mar 2005,13-14/03/2005,AFS 1.2m,18:20,8.32
Mar 2005,13-14/03/2005,AFS 1.2m,18:30,5.81
Mar 2005,13-14/03/2005,AFS 1.2m,6:30,0.06643
Mar 2005,13-14/03/2005,AFS 1.2m,6:40,1.26695
Mar 2005,13-14/03/2005,AFS 1.2m,6:50,1.697
Mar 2005,13-14/03/2005,AFS 1.2m,7:00,1.57376
Mar 2005,13-14/03/2005,AFS 1.2m,7:10,1.8982
Mar 2005,13-14/03/2005,AFS 1.2m,7:20,2.4522
Mar 2005,13-14/03/2005,AFS 1.2m,7:30,2.3121
Mar 2005,13-14/03/2005,AFS 1.2m,7:40,3.128
Mar 2005,13-14/03/2005,AFS 1.2m,7:50,2.815
Mar 2005,13-14/03/2005,AFS 1.2m,8:00,5.826
Mar 2005,13-14/03/2005,AFS 1.2m,8:10,11.62
Mar 2005,13-14/03/2005,AFS 1.2m,8:20,15.25
Mar 2005,13-14/03/2005,AFS 1.2m,8:30,9.218
Mar 2005,13-14/03/2005,AFS 1.2m,8:40,8.323
Mar 2005,13-14/03/2005,AFS 1.2m,8:50,12.79
Mar 2005,13-14/03/2005,AFS 1.2m,9:00,10.68
Mar 2005,13-14/03/2005,AFS 1.2m,9:10,15.98
Mar 2005,13-14/03/2005,AFS 1.2m,9:20,14.28
Mar 2005,13-14/03/2005,AFS 1.2m,9:30,13.46
Mar 2005,13-14/03/2005,AFS 1.2m,9:40,13.73
Mar 2005,13-14/03/2005,AFS 1.2m,9:50,17.37
Mar 2005,14-15/03/2005,AFS 2m,10:00,32.04
Mar 2005,14-15/03/2005,AFS 2m,10:10,31.19
Mar 2005,14-15/03/2005,AFS 2m,10:20,37.94
Mar 2005,14-15/03/2005,AFS 2m,10:30,30.43
Mar 2005,14-15/03/2005,AFS 2m,10:40,25.63
Mar 2005,14-15/03/2005,AFS 2m,10:50,36.23
Mar 2005,14-15/03/2005,AFS 2m,11:00,17.75
Mar 2005,14-15/03/2005,AFS 2m,11:10,19.42
Mar 2005,14-15/03/2005,AFS 2m,11:20,33.53
Mar 2005,14-15/03/2005,AFS 2m,11:30,42.53
Mar 2005,14-15/03/2005,AFS 2m,11:40,59.25
Mar 2005,14-15/03/2005,AFS 2m,11:50,62.48
Mar 2005,14-15/03/2005,AFS 2m,12:00,58.31
Mar 2005,14-15/03/2005,AFS 2m,12:10,63.98
Mar 2005,14-15/03/2005,AFS 2m,12:20,56.81
Mar 2005,14-15/03/2005,AFS 2m,12:30,66.89
Mar 2005,14-15/03/2005,AFS 2m,12:40,47.31
Mar 2005,14-15/03/2005,AFS 2m,12:50,56.68
Mar 2005,14-15/03/2005,AFS 2m,13:00,38.21
Mar 2005,14-15/03/2005,AFS 2m,13:10,36.53
Mar 2005,14-15/03/2005,AFS 2m,13:20,41.1
Mar 2005,14-15/03/2005,AFS 2m,13:30,68.96
Mar 2005,14-15/03/2005,AFS 2m,13:40,55.31
Mar 2005,14-15/03/2005,AFS 2m,13:50,37.97
Mar 2005,14-15/03/2005,AFS 2m,14:00,52.66
Mar 2005,14-15/03/2005,AFS 2m,14:10,70.29
Mar 2005,14-15/03/2005,AFS 2m,14:20,74.3
Mar 2005,14-15/03/2005,AFS 2m,14:30,61.01
Mar 2005,14-15/03/2005,AFS 2m,14:40,44.58
Mar 2005,14-15/03/2005,AFS 2m,14:50,41.66
Mar 2005,14-15/03/2005,AFS 2m,15:00,40.11
Mar 2005,14-15/03/2005,AFS 2m,15:10,50.86
Mar 2005,14-15/03/2005,AFS 2m,15:20,49.57
Mar 2005,14-15/03/2005,AFS 2m,15:30,71.85
Mar 2005,14-15/03/2005,AFS 2m,15:40,84.14
Mar 2005,14-15/03/2005,AFS 2m,15:50,81.26
Mar 2005,14-15/03/2005,AFS 2m,16:00,44.63
Mar 2005,14-15/03/2005,AFS 2m,16:10,58.45
Mar 2005,14-15/03/2005,AFS 2m,16:20,38.86
Mar 2005,14-15/03/2005,AFS 2m,16:30,23.14
Mar 2005,14-15/03/2005,AFS 2m,16:40,21.58
Mar 2005,14-15/03/2005,AFS 2m,16:50,16.37
Mar 2005,14-15/03/2005,AFS 2m,17:00,13.83
Mar 2005,14-15/03/2005,AFS 2m,17:10,20.56
Mar 2005,14-15/03/2005,AFS 2m,17:20,17.92
Mar 2005,14-15/03/2005,AFS 2m,17:30,18.76
Mar 2005,14-15/03/2005,AFS 2m,17:40,15.43
Mar 2005,14-15/03/2005,AFS 2m,17:50,14.4
Mar 2005,14-15/03/2005,AFS 2m,18:00,12.38
Mar 2005,14-15/03/2005,AFS 2m,18:10,11.1
Mar 2005,14-15/03/2005,AFS 2m,18:20,7.97
Mar 2005,14-15/03/2005,AFS 2m,18:30,4.71
Mar 2005,14-15/03/2005,AFS 2m,6:30,0.28438
Mar 2005,14-15/03/2005,AFS 2m,6:40,0.95473
Mar 2005,14-15/03/2005,AFS 2m,6:50,1.4947
Mar 2005,14-15/03/2005,AFS 2m,7:00,1.5326
Mar 2005,14-15/03/2005,AFS 2m,7:10,1.6937
Mar 2005,14-15/03/2005,AFS 2m,7:20,2.788
Mar 2005,14-15/03/2005,AFS 2m,7:30,3.169
Mar 2005,14-15/03/2005,AFS 2m,7:40,7.656
Mar 2005,14-15/03/2005,AFS 2m,7:50,7.82
Mar 2005,14-15/03/2005,AFS 2m,8:00,7.7
Mar 2005,14-15/03/2005,AFS 2m,8:10,10.85
Mar 2005,14-15/03/2005,AFS 2m,8:20,12.67
Mar 2005,14-15/03/2005,AFS 2m,8:30,6.534
Mar 2005,14-15/03/2005,AFS 2m,8:40,10.67
Mar 2005,14-15/03/2005,AFS 2m,8:50,14.18
Mar 2005,14-15/03/2005,AFS 2m,9:00,12.26
Mar 2005,14-15/03/2005,AFS 2m,9:10,13.46
Mar 2005,14-15/03/2005,AFS 2m,9:20,17.23
Mar 2005,14-15/03/2005,AFS 2m,9:30,27.09
Mar 2005,14-15/03/2005,AFS 2m,9:40,40.64
Mar 2005,14-15/03/2005,AFS 2m,9:50,30.54
Mar 2005,15-16/03/2005,AFS 2m,10:00,39.1
Mar 2005,15-16/03/2005,AFS 2m,10:10,44.04
Mar 2005,15-16/03/2005,AFS 2m,10:20,45.54
Mar 2005,15-16/03/2005,AFS 2m,10:30,42.88
Mar 2005,15-16/03/2005,AFS 2m,10:40,58.2
Mar 2005,15-16/03/2005,AFS 2m,10:50,46.02
Mar 2005,15-16/03/2005,AFS 2m,11:00,74.27
Mar 2005,15-16/03/2005,AFS 2m,11:10,38.5
Mar 2005,15-16/03/2005,AFS 2m,11:20,51.95
Mar 2005,15-16/03/2005,AFS 2m,11:30,91.97
Mar 2005,15-16/03/2005,AFS 2m,11:40,43.58
Mar 2005,15-16/03/2005,AFS 2m,11:50,36.8
Mar 2005,15-16/03/2005,AFS 2m,12:00,52.42
Mar 2005,15-16/03/2005,AFS 2m,12:10,65.74
Mar 2005,15-16/03/2005,AFS 2m,12:20,52.68
Mar 2005,15-16/03/2005,AFS 2m,12:30,77.3
Mar 2005,15-16/03/2005,AFS 2m,12:40,372.9
Mar 2005,15-16/03/2005,AFS 2m,12:50,58.98
Mar 2005,15-16/03/2005,AFS 2m,13:00,21.48
Mar 2005,15-16/03/2005,AFS 2m,13:10,12.61
Mar 2005,15-16/03/2005,AFS 2m,13:20,23.27
Mar 2005,15-16/03/2005,AFS 2m,13:30,24.16
Mar 2005,15-16/03/2005,AFS 2m,13:40,21.95
Mar 2005,15-16/03/2005,AFS 2m,13:50,17.65
Mar 2005,15-16/03/2005,AFS 2m,14:00,24.36
Mar 2005,15-16/03/2005,AFS 2m,14:10,48.57
Mar 2005,15-16/03/2005,AFS 2m,14:20,43.56
Mar 2005,15-16/03/2005,AFS 2m,14:30,44.25
Mar 2005,15-16/03/2005,AFS 2m,14:40,45.7
Mar 2005,15-16/03/2005,AFS 2m,14:50,54.84
Mar 2005,15-16/03/2005,AFS 2m,15:00,26.48
Mar 2005,15-16/03/2005,AFS 2m,15:10,26.23
Mar 2005,15-16/03/2005,AFS 2m,15:20,32.94
Mar 2005,15-16/03/2005,AFS 2m,15:30,19.33
Mar 2005,15-16/03/2005,AFS 2m,15:40,35.31
Mar 2005,15-16/03/2005,AFS 2m,15:50,47.9
Mar 2005,15-16/03/2005,AFS 2m,16:00,17.27
Mar 2005,15-16/03/2005,AFS 2m,16:10,16.17
Mar 2005,15-16/03/2005,AFS 2m,16:20,19.34
Mar 2005,15-16/03/2005,AFS 2m,16:30,26.69
Mar 2005,15-16/03/2005,AFS 2m,16:40,35.51
Mar 2005,15-16/03/2005,AFS 2m,16:50,39.61
Mar 2005,15-16/03/2005,AFS 2m,17:00,46.61
Mar 2005,15-16/03/2005,AFS 2m,17:10,28.95
Mar 2005,15-16/03/2005,AFS 2m,17:20,20.17
Mar 2005,15-16/03/2005,AFS 2m,17:30,22.68
Mar 2005,15-16/03/2005,AFS 2m,17:40,19.01
Mar 2005,15-16/03/2005,AFS 2m,17:50,16.92
Mar 2005,15-16/03/2005,AFS 2m,18:00,15.66
Mar 2005,15-16/03/2005,AFS 2m,18:10,12.05
Mar 2005,15-16/03/2005,AFS 2m,18:20,8.92
Mar 2005,15-16/03/2005,AFS 2m,18:30,5.08
Mar 2005,15-16/03/2005,AFS 2m,6:30,0.04449
Mar 2005,15-16/03/2005,AFS 2m,6:40,0.5206
Mar 2005,15-16/03/2005,AFS 2m,6:50,0.5323
Mar 2005,15-16/03/2005,AFS 2m,7:00,0.941
Mar 2005,15-16/03/2005,AFS 2m,7:10,1.17463
Mar 2005,15-16/03/2005,AFS 2m,7:20,3.872
Mar 2005,15-16/03/2005,AFS 2m,7:30,3.527
Mar 2005,15-16/03/2005,AFS 2m,7:40,7.135
Mar 2005,15-16/03/2005,AFS 2m,7:50,7.927
Mar 2005,15-16/03/2005,AFS 2m,8:00,9.284
Mar 2005,15-16/03/2005,AFS 2m,8:10,16.71
Mar 2005,15-16/03/2005,AFS 2m,8:20,8.149
Mar 2005,15-16/03/2005,AFS 2m,8:30,9.319
Mar 2005,15-16/03/2005,AFS 2m,8:40,11.68
Mar 2005,15-16/03/2005,AFS 2m,8:50,15.07
Mar 2005,15-16/03/2005,AFS 2m,9:00,20.35
Mar 2005,15-16/03/2005,AFS 2m,9:10,19.71
Mar 2005,15-16/03/2005,AFS 2m,9:20,22.01
Mar 2005,15-16/03/2005,AFS 2m,9:30,27.63
Mar 2005,15-16/03/2005,AFS 2m,9:40,32.53
Mar 2005,15-16/03/2005,AFS 2m,9:50,36.98
Mar 2005,10-11/03/2005,MO 1.2m,10:00,51.23
Mar 2005,10-11/03/2005,MO 1.2m,10:10,53.33
Mar 2005,10-11/03/2005,MO 1.2m,10:20,54.78
Mar 2005,10-11/03/2005,MO 1.2m,10:30,63.52
Mar 2005,10-11/03/2005,MO 1.2m,10:40,162.7
Mar 2005,10-11/03/2005,MO 1.2m,10:50,129.4
Mar 2005,10-11/03/2005,MO 1.2m,11:00,190.0
Mar 2005,10-11/03/2005,MO 1.2m,11:10,497.0
Mar 2005,10-11/03/2005,MO 1.2m,11:20,430.4
Mar 2005,10-11/03/2005,MO 1.2m,11:30,425.3
Mar 2005,10-11/03/2005,MO 1.2m,11:40,66.99
Mar 2005,10-11/03/2005,MO 1.2m,11:50,72.25
Mar 2005,10-11/03/2005,MO 1.2m,12:00,83.91
Mar 2005,10-11/03/2005,MO 1.2m,12:10,100.6
Mar 2005,10-11/03/2005,MO 1.2m,12:20,90.75
Mar 2005,10-11/03/2005,MO 1.2m,12:30,92.36
Mar 2005,10-11/03/2005,MO 1.2m,12:40,108.3
Mar 2005,10-11/03/2005,MO 1.2m,12:50,113.6
Mar 2005,10-11/03/2005,MO 1.2m,13:00,252.4
Mar 2005,10-11/03/2005,MO 1.2m,13:10,163.2
Mar 2005,10-11/03/2005,MO 1.2m,13:20,124.7
Mar 2005,10-11/03/2005,MO 1.2m,13:30,112.9
Mar 2005,10-11/03/2005,MO 1.2m,13:40,115.7
Mar 2005,10-11/03/2005,MO 1.2m,13:50,132.5
Mar 2005,10-11/03/2005,MO 1.2m,14:00,146.4
Mar 2005,10-11/03/2005,MO 1.2m,14:10,118.8
Mar 2005,10-11/03/2005,MO 1.2m,14:20,114.0
Mar 2005,10-11/03/2005,MO 1.2m,14:30,119.6
Mar 2005,10-11/03/2005,MO 1.2m,14:40,109.8
Mar 2005,10-11/03/2005,MO 1.2m,14:50,188.4
Mar 2005,10-11/03/2005,MO 1.2m,15:00,201.2
Mar 2005,10-11/03/2005,MO 1.2m,15:10,151.4
Mar 2005,10-11/03/2005,MO 1.2m,15:20,128.9
Mar 2005,10-11/03/2005,MO 1.2m,15:30,150.8
Mar 2005,10-11/03/2005,MO 1.2m,15:40,141.6
Mar 2005,10-11/03/2005,MO 1.2m,15:50,108.4
Mar 2005,10-11/03/2005,MO 1.2m,16:00,128.8
Mar 2005,10-11/03/2005,MO 1.2m,16:10,150.2
Mar 2005,10-11/03/2005,MO 1.2m,16:20,146.6
Mar 2005,10-11/03/2005,MO 1.2m,16:30,92.22
Mar 2005,10-11/03/2005,MO 1.2m,16:40,119.4
Mar 2005,10-11/03/2005,MO 1.2m,16:50,125.3
Mar 2005,10-11/03/2005,MO 1.2m,17:00,92.17
Mar 2005,10-11/03/2005,MO 1.2m,17:10,78.94
Mar 2005,10-11/03/2005,MO 1.2m,17:20,42.66
Mar 2005,10-11/03/2005,MO 1.2m,17:30,30.3
Mar 2005,10-11/03/2005,MO 1.2m,17:40,23.3
Mar 2005,10-11/03/2005,MO 1.2m,17:50,20.23
Mar 2005,10-11/03/2005,MO 1.2m,18:00,17.42
Mar 2005,10-11/03/2005,MO 1.2m,18:10,17.7
Mar 2005,10-11/03/2005,MO 1.2m,18:20,11.22
Mar 2005,10-11/03/2005,MO 1.2m,18:30,7.14
Mar 2005,10-11/03/2005,MO 1.2m,6:30,0.8116
Mar 2005,10-11/03/2005,MO 1.2m,6:40,0.98082
Mar 2005,10-11/03/2005,MO 1.2m,6:50,1.4181
Mar 2005,10-11/03/2005,MO 1.2m,7:00,1.4977
Mar 2005,10-11/03/2005,MO 1.2m,7:10,1.52315
Mar 2005,10-11/03/2005,MO 1.2m,7:20,2.1811
Mar 2005,10-11/03/2005,MO 1.2m,7:30,2.367
Mar 2005,10-11/03/2005,MO 1.2m,7:40,4.603
Mar 2005,10-11/03/2005,MO 1.2m,7:50,9.39
Mar 2005,10-11/03/2005,MO 1.2m,8:00,13.7
Mar 2005,10-11/03/2005,MO 1.2m,8:10,17.39
Mar 2005,10-11/03/2005,MO 1.2m,8:20,20.78
Mar 2005,10-11/03/2005,MO 1.2m,8:30,25.0
Mar 2005,10-11/03/2005,MO 1.2m,8:40,28.31
Mar 2005,10-11/03/2005,MO 1.2m,8:50,32.43
Mar 2005,10-11/03/2005,MO 1.2m,9:00,36.03
Mar 2005,10-11/03/2005,MO 1.2m,9:10,38.36
Mar 2005,10-11/03/2005,MO 1.2m,9:20,41.0
Mar 2005,10-11/03/2005,MO 1.2m,9:30,43.89
Mar 2005,10-11/03/2005,MO 1.2m,9:40,47.07
Mar 2005,10-11/03/2005,MO 1.2m,9:50,49.98
Mar 2005,11-12/03/2005,MO 1.2m,10:00,62.91
Mar 2005,11-12/03/2005,MO 1.2m,10:10,56.16
Mar 2005,11-12/03/2005,MO 1.2m,10:20,71.01
Mar 2005,11-12/03/2005,MO 1.2m,10:30,64.4
Mar 2005,11-12/03/2005,MO 1.2m,10:40,115.5
Mar 2005,11-12/03/2005,MO 1.2m,10:50,254.9
Mar 2005,11-12/03/2005,MO 1.2m,11:00,164.9
Mar 2005,11-12/03/2005,MO 1.2m,11:10,430.5
Mar 2005,11-12/03/2005,MO 1.2m,11:20,444.2
Mar 2005,11-12/03/2005,MO 1.2m,11:30,273.2
Mar 2005,11-12/03/2005,MO 1.2m,11:40,68.39
Mar 2005,11-12/03/2005,MO 1.2m,11:50,98.5
Mar 2005,11-12/03/2005,MO 1.2m,12:00,113.4
Mar 2005,11-12/03/2005,MO 1.2m,12:10,121.02
Mar 2005,11-12/03/2005,MO 1.2m,12:20,158.8
Mar 2005,11-12/03/2005,MO 1.2m,12:30,110.5
Mar 2005,11-12/03/2005,MO 1.2m,12:40,182.3
Mar 2005,11-12/03/2005,MO 1.2m,12:50,257.6
Mar 2005,11-12/03/2005,MO 1.2m,13:00,450.4
Mar 2005,11-12/03/2005,MO 1.2m,13:10,219.5
Mar 2005,11-12/03/2005,MO 1.2m,13:20,216.7
Mar 2005,11-12/03/2005,MO 1.2m,13:30,222.8
Mar 2005,11-12/03/2005,MO 1.2m,13:40,256.3
Mar 2005,11-12/03/2005,MO 1.2m,13:50,271.5
Mar 2005,11-12/03/2005,MO 1.2m,14:00,248.2
Mar 2005,11-12/03/2005,MO 1.2m,14:10,302.6
Mar 2005,11-12/03/2005,MO 1.2m,14:20,186.0
Mar 2005,11-12/03/2005,MO 1.2m,14:30,301.6
Mar 2005,11-12/03/2005,MO 1.2m,14:40,283.3
Mar 2005,11-12/03/2005,MO 1.2m,14:50,261.3
Mar 2005,11-12/03/2005,MO 1.2m,15:00,258.3
Mar 2005,11-12/03/2005,MO 1.2m,15:10,246.7
Mar 2005,11-12/03/2005,MO 1.2m,15:20,326.5
Mar 2005,11-12/03/2005,MO 1.2m,15:30,504.3
Mar 2005,11-12/03/2005,MO 1.2m,15:40,672.0
Mar 2005,11-12/03/2005,MO 1.2m,15:50,677.5
Mar 2005,11-12/03/2005,MO 1.2m,16:00,650.6
Mar 2005,11-12/03/2005,MO 1.2m,16:10,606.0
Mar 2005,11-12/03/2005,MO 1.2m,16:20,641.3
Mar 2005,11-12/03/2005,MO 1.2m,16:30,282.5
Mar 2005,11-12/03/2005,MO 1.2m,16:40,264.5
Mar 2005,11-12/03/2005,MO 1.2m,16:50,256.3
Mar 2005,11-12/03/2005,MO 1.2m,17:00,156.4
Mar 2005,11-12/03/2005,MO 1.2m,17:10,82.1
Mar 2005,11-12/03/2005,MO 1.2m,17:20,51.4
Mar 2005,11-12/03/2005,MO 1.2m,17:30,28.0
Mar 2005,11-12/03/2005,MO 1.2m,17:40,16.2
Mar 2005,11-12/03/2005,MO 1.2m,17:50,14.1
Mar 2005,11-12/03/2005,MO 1.2m,18:00,12.7
Mar 2005,11-12/03/2005,MO 1.2m,18:10,11.8
Mar 2005,11-12/03/2005,MO 1.2m,18:20,10.3
Mar 2005,11-12/03/2005,MO 1.2m,18:30,7.09
Mar 2005,11-12/03/2005,MO 1.2m,6:30,0.3221
Mar 2005,11-12/03/2005,MO 1.2m,6:40,1.229
Mar 2005,11-12/03/2005,MO 1.2m,6:50,1.8276
Mar 2005,11-12/03/2005,MO 1.2m,7:00,1.83
Mar 2005,11-12/03/2005,MO 1.2m,7:10,2.194
Mar 2005,11-12/03/2005,MO 1.2m,7:20,2.925
Mar 2005,11-12/03/2005,MO 1.2m,7:30,2.723
Mar 2005,11-12/03/2005,MO 1.2m,7:40,8.334
Mar 2005,11-12/03/2005,MO 1.2m,7:50,17.62
Mar 2005,11-12/03/2005,MO 1.2m,8:00,25.25
Mar 2005,11-12/03/2005,MO 1.2m,8:10,33.05
Mar 2005,11-12/03/2005,MO 1.2m,8:20,37.66
Mar 2005,11-12/03/2005,MO 1.2m,8:30,40.74
Mar 2005,11-12/03/2005,MO 1.2m,8:40,41.98
Mar 2005,11-12/03/2005,MO 1.2m,8:50,42.9
Mar 2005,11-12/03/2005,MO 1.2m,9:00,43.76
Mar 2005,11-12/03/2005,MO 1.2m,9:10,45.01
Mar 2005,11-12/03/2005,MO 1.2m,9:20,50.13
Mar 2005,11-12/03/2005,MO 1.2m,9:30,57.28
Mar 2005,11-12/03/2005,MO 1.2m,9:40,54.09
Mar 2005,11-12/03/2005,MO 1.2m,9:50,54.36
Mar 2005,26-27/03/2005,MO 2m,10:00,192.3
Mar 2005,26-27/03/2005,MO 2m,10:10,187.5
Mar 2005,26-27/03/2005,MO 2m,10:20,197.4
Mar 2005,26-27/03/2005,MO 2m,10:30,215.4
Mar 2005,26-27/03/2005,MO 2m,10:40,225.2
Mar 2005,26-27/03/2005,MO 2m,10:50,200.7
Mar 2005,26-27/03/2005,MO 2m,11:00,197.5
Mar 2005,26-27/03/2005,MO 2m,11:10,163.6
Mar 2005,26-27/03/2005,MO 2m,11:20,139.0
Mar 2005,26-27/03/2005,MO 2m,11:30,191.9
Mar 2005,26-27/03/2005,MO 2m,11:40,302.8
Mar 2005,26-27/03/2005,MO 2m,11:50,288.1
Mar 2005,26-27/03/2005,MO 2m,12:00,324.8
Mar 2005,26-27/03/2005,MO 2m,12:10,311.8
Mar 2005,26-27/03/2005,MO 2m,12:20,378.3
Mar 2005,26-27/03/2005,MO 2m,12:30,487.7
Mar 2005,26-27/03/2005,MO 2m,12:40,504.2
Mar 2005,26-27/03/2005,MO 2m,12:50,504.5
Mar 2005,26-27/03/2005,MO 2m,13:00,505.2
Mar 2005,26-27/03/2005,MO 2m,13:10,583.6
Mar 2005,26-27/03/2005,MO 2m,13:20,540.0
Mar 2005,26-27/03/2005,MO 2m,13:30,504.0
Mar 2005,26-27/03/2005,MO 2m,13:40,474.9
Mar 2005,26-27/03/2005,MO 2m,13:50,484.1
Mar 2005,26-27/03/2005,MO 2m,14:00,540.2
Mar 2005,26-27/03/2005,MO 2m,14:10,508.2
Mar 2005,26-27/03/2005,MO 2m,14:20,649.6
Mar 2005,26-27/03/2005,MO 2m,14:30,571.5
Mar 2005,26-27/03/2005,MO 2m,14:40,811.0
Mar 2005,26-27/03/2005,MO 2m,14:50,933.8
Mar 2005,26-27/03/2005,MO 2m,15:00,919.7
Mar 2005,26-27/03/2005,MO 2m,15:10,829.5
Mar 2005,26-27/03/2005,MO 2m,15:20,850.6
Mar 2005,26-27/03/2005,MO 2m,15:30,761.4
Mar 2005,26-27/03/2005,MO 2m,15:40,795.8
Mar 2005,26-27/03/2005,MO 2m,15:50,581.4
Mar 2005,26-27/03/2005,MO 2m,16:00,564.4
Mar 2005,26-27/03/2005,MO 2m,16:10,557.5
Mar 2005,26-27/03/2005,MO 2m,16:20,548.0
Mar 2005,26-27/03/2005,MO 2m,16:30,497.0
Mar 2005,26-27/03/2005,MO 2m,16:40,397.1
Mar 2005,26-27/03/2005,MO 2m,16:50,284.0
Mar 2005,26-27/03/2005,MO 2m,17:00,175.2
Mar 2005,26-27/03/2005,MO 2m,17:10,138.8
Mar 2005,26-27/03/2005,MO 2m,17:20,119.0
Mar 2005,26-27/03/2005,MO 2m,17:30,47.2
Mar 2005,26-27/03/2005,MO 2m,17:40,33.5
Mar 2005,26-27/03/2005,MO 2m,17:50,30.7
Mar 2005,26-27/03/2005,MO 2m,18:00,30.9
Mar 2005,26-27/03/2005,MO 2m,18:10,25.3
Mar 2005,26-27/03/2005,MO 2m,18:20,17.32
Mar 2005,26-27/03/2005,MO 2m,18:30,3.149
Mar 2005,26-27/03/2005,MO 2m,6:30,1.288
Mar 2005,26-27/03/2005,MO 2m,6:40,2.632
Mar 2005,26-27/03/2005,MO 2m,6:50,10.5
Mar 2005,26-27/03/2005,MO 2m,7:00,38.8
Mar 2005,26-27/03/2005,MO 2m,7:10,43.5
Mar 2005,26-27/03/2005,MO 2m,7:20,87.5
Mar 2005,26-27/03/2005,MO 2m,7:30,65.16
Mar 2005,26-27/03/2005,MO 2m,7:40,104.56
Mar 2005,26-27/03/2005,MO 2m,7:50,113.2
Mar 2005,26-27/03/2005,MO 2m,8:00,79.42
Mar 2005,26-27/03/2005,MO 2m,8:10,102.1
Mar 2005,26-27/03/2005,MO 2m,8:20,104.0
Mar 2005,26-27/03/2005,MO 2m,8:30,132.0
Mar 2005,26-27/03/2005,MO 2m,8:40,161.4
Mar 2005,26-27/03/2005,MO 2m,8:50,143.9
Mar 2005,26-27/03/2005,MO 2m,9:00,215.6
Mar 2005,26-27/03/2005,MO 2m,9:10,420.0
Mar 2005,26-27/03/2005,MO 2m,9:20,539.7
Mar 2005,26-27/03/2005,MO 2m,9:30,663.5
Mar 2005,26-27/03/2005,MO 2m,9:40,655.0
Mar 2005,26-27/03/2005,MO 2m,9:50,232.1
Mar 2005,24-25/03/2005,Open area 2m,10:00,1147.0
Mar 2005,24-25/03/2005,Open area 2m,10:10,1134.5
Mar 2005,24-25/03/2005,Open area 2m,10:20,1037.5
Mar 2005,24-25/03/2005,Open area 2m,10:30,1020.0
Mar 2005,24-25/03/2005,Open area 2m,10:40,1044.5
Mar 2005,24-25/03/2005,Open area 2m,10:50,1029.0
Mar 2005,24-25/03/2005,Open area 2m,11:00,1282.0
Mar 2005,24-25/03/2005,Open area 2m,11:10,1475.0
Mar 2005,24-25/03/2005,Open area 2m,11:20,1290.5
Mar 2005,24-25/03/2005,Open area 2m,11:30,1302.5
Mar 2005,24-25/03/2005,Open area 2m,11:40,937.73
Mar 2005,24-25/03/2005,Open area 2m,11:50,1665.0
Mar 2005,24-25/03/2005,Open area 2m,12:00,979.2
Mar 2005,24-25/03/2005,Open area 2m,12:10,972.4
Mar 2005,24-25/03/2005,Open area 2m,12:20,1297.4
Mar 2005,24-25/03/2005,Open area 2m,12:30,1279.0
Mar 2005,24-25/03/2005,Open area 2m,12:40,1219.0
Mar 2005,24-25/03/2005,Open area 2m,12:50,768.0
Mar 2005,24-25/03/2005,Open area 2m,13:00,900.5
Mar 2005,24-25/03/2005,Open area 2m,13:10,682.0
Mar 2005,24-25/03/2005,Open area 2m,13:20,890.0
Mar 2005,24-25/03/2005,Open area 2m,13:30,971.0
Mar 2005,24-25/03/2005,Open area 2m,13:40,980.5
Mar 2005,24-25/03/2005,Open area 2m,13:50,924.5
Mar 2005,24-25/03/2005,Open area 2m,14:00,878.0
Mar 2005,24-25/03/2005,Open area 2m,14:10,971.0
Mar 2005,24-25/03/2005,Open area 2m,14:20,978.5
Mar 2005,24-25/03/2005,Open area 2m,14:30,978.0
Mar 2005,24-25/03/2005,Open area 2m,14:40,977.0
Mar 2005,24-25/03/2005,Open area 2m,14:50,1173.0
Mar 2005,24-25/03/2005,Open area 2m,15:00,1141.0
Mar 2005,24-25/03/2005,Open area 2m,15:10,1060.0
Mar 2005,24-25/03/2005,Open area 2m,15:20,1003.5
Mar 2005,24-25/03/2005,Open area 2m,15:30,985.0
Mar 2005,24-25/03/2005,Open area 2m,15:40,1035.0
Mar 2005,24-25/03/2005,Open area 2m,15:50,362.0
Mar 2005,24-25/03/2005,Open area 2m,16:00,448.0
Mar 2005,24-25/03/2005,Open area 2m,16:10,1149.5
Mar 2005,24-25/03/2005,Open area 2m,16:20,650.0
Mar 2005,24-25/03/2005,Open area 2m,16:30,596.5
Mar 2005,24-25/03/2005,Open area 2m,16:40,403.5
Mar 2005,24-25/03/2005,Open area 2m,16:50,248.5
Mar 2005,24-25/03/2005,Open area 2m,17:00,209.5
Mar 2005,24-25/03/2005,Open area 2m,17:10,107.5
Mar 2005,24-25/03/2005,Open area 2m,17:20,102.36
Mar 2005,24-25/03/2005,Open area 2m,17:30,100.5
Mar 2005,24-25/03/2005,Open area 2m,17:40,68.03
Mar 2005,24-25/03/2005,Open area 2m,17:50,37.38
Mar 2005,24-25/03/2005,Open area 2m,18:00,29.37
Mar 2005,24-25/03/2005,Open area 2m,18:10,21.61
Mar 2005,24-25/03/2005,Open area 2m,18:20,15.12
Mar 2005,24-25/03/2005,Open area 2m,18:30,13.55
Mar 2005,24-25/03/2005,Open area 2m,6:30,2.05
Mar 2005,24-25/03/2005,Open area 2m,6:40,4.45
Mar 2005,24-25/03/2005,Open area 2m,6:50,37.65
Mar 2005,24-25/03/2005,Open area 2m,7:00,58.5
Mar 2005,24-25/03/2005,Open area 2m,7:10,165.0
Mar 2005,24-25/03/2005,Open area 2m,7:20,228.0
Mar 2005,24-25/03/2005,Open area 2m,7:30,338.0
Mar 2005,24-25/03/2005,Open area 2m,7:40,440.5
Mar 2005,24-25/03/2005,Open area 2m,7:50,445.5
Mar 2005,24-25/03/2005,Open area 2m,8:00,430.0
Mar 2005,24-25/03/2005,Open area 2m,8:10,684.5
Mar 2005,24-25/03/2005,Open area 2m,8:20,680.0
Mar 2005,24-25/03/2005,Open area 2m,8:30,717.5
Mar 2005,24-25/03/2005,Open area 2m,8:40,916.5
Mar 2005,24-25/03/2005,Open area 2m,8:50,996.0
Mar 2005,24-25/03/2005,Open area 2m,9:00,968.0
Mar 2005,24-25/03/2005,Open area 2m,9:10,1007.0
Mar 2005,24-25/03/2005,Open area 2m,9:20,1070.0
Mar 2005,24-25/03/2005,Open area 2m,9:30,1098.5
Mar 2005,24-25/03/2005,Open area 2m,9:40,1029.0
Mar 2005,24-25/03/2005,Open area 2m,9:50,1211.0
Mar 2005,25-26/03/2005,Open area 2m,10:00,707.9
Mar 2005,25-26/03/2005,Open area 2m,10:10,736.3
Mar 2005,25-26/03/2005,Open area 2m,10:20,763.9
Mar 2005,25-26/03/2005,Open area 2m,10:30,788.7
Mar 2005,25-26/03/2005,Open area 2m,10:40,812.3
Mar 2005,25-26/03/2005,Open area 2m,10:50,834.2
Mar 2005,25-26/03/2005,Open area 2m,11:00,854.8
Mar 2005,25-26/03/2005,Open area 2m,11:10,872.2
Mar 2005,25-26/03/2005,Open area 2m,11:20,889.3
Mar 2005,25-26/03/2005,Open area 2m,11:30,697.8
Mar 2005,25-26/03/2005,Open area 2m,11:40,938.6
Mar 2005,25-26/03/2005,Open area 2m,11:50,800.0
Mar 2005,25-26/03/2005,Open area 2m,12:00,661.4
Mar 2005,25-26/03/2005,Open area 2m,12:10,565.0
Mar 2005,25-26/03/2005,Open area 2m,12:20,1102.0
Mar 2005,25-26/03/2005,Open area 2m,12:30,819.2
Mar 2005,25-26/03/2005,Open area 2m,12:40,328.5
Mar 2005,25-26/03/2005,Open area 2m,12:50,226.2
Mar 2005,25-26/03/2005,Open area 2m,13:00,391.4
Mar 2005,25-26/03/2005,Open area 2m,13:10,332.7
Mar 2005,25-26/03/2005,Open area 2m,13:20,418.3
Mar 2005,25-26/03/2005,Open area 2m,13:30,843.8
Mar 2005,25-26/03/2005,Open area 2m,13:40,481.7
Mar 2005,25-26/03/2005,Open area 2m,13:50,1018.0
Mar 2005,25-26/03/2005,Open area 2m,14:00,524.7
Mar 2005,25-26/03/2005,Open area 2m,14:10,746.2
Mar 2005,25-26/03/2005,Open area 2m,14:20,814.8
Mar 2005,25-26/03/2005,Open area 2m,14:30,900.4
Mar 2005,25-26/03/2005,Open area 2m,14:40,873.6
Mar 2005,25-26/03/2005,Open area 2m,14:50,846.1
Mar 2005,25-26/03/2005,Open area 2m,15:00,788.3
Mar 2005,25-26/03/2005,Open area 2m,15:10,556.7
Mar 2005,25-26/03/2005,Open area 2m,15:20,736.6
Mar 2005,25-26/03/2005,Open area 2m,15:30,742.9
Mar 2005,25-26/03/2005,Open area 2m,15:40,659.1
Mar 2005,25-26/03/2005,Open area 2m,15:50,489.2
Mar 2005,25-26/03/2005,Open area 2m,16:00,577.4
Mar 2005,25-26/03/2005,Open area 2m,16:10,549.9
Mar 2005,25-26/03/2005,Open area 2m,16:20,487.5
Mar 2005,25-26/03/2005,Open area 2m,16:30,442.7
Mar 2005,25-26/03/2005,Open area 2m,16:40,402.9
Mar 2005,25-26/03/2005,Open area 2m,16:50,362.6
Mar 2005,25-26/03/2005,Open area 2m,17:00,323.7
Mar 2005,25-26/03/2005,Open area 2m,17:10,131.5
Mar 2005,25-26/03/2005,Open area 2m,17:20,72.8
Mar 2005,25-26/03/2005,Open area 2m,17:30,65.52
Mar 2005,25-26/03/2005,Open area 2m,17:40,55.43
Mar 2005,25-26/03/2005,Open area 2m,17:50,38.74
Mar 2005,25-26/03/2005,Open area 2m,18:00,52.02
Mar 2005,25-26/03/2005,Open area 2m,18:10,39.07
Mar 2005,25-26/03/2005,Open area 2m,18:20,24.64
Mar 2005,25-26/03/2005,Open area 2m,18:30,19.4
Mar 2005,25-26/03/2005,Open area 2m,6:30,1.2981
Mar 2005,25-26/03/2005,Open area 2m,6:40,4.019
Mar 2005,25-26/03/2005,Open area 2m,6:50,8.126
Mar 2005,25-26/03/2005,Open area 2m,7:00,60.12
Mar 2005,25-26/03/2005,Open area 2m,7:10,100.44
Mar 2005,25-26/03/2005,Open area 2m,7:20,110.02
Mar 2005,25-26/03/2005,Open area 2m,7:30,133.29
Mar 2005,25-26/03/2005,Open area 2m,7:40,190.7
Mar 2005,25-26/03/2005,Open area 2m,7:50,252.5
Mar 2005,25-26/03/2005,Open area 2m,8:00,274.7
Mar 2005,25-26/03/2005,Open area 2m,8:10,119.7
Mar 2005,25-26/03/2005,Open area 2m,8:20,344.8
Mar 2005,25-26/03/2005,Open area 2m,8:30,398.6
Mar 2005,25-26/03/2005,Open area 2m,8:40,434.8
Mar 2005,25-26/03/2005,Open area 2m,8:50,472.4
Mar 2005,25-26/03/2005,Open area 2m,9:00,506.1
Mar 2005,25-26/03/2005,Open area 2m,9:10,543.0
Mar 2005,25-26/03/2005,Open area 2m,9:20,577.3
Mar 2005,25-26/03/2005,Open area 2m,9:30,612.1
Mar 2005,25-26/03/2005,Open area 2m,9:40,644.8
Mar 2005,25-26/03/2005,Open area 2m,9:50,677.3
May 2005,11-12/05/2005,AFS 1.2m,10:00,148.7
May 2005,11-12/05/2005,AFS 1.2m,10:10,165.2
May 2005,11-12/05/2005,AFS 1.2m,10:20,112.4
May 2005,11-12/05/2005,AFS 1.2m,10:30,62.9
May 2005,11-12/05/2005,AFS 1.2m,10:40,36.28
May 2005,11-12/05/2005,AFS 1.2m,10:50,30.57
May 2005,11-12/05/2005,AFS 1.2m,11:00,27.98
May 2005,11-12/05/2005,AFS 1.2m,11:10,25.84
May 2005,11-12/05/2005,AFS 1.2m,11:20,35.25
May 2005,11-12/05/2005,AFS 1.2m,11:30,41.08
May 2005,11-12/05/2005,AFS 1.2m,11:40,43.58
May 2005,11-12/05/2005,AFS 1.2m,11:50,69.42
May 2005,11-12/05/2005,AFS 1.2m,12:00,42.66
May 2005,11-12/05/2005,AFS 1.2m,12:10,45.47
May 2005,11-12/05/2005,AFS 1.2m,12:20,32.0
May 2005,11-12/05/2005,AFS 1.2m,12:30,18.23
May 2005,11-12/05/2005,AFS 1.2m,12:40,12.47
May 2005,11-12/05/2005,AFS 1.2m,12:50,7.289
May 2005,11-12/05/2005,AFS 1.2m,13:00,8.028
May 2005,11-12/05/2005,AFS 1.2m,13:10,14.91
May 2005,11-12/05/2005,AFS 1.2m,13:20,22.06
May 2005,11-12/05/2005,AFS 1.2m,13:30,31.98
May 2005,11-12/05/2005,AFS 1.2m,13:40,22.42
May 2005,11-12/05/2005,AFS 1.2m,13:50,4.162
May 2005,11-12/05/2005,AFS 1.2m,14:00,2.363
May 2005,11-12/05/2005,AFS 1.2m,14:10,3.659
May 2005,11-12/05/2005,AFS 1.2m,14:20,15.21
May 2005,11-12/05/2005,AFS 1.2m,14:30,30.33
May 2005,11-12/05/2005,AFS 1.2m,14:40,30.62
May 2005,11-12/05/2005,AFS 1.2m,14:50,24.55
May 2005,11-12/05/2005,AFS 1.2m,15:00,19.07
May 2005,11-12/05/2005,AFS 1.2m,15:10,9.832
May 2005,11-12/05/2005,AFS 1.2m,15:20,8.198
May 2005,11-12/05/2005,AFS 1.2m,15:30,11.44
May 2005,11-12/05/2005,AFS 1.2m,15:40,18.97
May 2005,11-12/05/2005,AFS 1.2m,15:50,4.089
May 2005,11-12/05/2005,AFS 1.2m,16:00,2.384
May 2005,11-12/05/2005,AFS 1.2m,16:10,1.88
May 2005,11-12/05/2005,AFS 1.2m,16:20,1.102
May 2005,11-12/05/2005,AFS 1.2m,16:30,0.8468
May 2005,11-12/05/2005,AFS 1.2m,16:40,1.232
May 2005,11-12/05/2005,AFS 1.2m,16:50,2.134
May 2005,11-12/05/2005,AFS 1.2m,17:00,4.323
May 2005,11-12/05/2005,AFS 1.2m,17:10,5.692
May 2005,11-12/05/2005,AFS 1.2m,17:20,3.38
May 2005,11-12/05/2005,AFS 1.2m,17:30,2.764
May 2005,11-12/05/2005,AFS 1.2m,17:40,0.56
May 2005,11-12/05/2005,AFS 1.2m,17:50,0.2665
May 2005,11-12/05/2005,AFS 1.2m,18:00,0.3632
May 2005,11-12/05/2005,AFS 1.2m,18:10,0.2002
May 2005,11-12/05/2005,AFS 1.2m,18:20,0.1427
May 2005,11-12/05/2005,AFS 1.2m,7:20,0.1845
May 2005,11-12/05/2005,AFS 1.2m,7:30,0.4856
May 2005,11-12/05/2005,AFS 1.2m,7:40,1.402
May 2005,11-12/05/2005,AFS 1.2m,7:50,2.039
May 2005,11-12/05/2005,AFS 1.2m,8:00,3.708
May 2005,11-12/05/2005,AFS 1.2m,8:10,6.359
May 2005,11-12/05/2005,AFS 1.2m,8:20,7.559
May 2005,11-12/05/2005,AFS 1.2m,8:30,10.51
May 2005,11-12/05/2005,AFS 1.2m,8:40,13.37
May 2005,11-12/05/2005,AFS 1.2m,8:50,15.2
May 2005,11-12/05/2005,AFS 1.2m,9:00,15.22
May 2005,11-12/05/2005,AFS 1.2m,9:10,17.29
May 2005,11-12/05/2005,AFS 1.2m,9:20,26.91
May 2005,11-12/05/2005,AFS 1.2m,9:30,26.38
May 2005,11-12/05/2005,AFS 1.2m,9:40,30.87
May 2005,11-12/05/2005,AFS 1.2m,9:50,44.4
May 2005,12-13/05/2005,AFS 1.2m,10:00,56.17
May 2005,12-13/05/2005,AFS 1.2m,10:10,50.69
May 2005,12-13/05/2005,AFS 1.2m,10:20,24.59
May 2005,12-13/05/2005,AFS 1.2m,10:30,44.58
May 2005,12-13/05/2005,AFS 1.2m,10:40,12.64
May 2005,12-13/05/2005,AFS 1.2m,10:50,13.05
May 2005,12-13/05/2005,AFS 1.2m,11:00,12.15
May 2005,12-13/05/2005,AFS 1.2m,11:10,14.7
May 2005,12-13/05/2005,AFS 1.2m,11:20,36.1
May 2005,12-13/05/2005,AFS 1.2m,11:30,17.55
May 2005,12-13/05/2005,AFS 1.2m,11:40,12.57
May 2005,12-13/05/2005,AFS 1.2m,11:50,37.43
May 2005,12-13/05/2005,AFS 1.2m,12:00,90.34
May 2005,12-13/05/2005,AFS 1.2m,12:10,91.93
May 2005,12-13/05/2005,AFS 1.2m,12:20,108.8
May 2005,12-13/05/2005,AFS 1.2m,12:30,92.39
May 2005,12-13/05/2005,AFS 1.2m,12:40,108.4
May 2005,12-13/05/2005,AFS 1.2m,12:50,59.03
May 2005,12-13/05/2005,AFS 1.2m,13:00,63.3
May 2005,12-13/05/2005,AFS 1.2m,13:10,109.0
May 2005,12-13/05/2005,AFS 1.2m,13:20,59.17
May 2005,12-13/05/2005,AFS 1.2m,13:30,54.86
May 2005,12-13/05/2005,AFS 1.2m,13:40,53.12
May 2005,12-13/05/2005,AFS 1.2m,13:50,51.92
May 2005,12-13/05/2005,AFS 1.2m,14:00,54.34
May 2005,12-13/05/2005,AFS 1.2m,14:10,46.32
May 2005,12-13/05/2005,AFS 1.2m,14:20,40.94
May 2005,12-13/05/2005,AFS 1.2m,14:30,38.73
May 2005,12-13/05/2005,AFS 1.2m,14:40,36.51
May 2005,12-13/05/2005,AFS 1.2m,14:50,34.42
May 2005,12-13/05/2005,AFS 1.2m,15:00,34.16
May 2005,12-13/05/2005,AFS 1.2m,15:10,39.16
May 2005,12-13/05/2005,AFS 1.2m,15:20,43.86
May 2005,12-13/05/2005,AFS 1.2m,15:30,38.1
May 2005,12-13/05/2005,AFS 1.2m,15:40,31.47
May 2005,12-13/05/2005,AFS 1.2m,15:50,24.1
May 2005,12-13/05/2005,AFS 1.2m,16:00,17.99
May 2005,12-13/05/2005,AFS 1.2m,16:10,22.93
May 2005,12-13/05/2005,AFS 1.2m,16:20,21.87
May 2005,12-13/05/2005,AFS 1.2m,16:30,19.85
May 2005,12-13/05/2005,AFS 1.2m,16:40,21.03
May 2005,12-13/05/2005,AFS 1.2m,16:50,20.49
May 2005,12-13/05/2005,AFS 1.2m,17:00,12.06
May 2005,12-13/05/2005,AFS 1.2m,17:10,11.39
May 2005,12-13/05/2005,AFS 1.2m,17:20,13.24
May 2005,12-13/05/2005,AFS 1.2m,17:30,10.49
May 2005,12-13/05/2005,AFS 1.2m,17:40,5.924
May 2005,12-13/05/2005,AFS 1.2m,17:50,3.586
May 2005,12-13/05/2005,AFS 1.2m,18:00,2.156
May 2005,12-13/05/2005,AFS 1.2m,18:10,1.507
May 2005,12-13/05/2005,AFS 1.2m,18:20,0.6575
May 2005,12-13/05/2005,AFS 1.2m,7:20,0.3565
May 2005,12-13/05/2005,AFS 1.2m,7:30,0.9128
May 2005,12-13/05/2005,AFS 1.2m,7:40,2.048
May 2005,12-13/05/2005,AFS 1.2m,7:50,3.136
May 2005,12-13/05/2005,AFS 1.2m,8:00,4.301
May 2005,12-13/05/2005,AFS 1.2m,8:10,5.121
May 2005,12-13/05/2005,AFS 1.2m,8:20,5.907
May 2005,12-13/05/2005,AFS 1.2m,8:30,6.62
May 2005,12-13/05/2005,AFS 1.2m,8:40,7.32
May 2005,12-13/05/2005,AFS 1.2m,8:50,7.952
May 2005,12-13/05/2005,AFS 1.2m,9:00,8.586
May 2005,12-13/05/2005,AFS 1.2m,9:10,10.88
May 2005,12-13/05/2005,AFS 1.2m,9:20,14.83
May 2005,12-13/05/2005,AFS 1.2m,9:30,14.25
May 2005,12-13/05/2005,AFS 1.2m,9:40,24.85
May 2005,12-13/05/2005,AFS 1.2m,9:50,28.72
May 2005,09-10/05/2005,AFS 2m,10:00,51.54
May 2005,09-10/05/2005,AFS 2m,10:10,47.89
May 2005,09-10/05/2005,AFS 2m,10:20,44.53
May 2005,09-10/05/2005,AFS 2m,10:30,47.28
May 2005,09-10/05/2005,AFS 2m,10:40,51.19
May 2005,09-10/05/2005,AFS 2m,10:50,26.3
May 2005,09-10/05/2005,AFS 2m,11:00,23.0
May 2005,09-10/05/2005,AFS 2m,11:10,16.14
May 2005,09-10/05/2005,AFS 2m,11:20,23.57
May 2005,09-10/05/2005,AFS 2m,11:30,25.84
May 2005,09-10/05/2005,AFS 2m,11:40,35.28
May 2005,09-10/05/2005,AFS 2m,11:50,51.55
May 2005,09-10/05/2005,AFS 2m,12:00,54.27
May 2005,09-10/05/2005,AFS 2m,12:10,66.7
May 2005,09-10/05/2005,AFS 2m,12:20,72.94
May 2005,09-10/05/2005,AFS 2m,12:30,73.45
May 2005,09-10/05/2005,AFS 2m,12:40,91.39
May 2005,09-10/05/2005,AFS 2m,12:50,97.38
May 2005,09-10/05/2005,AFS 2m,13:00,66.11
May 2005,09-10/05/2005,AFS 2m,13:10,71.15
May 2005,09-10/05/2005,AFS 2m,13:20,52.16
May 2005,09-10/05/2005,AFS 2m,13:30,52.04
May 2005,09-10/05/2005,AFS 2m,13:40,45.42
May 2005,09-10/05/2005,AFS 2m,13:50,43.38
May 2005,09-10/05/2005,AFS 2m,14:00,42.68
May 2005,09-10/05/2005,AFS 2m,14:10,38.87
May 2005,09-10/05/2005,AFS 2m,14:20,55.46
May 2005,09-10/05/2005,AFS 2m,14:30,56.53
May 2005,09-10/05/2005,AFS 2m,14:40,37.28
May 2005,09-10/05/2005,AFS 2m,14:50,37.7
May 2005,09-10/05/2005,AFS 2m,15:00,37.75
May 2005,09-10/05/2005,AFS 2m,15:10,27.16
May 2005,09-10/05/2005,AFS 2m,15:20,38.75
May 2005,09-10/05/2005,AFS 2m,15:30,45.41
May 2005,09-10/05/2005,AFS 2m,15:40,40.01
May 2005,09-10/05/2005,AFS 2m,15:50,30.86
May 2005,09-10/05/2005,AFS 2m,16:00,29.17
May 2005,09-10/05/2005,AFS 2m,16:10,17.0
May 2005,09-10/05/2005,AFS 2m,16:20,13.81
May 2005,09-10/05/2005,AFS 2m,16:30,16.33
May 2005,09-10/05/2005,AFS 2m,16:40,11.59
May 2005,09-10/05/2005,AFS 2m,16:50,4.147
May 2005,09-10/05/2005,AFS 2m,17:00,3.273
May 2005,09-10/05/2005,AFS 2m,17:10,5.402
May 2005,09-10/05/2005,AFS 2m,17:20,1.366
May 2005,09-10/05/2005,AFS 2m,17:30,0.5759
May 2005,09-10/05/2005,AFS 2m,17:40,0.5675
May 2005,09-10/05/2005,AFS 2m,17:50,0.3969
May 2005,09-10/05/2005,AFS 2m,18:00,0.2381
May 2005,09-10/05/2005,AFS 2m,18:10,0.1952
May 2005,09-10/05/2005,AFS 2m,18:20,0.1424
May 2005,09-10/05/2005,AFS 2m,7:20,0.2989
May 2005,09-10/05/2005,AFS 2m,7:30,0.9453
May 2005,09-10/05/2005,AFS 2m,7:40,1.986
May 2005,09-10/05/2005,AFS 2m,7:50,3.473
May 2005,09-10/05/2005,AFS 2m,8:00,6.783
May 2005,09-10/05/2005,AFS 2m,8:10,13.39
May 2005,09-10/05/2005,AFS 2m,8:20,9.738
May 2005,09-10/05/2005,AFS 2m,8:30,10.99
May 2005,09-10/05/2005,AFS 2m,8:40,10.98
May 2005,09-10/05/2005,AFS 2m,8:50,12.0
May 2005,09-10/05/2005,AFS 2m,9:00,14.7
May 2005,09-10/05/2005,AFS 2m,9:10,13.48
May 2005,09-10/05/2005,AFS 2m,9:20,29.38
May 2005,09-10/05/2005,AFS 2m,9:30,33.57
May 2005,09-10/05/2005,AFS 2m,9:40,23.57
May 2005,09-10/05/2005,AFS 2m,9:50,31.39
May 2005,10-11/05/2005,AFS 2m,10:00,64.16
May 2005,10-11/05/2005,AFS 2m,10:10,49.25
May 2005,10-11/05/2005,AFS 2m,10:20,44.54
May 2005,10-11/05/2005,AFS 2m,10:30,83.27
May 2005,10-11/05/2005,AFS 2m,10:40,124.0
May 2005,10-11/05/2005,AFS 2m,10:50,39.91
May 2005,10-11/05/2005,AFS 2m,11:00,28.03
May 2005,10-11/05/2005,AFS 2m,11:10,36.21
May 2005,10-11/05/2005,AFS 2m,11:20,47.62
May 2005,10-11/05/2005,AFS 2m,11:30,55.66
May 2005,10-11/05/2005,AFS 2m,11:40,56.99
May 2005,10-11/05/2005,AFS 2m,11:50,60.89
May 2005,10-11/05/2005,AFS 2m,12:00,51.92
May 2005,10-11/05/2005,AFS 2m,12:10,67.62
May 2005,10-11/05/2005,AFS 2m,12:20,76.05
May 2005,10-11/05/2005,AFS 2m,12:30,90.18
May 2005,10-11/05/2005,AFS 2m,12:40,165.2
May 2005,10-11/05/2005,AFS 2m,12:50,306.0
May 2005,10-11/05/2005,AFS 2m,13:00,79.5
May 2005,10-11/05/2005,AFS 2m,13:10,53.06
May 2005,10-11/05/2005,AFS 2m,13:20,86.43
May 2005,10-11/05/2005,AFS 2m,13:30,48.38
May 2005,10-11/05/2005,AFS 2m,13:40,26.54
May 2005,10-11/05/2005,AFS 2m,13:50,18.87
May 2005,10-11/05/2005,AFS 2m,14:00,31.73
May 2005,10-11/05/2005,AFS 2m,14:10,25.33
May 2005,10-11/05/2005,AFS 2m,14:20,124.7
May 2005,10-11/05/2005,AFS 2m,14:30,90.66
May 2005,10-11/05/2005,AFS 2m,14:40,22.38
May 2005,10-11/05/2005,AFS 2m,14:50,112.9
May 2005,10-11/05/2005,AFS 2m,15:00,92.46
May 2005,10-11/05/2005,AFS 2m,15:10,16.42
May 2005,10-11/05/2005,AFS 2m,15:20,13.72
May 2005,10-11/05/2005,AFS 2m,15:30,15.0
May 2005,10-11/05/2005,AFS 2m,15:40,13.8
May 2005,10-11/05/2005,AFS 2m,15:50,23.34
May 2005,10-11/05/2005,AFS 2m,16:00,22.96
May 2005,10-11/05/2005,AFS 2m,16:10,15.59
May 2005,10-11/05/2005,AFS 2m,16:20,12.65
May 2005,10-11/05/2005,AFS 2m,16:30,13.52
May 2005,10-11/05/2005,AFS 2m,16:40,13.1
May 2005,10-11/05/2005,AFS 2m,16:50,30.6
May 2005,10-11/05/2005,AFS 2m,17:00,8.774
May 2005,10-11/05/2005,AFS 2m,17:10,8.138
May 2005,10-11/05/2005,AFS 2m,17:20,7.483
May 2005,10-11/05/2005,AFS 2m,17:30,7.548
May 2005,10-11/05/2005,AFS 2m,17:40,6.626
May 2005,10-11/05/2005,AFS 2m,17:50,5.291
May 2005,10-11/05/2005,AFS 2m,18:00,3.529
May 2005,10-11/05/2005,AFS 2m,18:10,1.902
May 2005,10-11/05/2005,AFS 2m,18:20,0.7717
May 2005,10-11/05/2005,AFS 2m,7:20,0.3603
May 2005,10-11/05/2005,AFS 2m,7:30,0.7054
May 2005,10-11/05/2005,AFS 2m,7:40,1.666
May 2005,10-11/05/2005,AFS 2m,7:50,3.739
May 2005,10-11/05/2005,AFS 2m,8:00,5.936
May 2005,10-11/05/2005,AFS 2m,8:10,7.809
May 2005,10-11/05/2005,AFS 2m,8:20,9.511
May 2005,10-11/05/2005,AFS 2m,8:30,12.54
May 2005,10-11/05/2005,AFS 2m,8:40,15.39
May 2005,10-11/05/2005,AFS 2m,8:50,14.57
May 2005,10-11/05/2005,AFS 2m,9:00,16.51
May 2005,10-11/05/2005,AFS 2m,9:10,21.2
May 2005,10-11/05/2005,AFS 2m,9:20,21.88
May 2005,10-11/05/2005,AFS 2m,9:30,19.51
May 2005,10-11/05/2005,AFS 2m,9:40,51.19
May 2005,10-11/05/2005,AFS 2m,9:50,79.6
May 2005,07-08/05/2005,MO 1.2m,10:00,17.93
May 2005,07-08/05/2005,MO 1.2m,10:10,20.62
May 2005,07-08/05/2005,MO 1.2m,10:20,43.28
May 2005,07-08/05/2005,MO 1.2m,10:30,51.4
May 2005,07-08/05/2005,MO 1.2m,10:40,43.87
May 2005,07-08/05/2005,MO 1.2m,10:50,40.1
May 2005,07-08/05/2005,MO 1.2m,11:00,44.9
May 2005,07-08/05/2005,MO 1.2m,11:10,48.86
May 2005,07-08/05/2005,MO 1.2m,11:20,54.59
May 2005,07-08/05/2005,MO 1.2m,11:30,50.34
May 2005,07-08/05/2005,MO 1.2m,11:40,40.19
May 2005,07-08/05/2005,MO 1.2m,11:50,48.29
May 2005,07-08/05/2005,MO 1.2m,12:00,48.03
May 2005,07-08/05/2005,MO 1.2m,12:10,46.4
May 2005,07-08/05/2005,MO 1.2m,12:20,49.22
May 2005,07-08/05/2005,MO 1.2m,12:30,53.2
May 2005,07-08/05/2005,MO 1.2m,12:40,54.85
May 2005,07-08/05/2005,MO 1.2m,12:50,74.66
May 2005,07-08/05/2005,MO 1.2m,13:00,58.66
May 2005,07-08/05/2005,MO 1.2m,13:10,40.93
May 2005,07-08/05/2005,MO 1.2m,13:20,35.11
May 2005,07-08/05/2005,MO 1.2m,13:30,41.9
May 2005,07-08/05/2005,MO 1.2m,13:40,48.11
May 2005,07-08/05/2005,MO 1.2m,13:50,39.98
May 2005,07-08/05/2005,MO 1.2m,14:00,48.42
May 2005,07-08/05/2005,MO 1.2m,14:10,48.62
May 2005,07-08/05/2005,MO 1.2m,14:20,55.62
May 2005,07-08/05/2005,MO 1.2m,14:30,50.42
May 2005,07-08/05/2005,MO 1.2m,14:40,45.83
May 2005,07-08/05/2005,MO 1.2m,14:50,33.14
May 2005,07-08/05/2005,MO 1.2m,15:00,33.66
May 2005,07-08/05/2005,MO 1.2m,15:10,30.51
May 2005,07-08/05/2005,MO 1.2m,15:20,25.45
May 2005,07-08/05/2005,MO 1.2m,15:30,23.27
May 2005,07-08/05/2005,MO 1.2m,15:40,34.99
May 2005,07-08/05/2005,MO 1.2m,15:50,38.49
May 2005,07-08/05/2005,MO 1.2m,16:00,23.82
May 2005,07-08/05/2005,MO 1.2m,16:10,24.92
May 2005,07-08/05/2005,MO 1.2m,16:20,23.37
May 2005,07-08/05/2005,MO 1.2m,16:30,22.01
May 2005,07-08/05/2005,MO 1.2m,16:40,28.27
May 2005,07-08/05/2005,MO 1.2m,16:50,25.13
May 2005,07-08/05/2005,MO 1.2m,17:00,12.79
May 2005,07-08/05/2005,MO 1.2m,17:10,10.65
May 2005,07-08/05/2005,MO 1.2m,17:20,9.39
May 2005,07-08/05/2005,MO 1.2m,17:30,9.734
May 2005,07-08/05/2005,MO 1.2m,17:40,4.506
May 2005,07-08/05/2005,MO 1.2m,17:50,3.246
May 2005,07-08/05/2005,MO 1.2m,18:00,2.897
May 2005,07-08/05/2005,MO 1.2m,18:10,1.856
May 2005,07-08/05/2005,MO 1.2m,18:20,0.6088
May 2005,07-08/05/2005,MO 1.2m,7:20,0.1774
May 2005,07-08/05/2005,MO 1.2m,7:30,0.4609
May 2005,07-08/05/2005,MO 1.2m,7:40,0.9807
May 2005,07-08/05/2005,MO 1.2m,7:50,1.591
May 2005,07-08/05/2005,MO 1.2m,8:00,2.511
May 2005,07-08/05/2005,MO 1.2m,8:10,4.673
May 2005,07-08/05/2005,MO 1.2m,8:20,7.167
May 2005,07-08/05/2005,MO 1.2m,8:30,10.65
May 2005,07-08/05/2005,MO 1.2m,8:40,15.39
May 2005,07-08/05/2005,MO 1.2m,8:50,16.27
May 2005,07-08/05/2005,MO 1.2m,9:00,19.81
May 2005,07-08/05/2005,MO 1.2m,9:10,20.71
May 2005,07-08/05/2005,MO 1.2m,9:20,23.62
May 2005,07-08/05/2005,MO 1.2m,9:30,34.41
May 2005,07-08/05/2005,MO 1.2m,9:40,30.82
May 2005,07-08/05/2005,MO 1.2m,9:50,22.42
May 2005,08-09/05/2005,MO 1.2m,10:00,56.04
May 2005,08-09/05/2005,MO 1.2m,10:10,55.53
May 2005,08-09/05/2005,MO 1.2m,10:20,39.67
May 2005,08-09/05/2005,MO 1.2m,10:30,31.95
May 2005,08-09/05/2005,MO 1.2m,10:40,33.59
May 2005,08-09/05/2005,MO 1.2m,10:50,43.62
May 2005,08-09/05/2005,MO 1.2m,11:00,50.73
May 2005,08-09/05/2005,MO 1.2m,11:10,56.59
May 2005,08-09/05/2005,MO 1.2m,11:20,66.26
May 2005,08-09/05/2005,MO 1.2m,11:30,67.21
May 2005,08-09/05/2005,MO 1.2m,11:40,78.6
May 2005,08-09/05/2005,MO 1.2m,11:50,138.6
May 2005,08-09/05/2005,MO 1.2m,12:00,57.72
May 2005,08-09/05/2005,MO 1.2m,12:10,71.61
May 2005,08-09/05/2005,MO 1.2m,12:20,87.22
May 2005,08-09/05/2005,MO 1.2m,12:30,91.66
May 2005,08-09/05/2005,MO 1.2m,12:40,93.49
May 2005,08-09/05/2005,MO 1.2m,12:50,87.46
May 2005,08-09/05/2005,MO 1.2m,13:00,77.07
May 2005,08-09/05/2005,MO 1.2m,13:10,64.13
May 2005,08-09/05/2005,MO 1.2m,13:20,53.9
May 2005,08-09/05/2005,MO 1.2m,13:30,61.31
May 2005,08-09/05/2005,MO 1.2m,13:40,65.38
May 2005,08-09/05/2005,MO 1.2m,13:50,61.96
May 2005,08-09/05/2005,MO 1.2m,14:00,66.76
May 2005,08-09/05/2005,MO 1.2m,14:10,72.32
May 2005,08-09/05/2005,MO 1.2m,14:20,74.54
May 2005,08-09/05/2005,MO 1.2m,14:30,78.15
May 2005,08-09/05/2005,MO 1.2m,14:40,72.88
May 2005,08-09/05/2005,MO 1.2m,14:50,65.78
May 2005,08-09/05/2005,MO 1.2m,15:00,52.61
May 2005,08-09/05/2005,MO 1.2m,15:10,56.53
May 2005,08-09/05/2005,MO 1.2m,15:20,58.27
May 2005,08-09/05/2005,MO 1.2m,15:30,49.55
May 2005,08-09/05/2005,MO 1.2m,15:40,36.16
May 2005,08-09/05/2005,MO 1.2m,15:50,23.78
May 2005,08-09/05/2005,MO 1.2m,16:00,28.22
May 2005,08-09/05/2005,MO 1.2m,16:10,34.74
May 2005,08-09/05/2005,MO 1.2m,16:20,18.73
May 2005,08-09/05/2005,MO 1.2m,16:30,10.93
May 2005,08-09/05/2005,MO 1.2m,16:40,8.866
May 2005,08-09/05/2005,MO 1.2m,16:50,7.561
May 2005,08-09/05/2005,MO 1.2m,17:00,7.524
May 2005,08-09/05/2005,MO 1.2m,17:10,6.226
May 2005,08-09/05/2005,MO 1.2m,17:20,4.451
May 2005,08-09/05/2005,MO 1.2m,17:30,4.307
May 2005,08-09/05/2005,MO 1.2m,17:40,3.688
May 2005,08-09/05/2005,MO 1.2m,17:50,2.53
May 2005,08-09/05/2005,MO 1.2m,18:00,1.304
May 2005,08-09/05/2005,MO 1.2m,18:10,0.6059
May 2005,08-09/05/2005,MO 1.2m,18:20,0.1988
May 2005,08-09/05/2005,MO 1.2m,7:20,0.4706
May 2005,08-09/05/2005,MO 1.2m,7:30,1.201
May 2005,08-09/05/2005,MO 1.2m,7:40,3.681
May 2005,08-09/05/2005,MO 1.2m,7:50,5.565
May 2005,08-09/05/2005,MO 1.2m,8:00,6.625
May 2005,08-09/05/2005,MO 1.2m,8:10,12.64
May 2005,08-09/05/2005,MO 1.2m,8:20,18.06
May 2005,08-09/05/2005,MO 1.2m,8:30,25.58
May 2005,08-09/05/2005,MO 1.2m,8:40,33.23
May 2005,08-09/05/2005,MO 1.2m,8:50,28.24
May 2005,08-09/05/2005,MO 1.2m,9:00,28.26
May 2005,08-09/05/2005,MO 1.2m,9:10,28.86
May 2005,08-09/05/2005,MO 1.2m,9:20,27.26
May 2005,08-09/05/2005,MO 1.2m,9:30,31.56
May 2005,08-09/05/2005,MO 1.2m,9:40,56.72
May 2005,08-09/05/2005,MO 1.2m,9:50,55.15
May 2005,05-06/05/2005,MO 2m,10:00,184.4
May 2005,05-06/05/2005,MO 2m,10:10,179.8
May 2005,05-06/05/2005,MO 2m,10:20,202.9
May 2005,05-06/05/2005,MO 2m,10:30,233.5
May 2005,05-06/05/2005,MO 2m,10:40,280.8
May 2005,05-06/05/2005,MO 2m,10:50,259.1
May 2005,05-06/05/2005,MO 2m,11:00,229.9
May 2005,05-06/05/2005,MO 2m,11:10,212.3
May 2005,05-06/05/2005,MO 2m,11:20,218.4
May 2005,05-06/05/2005,MO 2m,11:30,235.3
May 2005,05-06/05/2005,MO 2m,11:40,239.3
May 2005,05-06/05/2005,MO 2m,11:50,237.0
May 2005,05-06/05/2005,MO 2m,12:00,510.7
May 2005,05-06/05/2005,MO 2m,12:10,79.59
May 2005,05-06/05/2005,MO 2m,12:20,375.3
May 2005,05-06/05/2005,MO 2m,12:30,283.2
May 2005,05-06/05/2005,MO 2m,12:40,109.2
May 2005,05-06/05/2005,MO 2m,12:50,105.63
May 2005,05-06/05/2005,MO 2m,13:00,106.32
May 2005,05-06/05/2005,MO 2m,13:10,108.38
May 2005,05-06/05/2005,MO 2m,13:20,157.5
May 2005,05-06/05/2005,MO 2m,13:30,154.1
May 2005,05-06/05/2005,MO 2m,13:40,155.1
May 2005,05-06/05/2005,MO 2m,13:50,179.3
May 2005,05-06/05/2005,MO 2m,14:00,128.3
May 2005,05-06/05/2005,MO 2m,14:10,151.9
May 2005,05-06/05/2005,MO 2m,14:20,155.14
May 2005,05-06/05/2005,MO 2m,14:30,89.66
May 2005,05-06/05/2005,MO 2m,14:40,151.32
May 2005,05-06/05/2005,MO 2m,14:50,150.9
May 2005,05-06/05/2005,MO 2m,15:00,150.46
May 2005,05-06/05/2005,MO 2m,15:10,150.56
May 2005,05-06/05/2005,MO 2m,15:20,160.6
May 2005,05-06/05/2005,MO 2m,15:30,155.2
May 2005,05-06/05/2005,MO 2m,15:40,362.5
May 2005,05-06/05/2005,MO 2m,15:50,342.3
May 2005,05-06/05/2005,MO 2m,16:00,228.9
May 2005,05-06/05/2005,MO 2m,16:10,216.9
May 2005,05-06/05/2005,MO 2m,16:20,54.21
May 2005,05-06/05/2005,MO 2m,16:30,56.01
May 2005,05-06/05/2005,MO 2m,16:40,45.5
May 2005,05-06/05/2005,MO 2m,16:50,42.78
May 2005,05-06/05/2005,MO 2m,17:00,38.33
May 2005,05-06/05/2005,MO 2m,17:10,36.22
May 2005,05-06/05/2005,MO 2m,17:20,34.34
May 2005,05-06/05/2005,MO 2m,17:30,31.76
May 2005,05-06/05/2005,MO 2m,17:40,28.77
May 2005,05-06/05/2005,MO 2m,17:50,24.64
May 2005,05-06/05/2005,MO 2m,18:00,19.44
May 2005,05-06/05/2005,MO 2m,18:10,7.35
May 2005,05-06/05/2005,MO 2m,18:20,2.759
May 2005,05-06/05/2005,MO 2m,7:20,0.556
May 2005,05-06/05/2005,MO 2m,7:30,3.441
May 2005,05-06/05/2005,MO 2m,7:40,7.213
May 2005,05-06/05/2005,MO 2m,7:50,14.83
May 2005,05-06/05/2005,MO 2m,8:00,22.99
May 2005,05-06/05/2005,MO 2m,8:10,35.27
May 2005,05-06/05/2005,MO 2m,8:20,47.41
May 2005,05-06/05/2005,MO 2m,8:30,55.98
May 2005,05-06/05/2005,MO 2m,8:40,63.12
May 2005,05-06/05/2005,MO 2m,8:50,69.57
May 2005,05-06/05/2005,MO 2m,9:00,87.19
May 2005,05-06/05/2005,MO 2m,9:10,104.1
May 2005,05-06/05/2005,MO 2m,9:20,118.1
May 2005,05-06/05/2005,MO 2m,9:30,130.2
May 2005,05-06/05/2005,MO 2m,9:40,158.3
May 2005,05-06/05/2005,MO 2m,9:50,171.1
May 2005,06-07/05/2005,MO 2m,10:00,46.78
May 2005,06-07/05/2005,MO 2m,10:10,45.07
May 2005,06-07/05/2005,MO 2m,10:20,51.17
May 2005,06-07/05/2005,MO 2m,10:30,63.95
May 2005,06-07/05/2005,MO 2m,10:40,65.82
May 2005,06-07/05/2005,MO 2m,10:50,69.82
May 2005,06-07/05/2005,MO 2m,11:00,78.91
May 2005,06-07/05/2005,MO 2m,11:10,92.26
May 2005,06-07/05/2005,MO 2m,11:20,93.06
May 2005,06-07/05/2005,MO 2m,11:30,104.0
May 2005,06-07/05/2005,MO 2m,11:40,108.8
May 2005,06-07/05/2005,MO 2m,11:50,59.31
May 2005,06-07/05/2005,MO 2m,12:00,236.9
May 2005,06-07/05/2005,MO 2m,12:10,237.9
May 2005,06-07/05/2005,MO 2m,12:20,266.0
May 2005,06-07/05/2005,MO 2m,12:30,265.1
May 2005,06-07/05/2005,MO 2m,12:40,271.1
May 2005,06-07/05/2005,MO 2m,12:50,247.6
May 2005,06-07/05/2005,MO 2m,13:00,247.6
May 2005,06-07/05/2005,MO 2m,13:10,255.7
May 2005,06-07/05/2005,MO 2m,13:20,249.2
May 2005,06-07/05/2005,MO 2m,13:30,266.6
May 2005,06-07/05/2005,MO 2m,13:40,252.9
May 2005,06-07/05/2005,MO 2m,13:50,304.8
May 2005,06-07/05/2005,MO 2m,14:00,239.5
May 2005,06-07/05/2005,MO 2m,14:10,206.7
May 2005,06-07/05/2005,MO 2m,14:20,192.6
May 2005,06-07/05/2005,MO 2m,14:30,215.5
May 2005,06-07/05/2005,MO 2m,14:40,176.6
May 2005,06-07/05/2005,MO 2m,14:50,195.4
May 2005,06-07/05/2005,MO 2m,15:00,187.6
May 2005,06-07/05/2005,MO 2m,15:10,221.3
May 2005,06-07/05/2005,MO 2m,15:20,227.7
May 2005,06-07/05/2005,MO 2m,15:30,153.3
May 2005,06-07/05/2005,MO 2m,15:40,161.2
May 2005,06-07/05/2005,MO 2m,15:50,151.2
May 2005,06-07/05/2005,MO 2m,16:00,224.6
May 2005,06-07/05/2005,MO 2m,16:10,130.9
May 2005,06-07/05/2005,MO 2m,16:20,105.5
May 2005,06-07/05/2005,MO 2m,16:30,123.1
May 2005,06-07/05/2005,MO 2m,16:40,101.5
May 2005,06-07/05/2005,MO 2m,16:50,82.98
May 2005,06-07/05/2005,MO 2m,17:00,68.14
May 2005,06-07/05/2005,MO 2m,17:10,53.44
May 2005,06-07/05/2005,MO 2m,17:20,34.91
May 2005,06-07/05/2005,MO 2m,17:30,27.95
May 2005,06-07/05/2005,MO 2m,17:40,23.09
May 2005,06-07/05/2005,MO 2m,17:50,17.19
May 2005,06-07/05/2005,MO 2m,18:00,9.289
May 2005,06-07/05/2005,MO 2m,18:10,4.623
May 2005,06-07/05/2005,MO 2m,18:20,1.498
May 2005,06-07/05/2005,MO 2m,7:20,0.3996
May 2005,06-07/05/2005,MO 2m,7:30,0.5157
May 2005,06-07/05/2005,MO 2m,7:40,1.056
May 2005,06-07/05/2005,MO 2m,7:50,2.656
May 2005,06-07/05/2005,MO 2m,8:00,3.781
May 2005,06-07/05/2005,MO 2m,8:10,6.217
May 2005,06-07/05/2005,MO 2m,8:20,5.768
May 2005,06-07/05/2005,MO 2m,8:30,9.562
May 2005,06-07/05/2005,MO 2m,8:40,12.25
May 2005,06-07/05/2005,MO 2m,8:50,16.4
May 2005,06-07/05/2005,MO 2m,9:00,20.44
May 2005,06-07/05/2005,MO 2m,9:10,40.5
May 2005,06-07/05/2005,MO 2m,9:20,55.51
May 2005,06-07/05/2005,MO 2m,9:30,60.63
May 2005,06-07/05/2005,MO 2m,9:40,60.24
May 2005,06-07/05/2005,MO 2m,9:50,52.77
May 2005,15-16/05/2005,Open area 2m,10:00,130.5
May 2005,15-16/05/2005,Open area 2m,10:10,115.0
May 2005,15-16/05/2005,Open area 2m,10:20,150.5
May 2005,15-16/05/2005,Open area 2m,10:30,195.3
May 2005,15-16/05/2005,Open area 2m,10:40,249.9
May 2005,15-16/05/2005,Open area 2m,10:50,254.9
May 2005,15-16/05/2005,Open area 2m,11:00,263.7
May 2005,15-16/05/2005,Open area 2m,11:10,210.9
May 2005,15-16/05/2005,Open area 2m,11:20,235.5
May 2005,15-16/05/2005,Open area 2m,11:30,308.0
May 2005,15-16/05/2005,Open area 2m,11:40,274.7
May 2005,15-16/05/2005,Open area 2m,11:50,215.4
May 2005,15-16/05/2005,Open area 2m,12:00,614.8
May 2005,15-16/05/2005,Open area 2m,12:10,697.5
May 2005,15-16/05/2005,Open area 2m,12:20,669.6
May 2005,15-16/05/2005,Open area 2m,12:30,655.6
May 2005,15-16/05/2005,Open area 2m,12:40,741.5
May 2005,15-16/05/2005,Open area 2m,12:50,1144.0
May 2005,15-16/05/2005,Open area 2m,13:00,1021.0
May 2005,15-16/05/2005,Open area 2m,13:10,1082.0
May 2005,15-16/05/2005,Open area 2m,13:20,995.7
May 2005,15-16/05/2005,Open area 2m,13:30,800.6
May 2005,15-16/05/2005,Open area 2m,13:40,1136.0
May 2005,15-16/05/2005,Open area 2m,13:50,1003.0
May 2005,15-16/05/2005,Open area 2m,14:00,1043.0
May 2005,15-16/05/2005,Open area 2m,14:10,715.6
May 2005,15-16/05/2005,Open area 2m,14:20,551.4
May 2005,15-16/05/2005,Open area 2m,14:30,476.6
May 2005,15-16/05/2005,Open area 2m,14:40,363.4
May 2005,15-16/05/2005,Open area 2m,14:50,439.2
May 2005,15-16/05/2005,Open area 2m,15:00,418.5
May 2005,15-16/05/2005,Open area 2m,15:10,349.5
May 2005,15-16/05/2005,Open area 2m,15:20,347.2
May 2005,15-16/05/2005,Open area 2m,15:30,350.5
May 2005,15-16/05/2005,Open area 2m,15:40,340.3
May 2005,15-16/05/2005,Open area 2m,15:50,306.0
May 2005,15-16/05/2005,Open area 2m,16:00,253.5
May 2005,15-16/05/2005,Open area 2m,16:10,234.6
May 2005,15-16/05/2005,Open area 2m,16:20,227.1
May 2005,15-16/05/2005,Open area 2m,16:30,203.4
May 2005,15-16/05/2005,Open area 2m,16:40,176.1
May 2005,15-16/05/2005,Open area 2m,16:50,142.3
May 2005,15-16/05/2005,Open area 2m,17:00,115.1
May 2005,15-16/05/2005,Open area 2m,17:10,87.39
May 2005,15-16/05/2005,Open area 2m,17:20,76.11
May 2005,15-16/05/2005,Open area 2m,17:30,68.93
May 2005,15-16/05/2005,Open area 2m,17:40,51.43
May 2005,15-16/05/2005,Open area 2m,17:50,34.48
May 2005,15-16/05/2005,Open area 2m,18:00,19.5
May 2005,15-16/05/2005,Open area 2m,18:10,8.91
May 2005,15-16/05/2005,Open area 2m,18:20,2.845
May 2005,15-16/05/2005,Open area 2m,7:20,0.381
May 2005,15-16/05/2005,Open area 2m,7:30,0.6428
May 2005,15-16/05/2005,Open area 2m,7:40,2.373
May 2005,15-16/05/2005,Open area 2m,7:50,3.994
May 2005,15-16/05/2005,Open area 2m,8:00,9.932
May 2005,15-16/05/2005,Open area 2m,8:10,17.38
May 2005,15-16/05/2005,Open area 2m,8:20,29.16
May 2005,15-16/05/2005,Open area 2m,8:30,40.47
May 2005,15-16/05/2005,Open area 2m,8:40,46.48
May 2005,15-16/05/2005,Open area 2m,8:50,78.26
May 2005,15-16/05/2005,Open area 2m,9:00,94.7
May 2005,15-16/05/2005,Open area 2m,9:10,123.2
May 2005,15-16/05/2005,Open area 2m,9:20,139.7
May 2005,15-16/05/2005,Open area 2m,9:30,150.5
May 2005,15-16/05/2005,Open area 2m,9:40,166.3
May 2005,15-16/05/2005,Open area 2m,9:50,146.5
May 2005,16-17/05/2005,Open area 2m,10:00,217.9
May 2005,16-17/05/2005,Open area 2m,10:10,250.9
May 2005,16-17/05/2005,Open area 2m,10:20,259.1
May 2005,16-17/05/2005,Open area 2m,10:30,238.0
May 2005,16-17/05/2005,Open area 2m,10:40,375.2
May 2005,16-17/05/2005,Open area 2m,10:50,387.3
May 2005,16-17/05/2005,Open area 2m,11:00,402.8
May 2005,16-17/05/2005,Open area 2m,11:10,507.1
May 2005,16-17/05/2005,Open area 2m,11:20,497.6
May 2005,16-17/05/2005,Open area 2m,11:30,889.1
May 2005,16-17/05/2005,Open area 2m,11:40,1117.0
May 2005,16-17/05/2005,Open area 2m,11:50,940.5
May 2005,16-17/05/2005,Open area 2m,12:00,243.4
May 2005,16-17/05/2005,Open area 2m,12:10,230.9
May 2005,16-17/05/2005,Open area 2m,12:20,173.1
May 2005,16-17/05/2005,Open area 2m,12:30,160.7
May 2005,16-17/05/2005,Open area 2m,12:40,196.3
May 2005,16-17/05/2005,Open area 2m,12:50,217.5
May 2005,16-17/05/2005,Open area 2m,13:00,248.0
May 2005,16-17/05/2005,Open area 2m,13:10,290.9
May 2005,16-17/05/2005,Open area 2m,13:20,205.1
May 2005,16-17/05/2005,Open area 2m,13:30,191.6
May 2005,16-17/05/2005,Open area 2m,13:40,205.8
May 2005,16-17/05/2005,Open area 2m,13:50,266.7
May 2005,16-17/05/2005,Open area 2m,14:00,259.4
May 2005,16-17/05/2005,Open area 2m,14:10,291.7
May 2005,16-17/05/2005,Open area 2m,14:20,222.6
May 2005,16-17/05/2005,Open area 2m,14:30,251.8
May 2005,16-17/05/2005,Open area 2m,14:40,178.9
May 2005,16-17/05/2005,Open area 2m,14:50,220.5
May 2005,16-17/05/2005,Open area 2m,15:00,160.9
May 2005,16-17/05/2005,Open area 2m,15:10,150.0
May 2005,16-17/05/2005,Open area 2m,15:20,159.8
May 2005,16-17/05/2005,Open area 2m,15:30,236.0
May 2005,16-17/05/2005,Open area 2m,15:40,259.1
May 2005,16-17/05/2005,Open area 2m,15:50,283.6
May 2005,16-17/05/2005,Open area 2m,16:00,218.8
May 2005,16-17/05/2005,Open area 2m,16:10,159.7
May 2005,16-17/05/2005,Open area 2m,16:20,107.7
May 2005,16-17/05/2005,Open area 2m,16:30,98.72
May 2005,16-17/05/2005,Open area 2m,16:40,109.5
May 2005,16-17/05/2005,Open area 2m,16:50,158.0
May 2005,16-17/05/2005,Open area 2m,17:00,213.6
May 2005,16-17/05/2005,Open area 2m,17:10,217.5
May 2005,16-17/05/2005,Open area 2m,17:20,129.8
May 2005,16-17/05/2005,Open area 2m,17:30,98.72
May 2005,16-17/05/2005,Open area 2m,17:40,51.36
May 2005,16-17/05/2005,Open area 2m,17:50,32.08
May 2005,16-17/05/2005,Open area 2m,18:00,15.86
May 2005,16-17/05/2005,Open area 2m,18:10,6.306
May 2005,16-17/05/2005,Open area 2m,18:20,2.913
May 2005,16-17/05/2005,Open area 2m,7:20,0.9317
May 2005,16-17/05/2005,Open area 2m,7:30,3.614
May 2005,16-17/05/2005,Open area 2m,7:40,10.41
May 2005,16-17/05/2005,Open area 2m,7:50,23.1
May 2005,16-17/05/2005,Open area 2m,8:00,28.31
May 2005,16-17/05/2005,Open area 2m,8:10,39.84
May 2005,16-17/05/2005,Open area 2m,8:20,73.89
May 2005,16-17/05/2005,Open area 2m,8:30,103.5
May 2005,16-17/05/2005,Open area 2m,8:40,145.1
May 2005,16-17/05/2005,Open area 2m,8:50,107.9
May 2005,16-17/05/2005,Open area 2m,9:00,111.5
May 2005,16-17/05/2005,Open area 2m,9:10,129.8
May 2005,16-17/05/2005,Open area 2m,9:20,195.8
May 2005,16-17/05/2005,Open area 2m,9:30,227.1
May 2005,16-17/05/2005,Open area 2m,9:40,224.3
May 2005,16-17/05/2005,Open area 2m,9:50,221.3
