Period,Date_Range,Environment,Time,R_FR
Sep 2003,13-14/09/2003,AFS 1.2m,10:00,0.28859
Sep 2003,13-14/09/2003,AFS 1.2m,10:10,0.34772
Sep 2003,13-14/09/2003,AFS 1.2m,10:20,0.59372
Sep 2003,13-14/09/2003,AFS 1.2m,10:30,0.38198
Sep 2003,13-14/09/2003,AFS 1.2m,10:40,0.26319
Sep 2003,13-14/09/2003,AFS 1.2m,10:50,0.25681
Sep 2003,13-14/09/2003,AFS 1.2m,11:00,0.35554
Sep 2003,13-14/09/2003,AFS 1.2m,11:10,0.55101
Sep 2003,13-14/09/2003,AFS 1.2m,11:20,0.52478
Sep 2003,13-14/09/2003,AFS 1.2m,11:30,0.38129
Sep 2003,13-14/09/2003,AFS 1.2m,11:40,0.52793
Sep 2003,13-14/09/2003,AFS 1.2m,11:50,0.92969
Sep 2003,13-14/09/2003,AFS 1.2m,12:00,0.84385
Sep 2003,13-14/09/2003,AFS 1.2m,12:10,0.67809
Sep 2003,13-14/09/2003,AFS 1.2m,12:20,0.60655
Sep 2003,13-14/09/2003,AFS 1.2m,12:30,0.35522
Sep 2003,13-14/09/2003,AFS 1.2m,12:40,0.40212
Sep 2003,13-14/09/2003,AFS 1.2m,12:50,0.39407
Sep 2003,13-14/09/2003,AFS 1.2m,13:00,0.95981
Sep 2003,13-14/09/2003,AFS 1.2m,13:10,0.84213
Sep 2003,13-14/09/2003,AFS 1.2m,13:20,0.51058
Sep 2003,13-14/09/2003,AFS 1.2m,13:30,0.27642
Sep 2003,13-14/09/2003,AFS 1.2m,13:40,0.32665
Sep 2003,13-14/09/2003,AFS 1.2m,13:50,0.49003
Sep 2003,13-14/09/2003,AFS 1.2m,14:00,0.30768
Sep 2003,13-14/09/2003,AFS 1.2m,14:10,0.55718
Sep 2003,13-14/09/2003,AFS 1.2m,14:20,0.558
Sep 2003,13-14/09/2003,AFS 1.2m,14:30,0.47599
Sep 2003,13-14/09/2003,AFS 1.2m,14:40,0.41604
Sep 2003,13-14/09/2003,AFS 1.2m,14:50,0.64484
Sep 2003,13-14/09/2003,AFS 1.2m,15:00,0.41063
Sep 2003,13-14/09/2003,AFS 1.2m,15:10,0.52951
Sep 2003,13-14/09/2003,AFS 1.2m,15:20,0.89428
Sep 2003,13-14/09/2003,AFS 1.2m,15:30,0.96898
Sep 2003,13-14/09/2003,AFS 1.2m,15:40,0.53482
Sep 2003,13-14/09/2003,AFS 1.2m,15:50,0.6046
Sep 2003,13-14/09/2003,AFS 1.2m,16:00,0.39936
Sep 2003,13-14/09/2003,AFS 1.2m,16:10,0.55725
Sep 2003,13-14/09/2003,AFS 1.2m,16:20,0.78605
Sep 2003,13-14/09/2003,AFS 1.2m,16:30,0.45939
Sep 2003,13-14/09/2003,AFS 1.2m,16:40,0.48658
Sep 2003,13-14/09/2003,AFS 1.2m,16:50,0.52762
Sep 2003,13-14/09/2003,AFS 1.2m,17:00,0.69108
Sep 2003,13-14/09/2003,AFS 1.2m,17:10,0.58206
Sep 2003,13-14/09/2003,AFS 1.2m,17:20,0.64928
Sep 2003,13-14/09/2003,AFS 1.2m,17:30,0.70698
Sep 2003,13-14/09/2003,AFS 1.2m,17:40,0.76328
Sep 2003,13-14/09/2003,AFS 1.2m,17:50,0.81623
Sep 2003,13-14/09/2003,AFS 1.2m,18:00,0.82579
Sep 2003,13-14/09/2003,AFS 1.2m,18:10,0.8186
Sep 2003,13-14/09/2003,AFS 1.2m,18:20,0.77116
Sep 2003,13-14/09/2003,AFS 1.2m,18:30,0.68271
Sep 2003,13-14/09/2003,AFS 1.2m,6:10,0.49214
Sep 2003,13-14/09/2003,AFS 1.2m,6:20,0.50858
Sep 2003,13-14/09/2003,AFS 1.2m,6:30,0.51758
Sep 2003,13-14/09/2003,AFS 1.2m,6:40,0.52993
Sep 2003,13-14/09/2003,AFS 1.2m,6:50,0.55348
Sep 2003,13-14/09/2003,AFS 1.2m,7:00,0.5408
Sep 2003,13-14/09/2003,AFS 1.2m,7:10,0.49402
Sep 2003,13-14/09/2003,AFS 1.2m,7:20,0.48071
Sep 2003,13-14/09/2003,AFS 1.2m,7:30,0.43546
Sep 2003,13-14/09/2003,AFS 1.2m,7:40,0.41494
Sep 2003,13-14/09/2003,AFS 1.2m,7:50,0.38922
Sep 2003,13-14/09/2003,AFS 1.2m,8:00,0.37155
Sep 2003,13-14/09/2003,AFS 1.2m,8:10,0.35508
Sep 2003,13-14/09/2003,AFS 1.2m,8:20,0.34004
Sep 2003,13-14/09/2003,AFS 1.2m,8:30,0.33051
Sep 2003,13-14/09/2003,AFS 1.2m,8:40,0.32046
Sep 2003,13-14/09/2003,AFS 1.2m,8:50,0.3118
Sep 2003,13-14/09/2003,AFS 1.2m,9:00,0.30161
Sep 2003,13-14/09/2003,AFS 1.2m,9:10,0.29343
Sep 2003,13-14/09/2003,AFS 1.2m,9:20,0.28756
Sep 2003,13-14/09/2003,AFS 1.2m,9:30,0.28075
Sep 2003,13-14/09/2003,AFS 1.2m,9:40,0.2765
Sep 2003,13-14/09/2003,AFS 1.2m,9:50,0.27377
Sep 2003,27-28/09/2003,AFS 1.2m,10:00,0.50246
Sep 2003,27-28/09/2003,AFS 1.2m,10:10,0.45866
Sep 2003,27-28/09/2003,AFS 1.2m,10:20,0.54297
Sep 2003,27-28/09/2003,AFS 1.2m,10:30,0.68406
Sep 2003,27-28/09/2003,AFS 1.2m,10:40,0.94676
Sep 2003,27-28/09/2003,AFS 1.2m,10:50,1.04632
Sep 2003,27-28/09/2003,AFS 1.2m,11:00,0.86974
Sep 2003,27-28/09/2003,AFS 1.2m,11:10,0.79751
Sep 2003,27-28/09/2003,AFS 1.2m,11:20,0.63142
Sep 2003,27-28/09/2003,AFS 1.2m,11:30,0.4919
Sep 2003,27-28/09/2003,AFS 1.2m,11:40,0.58425
Sep 2003,27-28/09/2003,AFS 1.2m,11:50,0.72226
Sep 2003,27-28/09/2003,AFS 1.2m,12:00,0.86469
Sep 2003,27-28/09/2003,AFS 1.2m,12:10,0.80149
Sep 2003,27-28/09/2003,AFS 1.2m,12:20,0.71525
Sep 2003,27-28/09/2003,AFS 1.2m,12:30,0.82923
Sep 2003,27-28/09/2003,AFS 1.2m,12:40,0.66235
Sep 2003,27-28/09/2003,AFS 1.2m,12:50,0.61035
Sep 2003,27-28/09/2003,AFS 1.2m,13:00,0.58174
Sep 2003,27-28/09/2003,AFS 1.2m,13:10,0.6168
Sep 2003,27-28/09/2003,AFS 1.2m,13:20,0.51677
Sep 2003,27-28/09/2003,AFS 1.2m,13:30,0.58526
Sep 2003,27-28/09/2003,AFS 1.2m,13:40,0.65131
Sep 2003,27-28/09/2003,AFS 1.2m,13:50,0.63749
Sep 2003,27-28/09/2003,AFS 1.2m,14:00,0.53053
Sep 2003,27-28/09/2003,AFS 1.2m,14:10,0.52036
Sep 2003,27-28/09/2003,AFS 1.2m,14:20,0.51038
Sep 2003,27-28/09/2003,AFS 1.2m,14:30,0.51001
Sep 2003,27-28/09/2003,AFS 1.2m,14:40,0.51106
Sep 2003,27-28/09/2003,AFS 1.2m,14:50,0.50851
Sep 2003,27-28/09/2003,AFS 1.2m,15:00,0.52417
Sep 2003,27-28/09/2003,AFS 1.2m,15:10,0.53146
Sep 2003,27-28/09/2003,AFS 1.2m,15:20,0.51859
Sep 2003,27-28/09/2003,AFS 1.2m,15:30,0.5249
Sep 2003,27-28/09/2003,AFS 1.2m,15:40,0.51314
Sep 2003,27-28/09/2003,AFS 1.2m,15:50,0.51206
Sep 2003,27-28/09/2003,AFS 1.2m,16:00,0.51452
Sep 2003,27-28/09/2003,AFS 1.2m,16:10,0.51787
Sep 2003,27-28/09/2003,AFS 1.2m,16:20,0.52392
Sep 2003,27-28/09/2003,AFS 1.2m,16:30,0.53451
Sep 2003,27-28/09/2003,AFS 1.2m,16:40,0.52797
Sep 2003,27-28/09/2003,AFS 1.2m,16:50,0.53803
Sep 2003,27-28/09/2003,AFS 1.2m,17:00,0.54229
Sep 2003,27-28/09/2003,AFS 1.2m,17:10,0.53788
Sep 2003,27-28/09/2003,AFS 1.2m,17:20,0.54253
Sep 2003,27-28/09/2003,AFS 1.2m,17:30,0.54581
Sep 2003,27-28/09/2003,AFS 1.2m,17:40,0.55615
Sep 2003,27-28/09/2003,AFS 1.2m,17:50,0.58813
Sep 2003,27-28/09/2003,AFS 1.2m,18:00,0.56422
Sep 2003,27-28/09/2003,AFS 1.2m,18:10,0.57473
Sep 2003,27-28/09/2003,AFS 1.2m,18:20,0.64993
Sep 2003,27-28/09/2003,AFS 1.2m,18:30,0.66949
Sep 2003,27-28/09/2003,AFS 1.2m,6:10,0.5486
Sep 2003,27-28/09/2003,AFS 1.2m,6:20,0.54987
Sep 2003,27-28/09/2003,AFS 1.2m,6:30,0.55114
Sep 2003,27-28/09/2003,AFS 1.2m,6:40,0.55241
Sep 2003,27-28/09/2003,AFS 1.2m,6:50,0.55369
Sep 2003,27-28/09/2003,AFS 1.2m,7:00,0.56678
Sep 2003,27-28/09/2003,AFS 1.2m,7:10,0.55742
Sep 2003,27-28/09/2003,AFS 1.2m,7:20,0.55504
Sep 2003,27-28/09/2003,AFS 1.2m,7:30,0.55462
Sep 2003,27-28/09/2003,AFS 1.2m,7:40,0.55841
Sep 2003,27-28/09/2003,AFS 1.2m,7:50,0.55261
Sep 2003,27-28/09/2003,AFS 1.2m,8:00,0.55768
Sep 2003,27-28/09/2003,AFS 1.2m,8:10,0.55754
Sep 2003,27-28/09/2003,AFS 1.2m,8:20,0.55969
Sep 2003,27-28/09/2003,AFS 1.2m,8:30,0.56065
Sep 2003,27-28/09/2003,AFS 1.2m,8:40,0.55956
Sep 2003,27-28/09/2003,AFS 1.2m,8:50,0.56282
Sep 2003,27-28/09/2003,AFS 1.2m,9:00,0.56455
Sep 2003,27-28/09/2003,AFS 1.2m,9:10,0.56468
Sep 2003,27-28/09/2003,AFS 1.2m,9:20,0.58599
Sep 2003,27-28/09/2003,AFS 1.2m,9:30,0.55123
Sep 2003,27-28/09/2003,AFS 1.2m,9:40,0.62811
Sep 2003,27-28/09/2003,AFS 1.2m,9:50,0.78252
Sep 2003,30-31/08/2003,AFS 1.2m,10:00,0.76115
Sep 2003,30-31/08/2003,AFS 1.2m,10:10,0.5243
Sep 2003,30-31/08/2003,AFS 1.2m,10:20,0.44709
Sep 2003,30-31/08/2003,AFS 1.2m,10:30,0.40712
Sep 2003,30-31/08/2003,AFS 1.2m,10:40,0.57903
Sep 2003,30-31/08/2003,AFS 1.2m,10:50,0.53095
Sep 2003,30-31/08/2003,AFS 1.2m,11:00,0.89771
Sep 2003,30-31/08/2003,AFS 1.2m,11:10,0.89162
Sep 2003,30-31/08/2003,AFS 1.2m,11:20,0.84211
Sep 2003,30-31/08/2003,AFS 1.2m,11:30,0.82755
Sep 2003,30-31/08/2003,AFS 1.2m,11:40,0.63589
Sep 2003,30-31/08/2003,AFS 1.2m,11:50,0.75018
Sep 2003,30-31/08/2003,AFS 1.2m,12:00,0.53017
Sep 2003,30-31/08/2003,AFS 1.2m,12:10,0.72291
Sep 2003,30-31/08/2003,AFS 1.2m,12:20,0.75743
Sep 2003,30-31/08/2003,AFS 1.2m,12:30,0.73738
Sep 2003,30-31/08/2003,AFS 1.2m,12:40,0.7079
Sep 2003,30-31/08/2003,AFS 1.2m,12:50,0.72071
Sep 2003,30-31/08/2003,AFS 1.2m,13:00,0.62834
Sep 2003,30-31/08/2003,AFS 1.2m,13:10,0.71949
Sep 2003,30-31/08/2003,AFS 1.2m,13:20,0.70082
Sep 2003,30-31/08/2003,AFS 1.2m,13:30,0.74118
Sep 2003,30-31/08/2003,AFS 1.2m,13:40,0.74039
Sep 2003,30-31/08/2003,AFS 1.2m,13:50,0.7104
Sep 2003,30-31/08/2003,AFS 1.2m,14:00,0.63319
Sep 2003,30-31/08/2003,AFS 1.2m,14:10,0.75564
Sep 2003,30-31/08/2003,AFS 1.2m,14:20,0.74442
Sep 2003,30-31/08/2003,AFS 1.2m,14:30,0.63781
Sep 2003,30-31/08/2003,AFS 1.2m,14:40,0.67629
Sep 2003,30-31/08/2003,AFS 1.2m,14:50,0.62777
Sep 2003,30-31/08/2003,AFS 1.2m,15:00,0.62307
Sep 2003,30-31/08/2003,AFS 1.2m,15:10,0.77681
Sep 2003,30-31/08/2003,AFS 1.2m,15:20,0.87815
Sep 2003,30-31/08/2003,AFS 1.2m,15:30,0.83357
Sep 2003,30-31/08/2003,AFS 1.2m,15:40,0.76952
Sep 2003,30-31/08/2003,AFS 1.2m,15:50,0.76908
Sep 2003,30-31/08/2003,AFS 1.2m,16:00,0.75593
Sep 2003,30-31/08/2003,AFS 1.2m,16:10,0.73824
Sep 2003,30-31/08/2003,AFS 1.2m,16:20,0.73897
Sep 2003,30-31/08/2003,AFS 1.2m,16:30,0.75757
Sep 2003,30-31/08/2003,AFS 1.2m,16:40,0.75856
Sep 2003,30-31/08/2003,AFS 1.2m,16:50,0.76304
Sep 2003,30-31/08/2003,AFS 1.2m,17:00,0.74557
Sep 2003,30-31/08/2003,AFS 1.2m,17:10,0.7401
Sep 2003,30-31/08/2003,AFS 1.2m,17:20,0.72723
Sep 2003,30-31/08/2003,AFS 1.2m,17:30,0.70701
Sep 2003,30-31/08/2003,AFS 1.2m,17:40,0.69665
Sep 2003,30-31/08/2003,AFS 1.2m,17:50,0.67897
Sep 2003,30-31/08/2003,AFS 1.2m,18:00,0.65106
Sep 2003,30-31/08/2003,AFS 1.2m,18:10,0.6104
Sep 2003,30-31/08/2003,AFS 1.2m,18:20,0.61953
Sep 2003,30-31/08/2003,AFS 1.2m,18:30,0.40031
Sep 2003,30-31/08/2003,AFS 1.2m,6:10,0.34351
Sep 2003,30-31/08/2003,AFS 1.2m,6:20,0.46499
Sep 2003,30-31/08/2003,AFS 1.2m,6:30,0.48365
Sep 2003,30-31/08/2003,AFS 1.2m,6:40,0.43201
Sep 2003,30-31/08/2003,AFS 1.2m,6:50,0.54675
Sep 2003,30-31/08/2003,AFS 1.2m,7:00,0.64345
Sep 2003,30-31/08/2003,AFS 1.2m,7:10,0.62921
Sep 2003,30-31/08/2003,AFS 1.2m,7:20,0.67328
Sep 2003,30-31/08/2003,AFS 1.2m,7:30,0.7139
Sep 2003,30-31/08/2003,AFS 1.2m,7:40,0.73435
Sep 2003,30-31/08/2003,AFS 1.2m,7:50,0.75986
Sep 2003,30-31/08/2003,AFS 1.2m,8:00,0.84112
Sep 2003,30-31/08/2003,AFS 1.2m,8:10,0.59687
Sep 2003,30-31/08/2003,AFS 1.2m,8:20,0.49031
Sep 2003,30-31/08/2003,AFS 1.2m,8:30,0.47017
Sep 2003,30-31/08/2003,AFS 1.2m,8:40,0.63001
Sep 2003,30-31/08/2003,AFS 1.2m,8:50,0.82595
Sep 2003,30-31/08/2003,AFS 1.2m,9:00,0.47488
Sep 2003,30-31/08/2003,AFS 1.2m,9:10,0.4
Sep 2003,30-31/08/2003,AFS 1.2m,9:20,0.39562
Sep 2003,30-31/08/2003,AFS 1.2m,9:30,0.39694
Sep 2003,30-31/08/2003,AFS 1.2m,9:40,0.43785
Sep 2003,30-31/08/2003,AFS 1.2m,9:50,0.40933
Sep 2003,12-13/09/2003,AFS 2m,10:00,0.65881
Sep 2003,12-13/09/2003,AFS 2m,10:10,0.67095
Sep 2003,12-13/09/2003,AFS 2m,10:20,0.66738
Sep 2003,12-13/09/2003,AFS 2m,10:30,0.67803
Sep 2003,12-13/09/2003,AFS 2m,10:40,0.56858
Sep 2003,12-13/09/2003,AFS 2m,10:50,0.47677
Sep 2003,12-13/09/2003,AFS 2m,11:00,0.56555
Sep 2003,12-13/09/2003,AFS 2m,11:10,0.53668
Sep 2003,12-13/09/2003,AFS 2m,11:20,0.64634
Sep 2003,12-13/09/2003,AFS 2m,11:30,0.71363
Sep 2003,12-13/09/2003,AFS 2m,11:40,0.45889
Sep 2003,12-13/09/2003,AFS 2m,11:50,0.59473
Sep 2003,12-13/09/2003,AFS 2m,12:00,0.7023
Sep 2003,12-13/09/2003,AFS 2m,12:10,0.60684
Sep 2003,12-13/09/2003,AFS 2m,12:20,0.50422
Sep 2003,12-13/09/2003,AFS 2m,12:30,0.52871
Sep 2003,12-13/09/2003,AFS 2m,12:40,0.64631
Sep 2003,12-13/09/2003,AFS 2m,12:50,0.67622
Sep 2003,12-13/09/2003,AFS 2m,13:00,0.8898
Sep 2003,12-13/09/2003,AFS 2m,13:10,0.87905
Sep 2003,12-13/09/2003,AFS 2m,13:20,0.54932
Sep 2003,12-13/09/2003,AFS 2m,13:30,0.51211
Sep 2003,12-13/09/2003,AFS 2m,13:40,0.27439
Sep 2003,12-13/09/2003,AFS 2m,13:50,0.27805
Sep 2003,12-13/09/2003,AFS 2m,14:00,0.30768
Sep 2003,12-13/09/2003,AFS 2m,14:10,0.31273
Sep 2003,12-13/09/2003,AFS 2m,14:20,0.51086
Sep 2003,12-13/09/2003,AFS 2m,14:30,0.41682
Sep 2003,12-13/09/2003,AFS 2m,14:40,0.48528
Sep 2003,12-13/09/2003,AFS 2m,14:50,0.62398
Sep 2003,12-13/09/2003,AFS 2m,15:00,0.56247
Sep 2003,12-13/09/2003,AFS 2m,15:10,0.61942
Sep 2003,12-13/09/2003,AFS 2m,15:20,0.64303
Sep 2003,12-13/09/2003,AFS 2m,15:30,0.96332
Sep 2003,12-13/09/2003,AFS 2m,15:40,0.85361
Sep 2003,12-13/09/2003,AFS 2m,15:50,0.6801
Sep 2003,12-13/09/2003,AFS 2m,16:00,0.51082
Sep 2003,12-13/09/2003,AFS 2m,16:10,0.61265
Sep 2003,12-13/09/2003,AFS 2m,16:20,0.8126
Sep 2003,12-13/09/2003,AFS 2m,16:30,0.59013
Sep 2003,12-13/09/2003,AFS 2m,16:40,0.55458
Sep 2003,12-13/09/2003,AFS 2m,16:50,0.64897
Sep 2003,12-13/09/2003,AFS 2m,17:00,0.68471
Sep 2003,12-13/09/2003,AFS 2m,17:10,0.70029
Sep 2003,12-13/09/2003,AFS 2m,17:20,0.71194
Sep 2003,12-13/09/2003,AFS 2m,17:30,0.69074
Sep 2003,12-13/09/2003,AFS 2m,17:40,0.69423
Sep 2003,12-13/09/2003,AFS 2m,17:50,0.67407
Sep 2003,12-13/09/2003,AFS 2m,18:00,0.64764
Sep 2003,12-13/09/2003,AFS 2m,18:10,0.62525
Sep 2003,12-13/09/2003,AFS 2m,18:20,0.60103
Sep 2003,12-13/09/2003,AFS 2m,18:30,0.65309
Sep 2003,12-13/09/2003,AFS 2m,6:10,0.68591
Sep 2003,12-13/09/2003,AFS 2m,6:20,0.68115
Sep 2003,12-13/09/2003,AFS 2m,6:30,0.69464
Sep 2003,12-13/09/2003,AFS 2m,6:40,0.68556
Sep 2003,12-13/09/2003,AFS 2m,6:50,0.67648
Sep 2003,12-13/09/2003,AFS 2m,7:00,0.64178
Sep 2003,12-13/09/2003,AFS 2m,7:10,0.64661
Sep 2003,12-13/09/2003,AFS 2m,7:20,0.68313
Sep 2003,12-13/09/2003,AFS 2m,7:30,0.68039
Sep 2003,12-13/09/2003,AFS 2m,7:40,0.6448
Sep 2003,12-13/09/2003,AFS 2m,7:50,0.55041
Sep 2003,12-13/09/2003,AFS 2m,8:00,0.63392
Sep 2003,12-13/09/2003,AFS 2m,8:10,0.63849
Sep 2003,12-13/09/2003,AFS 2m,8:20,0.68987
Sep 2003,12-13/09/2003,AFS 2m,8:30,0.68961
Sep 2003,12-13/09/2003,AFS 2m,8:40,0.70657
Sep 2003,12-13/09/2003,AFS 2m,8:50,0.7029
Sep 2003,12-13/09/2003,AFS 2m,9:00,0.6994
Sep 2003,12-13/09/2003,AFS 2m,9:10,0.70093
Sep 2003,12-13/09/2003,AFS 2m,9:20,0.6974
Sep 2003,12-13/09/2003,AFS 2m,9:30,0.70164
Sep 2003,12-13/09/2003,AFS 2m,9:40,0.67745
Sep 2003,12-13/09/2003,AFS 2m,9:50,0.64567
Sep 2003,26-27/09/2003,AFS 2m,10:00,0.68911
Sep 2003,26-27/09/2003,AFS 2m,10:10,0.61913
Sep 2003,26-27/09/2003,AFS 2m,10:20,0.62714
Sep 2003,26-27/09/2003,AFS 2m,10:30,0.58567
Sep 2003,26-27/09/2003,AFS 2m,10:40,0.70597
Sep 2003,26-27/09/2003,AFS 2m,10:50,0.69149
Sep 2003,26-27/09/2003,AFS 2m,11:00,0.67421
Sep 2003,26-27/09/2003,AFS 2m,11:10,0.69741
Sep 2003,26-27/09/2003,AFS 2m,11:20,0.68831
Sep 2003,26-27/09/2003,AFS 2m,11:30,0.64577
Sep 2003,26-27/09/2003,AFS 2m,11:40,0.64555
Sep 2003,26-27/09/2003,AFS 2m,11:50,0.66188
Sep 2003,26-27/09/2003,AFS 2m,12:00,0.66977
Sep 2003,26-27/09/2003,AFS 2m,12:10,0.72669
Sep 2003,26-27/09/2003,AFS 2m,12:20,0.72937
Sep 2003,26-27/09/2003,AFS 2m,12:30,0.74931
Sep 2003,26-27/09/2003,AFS 2m,12:40,0.74863
Sep 2003,26-27/09/2003,AFS 2m,12:50,0.75589
Sep 2003,26-27/09/2003,AFS 2m,13:00,0.64073
Sep 2003,26-27/09/2003,AFS 2m,13:10,0.64632
Sep 2003,26-27/09/2003,AFS 2m,13:20,0.61921
Sep 2003,26-27/09/2003,AFS 2m,13:30,0.65538
Sep 2003,26-27/09/2003,AFS 2m,13:40,0.62723
Sep 2003,26-27/09/2003,AFS 2m,13:50,0.90457
Sep 2003,26-27/09/2003,AFS 2m,14:00,0.91519
Sep 2003,26-27/09/2003,AFS 2m,14:10,0.68492
Sep 2003,26-27/09/2003,AFS 2m,14:20,0.48516
Sep 2003,26-27/09/2003,AFS 2m,14:30,0.61278
Sep 2003,26-27/09/2003,AFS 2m,14:40,0.77998
Sep 2003,26-27/09/2003,AFS 2m,14:50,0.76222
Sep 2003,26-27/09/2003,AFS 2m,15:00,0.72222
Sep 2003,26-27/09/2003,AFS 2m,15:10,0.46928
Sep 2003,26-27/09/2003,AFS 2m,15:20,0.60457
Sep 2003,26-27/09/2003,AFS 2m,15:30,0.84121
Sep 2003,26-27/09/2003,AFS 2m,15:40,0.91758
Sep 2003,26-27/09/2003,AFS 2m,15:50,0.74846
Sep 2003,26-27/09/2003,AFS 2m,16:00,0.6959
Sep 2003,26-27/09/2003,AFS 2m,16:10,0.7671
Sep 2003,26-27/09/2003,AFS 2m,16:20,0.63455
Sep 2003,26-27/09/2003,AFS 2m,16:30,0.88774
Sep 2003,26-27/09/2003,AFS 2m,16:40,0.86672
Sep 2003,26-27/09/2003,AFS 2m,16:50,0.88166
Sep 2003,26-27/09/2003,AFS 2m,17:00,0.76896
Sep 2003,26-27/09/2003,AFS 2m,17:10,0.72628
Sep 2003,26-27/09/2003,AFS 2m,17:20,0.78602
Sep 2003,26-27/09/2003,AFS 2m,17:30,0.65299
Sep 2003,26-27/09/2003,AFS 2m,17:40,0.67455
Sep 2003,26-27/09/2003,AFS 2m,17:50,0.71801
Sep 2003,26-27/09/2003,AFS 2m,18:00,0.6838
Sep 2003,26-27/09/2003,AFS 2m,18:10,0.7133
Sep 2003,26-27/09/2003,AFS 2m,18:20,0.70937
Sep 2003,26-27/09/2003,AFS 2m,18:30,0.78184
Sep 2003,26-27/09/2003,AFS 2m,6:10,0.7134
Sep 2003,26-27/09/2003,AFS 2m,6:20,0.71525
Sep 2003,26-27/09/2003,AFS 2m,6:30,0.72235
Sep 2003,26-27/09/2003,AFS 2m,6:40,0.7394
Sep 2003,26-27/09/2003,AFS 2m,6:50,0.74148
Sep 2003,26-27/09/2003,AFS 2m,7:00,0.66566
Sep 2003,26-27/09/2003,AFS 2m,7:10,0.64259
Sep 2003,26-27/09/2003,AFS 2m,7:20,0.64296
Sep 2003,26-27/09/2003,AFS 2m,7:30,0.88985
Sep 2003,26-27/09/2003,AFS 2m,7:40,0.8566
Sep 2003,26-27/09/2003,AFS 2m,7:50,0.91993
Sep 2003,26-27/09/2003,AFS 2m,8:00,0.77348
Sep 2003,26-27/09/2003,AFS 2m,8:10,0.87368
Sep 2003,26-27/09/2003,AFS 2m,8:20,0.80787
Sep 2003,26-27/09/2003,AFS 2m,8:30,0.52677
Sep 2003,26-27/09/2003,AFS 2m,8:40,0.68333
Sep 2003,26-27/09/2003,AFS 2m,8:50,0.70095
Sep 2003,26-27/09/2003,AFS 2m,9:00,0.76513
Sep 2003,26-27/09/2003,AFS 2m,9:10,0.81953
Sep 2003,26-27/09/2003,AFS 2m,9:20,0.82864
Sep 2003,26-27/09/2003,AFS 2m,9:30,0.74915
Sep 2003,26-27/09/2003,AFS 2m,9:40,0.66477
Sep 2003,26-27/09/2003,AFS 2m,9:50,0.61207
Sep 2003,31/08-01/09/2003,AFS 2m,10:00,0.68372
Sep 2003,31/08-01/09/2003,AFS 2m,10:10,0.78957
Sep 2003,31/08-01/09/2003,AFS 2m,10:20,0.72095
Sep 2003,31/08-01/09/2003,AFS 2m,10:30,0.71232
Sep 2003,31/08-01/09/2003,AFS 2m,10:40,0.69373
Sep 2003,31/08-01/09/2003,AFS 2m,10:50,0.69506
Sep 2003,31/08-01/09/2003,AFS 2m,11:00,0.66083
Sep 2003,31/08-01/09/2003,AFS 2m,11:10,0.9658
Sep 2003,31/08-01/09/2003,AFS 2m,11:20,0.95886
Sep 2003,31/08-01/09/2003,AFS 2m,11:30,0.90909
Sep 2003,31/08-01/09/2003,AFS 2m,11:40,0.86921
Sep 2003,31/08-01/09/2003,AFS 2m,11:50,0.79839
Sep 2003,31/08-01/09/2003,AFS 2m,12:00,0.7421
Sep 2003,31/08-01/09/2003,AFS 2m,12:10,0.65123
Sep 2003,31/08-01/09/2003,AFS 2m,12:20,0.66712
Sep 2003,31/08-01/09/2003,AFS 2m,12:30,0.67105
Sep 2003,31/08-01/09/2003,AFS 2m,12:40,0.69131
Sep 2003,31/08-01/09/2003,AFS 2m,12:50,0.75763
Sep 2003,31/08-01/09/2003,AFS 2m,13:00,1.11224
Sep 2003,31/08-01/09/2003,AFS 2m,13:10,0.76498
Sep 2003,31/08-01/09/2003,AFS 2m,13:20,0.75318
Sep 2003,31/08-01/09/2003,AFS 2m,13:30,0.75188
Sep 2003,31/08-01/09/2003,AFS 2m,13:40,0.72652
Sep 2003,31/08-01/09/2003,AFS 2m,13:50,0.7172
Sep 2003,31/08-01/09/2003,AFS 2m,14:00,0.70387
Sep 2003,31/08-01/09/2003,AFS 2m,14:10,0.63483
Sep 2003,31/08-01/09/2003,AFS 2m,14:20,0.75611
Sep 2003,31/08-01/09/2003,AFS 2m,14:30,0.7761
Sep 2003,31/08-01/09/2003,AFS 2m,14:40,0.76872
Sep 2003,31/08-01/09/2003,AFS 2m,14:50,0.73123
Sep 2003,31/08-01/09/2003,AFS 2m,15:00,0.77917
Sep 2003,31/08-01/09/2003,AFS 2m,15:10,0.86022
Sep 2003,31/08-01/09/2003,AFS 2m,15:20,0.87133
Sep 2003,31/08-01/09/2003,AFS 2m,15:30,0.88071
Sep 2003,31/08-01/09/2003,AFS 2m,15:40,0.85268
Sep 2003,31/08-01/09/2003,AFS 2m,15:50,0.80171
Sep 2003,31/08-01/09/2003,AFS 2m,16:00,0.76505
Sep 2003,31/08-01/09/2003,AFS 2m,16:10,0.77213
Sep 2003,31/08-01/09/2003,AFS 2m,16:20,0.75156
Sep 2003,31/08-01/09/2003,AFS 2m,16:30,0.72467
Sep 2003,31/08-01/09/2003,AFS 2m,16:40,0.7078
Sep 2003,31/08-01/09/2003,AFS 2m,16:50,0.74697
Sep 2003,31/08-01/09/2003,AFS 2m,17:00,0.75592
Sep 2003,31/08-01/09/2003,AFS 2m,17:10,0.76167
Sep 2003,31/08-01/09/2003,AFS 2m,17:20,0.69438
Sep 2003,31/08-01/09/2003,AFS 2m,17:30,0.76439
Sep 2003,31/08-01/09/2003,AFS 2m,17:40,0.78
Sep 2003,31/08-01/09/2003,AFS 2m,17:50,0.73848
Sep 2003,31/08-01/09/2003,AFS 2m,18:00,0.70145
Sep 2003,31/08-01/09/2003,AFS 2m,18:10,0.69997
Sep 2003,31/08-01/09/2003,AFS 2m,18:20,0.74094
Sep 2003,31/08-01/09/2003,AFS 2m,18:30,0.60875
Sep 2003,31/08-01/09/2003,AFS 2m,6:10,0.62799
Sep 2003,31/08-01/09/2003,AFS 2m,6:20,0.64366
Sep 2003,31/08-01/09/2003,AFS 2m,6:30,0.65934
Sep 2003,31/08-01/09/2003,AFS 2m,6:40,0.67502
Sep 2003,31/08-01/09/2003,AFS 2m,6:50,0.76233
Sep 2003,31/08-01/09/2003,AFS 2m,7:00,0.71181
Sep 2003,31/08-01/09/2003,AFS 2m,7:10,0.65612
Sep 2003,31/08-01/09/2003,AFS 2m,7:20,0.66003
Sep 2003,31/08-01/09/2003,AFS 2m,7:30,0.73207
Sep 2003,31/08-01/09/2003,AFS 2m,7:40,0.79887
Sep 2003,31/08-01/09/2003,AFS 2m,7:50,0.89575
Sep 2003,31/08-01/09/2003,AFS 2m,8:00,0.74759
Sep 2003,31/08-01/09/2003,AFS 2m,8:10,0.73547
Sep 2003,31/08-01/09/2003,AFS 2m,8:20,0.73117
Sep 2003,31/08-01/09/2003,AFS 2m,8:30,0.73444
Sep 2003,31/08-01/09/2003,AFS 2m,8:40,0.71668
Sep 2003,31/08-01/09/2003,AFS 2m,8:50,0.65098
Sep 2003,31/08-01/09/2003,AFS 2m,9:00,0.64477
Sep 2003,31/08-01/09/2003,AFS 2m,9:10,0.67212
Sep 2003,31/08-01/09/2003,AFS 2m,9:20,0.60059
Sep 2003,31/08-01/09/2003,AFS 2m,9:30,0.61576
Sep 2003,31/08-01/09/2003,AFS 2m,9:40,0.68824
Sep 2003,31/08-01/09/2003,AFS 2m,9:50,0.69713
Sep 2003,03-04/09/2003,MO 1.2m,10:00,1.01785
Sep 2003,03-04/09/2003,MO 1.2m,10:10,1.01575
Sep 2003,03-04/09/2003,MO 1.2m,10:20,1.02636
Sep 2003,03-04/09/2003,MO 1.2m,10:30,1.00969
Sep 2003,03-04/09/2003,MO 1.2m,10:40,1.03441
Sep 2003,03-04/09/2003,MO 1.2m,10:50,1.03628
Sep 2003,03-04/09/2003,MO 1.2m,11:00,1.03757
Sep 2003,03-04/09/2003,MO 1.2m,11:10,1.03976
Sep 2003,03-04/09/2003,MO 1.2m,11:20,1.04307
Sep 2003,03-04/09/2003,MO 1.2m,11:30,1.04119
Sep 2003,03-04/09/2003,MO 1.2m,11:40,1.04623
Sep 2003,03-04/09/2003,MO 1.2m,11:50,1.04809
Sep 2003,03-04/09/2003,MO 1.2m,12:00,1.05073
Sep 2003,03-04/09/2003,MO 1.2m,12:10,1.05105
Sep 2003,03-04/09/2003,MO 1.2m,12:20,1.05163
Sep 2003,03-04/09/2003,MO 1.2m,12:30,1.05288
Sep 2003,03-04/09/2003,MO 1.2m,12:40,1.05308
Sep 2003,03-04/09/2003,MO 1.2m,12:50,1.05273
Sep 2003,03-04/09/2003,MO 1.2m,13:00,1.04405
Sep 2003,03-04/09/2003,MO 1.2m,13:10,1.04544
Sep 2003,03-04/09/2003,MO 1.2m,13:20,1.04578
Sep 2003,03-04/09/2003,MO 1.2m,13:30,1.05226
Sep 2003,03-04/09/2003,MO 1.2m,13:40,1.03192
Sep 2003,03-04/09/2003,MO 1.2m,13:50,1.03489
Sep 2003,03-04/09/2003,MO 1.2m,14:00,1.03256
Sep 2003,03-04/09/2003,MO 1.2m,14:10,1.03056
Sep 2003,03-04/09/2003,MO 1.2m,14:20,1.02967
Sep 2003,03-04/09/2003,MO 1.2m,14:30,1.02925
Sep 2003,03-04/09/2003,MO 1.2m,14:40,1.02794
Sep 2003,03-04/09/2003,MO 1.2m,14:50,1.02415
Sep 2003,03-04/09/2003,MO 1.2m,15:00,1.02299
Sep 2003,03-04/09/2003,MO 1.2m,15:10,1.02161
Sep 2003,03-04/09/2003,MO 1.2m,15:20,1.01914
Sep 2003,03-04/09/2003,MO 1.2m,15:30,1.01702
Sep 2003,03-04/09/2003,MO 1.2m,15:40,1.01224
Sep 2003,03-04/09/2003,MO 1.2m,15:50,1.01248
Sep 2003,03-04/09/2003,MO 1.2m,16:00,1.0061
Sep 2003,03-04/09/2003,MO 1.2m,16:10,1.00273
Sep 2003,03-04/09/2003,MO 1.2m,16:20,0.99677
Sep 2003,03-04/09/2003,MO 1.2m,16:30,0.98936
Sep 2003,03-04/09/2003,MO 1.2m,16:40,0.99565
Sep 2003,03-04/09/2003,MO 1.2m,16:50,1.02228
Sep 2003,03-04/09/2003,MO 1.2m,17:00,1.01516
Sep 2003,03-04/09/2003,MO 1.2m,17:10,1.1459
Sep 2003,03-04/09/2003,MO 1.2m,17:20,1.18424
Sep 2003,03-04/09/2003,MO 1.2m,17:30,1.18172
Sep 2003,03-04/09/2003,MO 1.2m,17:40,1.14365
Sep 2003,03-04/09/2003,MO 1.2m,17:50,1.18472
Sep 2003,03-04/09/2003,MO 1.2m,18:00,1.11874
Sep 2003,03-04/09/2003,MO 1.2m,18:10,1.04625
Sep 2003,03-04/09/2003,MO 1.2m,18:20,1.01142
Sep 2003,03-04/09/2003,MO 1.2m,18:30,0.89479
Sep 2003,03-04/09/2003,MO 1.2m,6:10,0.84549
Sep 2003,03-04/09/2003,MO 1.2m,6:20,0.8126
Sep 2003,03-04/09/2003,MO 1.2m,6:30,0.80497
Sep 2003,03-04/09/2003,MO 1.2m,6:40,0.898
Sep 2003,03-04/09/2003,MO 1.2m,6:50,0.84342
Sep 2003,03-04/09/2003,MO 1.2m,7:00,1.06805
Sep 2003,03-04/09/2003,MO 1.2m,7:10,1.13858
Sep 2003,03-04/09/2003,MO 1.2m,7:20,1.17331
Sep 2003,03-04/09/2003,MO 1.2m,7:30,1.19101
Sep 2003,03-04/09/2003,MO 1.2m,7:40,1.10107
Sep 2003,03-04/09/2003,MO 1.2m,7:50,1.1013
Sep 2003,03-04/09/2003,MO 1.2m,8:00,1.10813
Sep 2003,03-04/09/2003,MO 1.2m,8:10,1.10813
Sep 2003,03-04/09/2003,MO 1.2m,8:20,1.13303
Sep 2003,03-04/09/2003,MO 1.2m,8:30,0.98074
Sep 2003,03-04/09/2003,MO 1.2m,8:40,0.99725
Sep 2003,03-04/09/2003,MO 1.2m,8:50,1.0111
Sep 2003,03-04/09/2003,MO 1.2m,9:00,1.00876
Sep 2003,03-04/09/2003,MO 1.2m,9:10,0.99717
Sep 2003,03-04/09/2003,MO 1.2m,9:20,1.03839
Sep 2003,03-04/09/2003,MO 1.2m,9:30,1.01263
Sep 2003,03-04/09/2003,MO 1.2m,9:40,1.03136
Sep 2003,03-04/09/2003,MO 1.2m,9:50,1.0208
Sep 2003,20-21/09/2003,MO 1.2m,10:00,1.14364
Sep 2003,20-21/09/2003,MO 1.2m,10:10,1.13774
Sep 2003,20-21/09/2003,MO 1.2m,10:20,1.15326
Sep 2003,20-21/09/2003,MO 1.2m,10:30,1.17637
Sep 2003,20-21/09/2003,MO 1.2m,10:40,1.16261
Sep 2003,20-21/09/2003,MO 1.2m,10:50,1.15135
Sep 2003,20-21/09/2003,MO 1.2m,11:00,1.14791
Sep 2003,20-21/09/2003,MO 1.2m,11:10,1.14994
Sep 2003,20-21/09/2003,MO 1.2m,11:20,1.15312
Sep 2003,20-21/09/2003,MO 1.2m,11:30,1.14014
Sep 2003,20-21/09/2003,MO 1.2m,11:40,1.15804
Sep 2003,20-21/09/2003,MO 1.2m,11:50,1.15434
Sep 2003,20-21/09/2003,MO 1.2m,12:00,1.157
Sep 2003,20-21/09/2003,MO 1.2m,12:10,1.15551
Sep 2003,20-21/09/2003,MO 1.2m,12:20,1.15901
Sep 2003,20-21/09/2003,MO 1.2m,12:30,1.16552
Sep 2003,20-21/09/2003,MO 1.2m,12:40,1.17186
Sep 2003,20-21/09/2003,MO 1.2m,12:50,1.17989
Sep 2003,20-21/09/2003,MO 1.2m,13:00,1.17847
Sep 2003,20-21/09/2003,MO 1.2m,13:10,1.16705
Sep 2003,20-21/09/2003,MO 1.2m,13:20,1.16206
Sep 2003,20-21/09/2003,MO 1.2m,13:30,1.1617
Sep 2003,20-21/09/2003,MO 1.2m,13:40,1.16682
Sep 2003,20-21/09/2003,MO 1.2m,13:50,1.1755
Sep 2003,20-21/09/2003,MO 1.2m,14:00,1.16206
Sep 2003,20-21/09/2003,MO 1.2m,14:10,1.19338
Sep 2003,20-21/09/2003,MO 1.2m,14:20,1.14367
Sep 2003,20-21/09/2003,MO 1.2m,14:30,1.18549
Sep 2003,20-21/09/2003,MO 1.2m,14:40,1.15595
Sep 2003,20-21/09/2003,MO 1.2m,14:50,1.14908
Sep 2003,20-21/09/2003,MO 1.2m,15:00,1.15444
Sep 2003,20-21/09/2003,MO 1.2m,15:10,1.16897
Sep 2003,20-21/09/2003,MO 1.2m,15:20,1.17422
Sep 2003,20-21/09/2003,MO 1.2m,15:30,1.17582
Sep 2003,20-21/09/2003,MO 1.2m,15:40,1.17868
Sep 2003,20-21/09/2003,MO 1.2m,15:50,1.18712
Sep 2003,20-21/09/2003,MO 1.2m,16:00,1.19903
Sep 2003,20-21/09/2003,MO 1.2m,16:10,1.2031
Sep 2003,20-21/09/2003,MO 1.2m,16:20,1.19483
Sep 2003,20-21/09/2003,MO 1.2m,16:30,1.18155
Sep 2003,20-21/09/2003,MO 1.2m,16:40,1.17294
Sep 2003,20-21/09/2003,MO 1.2m,16:50,1.14058
Sep 2003,20-21/09/2003,MO 1.2m,17:00,1.11301
Sep 2003,20-21/09/2003,MO 1.2m,17:10,1.08609
Sep 2003,20-21/09/2003,MO 1.2m,17:20,1.06762
Sep 2003,20-21/09/2003,MO 1.2m,17:30,1.15753
Sep 2003,20-21/09/2003,MO 1.2m,17:40,1.12268
Sep 2003,20-21/09/2003,MO 1.2m,17:50,1.12417
Sep 2003,20-21/09/2003,MO 1.2m,18:00,1.12791
Sep 2003,20-21/09/2003,MO 1.2m,18:10,1.13299
Sep 2003,20-21/09/2003,MO 1.2m,18:20,1.13331
Sep 2003,20-21/09/2003,MO 1.2m,18:30,1.12163
Sep 2003,20-21/09/2003,MO 1.2m,6:10,0.89167
Sep 2003,20-21/09/2003,MO 1.2m,6:20,0.89967
Sep 2003,20-21/09/2003,MO 1.2m,6:30,0.90767
Sep 2003,20-21/09/2003,MO 1.2m,6:40,0.91568
Sep 2003,20-21/09/2003,MO 1.2m,6:50,0.92368
Sep 2003,20-21/09/2003,MO 1.2m,7:00,1.07416
Sep 2003,20-21/09/2003,MO 1.2m,7:10,1.03219
Sep 2003,20-21/09/2003,MO 1.2m,7:20,1.0
Sep 2003,20-21/09/2003,MO 1.2m,7:30,0.96539
Sep 2003,20-21/09/2003,MO 1.2m,7:40,0.92814
Sep 2003,20-21/09/2003,MO 1.2m,7:50,0.89408
Sep 2003,20-21/09/2003,MO 1.2m,8:00,0.89074
Sep 2003,20-21/09/2003,MO 1.2m,8:10,0.90655
Sep 2003,20-21/09/2003,MO 1.2m,8:20,0.95302
Sep 2003,20-21/09/2003,MO 1.2m,8:30,0.97209
Sep 2003,20-21/09/2003,MO 1.2m,8:40,0.97471
Sep 2003,20-21/09/2003,MO 1.2m,8:50,0.96498
Sep 2003,20-21/09/2003,MO 1.2m,9:00,0.96265
Sep 2003,20-21/09/2003,MO 1.2m,9:10,0.98697
Sep 2003,20-21/09/2003,MO 1.2m,9:20,1.04605
Sep 2003,20-21/09/2003,MO 1.2m,9:30,1.10082
Sep 2003,20-21/09/2003,MO 1.2m,9:40,1.12993
Sep 2003,20-21/09/2003,MO 1.2m,9:50,1.14462
Sep 2003,05-06-09/2003,MO 2m,10:00,1.0383
Sep 2003,05-06-09/2003,MO 2m,10:10,1.04238
Sep 2003,05-06-09/2003,MO 2m,10:20,1.04461
Sep 2003,05-06-09/2003,MO 2m,10:30,1.04696
Sep 2003,05-06-09/2003,MO 2m,10:40,1.04855
Sep 2003,05-06-09/2003,MO 2m,10:50,1.05001
Sep 2003,05-06-09/2003,MO 2m,11:00,1.0529
Sep 2003,05-06-09/2003,MO 2m,11:10,1.05305
Sep 2003,05-06-09/2003,MO 2m,11:20,1.05305
Sep 2003,05-06-09/2003,MO 2m,11:30,1.05531
Sep 2003,05-06-09/2003,MO 2m,11:40,1.05531
Sep 2003,05-06-09/2003,MO 2m,11:50,1.05689
Sep 2003,05-06-09/2003,MO 2m,12:00,1.05748
Sep 2003,05-06-09/2003,MO 2m,12:10,1.05871
Sep 2003,05-06-09/2003,MO 2m,12:20,1.0591
Sep 2003,05-06-09/2003,MO 2m,12:30,1.06059
Sep 2003,05-06-09/2003,MO 2m,12:40,1.06167
Sep 2003,05-06-09/2003,MO 2m,12:50,1.06344
Sep 2003,05-06-09/2003,MO 2m,13:00,1.06563
Sep 2003,05-06-09/2003,MO 2m,13:10,1.06753
Sep 2003,05-06-09/2003,MO 2m,13:20,1.0686
Sep 2003,05-06-09/2003,MO 2m,13:30,1.07028
Sep 2003,05-06-09/2003,MO 2m,13:40,1.06292
Sep 2003,05-06-09/2003,MO 2m,13:50,1.08846
Sep 2003,05-06-09/2003,MO 2m,14:00,1.08438
Sep 2003,05-06-09/2003,MO 2m,14:10,1.07966
Sep 2003,05-06-09/2003,MO 2m,14:20,1.08057
Sep 2003,05-06-09/2003,MO 2m,14:30,1.07894
Sep 2003,05-06-09/2003,MO 2m,14:40,1.07981
Sep 2003,05-06-09/2003,MO 2m,14:50,1.07904
Sep 2003,05-06-09/2003,MO 2m,15:00,1.07942
Sep 2003,05-06-09/2003,MO 2m,15:10,1.07902
Sep 2003,05-06-09/2003,MO 2m,15:20,1.08203
Sep 2003,05-06-09/2003,MO 2m,15:30,1.08026
Sep 2003,05-06-09/2003,MO 2m,15:40,1.0811
Sep 2003,05-06-09/2003,MO 2m,15:50,1.08262
Sep 2003,05-06-09/2003,MO 2m,16:00,1.08417
Sep 2003,05-06-09/2003,MO 2m,16:10,1.08421
Sep 2003,05-06-09/2003,MO 2m,16:20,1.08176
Sep 2003,05-06-09/2003,MO 2m,16:30,1.07904
Sep 2003,05-06-09/2003,MO 2m,16:40,1.07977
Sep 2003,05-06-09/2003,MO 2m,16:50,1.07443
Sep 2003,05-06-09/2003,MO 2m,17:00,1.07687
Sep 2003,05-06-09/2003,MO 2m,17:10,1.15051
Sep 2003,05-06-09/2003,MO 2m,17:20,1.10207
Sep 2003,05-06-09/2003,MO 2m,17:30,1.11064
Sep 2003,05-06-09/2003,MO 2m,17:40,1.28753
Sep 2003,05-06-09/2003,MO 2m,17:50,1.14524
Sep 2003,05-06-09/2003,MO 2m,18:00,1.18427
Sep 2003,05-06-09/2003,MO 2m,18:10,1.10046
Sep 2003,05-06-09/2003,MO 2m,18:20,1.01159
Sep 2003,05-06-09/2003,MO 2m,18:30,0.87247
Sep 2003,05-06-09/2003,MO 2m,6:10,1.04481
Sep 2003,05-06-09/2003,MO 2m,6:20,1.04059
Sep 2003,05-06-09/2003,MO 2m,6:30,1.03637
Sep 2003,05-06-09/2003,MO 2m,6:40,1.03215
Sep 2003,05-06-09/2003,MO 2m,6:50,1.02793
Sep 2003,05-06-09/2003,MO 2m,7:00,1.10351
Sep 2003,05-06-09/2003,MO 2m,7:10,1.09448
Sep 2003,05-06-09/2003,MO 2m,7:20,1.01583
Sep 2003,05-06-09/2003,MO 2m,7:30,0.93986
Sep 2003,05-06-09/2003,MO 2m,7:40,0.94194
Sep 2003,05-06-09/2003,MO 2m,7:50,0.95031
Sep 2003,05-06-09/2003,MO 2m,8:00,0.96264
Sep 2003,05-06-09/2003,MO 2m,8:10,0.97251
Sep 2003,05-06-09/2003,MO 2m,8:20,0.98348
Sep 2003,05-06-09/2003,MO 2m,8:30,0.99204
Sep 2003,05-06-09/2003,MO 2m,8:40,1.0
Sep 2003,05-06-09/2003,MO 2m,8:50,1.00757
Sep 2003,05-06-09/2003,MO 2m,9:00,1.01483
Sep 2003,05-06-09/2003,MO 2m,9:10,1.01965
Sep 2003,05-06-09/2003,MO 2m,9:20,1.02548
Sep 2003,05-06-09/2003,MO 2m,9:30,1.03133
Sep 2003,05-06-09/2003,MO 2m,9:40,1.03396
Sep 2003,05-06-09/2003,MO 2m,9:50,1.03466
Sep 2003,19-20/09/2003,MO 2m,10:00,1.14143
Sep 2003,19-20/09/2003,MO 2m,10:10,1.1468
Sep 2003,19-20/09/2003,MO 2m,10:20,1.14326
Sep 2003,19-20/09/2003,MO 2m,10:30,1.14934
Sep 2003,19-20/09/2003,MO 2m,10:40,1.14466
Sep 2003,19-20/09/2003,MO 2m,10:50,1.14903
Sep 2003,19-20/09/2003,MO 2m,11:00,1.17299
Sep 2003,19-20/09/2003,MO 2m,11:10,1.1674
Sep 2003,19-20/09/2003,MO 2m,11:20,1.15631
Sep 2003,19-20/09/2003,MO 2m,11:30,1.14327
Sep 2003,19-20/09/2003,MO 2m,11:40,1.15724
Sep 2003,19-20/09/2003,MO 2m,11:50,1.16532
Sep 2003,19-20/09/2003,MO 2m,12:00,1.16073
Sep 2003,19-20/09/2003,MO 2m,12:10,1.17255
Sep 2003,19-20/09/2003,MO 2m,12:20,1.16647
Sep 2003,19-20/09/2003,MO 2m,12:30,1.14639
Sep 2003,19-20/09/2003,MO 2m,12:40,1.13407
Sep 2003,19-20/09/2003,MO 2m,12:50,1.11985
Sep 2003,19-20/09/2003,MO 2m,13:00,1.10802
Sep 2003,19-20/09/2003,MO 2m,13:10,1.11901
Sep 2003,19-20/09/2003,MO 2m,13:20,1.13168
Sep 2003,19-20/09/2003,MO 2m,13:30,1.14516
Sep 2003,19-20/09/2003,MO 2m,13:40,1.19145
Sep 2003,19-20/09/2003,MO 2m,13:50,1.15788
Sep 2003,19-20/09/2003,MO 2m,14:00,1.15821
Sep 2003,19-20/09/2003,MO 2m,14:10,1.14791
Sep 2003,19-20/09/2003,MO 2m,14:20,1.14931
Sep 2003,19-20/09/2003,MO 2m,14:30,1.16753
Sep 2003,19-20/09/2003,MO 2m,14:40,1.17106
Sep 2003,19-20/09/2003,MO 2m,14:50,1.17347
Sep 2003,19-20/09/2003,MO 2m,15:00,1.17444
Sep 2003,19-20/09/2003,MO 2m,15:10,1.17452
Sep 2003,19-20/09/2003,MO 2m,15:20,1.17494
Sep 2003,19-20/09/2003,MO 2m,15:30,1.17801
Sep 2003,19-20/09/2003,MO 2m,15:40,1.17797
Sep 2003,19-20/09/2003,MO 2m,15:50,1.17982
Sep 2003,19-20/09/2003,MO 2m,16:00,1.18116
Sep 2003,19-20/09/2003,MO 2m,16:10,1.18333
Sep 2003,19-20/09/2003,MO 2m,16:20,1.18789
Sep 2003,19-20/09/2003,MO 2m,16:30,1.19403
Sep 2003,19-20/09/2003,MO 2m,16:40,1.19856
Sep 2003,19-20/09/2003,MO 2m,16:50,1.20361
Sep 2003,19-20/09/2003,MO 2m,17:00,1.21076
Sep 2003,19-20/09/2003,MO 2m,17:10,1.20086
Sep 2003,19-20/09/2003,MO 2m,17:20,1.20111
Sep 2003,19-20/09/2003,MO 2m,17:30,1.20785
Sep 2003,19-20/09/2003,MO 2m,17:40,1.0901
Sep 2003,19-20/09/2003,MO 2m,17:50,0.91887
Sep 2003,19-20/09/2003,MO 2m,18:00,0.93943
Sep 2003,19-20/09/2003,MO 2m,18:10,0.98501
Sep 2003,19-20/09/2003,MO 2m,18:20,1.08301
Sep 2003,19-20/09/2003,MO 2m,18:30,1.2069
Sep 2003,19-20/09/2003,MO 2m,6:10,1.09602
Sep 2003,19-20/09/2003,MO 2m,6:20,1.1001
Sep 2003,19-20/09/2003,MO 2m,6:30,1.11606
Sep 2003,19-20/09/2003,MO 2m,6:40,1.12098
Sep 2003,19-20/09/2003,MO 2m,6:50,1.13596
Sep 2003,19-20/09/2003,MO 2m,7:00,1.14882
Sep 2003,19-20/09/2003,MO 2m,7:10,1.14332
Sep 2003,19-20/09/2003,MO 2m,7:20,1.19879
Sep 2003,19-20/09/2003,MO 2m,7:30,1.20508
Sep 2003,19-20/09/2003,MO 2m,7:40,1.19956
Sep 2003,19-20/09/2003,MO 2m,7:50,1.16758
Sep 2003,19-20/09/2003,MO 2m,8:00,1.1469
Sep 2003,19-20/09/2003,MO 2m,8:10,1.05302
Sep 2003,19-20/09/2003,MO 2m,8:20,1.11784
Sep 2003,19-20/09/2003,MO 2m,8:30,1.13372
Sep 2003,19-20/09/2003,MO 2m,8:40,1.14202
Sep 2003,19-20/09/2003,MO 2m,8:50,1.15701
Sep 2003,19-20/09/2003,MO 2m,9:00,1.17142
Sep 2003,19-20/09/2003,MO 2m,9:10,1.16485
Sep 2003,19-20/09/2003,MO 2m,9:20,1.16295
Sep 2003,19-20/09/2003,MO 2m,9:30,1.18327
Sep 2003,19-20/09/2003,MO 2m,9:40,1.17787
Sep 2003,19-20/09/2003,MO 2m,9:50,1.15041
Sep 2003,01-02/09/2003,Open area 2m,10:00,1.01641
Sep 2003,01-02/09/2003,Open area 2m,10:10,1.0191
Sep 2003,01-02/09/2003,Open area 2m,10:20,1.02189
Sep 2003,01-02/09/2003,Open area 2m,10:30,1.02394
Sep 2003,01-02/09/2003,Open area 2m,10:40,1.02542
Sep 2003,01-02/09/2003,Open area 2m,10:50,1.02686
Sep 2003,01-02/09/2003,Open area 2m,11:00,1.0286
Sep 2003,01-02/09/2003,Open area 2m,11:10,1.02826
Sep 2003,01-02/09/2003,Open area 2m,11:20,1.03185
Sep 2003,01-02/09/2003,Open area 2m,11:30,1.0347
Sep 2003,01-02/09/2003,Open area 2m,11:40,1.03516
Sep 2003,01-02/09/2003,Open area 2m,11:50,1.03611
Sep 2003,01-02/09/2003,Open area 2m,12:00,1.03864
Sep 2003,01-02/09/2003,Open area 2m,12:10,1.04084
Sep 2003,01-02/09/2003,Open area 2m,12:20,1.04106
Sep 2003,01-02/09/2003,Open area 2m,12:30,1.04103
Sep 2003,01-02/09/2003,Open area 2m,12:40,1.04151
Sep 2003,01-02/09/2003,Open area 2m,12:50,1.04186
Sep 2003,01-02/09/2003,Open area 2m,13:00,1.04233
Sep 2003,01-02/09/2003,Open area 2m,13:10,1.04209
Sep 2003,01-02/09/2003,Open area 2m,13:20,1.04252
Sep 2003,01-02/09/2003,Open area 2m,13:30,1.04071
Sep 2003,01-02/09/2003,Open area 2m,13:40,1.00208
Sep 2003,01-02/09/2003,Open area 2m,13:50,1.00947
Sep 2003,01-02/09/2003,Open area 2m,14:00,1.01641
Sep 2003,01-02/09/2003,Open area 2m,14:10,1.02295
Sep 2003,01-02/09/2003,Open area 2m,14:20,1.06427
Sep 2003,01-02/09/2003,Open area 2m,14:30,1.06381
Sep 2003,01-02/09/2003,Open area 2m,14:40,1.06494
Sep 2003,01-02/09/2003,Open area 2m,14:50,1.066
Sep 2003,01-02/09/2003,Open area 2m,15:00,1.06626
Sep 2003,01-02/09/2003,Open area 2m,15:10,1.06557
Sep 2003,01-02/09/2003,Open area 2m,15:20,1.06667
Sep 2003,01-02/09/2003,Open area 2m,15:30,1.06741
Sep 2003,01-02/09/2003,Open area 2m,15:40,1.06731
Sep 2003,01-02/09/2003,Open area 2m,15:50,1.06797
Sep 2003,01-02/09/2003,Open area 2m,16:00,1.06796
Sep 2003,01-02/09/2003,Open area 2m,16:10,1.06752
Sep 2003,01-02/09/2003,Open area 2m,16:20,1.0664
Sep 2003,01-02/09/2003,Open area 2m,16:30,1.078
Sep 2003,01-02/09/2003,Open area 2m,16:40,1.10348
Sep 2003,01-02/09/2003,Open area 2m,16:50,1.11008
Sep 2003,01-02/09/2003,Open area 2m,17:00,1.11687
Sep 2003,01-02/09/2003,Open area 2m,17:10,1.11801
Sep 2003,01-02/09/2003,Open area 2m,17:20,1.17362
Sep 2003,01-02/09/2003,Open area 2m,17:30,1.17459
Sep 2003,01-02/09/2003,Open area 2m,17:40,1.11669
Sep 2003,01-02/09/2003,Open area 2m,17:50,1.18359
Sep 2003,01-02/09/2003,Open area 2m,18:00,1.12885
Sep 2003,01-02/09/2003,Open area 2m,18:10,1.1245
Sep 2003,01-02/09/2003,Open area 2m,18:20,1.00006
Sep 2003,01-02/09/2003,Open area 2m,18:30,0.82726
Sep 2003,01-02/09/2003,Open area 2m,6:10,1.17076
Sep 2003,01-02/09/2003,Open area 2m,6:20,1.16534
Sep 2003,01-02/09/2003,Open area 2m,6:30,1.15993
Sep 2003,01-02/09/2003,Open area 2m,6:40,1.15451
Sep 2003,01-02/09/2003,Open area 2m,6:50,1.1491
Sep 2003,01-02/09/2003,Open area 2m,7:00,0.85891
Sep 2003,01-02/09/2003,Open area 2m,7:10,0.80461
Sep 2003,01-02/09/2003,Open area 2m,7:20,0.82204
Sep 2003,01-02/09/2003,Open area 2m,7:30,0.8604
Sep 2003,01-02/09/2003,Open area 2m,7:40,0.89207
Sep 2003,01-02/09/2003,Open area 2m,7:50,0.91151
Sep 2003,01-02/09/2003,Open area 2m,8:00,0.92541
Sep 2003,01-02/09/2003,Open area 2m,8:10,0.94163
Sep 2003,01-02/09/2003,Open area 2m,8:20,0.95695
Sep 2003,01-02/09/2003,Open area 2m,8:30,0.96898
Sep 2003,01-02/09/2003,Open area 2m,8:40,0.97826
Sep 2003,01-02/09/2003,Open area 2m,8:50,0.98549
Sep 2003,01-02/09/2003,Open area 2m,9:00,0.99235
Sep 2003,01-02/09/2003,Open area 2m,9:10,0.99814
Sep 2003,01-02/09/2003,Open area 2m,9:20,1.00265
Sep 2003,01-02/09/2003,Open area 2m,9:30,1.00714
Sep 2003,01-02/09/2003,Open area 2m,9:40,1.011
Sep 2003,01-02/09/2003,Open area 2m,9:50,1.01376
Sep 2003,08-09/09/2023,Open area 2m,10:00,1.13905
Sep 2003,08-09/09/2023,Open area 2m,10:10,1.12861
Sep 2003,08-09/09/2023,Open area 2m,10:20,1.12393
Sep 2003,08-09/09/2023,Open area 2m,10:30,1.13516
Sep 2003,08-09/09/2023,Open area 2m,10:40,1.16081
Sep 2003,08-09/09/2023,Open area 2m,10:50,1.15499
Sep 2003,08-09/09/2023,Open area 2m,11:00,1.15694
Sep 2003,08-09/09/2023,Open area 2m,11:10,1.16996
Sep 2003,08-09/09/2023,Open area 2m,11:20,1.20775
Sep 2003,08-09/09/2023,Open area 2m,11:30,1.23965
Sep 2003,08-09/09/2023,Open area 2m,11:40,1.25956
Sep 2003,08-09/09/2023,Open area 2m,11:50,1.26054
Sep 2003,08-09/09/2023,Open area 2m,12:00,1.21528
Sep 2003,08-09/09/2023,Open area 2m,12:10,1.16349
Sep 2003,08-09/09/2023,Open area 2m,12:20,1.22038
Sep 2003,08-09/09/2023,Open area 2m,12:30,1.26604
Sep 2003,08-09/09/2023,Open area 2m,12:40,1.28288
Sep 2003,08-09/09/2023,Open area 2m,12:50,1.22438
Sep 2003,08-09/09/2023,Open area 2m,13:00,1.09678
Sep 2003,08-09/09/2023,Open area 2m,13:10,1.09733
Sep 2003,08-09/09/2023,Open area 2m,13:20,1.09788
Sep 2003,08-09/09/2023,Open area 2m,13:30,1.09843
Sep 2003,08-09/09/2023,Open area 2m,13:40,1.09898
Sep 2003,08-09/09/2023,Open area 2m,13:50,1.0984
Sep 2003,08-09/09/2023,Open area 2m,14:00,1.09594
Sep 2003,08-09/09/2023,Open area 2m,14:10,1.10106
Sep 2003,08-09/09/2023,Open area 2m,14:20,1.10979
Sep 2003,08-09/09/2023,Open area 2m,14:30,1.10544
Sep 2003,08-09/09/2023,Open area 2m,14:40,1.09481
Sep 2003,08-09/09/2023,Open area 2m,14:50,1.0954
Sep 2003,08-09/09/2023,Open area 2m,15:00,1.08611
Sep 2003,08-09/09/2023,Open area 2m,15:10,1.08879
Sep 2003,08-09/09/2023,Open area 2m,15:20,1.07982
Sep 2003,08-09/09/2023,Open area 2m,15:30,1.09542
Sep 2003,08-09/09/2023,Open area 2m,15:40,1.08041
Sep 2003,08-09/09/2023,Open area 2m,15:50,1.05732
Sep 2003,08-09/09/2023,Open area 2m,16:00,1.08836
Sep 2003,08-09/09/2023,Open area 2m,16:10,1.08725
Sep 2003,08-09/09/2023,Open area 2m,16:20,1.07698
Sep 2003,08-09/09/2023,Open area 2m,16:30,1.08916
Sep 2003,08-09/09/2023,Open area 2m,16:40,1.08661
Sep 2003,08-09/09/2023,Open area 2m,16:50,1.06989
Sep 2003,08-09/09/2023,Open area 2m,17:00,1.08135
Sep 2003,08-09/09/2023,Open area 2m,17:10,1.0954
Sep 2003,08-09/09/2023,Open area 2m,17:20,1.09882
Sep 2003,08-09/09/2023,Open area 2m,17:30,1.08021
Sep 2003,08-09/09/2023,Open area 2m,17:40,1.05833
Sep 2003,08-09/09/2023,Open area 2m,17:50,1.03916
Sep 2003,08-09/09/2023,Open area 2m,18:00,0.99871
Sep 2003,08-09/09/2023,Open area 2m,18:10,0.95188
Sep 2003,08-09/09/2023,Open area 2m,18:20,0.94429
Sep 2003,08-09/09/2023,Open area 2m,18:30,1.06552
Sep 2003,08-09/09/2023,Open area 2m,6:10,1.04259
Sep 2003,08-09/09/2023,Open area 2m,6:20,1.05462
Sep 2003,08-09/09/2023,Open area 2m,6:30,1.06665
Sep 2003,08-09/09/2023,Open area 2m,6:40,1.07868
Sep 2003,08-09/09/2023,Open area 2m,6:50,1.09071
Sep 2003,08-09/09/2023,Open area 2m,7:00,1.11703
Sep 2003,08-09/09/2023,Open area 2m,7:10,1.10182
Sep 2003,08-09/09/2023,Open area 2m,7:20,1.11661
Sep 2003,08-09/09/2023,Open area 2m,7:30,1.14089
Sep 2003,08-09/09/2023,Open area 2m,7:40,1.15764
Sep 2003,08-09/09/2023,Open area 2m,7:50,1.17431
Sep 2003,08-09/09/2023,Open area 2m,8:00,1.16177
Sep 2003,08-09/09/2023,Open area 2m,8:10,1.16628
Sep 2003,08-09/09/2023,Open area 2m,8:20,1.14266
Sep 2003,08-09/09/2023,Open area 2m,8:30,1.13266
Sep 2003,08-09/09/2023,Open area 2m,8:40,1.13848
Sep 2003,08-09/09/2023,Open area 2m,8:50,1.17324
Sep 2003,08-09/09/2023,Open area 2m,9:00,1.18578
Sep 2003,08-09/09/2023,Open area 2m,9:10,1.21147
Sep 2003,08-09/09/2023,Open area 2m,9:20,1.15494
Sep 2003,08-09/09/2023,Open area 2m,9:30,1.14768
Sep 2003,08-09/09/2023,Open area 2m,9:40,1.12095
Sep 2003,08-09/09/2023,Open area 2m,9:50,1.12165
Sep 2003,15-16/09/2003,Open area 2m,10:00,1.15517
Sep 2003,15-16/09/2003,Open area 2m,10:10,1.16417
Sep 2003,15-16/09/2003,Open area 2m,10:20,1.16633
Sep 2003,15-16/09/2003,Open area 2m,10:30,1.14432
Sep 2003,15-16/09/2003,Open area 2m,10:40,1.15397
Sep 2003,15-16/09/2003,Open area 2m,10:50,1.15883
Sep 2003,15-16/09/2003,Open area 2m,11:00,1.15716
Sep 2003,15-16/09/2003,Open area 2m,11:10,1.15659
Sep 2003,15-16/09/2003,Open area 2m,11:20,1.15351
Sep 2003,15-16/09/2003,Open area 2m,11:30,1.15871
Sep 2003,15-16/09/2003,Open area 2m,11:40,1.18141
Sep 2003,15-16/09/2003,Open area 2m,11:50,1.14773
Sep 2003,15-16/09/2003,Open area 2m,12:00,1.14722
Sep 2003,15-16/09/2003,Open area 2m,12:10,1.14671
Sep 2003,15-16/09/2003,Open area 2m,12:20,1.14882
Sep 2003,15-16/09/2003,Open area 2m,12:30,1.12729
Sep 2003,15-16/09/2003,Open area 2m,12:40,1.14191
Sep 2003,15-16/09/2003,Open area 2m,12:50,1.13761
Sep 2003,15-16/09/2003,Open area 2m,13:00,1.1383
Sep 2003,15-16/09/2003,Open area 2m,13:10,1.13168
Sep 2003,15-16/09/2003,Open area 2m,13:20,1.12785
Sep 2003,15-16/09/2003,Open area 2m,13:30,1.12684
Sep 2003,15-16/09/2003,Open area 2m,13:40,1.18972
Sep 2003,15-16/09/2003,Open area 2m,13:50,1.17456
Sep 2003,15-16/09/2003,Open area 2m,14:00,1.12141
Sep 2003,15-16/09/2003,Open area 2m,14:10,1.12456
Sep 2003,15-16/09/2003,Open area 2m,14:20,1.14254
Sep 2003,15-16/09/2003,Open area 2m,14:30,1.14124
Sep 2003,15-16/09/2003,Open area 2m,14:40,1.1223
Sep 2003,15-16/09/2003,Open area 2m,14:50,1.13489
Sep 2003,15-16/09/2003,Open area 2m,15:00,1.13826
Sep 2003,15-16/09/2003,Open area 2m,15:10,1.15269
Sep 2003,15-16/09/2003,Open area 2m,15:20,1.16139
Sep 2003,15-16/09/2003,Open area 2m,15:30,1.17024
Sep 2003,15-16/09/2003,Open area 2m,15:40,1.13502
Sep 2003,15-16/09/2003,Open area 2m,15:50,1.09282
Sep 2003,15-16/09/2003,Open area 2m,16:00,1.10759
Sep 2003,15-16/09/2003,Open area 2m,16:10,1.10598
Sep 2003,15-16/09/2003,Open area 2m,16:20,1.0737
Sep 2003,15-16/09/2003,Open area 2m,16:30,1.02701
Sep 2003,15-16/09/2003,Open area 2m,16:40,1.10724
Sep 2003,15-16/09/2003,Open area 2m,16:50,1.14719
Sep 2003,15-16/09/2003,Open area 2m,17:00,1.1687
Sep 2003,15-16/09/2003,Open area 2m,17:10,1.16084
Sep 2003,15-16/09/2003,Open area 2m,17:20,1.16911
Sep 2003,15-16/09/2003,Open area 2m,17:30,1.17737
Sep 2003,15-16/09/2003,Open area 2m,17:40,1.19231
Sep 2003,15-16/09/2003,Open area 2m,17:50,1.21973
Sep 2003,15-16/09/2003,Open area 2m,18:00,1.25078
Sep 2003,15-16/09/2003,Open area 2m,18:10,1.25471
Sep 2003,15-16/09/2003,Open area 2m,18:20,1.18023
Sep 2003,15-16/09/2003,Open area 2m,18:30,1.13169
Sep 2003,15-16/09/2003,Open area 2m,6:10,1.09396
Sep 2003,15-16/09/2003,Open area 2m,6:20,1.10145
Sep 2003,15-16/09/2003,Open area 2m,6:30,1.10689
Sep 2003,15-16/09/2003,Open area 2m,6:40,1.12232
Sep 2003,15-16/09/2003,Open area 2m,6:50,1.11078
Sep 2003,15-16/09/2003,Open area 2m,7:00,1.13956
Sep 2003,15-16/09/2003,Open area 2m,7:10,1.11925
Sep 2003,15-16/09/2003,Open area 2m,7:20,1.24474
Sep 2003,15-16/09/2003,Open area 2m,7:30,1.2156
Sep 2003,15-16/09/2003,Open area 2m,7:40,1.18646
Sep 2003,15-16/09/2003,Open area 2m,7:50,1.19374
Sep 2003,15-16/09/2003,Open area 2m,8:00,1.10256
Sep 2003,15-16/09/2003,Open area 2m,8:10,1.14712
Sep 2003,15-16/09/2003,Open area 2m,8:20,1.14145
Sep 2003,15-16/09/2003,Open area 2m,8:30,1.15327
Sep 2003,15-16/09/2003,Open area 2m,8:40,1.1487
Sep 2003,15-16/09/2003,Open area 2m,8:50,1.14738
Sep 2003,15-16/09/2003,Open area 2m,9:00,1.14591
Sep 2003,15-16/09/2003,Open area 2m,9:10,1.14302
Sep 2003,15-16/09/2003,Open area 2m,9:20,1.1398
Sep 2003,15-16/09/2003,Open area 2m,9:30,1.14106
Sep 2003,15-16/09/2003,Open area 2m,9:40,1.14901
Sep 2003,15-16/09/2003,Open area 2m,9:50,1.15031
Sep 2003,22-23/09/2023,Open area 2m,10:00,1.17429
Sep 2003,22-23/09/2023,Open area 2m,10:10,1.17028
Sep 2003,22-23/09/2023,Open area 2m,10:20,1.16327
Sep 2003,22-23/09/2023,Open area 2m,10:30,1.16743
Sep 2003,22-23/09/2023,Open area 2m,10:40,1.16641
Sep 2003,22-23/09/2023,Open area 2m,10:50,1.16465
Sep 2003,22-23/09/2023,Open area 2m,11:00,1.15666
Sep 2003,22-23/09/2023,Open area 2m,11:10,1.15514
Sep 2003,22-23/09/2023,Open area 2m,11:20,1.15212
Sep 2003,22-23/09/2023,Open area 2m,11:30,1.14984
Sep 2003,22-23/09/2023,Open area 2m,11:40,1.14661
Sep 2003,22-23/09/2023,Open area 2m,11:50,1.14219
Sep 2003,22-23/09/2023,Open area 2m,12:00,1.13398
Sep 2003,22-23/09/2023,Open area 2m,12:10,1.13144
Sep 2003,22-23/09/2023,Open area 2m,12:20,1.12948
Sep 2003,22-23/09/2023,Open area 2m,12:30,1.129
Sep 2003,22-23/09/2023,Open area 2m,12:40,1.12926
Sep 2003,22-23/09/2023,Open area 2m,12:50,1.13099
Sep 2003,22-23/09/2023,Open area 2m,13:00,1.13221
Sep 2003,22-23/09/2023,Open area 2m,13:10,1.12712
Sep 2003,22-23/09/2023,Open area 2m,13:20,1.12509
Sep 2003,22-23/09/2023,Open area 2m,13:30,1.12467
Sep 2003,22-23/09/2023,Open area 2m,13:40,1.12459
Sep 2003,22-23/09/2023,Open area 2m,13:50,1.12418
Sep 2003,22-23/09/2023,Open area 2m,14:00,1.12393
Sep 2003,22-23/09/2023,Open area 2m,14:10,1.11733
Sep 2003,22-23/09/2023,Open area 2m,14:20,1.12638
Sep 2003,22-23/09/2023,Open area 2m,14:30,1.13136
Sep 2003,22-23/09/2023,Open area 2m,14:40,1.13282
Sep 2003,22-23/09/2023,Open area 2m,14:50,1.13441
Sep 2003,22-23/09/2023,Open area 2m,15:00,1.14054
Sep 2003,22-23/09/2023,Open area 2m,15:10,1.14065
Sep 2003,22-23/09/2023,Open area 2m,15:20,1.13546
Sep 2003,22-23/09/2023,Open area 2m,15:30,1.13763
Sep 2003,22-23/09/2023,Open area 2m,15:40,1.13352
Sep 2003,22-23/09/2023,Open area 2m,15:50,1.13708
Sep 2003,22-23/09/2023,Open area 2m,16:00,1.13349
Sep 2003,22-23/09/2023,Open area 2m,16:10,1.13563
Sep 2003,22-23/09/2023,Open area 2m,16:20,1.13003
Sep 2003,22-23/09/2023,Open area 2m,16:30,1.12966
Sep 2003,22-23/09/2023,Open area 2m,16:40,1.12682
Sep 2003,22-23/09/2023,Open area 2m,16:50,1.08122
Sep 2003,22-23/09/2023,Open area 2m,17:00,1.09904
Sep 2003,22-23/09/2023,Open area 2m,17:10,1.08075
Sep 2003,22-23/09/2023,Open area 2m,17:20,1.08237
Sep 2003,22-23/09/2023,Open area 2m,17:30,0.98922
Sep 2003,22-23/09/2023,Open area 2m,17:40,0.95743
Sep 2003,22-23/09/2023,Open area 2m,17:50,0.98378
Sep 2003,22-23/09/2023,Open area 2m,18:00,1.02797
Sep 2003,22-23/09/2023,Open area 2m,18:10,1.0896
Sep 2003,22-23/09/2023,Open area 2m,18:20,1.17167
Sep 2003,22-23/09/2023,Open area 2m,18:30,1.12845
Sep 2003,22-23/09/2023,Open area 2m,6:10,1.1097
Sep 2003,22-23/09/2023,Open area 2m,6:20,1.13964
Sep 2003,22-23/09/2023,Open area 2m,6:30,1.15468
Sep 2003,22-23/09/2023,Open area 2m,6:40,1.15191
Sep 2003,22-23/09/2023,Open area 2m,6:50,1.19382
Sep 2003,22-23/09/2023,Open area 2m,7:00,1.10933
Sep 2003,22-23/09/2023,Open area 2m,7:10,1.19165
Sep 2003,22-23/09/2023,Open area 2m,7:20,1.1742
Sep 2003,22-23/09/2023,Open area 2m,7:30,1.15735
Sep 2003,22-23/09/2023,Open area 2m,7:40,1.1445
Sep 2003,22-23/09/2023,Open area 2m,7:50,1.12342
Sep 2003,22-23/09/2023,Open area 2m,8:00,1.12192
Sep 2003,22-23/09/2023,Open area 2m,8:10,1.12139
Sep 2003,22-23/09/2023,Open area 2m,8:20,1.10819
Sep 2003,22-23/09/2023,Open area 2m,8:30,1.12095
Sep 2003,22-23/09/2023,Open area 2m,8:40,1.12121
Sep 2003,22-23/09/2023,Open area 2m,8:50,1.1953
Sep 2003,22-23/09/2023,Open area 2m,9:00,1.18663
Sep 2003,22-23/09/2023,Open area 2m,9:10,1.1868
Sep 2003,22-23/09/2023,Open area 2m,9:20,1.17804
Sep 2003,22-23/09/2023,Open area 2m,9:30,1.18862
Sep 2003,22-23/09/2023,Open area 2m,9:40,1.19281
Sep 2003,22-23/09/2023,Open area 2m,9:50,1.18704
Sep 2003,28-29/09/2003,Open area 2m,10:00,1.19681
Sep 2003,28-29/09/2003,Open area 2m,10:10,1.19013
Sep 2003,28-29/09/2003,Open area 2m,10:20,1.19549
Sep 2003,28-29/09/2003,Open area 2m,10:30,1.18134
Sep 2003,28-29/09/2003,Open area 2m,10:40,1.19263
Sep 2003,28-29/09/2003,Open area 2m,10:50,1.18149
Sep 2003,28-29/09/2003,Open area 2m,11:00,1.18842
Sep 2003,28-29/09/2003,Open area 2m,11:10,1.18272
Sep 2003,28-29/09/2003,Open area 2m,11:20,1.17925
Sep 2003,28-29/09/2003,Open area 2m,11:30,1.17576
Sep 2003,28-29/09/2003,Open area 2m,11:40,1.17513
Sep 2003,28-29/09/2003,Open area 2m,11:50,1.17934
Sep 2003,28-29/09/2003,Open area 2m,12:00,1.17573
Sep 2003,28-29/09/2003,Open area 2m,12:10,1.1804
Sep 2003,28-29/09/2003,Open area 2m,12:20,1.18102
Sep 2003,28-29/09/2003,Open area 2m,12:30,1.18131
Sep 2003,28-29/09/2003,Open area 2m,12:40,1.17398
Sep 2003,28-29/09/2003,Open area 2m,12:50,1.17967
Sep 2003,28-29/09/2003,Open area 2m,13:00,1.1611
Sep 2003,28-29/09/2003,Open area 2m,13:10,1.18989
Sep 2003,28-29/09/2003,Open area 2m,13:20,1.17742
Sep 2003,28-29/09/2003,Open area 2m,13:30,1.14733
Sep 2003,28-29/09/2003,Open area 2m,13:40,1.1693
Sep 2003,28-29/09/2003,Open area 2m,13:50,1.15467
Sep 2003,28-29/09/2003,Open area 2m,14:00,1.14308
Sep 2003,28-29/09/2003,Open area 2m,14:10,1.15182
Sep 2003,28-29/09/2003,Open area 2m,14:20,1.13841
Sep 2003,28-29/09/2003,Open area 2m,14:30,1.12005
Sep 2003,28-29/09/2003,Open area 2m,14:40,1.10861
Sep 2003,28-29/09/2003,Open area 2m,14:50,1.10886
Sep 2003,28-29/09/2003,Open area 2m,15:00,1.11877
Sep 2003,28-29/09/2003,Open area 2m,15:10,1.06586
Sep 2003,28-29/09/2003,Open area 2m,15:20,1.06883
Sep 2003,28-29/09/2003,Open area 2m,15:30,1.08961
Sep 2003,28-29/09/2003,Open area 2m,15:40,1.10752
Sep 2003,28-29/09/2003,Open area 2m,15:50,1.07049
Sep 2003,28-29/09/2003,Open area 2m,16:00,1.08188
Sep 2003,28-29/09/2003,Open area 2m,16:10,1.10981
Sep 2003,28-29/09/2003,Open area 2m,16:20,1.1131
Sep 2003,28-29/09/2003,Open area 2m,16:30,1.11447
Sep 2003,28-29/09/2003,Open area 2m,16:40,1.10292
Sep 2003,28-29/09/2003,Open area 2m,16:50,1.09385
Sep 2003,28-29/09/2003,Open area 2m,17:00,1.11451
Sep 2003,28-29/09/2003,Open area 2m,17:10,1.12663
Sep 2003,28-29/09/2003,Open area 2m,17:20,1.12455
Sep 2003,28-29/09/2003,Open area 2m,17:30,1.15558
Sep 2003,28-29/09/2003,Open area 2m,17:40,1.17195
Sep 2003,28-29/09/2003,Open area 2m,17:50,1.20205
Sep 2003,28-29/09/2003,Open area 2m,18:00,1.12321
Sep 2003,28-29/09/2003,Open area 2m,18:10,1.12788
Sep 2003,28-29/09/2003,Open area 2m,18:20,1.13277
Sep 2003,28-29/09/2003,Open area 2m,18:30,1.13622
Sep 2003,28-29/09/2003,Open area 2m,6:10,1.17712
Sep 2003,28-29/09/2003,Open area 2m,6:20,1.1795
Sep 2003,28-29/09/2003,Open area 2m,6:30,1.17089
Sep 2003,28-29/09/2003,Open area 2m,6:40,1.17228
Sep 2003,28-29/09/2003,Open area 2m,6:50,1.19668
Sep 2003,28-29/09/2003,Open area 2m,7:00,1.20436
Sep 2003,28-29/09/2003,Open area 2m,7:10,1.20418
Sep 2003,28-29/09/2003,Open area 2m,7:20,1.18534
Sep 2003,28-29/09/2003,Open area 2m,7:30,1.19031
Sep 2003,28-29/09/2003,Open area 2m,7:40,1.18166
Sep 2003,28-29/09/2003,Open area 2m,7:50,1.18599
Sep 2003,28-29/09/2003,Open area 2m,8:00,1.19006
Sep 2003,28-29/09/2003,Open area 2m,8:10,1.19981
Sep 2003,28-29/09/2003,Open area 2m,8:20,1.1903
Sep 2003,28-29/09/2003,Open area 2m,8:30,1.1851
Sep 2003,28-29/09/2003,Open area 2m,8:40,1.17768
Sep 2003,28-29/09/2003,Open area 2m,8:50,1.18896
Sep 2003,28-29/09/2003,Open area 2m,9:00,1.18235
Sep 2003,28-29/09/2003,Open area 2m,9:10,1.18399
Sep 2003,28-29/09/2003,Open area 2m,9:20,1.19205
Sep 2003,28-29/09/2003,Open area 2m,9:30,1.18445
Sep 2003,28-29/09/2003,Open area 2m,9:40,1.17464
Sep 2003,28-29/09/2003,Open area 2m,9:50,1.18956
Nov 2003,07-08/11/2003,AFS 1.2m,10:00,0.25586
Nov 2003,07-08/11/2003,AFS 1.2m,10:10,0.56134
Nov 2003,07-08/11/2003,AFS 1.2m,10:20,0.49708
Nov 2003,07-08/11/2003,AFS 1.2m,10:30,0.22299
Nov 2003,07-08/11/2003,AFS 1.2m,10:40,0.90251
Nov 2003,07-08/11/2003,AFS 1.2m,10:50,0.17648
Nov 2003,07-08/11/2003,AFS 1.2m,11:00,0.19718
Nov 2003,07-08/11/2003,AFS 1.2m,11:10,0.32875
Nov 2003,07-08/11/2003,AFS 1.2m,11:20,0.27196
Nov 2003,07-08/11/2003,AFS 1.2m,11:30,0.22646
Nov 2003,07-08/11/2003,AFS 1.2m,11:40,0.30071
Nov 2003,07-08/11/2003,AFS 1.2m,11:50,0.35585
Nov 2003,07-08/11/2003,AFS 1.2m,12:00,0.53813
Nov 2003,07-08/11/2003,AFS 1.2m,12:10,0.66569
Nov 2003,07-08/11/2003,AFS 1.2m,12:20,0.54245
Nov 2003,07-08/11/2003,AFS 1.2m,12:30,0.67065
Nov 2003,07-08/11/2003,AFS 1.2m,12:40,0.64463
Nov 2003,07-08/11/2003,AFS 1.2m,12:50,0.53984
Nov 2003,07-08/11/2003,AFS 1.2m,13:00,0.56871
Nov 2003,07-08/11/2003,AFS 1.2m,13:10,0.67606
Nov 2003,07-08/11/2003,AFS 1.2m,13:20,0.68762
Nov 2003,07-08/11/2003,AFS 1.2m,13:30,0.6767
Nov 2003,07-08/11/2003,AFS 1.2m,13:40,0.6903
Nov 2003,07-08/11/2003,AFS 1.2m,13:50,0.68179
Nov 2003,07-08/11/2003,AFS 1.2m,14:00,0.68625
Nov 2003,07-08/11/2003,AFS 1.2m,14:10,0.74656
Nov 2003,07-08/11/2003,AFS 1.2m,14:20,0.81707
Nov 2003,07-08/11/2003,AFS 1.2m,14:30,0.78649
Nov 2003,07-08/11/2003,AFS 1.2m,14:40,0.78108
Nov 2003,07-08/11/2003,AFS 1.2m,14:50,0.90369
Nov 2003,07-08/11/2003,AFS 1.2m,15:00,0.76743
Nov 2003,07-08/11/2003,AFS 1.2m,15:10,0.74801
Nov 2003,07-08/11/2003,AFS 1.2m,15:20,0.74273
Nov 2003,07-08/11/2003,AFS 1.2m,15:30,0.54115
Nov 2003,07-08/11/2003,AFS 1.2m,15:40,0.73204
Nov 2003,07-08/11/2003,AFS 1.2m,15:50,0.61068
Nov 2003,07-08/11/2003,AFS 1.2m,16:00,0.61239
Nov 2003,07-08/11/2003,AFS 1.2m,16:10,0.6606
Nov 2003,07-08/11/2003,AFS 1.2m,16:20,0.40369
Nov 2003,07-08/11/2003,AFS 1.2m,16:30,0.38063
Nov 2003,07-08/11/2003,AFS 1.2m,16:40,0.47127
Nov 2003,07-08/11/2003,AFS 1.2m,16:50,0.59169
Nov 2003,07-08/11/2003,AFS 1.2m,17:00,0.70249
Nov 2003,07-08/11/2003,AFS 1.2m,17:10,0.78863
Nov 2003,07-08/11/2003,AFS 1.2m,17:20,0.55874
Nov 2003,07-08/11/2003,AFS 1.2m,17:30,0.57346
Nov 2003,07-08/11/2003,AFS 1.2m,17:40,0.5152
Nov 2003,07-08/11/2003,AFS 1.2m,17:50,0.63373
Nov 2003,07-08/11/2003,AFS 1.2m,18:00,0.78342
Nov 2003,07-08/11/2003,AFS 1.2m,18:10,0.77873
Nov 2003,07-08/11/2003,AFS 1.2m,18:20,0.74425
Nov 2003,07-08/11/2003,AFS 1.2m,18:30,0.67908
Nov 2003,07-08/11/2003,AFS 1.2m,18:40,0.63257
Nov 2003,07-08/11/2003,AFS 1.2m,18:50,0.68201
Nov 2003,07-08/11/2003,AFS 1.2m,19:00,0.65026
Nov 2003,07-08/11/2003,AFS 1.2m,19:10,0.65006
Nov 2003,07-08/11/2003,AFS 1.2m,19:20,0.63941
Nov 2003,07-08/11/2003,AFS 1.2m,5:30,0.40601
Nov 2003,07-08/11/2003,AFS 1.2m,5:40,0.49206
Nov 2003,07-08/11/2003,AFS 1.2m,5:50,0.47812
Nov 2003,07-08/11/2003,AFS 1.2m,6:00,0.5729
Nov 2003,07-08/11/2003,AFS 1.2m,6:10,0.44843
Nov 2003,07-08/11/2003,AFS 1.2m,6:20,0.44109
Nov 2003,07-08/11/2003,AFS 1.2m,6:30,0.46234
Nov 2003,07-08/11/2003,AFS 1.2m,6:40,0.46763
Nov 2003,07-08/11/2003,AFS 1.2m,6:50,0.31725
Nov 2003,07-08/11/2003,AFS 1.2m,7:00,0.29671
Nov 2003,07-08/11/2003,AFS 1.2m,7:10,0.28218
Nov 2003,07-08/11/2003,AFS 1.2m,7:20,0.26641
Nov 2003,07-08/11/2003,AFS 1.2m,7:30,0.27895
Nov 2003,07-08/11/2003,AFS 1.2m,7:40,0.28225
Nov 2003,07-08/11/2003,AFS 1.2m,7:50,0.25243
Nov 2003,07-08/11/2003,AFS 1.2m,8:00,0.60416
Nov 2003,07-08/11/2003,AFS 1.2m,8:10,0.2757
Nov 2003,07-08/11/2003,AFS 1.2m,8:20,0.21095
Nov 2003,07-08/11/2003,AFS 1.2m,8:30,0.25528
Nov 2003,07-08/11/2003,AFS 1.2m,8:40,0.28015
Nov 2003,07-08/11/2003,AFS 1.2m,8:50,0.25627
Nov 2003,07-08/11/2003,AFS 1.2m,9:00,0.3525
Nov 2003,07-08/11/2003,AFS 1.2m,9:10,0.29802
Nov 2003,07-08/11/2003,AFS 1.2m,9:20,0.22128
Nov 2003,07-08/11/2003,AFS 1.2m,9:30,0.25332
Nov 2003,07-08/11/2003,AFS 1.2m,9:40,0.19161
Nov 2003,07-08/11/2003,AFS 1.2m,9:50,0.26749
Nov 2003,13-14/11/2003,AFS 1.2m,10:00,0.15498
Nov 2003,13-14/11/2003,AFS 1.2m,10:10,0.14969
Nov 2003,13-14/11/2003,AFS 1.2m,10:20,0.14748
Nov 2003,13-14/11/2003,AFS 1.2m,10:30,0.14962
Nov 2003,13-14/11/2003,AFS 1.2m,10:40,0.17062
Nov 2003,13-14/11/2003,AFS 1.2m,10:50,0.17713
Nov 2003,13-14/11/2003,AFS 1.2m,11:00,0.21774
Nov 2003,13-14/11/2003,AFS 1.2m,11:10,0.26013
Nov 2003,13-14/11/2003,AFS 1.2m,11:20,0.19536
Nov 2003,13-14/11/2003,AFS 1.2m,11:30,0.15298
Nov 2003,13-14/11/2003,AFS 1.2m,11:40,0.14877
Nov 2003,13-14/11/2003,AFS 1.2m,11:50,0.15118
Nov 2003,13-14/11/2003,AFS 1.2m,12:00,0.2
Nov 2003,13-14/11/2003,AFS 1.2m,12:10,0.39846
Nov 2003,13-14/11/2003,AFS 1.2m,12:20,0.40274
Nov 2003,13-14/11/2003,AFS 1.2m,12:30,0.4094
Nov 2003,13-14/11/2003,AFS 1.2m,12:40,0.20862
Nov 2003,13-14/11/2003,AFS 1.2m,12:50,0.21447
Nov 2003,13-14/11/2003,AFS 1.2m,13:00,0.70378
Nov 2003,13-14/11/2003,AFS 1.2m,13:10,0.65068
Nov 2003,13-14/11/2003,AFS 1.2m,13:20,0.67823
Nov 2003,13-14/11/2003,AFS 1.2m,13:30,0.73556
Nov 2003,13-14/11/2003,AFS 1.2m,13:40,0.65712
Nov 2003,13-14/11/2003,AFS 1.2m,13:50,0.75789
Nov 2003,13-14/11/2003,AFS 1.2m,14:00,0.76716
Nov 2003,13-14/11/2003,AFS 1.2m,14:10,0.75697
Nov 2003,13-14/11/2003,AFS 1.2m,14:20,0.7978
Nov 2003,13-14/11/2003,AFS 1.2m,14:30,0.7023
Nov 2003,13-14/11/2003,AFS 1.2m,14:40,0.7377
Nov 2003,13-14/11/2003,AFS 1.2m,14:50,0.75773
Nov 2003,13-14/11/2003,AFS 1.2m,15:00,0.66033
Nov 2003,13-14/11/2003,AFS 1.2m,15:10,0.85077
Nov 2003,13-14/11/2003,AFS 1.2m,15:20,0.72543
Nov 2003,13-14/11/2003,AFS 1.2m,15:30,0.72917
Nov 2003,13-14/11/2003,AFS 1.2m,15:40,0.76695
Nov 2003,13-14/11/2003,AFS 1.2m,15:50,0.63196
Nov 2003,13-14/11/2003,AFS 1.2m,16:00,0.74066
Nov 2003,13-14/11/2003,AFS 1.2m,16:10,0.70857
Nov 2003,13-14/11/2003,AFS 1.2m,16:20,0.76491
Nov 2003,13-14/11/2003,AFS 1.2m,16:30,0.75768
Nov 2003,13-14/11/2003,AFS 1.2m,16:40,0.7379
Nov 2003,13-14/11/2003,AFS 1.2m,16:50,0.67174
Nov 2003,13-14/11/2003,AFS 1.2m,17:00,0.74065
Nov 2003,13-14/11/2003,AFS 1.2m,17:10,0.71506
Nov 2003,13-14/11/2003,AFS 1.2m,17:20,0.72134
Nov 2003,13-14/11/2003,AFS 1.2m,17:30,0.61259
Nov 2003,13-14/11/2003,AFS 1.2m,17:40,0.70814
Nov 2003,13-14/11/2003,AFS 1.2m,17:50,0.71039
Nov 2003,13-14/11/2003,AFS 1.2m,18:00,0.7282
Nov 2003,13-14/11/2003,AFS 1.2m,18:10,0.7916
Nov 2003,13-14/11/2003,AFS 1.2m,18:20,0.71458
Nov 2003,13-14/11/2003,AFS 1.2m,18:30,0.73037
Nov 2003,13-14/11/2003,AFS 1.2m,18:40,0.53955
Nov 2003,13-14/11/2003,AFS 1.2m,18:50,0.59541
Nov 2003,13-14/11/2003,AFS 1.2m,19:00,0.6058
Nov 2003,13-14/11/2003,AFS 1.2m,19:10,0.6162
Nov 2003,13-14/11/2003,AFS 1.2m,19:20,0.62659
Nov 2003,13-14/11/2003,AFS 1.2m,5:30,0.45356
Nov 2003,13-14/11/2003,AFS 1.2m,5:40,0.45014
Nov 2003,13-14/11/2003,AFS 1.2m,5:50,0.44671
Nov 2003,13-14/11/2003,AFS 1.2m,6:00,0.4629
Nov 2003,13-14/11/2003,AFS 1.2m,6:10,0.65629
Nov 2003,13-14/11/2003,AFS 1.2m,6:20,0.52346
Nov 2003,13-14/11/2003,AFS 1.2m,6:30,0.32129
Nov 2003,13-14/11/2003,AFS 1.2m,6:40,0.33538
Nov 2003,13-14/11/2003,AFS 1.2m,6:50,0.35692
Nov 2003,13-14/11/2003,AFS 1.2m,7:00,0.32188
Nov 2003,13-14/11/2003,AFS 1.2m,7:10,0.32794
Nov 2003,13-14/11/2003,AFS 1.2m,7:20,0.48368
Nov 2003,13-14/11/2003,AFS 1.2m,7:30,0.41301
Nov 2003,13-14/11/2003,AFS 1.2m,7:40,0.3376
Nov 2003,13-14/11/2003,AFS 1.2m,7:50,0.34368
Nov 2003,13-14/11/2003,AFS 1.2m,8:00,0.35494
Nov 2003,13-14/11/2003,AFS 1.2m,8:10,0.47409
Nov 2003,13-14/11/2003,AFS 1.2m,8:20,0.648
Nov 2003,13-14/11/2003,AFS 1.2m,8:30,0.33051
Nov 2003,13-14/11/2003,AFS 1.2m,8:40,0.40401
Nov 2003,13-14/11/2003,AFS 1.2m,8:50,0.40665
Nov 2003,13-14/11/2003,AFS 1.2m,9:00,0.36653
Nov 2003,13-14/11/2003,AFS 1.2m,9:10,0.3457
Nov 2003,13-14/11/2003,AFS 1.2m,9:20,0.40689
Nov 2003,13-14/11/2003,AFS 1.2m,9:30,0.31967
Nov 2003,13-14/11/2003,AFS 1.2m,9:40,0.25877
Nov 2003,13-14/11/2003,AFS 1.2m,9:50,0.21777
Nov 2003,06-07/11/2003,AFS 2m,10:00,0.16785
Nov 2003,06-07/11/2003,AFS 2m,10:10,0.16433
Nov 2003,06-07/11/2003,AFS 2m,10:20,0.1657
Nov 2003,06-07/11/2003,AFS 2m,10:30,0.16004
Nov 2003,06-07/11/2003,AFS 2m,10:40,0.16137
Nov 2003,06-07/11/2003,AFS 2m,10:50,0.16107
Nov 2003,06-07/11/2003,AFS 2m,11:00,0.20569
Nov 2003,06-07/11/2003,AFS 2m,11:10,1.13485
Nov 2003,06-07/11/2003,AFS 2m,11:20,1.13814
Nov 2003,06-07/11/2003,AFS 2m,11:30,1.13046
Nov 2003,06-07/11/2003,AFS 2m,11:40,1.13591
Nov 2003,06-07/11/2003,AFS 2m,11:50,1.14192
Nov 2003,06-07/11/2003,AFS 2m,12:00,1.14327
Nov 2003,06-07/11/2003,AFS 2m,12:10,1.1363
Nov 2003,06-07/11/2003,AFS 2m,12:20,1.12314
Nov 2003,06-07/11/2003,AFS 2m,12:30,1.11921
Nov 2003,06-07/11/2003,AFS 2m,12:40,1.12437
Nov 2003,06-07/11/2003,AFS 2m,12:50,1.11525
Nov 2003,06-07/11/2003,AFS 2m,13:00,0.65996
Nov 2003,06-07/11/2003,AFS 2m,13:10,0.459
Nov 2003,06-07/11/2003,AFS 2m,13:20,0.45759
Nov 2003,06-07/11/2003,AFS 2m,13:30,0.36329
Nov 2003,06-07/11/2003,AFS 2m,13:40,0.36925
Nov 2003,06-07/11/2003,AFS 2m,13:50,0.69394
Nov 2003,06-07/11/2003,AFS 2m,14:00,0.89178
Nov 2003,06-07/11/2003,AFS 2m,14:10,0.88587
Nov 2003,06-07/11/2003,AFS 2m,14:20,0.72389
Nov 2003,06-07/11/2003,AFS 2m,14:30,0.71933
Nov 2003,06-07/11/2003,AFS 2m,14:40,0.9078
Nov 2003,06-07/11/2003,AFS 2m,14:50,0.82898
Nov 2003,06-07/11/2003,AFS 2m,15:00,0.58248
Nov 2003,06-07/11/2003,AFS 2m,15:10,0.67123
Nov 2003,06-07/11/2003,AFS 2m,15:20,0.58451
Nov 2003,06-07/11/2003,AFS 2m,15:30,0.80039
Nov 2003,06-07/11/2003,AFS 2m,15:40,0.59664
Nov 2003,06-07/11/2003,AFS 2m,15:50,0.33506
Nov 2003,06-07/11/2003,AFS 2m,16:00,0.76286
Nov 2003,06-07/11/2003,AFS 2m,16:10,0.35735
Nov 2003,06-07/11/2003,AFS 2m,16:20,0.28711
Nov 2003,06-07/11/2003,AFS 2m,16:30,0.47962
Nov 2003,06-07/11/2003,AFS 2m,16:40,0.38941
Nov 2003,06-07/11/2003,AFS 2m,16:50,0.44541
Nov 2003,06-07/11/2003,AFS 2m,17:00,0.46776
Nov 2003,06-07/11/2003,AFS 2m,17:10,0.45228
Nov 2003,06-07/11/2003,AFS 2m,17:20,0.37684
Nov 2003,06-07/11/2003,AFS 2m,17:30,0.3941
Nov 2003,06-07/11/2003,AFS 2m,17:40,0.41881
Nov 2003,06-07/11/2003,AFS 2m,17:50,0.52435
Nov 2003,06-07/11/2003,AFS 2m,18:00,0.78379
Nov 2003,06-07/11/2003,AFS 2m,18:10,0.72056
Nov 2003,06-07/11/2003,AFS 2m,18:20,0.63818
Nov 2003,06-07/11/2003,AFS 2m,18:30,0.72906
Nov 2003,06-07/11/2003,AFS 2m,18:40,0.69857
Nov 2003,06-07/11/2003,AFS 2m,18:50,0.73352
Nov 2003,06-07/11/2003,AFS 2m,19:00,0.58699
Nov 2003,06-07/11/2003,AFS 2m,19:10,0.68824
Nov 2003,06-07/11/2003,AFS 2m,19:20,0.69076
Nov 2003,06-07/11/2003,AFS 2m,5:30,0.46124
Nov 2003,06-07/11/2003,AFS 2m,5:40,0.48419
Nov 2003,06-07/11/2003,AFS 2m,5:50,0.48107
Nov 2003,06-07/11/2003,AFS 2m,6:00,0.52684
Nov 2003,06-07/11/2003,AFS 2m,6:10,0.55603
Nov 2003,06-07/11/2003,AFS 2m,6:20,0.45766
Nov 2003,06-07/11/2003,AFS 2m,6:30,0.45412
Nov 2003,06-07/11/2003,AFS 2m,6:40,0.33635
Nov 2003,06-07/11/2003,AFS 2m,6:50,0.31663
Nov 2003,06-07/11/2003,AFS 2m,7:00,0.29349
Nov 2003,06-07/11/2003,AFS 2m,7:10,0.29264
Nov 2003,06-07/11/2003,AFS 2m,7:20,0.28777
Nov 2003,06-07/11/2003,AFS 2m,7:30,0.28926
Nov 2003,06-07/11/2003,AFS 2m,7:40,0.35741
Nov 2003,06-07/11/2003,AFS 2m,7:50,0.28435
Nov 2003,06-07/11/2003,AFS 2m,8:00,0.61894
Nov 2003,06-07/11/2003,AFS 2m,8:10,0.60046
Nov 2003,06-07/11/2003,AFS 2m,8:20,0.23779
Nov 2003,06-07/11/2003,AFS 2m,8:30,0.22262
Nov 2003,06-07/11/2003,AFS 2m,8:40,0.26229
Nov 2003,06-07/11/2003,AFS 2m,8:50,0.22994
Nov 2003,06-07/11/2003,AFS 2m,9:00,0.19301
Nov 2003,06-07/11/2003,AFS 2m,9:10,0.1986
Nov 2003,06-07/11/2003,AFS 2m,9:20,0.18869
Nov 2003,06-07/11/2003,AFS 2m,9:30,0.17597
Nov 2003,06-07/11/2003,AFS 2m,9:40,0.17297
Nov 2003,06-07/11/2003,AFS 2m,9:50,0.1699
Nov 2003,12-13/11/2003,AFS 2m,10:00,0.69758
Nov 2003,12-13/11/2003,AFS 2m,10:10,0.70169
Nov 2003,12-13/11/2003,AFS 2m,10:20,0.70758
Nov 2003,12-13/11/2003,AFS 2m,10:30,0.69548
Nov 2003,12-13/11/2003,AFS 2m,10:40,0.70279
Nov 2003,12-13/11/2003,AFS 2m,10:50,0.71028
Nov 2003,12-13/11/2003,AFS 2m,11:00,0.70529
Nov 2003,12-13/11/2003,AFS 2m,11:10,0.71398
Nov 2003,12-13/11/2003,AFS 2m,11:20,0.70752
Nov 2003,12-13/11/2003,AFS 2m,11:30,0.65815
Nov 2003,12-13/11/2003,AFS 2m,11:40,0.68363
Nov 2003,12-13/11/2003,AFS 2m,11:50,0.65176
Nov 2003,12-13/11/2003,AFS 2m,12:00,0.70833
Nov 2003,12-13/11/2003,AFS 2m,12:10,0.65593
Nov 2003,12-13/11/2003,AFS 2m,12:20,0.69409
Nov 2003,12-13/11/2003,AFS 2m,12:30,0.6769
Nov 2003,12-13/11/2003,AFS 2m,12:40,0.70145
Nov 2003,12-13/11/2003,AFS 2m,12:50,0.70378
Nov 2003,12-13/11/2003,AFS 2m,13:00,0.62567
Nov 2003,12-13/11/2003,AFS 2m,13:10,0.62437
Nov 2003,12-13/11/2003,AFS 2m,13:20,0.56005
Nov 2003,12-13/11/2003,AFS 2m,13:30,0.70178
Nov 2003,12-13/11/2003,AFS 2m,13:40,0.69056
Nov 2003,12-13/11/2003,AFS 2m,13:50,0.61801
Nov 2003,12-13/11/2003,AFS 2m,14:00,0.78675
Nov 2003,12-13/11/2003,AFS 2m,14:10,0.75471
Nov 2003,12-13/11/2003,AFS 2m,14:20,0.80461
Nov 2003,12-13/11/2003,AFS 2m,14:30,0.77792
Nov 2003,12-13/11/2003,AFS 2m,14:40,0.79692
Nov 2003,12-13/11/2003,AFS 2m,14:50,0.80674
Nov 2003,12-13/11/2003,AFS 2m,15:00,0.78347
Nov 2003,12-13/11/2003,AFS 2m,15:10,0.78423
Nov 2003,12-13/11/2003,AFS 2m,15:20,0.80537
Nov 2003,12-13/11/2003,AFS 2m,15:30,0.70196
Nov 2003,12-13/11/2003,AFS 2m,15:40,0.75634
Nov 2003,12-13/11/2003,AFS 2m,15:50,0.7995
Nov 2003,12-13/11/2003,AFS 2m,16:00,0.76207
Nov 2003,12-13/11/2003,AFS 2m,16:10,0.70416
Nov 2003,12-13/11/2003,AFS 2m,16:20,0.72698
Nov 2003,12-13/11/2003,AFS 2m,16:30,0.77612
Nov 2003,12-13/11/2003,AFS 2m,16:40,0.76367
Nov 2003,12-13/11/2003,AFS 2m,16:50,0.6661
Nov 2003,12-13/11/2003,AFS 2m,17:00,0.67661
Nov 2003,12-13/11/2003,AFS 2m,17:10,0.72107
Nov 2003,12-13/11/2003,AFS 2m,17:20,0.65707
Nov 2003,12-13/11/2003,AFS 2m,17:30,0.72008
Nov 2003,12-13/11/2003,AFS 2m,17:40,0.75522
Nov 2003,12-13/11/2003,AFS 2m,17:50,0.69986
Nov 2003,12-13/11/2003,AFS 2m,18:00,0.71727
Nov 2003,12-13/11/2003,AFS 2m,18:10,0.66419
Nov 2003,12-13/11/2003,AFS 2m,18:20,0.67569
Nov 2003,12-13/11/2003,AFS 2m,18:30,0.71255
Nov 2003,12-13/11/2003,AFS 2m,18:40,0.91395
Nov 2003,12-13/11/2003,AFS 2m,18:50,0.90518
Nov 2003,12-13/11/2003,AFS 2m,19:00,1.0377
Nov 2003,12-13/11/2003,AFS 2m,19:10,0.75049
Nov 2003,12-13/11/2003,AFS 2m,19:20,0.77484
Nov 2003,12-13/11/2003,AFS 2m,5:30,0.60194
Nov 2003,12-13/11/2003,AFS 2m,5:40,0.60643
Nov 2003,12-13/11/2003,AFS 2m,5:50,0.61091
Nov 2003,12-13/11/2003,AFS 2m,6:00,0.55465
Nov 2003,12-13/11/2003,AFS 2m,6:10,0.59463
Nov 2003,12-13/11/2003,AFS 2m,6:20,0.62617
Nov 2003,12-13/11/2003,AFS 2m,6:30,0.6706
Nov 2003,12-13/11/2003,AFS 2m,6:40,0.66347
Nov 2003,12-13/11/2003,AFS 2m,6:50,0.6376
Nov 2003,12-13/11/2003,AFS 2m,7:00,0.64704
Nov 2003,12-13/11/2003,AFS 2m,7:10,0.67129
Nov 2003,12-13/11/2003,AFS 2m,7:20,0.64944
Nov 2003,12-13/11/2003,AFS 2m,7:30,0.54451
Nov 2003,12-13/11/2003,AFS 2m,7:40,0.64795
Nov 2003,12-13/11/2003,AFS 2m,7:50,0.82219
Nov 2003,12-13/11/2003,AFS 2m,8:00,0.6828
Nov 2003,12-13/11/2003,AFS 2m,8:10,0.68481
Nov 2003,12-13/11/2003,AFS 2m,8:20,0.71345
Nov 2003,12-13/11/2003,AFS 2m,8:30,0.69494
Nov 2003,12-13/11/2003,AFS 2m,8:40,0.62447
Nov 2003,12-13/11/2003,AFS 2m,8:50,0.63816
Nov 2003,12-13/11/2003,AFS 2m,9:00,0.69341
Nov 2003,12-13/11/2003,AFS 2m,9:10,0.69847
Nov 2003,12-13/11/2003,AFS 2m,9:20,0.68175
Nov 2003,12-13/11/2003,AFS 2m,9:30,0.67962
Nov 2003,12-13/11/2003,AFS 2m,9:40,0.68135
Nov 2003,12-13/11/2003,AFS 2m,9:50,0.69243
Nov 2003,04-05/11/2003,MO 1.2m,10:00,1.09331
Nov 2003,04-05/11/2003,MO 1.2m,10:10,1.09066
Nov 2003,04-05/11/2003,MO 1.2m,10:20,1.09276
Nov 2003,04-05/11/2003,MO 1.2m,10:30,1.08764
Nov 2003,04-05/11/2003,MO 1.2m,10:40,1.0614
Nov 2003,04-05/11/2003,MO 1.2m,10:50,1.05805
Nov 2003,04-05/11/2003,MO 1.2m,11:00,1.06638
Nov 2003,04-05/11/2003,MO 1.2m,11:10,1.05691
Nov 2003,04-05/11/2003,MO 1.2m,11:20,1.0542
Nov 2003,04-05/11/2003,MO 1.2m,11:30,1.06554
Nov 2003,04-05/11/2003,MO 1.2m,11:40,1.0927
Nov 2003,04-05/11/2003,MO 1.2m,11:50,1.10071
Nov 2003,04-05/11/2003,MO 1.2m,12:00,1.10151
Nov 2003,04-05/11/2003,MO 1.2m,12:10,1.09059
Nov 2003,04-05/11/2003,MO 1.2m,12:20,1.02326
Nov 2003,04-05/11/2003,MO 1.2m,12:30,1.01526
Nov 2003,04-05/11/2003,MO 1.2m,12:40,1.01897
Nov 2003,04-05/11/2003,MO 1.2m,12:50,1.00984
Nov 2003,04-05/11/2003,MO 1.2m,13:00,1.10038
Nov 2003,04-05/11/2003,MO 1.2m,13:10,1.10092
Nov 2003,04-05/11/2003,MO 1.2m,13:20,1.09895
Nov 2003,04-05/11/2003,MO 1.2m,13:30,1.09599
Nov 2003,04-05/11/2003,MO 1.2m,13:40,1.09915
Nov 2003,04-05/11/2003,MO 1.2m,13:50,1.09164
Nov 2003,04-05/11/2003,MO 1.2m,14:00,1.05888
Nov 2003,04-05/11/2003,MO 1.2m,14:10,1.07362
Nov 2003,04-05/11/2003,MO 1.2m,14:20,1.09133
Nov 2003,04-05/11/2003,MO 1.2m,14:30,1.10057
Nov 2003,04-05/11/2003,MO 1.2m,14:40,1.10222
Nov 2003,04-05/11/2003,MO 1.2m,14:50,1.0991
Nov 2003,04-05/11/2003,MO 1.2m,15:00,1.10332
Nov 2003,04-05/11/2003,MO 1.2m,15:10,1.10428
Nov 2003,04-05/11/2003,MO 1.2m,15:20,1.1022
Nov 2003,04-05/11/2003,MO 1.2m,15:30,1.09399
Nov 2003,04-05/11/2003,MO 1.2m,15:40,1.08191
Nov 2003,04-05/11/2003,MO 1.2m,15:50,1.08172
Nov 2003,04-05/11/2003,MO 1.2m,16:00,1.09029
Nov 2003,04-05/11/2003,MO 1.2m,16:10,1.0925
Nov 2003,04-05/11/2003,MO 1.2m,16:20,1.08432
Nov 2003,04-05/11/2003,MO 1.2m,16:30,1.06959
Nov 2003,04-05/11/2003,MO 1.2m,16:40,1.04992
Nov 2003,04-05/11/2003,MO 1.2m,16:50,1.01642
Nov 2003,04-05/11/2003,MO 1.2m,17:00,0.98627
Nov 2003,04-05/11/2003,MO 1.2m,17:10,0.96144
Nov 2003,04-05/11/2003,MO 1.2m,17:20,1.02412
Nov 2003,04-05/11/2003,MO 1.2m,17:30,1.06535
Nov 2003,04-05/11/2003,MO 1.2m,17:40,1.06832
Nov 2003,04-05/11/2003,MO 1.2m,17:50,1.07746
Nov 2003,04-05/11/2003,MO 1.2m,18:00,1.13634
Nov 2003,04-05/11/2003,MO 1.2m,18:10,1.14363
Nov 2003,04-05/11/2003,MO 1.2m,18:20,1.0889
Nov 2003,04-05/11/2003,MO 1.2m,18:30,1.02333
Nov 2003,04-05/11/2003,MO 1.2m,18:40,0.9532
Nov 2003,04-05/11/2003,MO 1.2m,18:50,0.98659
Nov 2003,04-05/11/2003,MO 1.2m,19:00,0.99521
Nov 2003,04-05/11/2003,MO 1.2m,19:10,0.94221
Nov 2003,04-05/11/2003,MO 1.2m,19:20,0.9198
Nov 2003,04-05/11/2003,MO 1.2m,5:30,0.99984
Nov 2003,04-05/11/2003,MO 1.2m,5:40,0.97089
Nov 2003,04-05/11/2003,MO 1.2m,5:50,0.97419
Nov 2003,04-05/11/2003,MO 1.2m,6:00,0.91765
Nov 2003,04-05/11/2003,MO 1.2m,6:10,0.94986
Nov 2003,04-05/11/2003,MO 1.2m,6:20,0.98873
Nov 2003,04-05/11/2003,MO 1.2m,6:30,1.02476
Nov 2003,04-05/11/2003,MO 1.2m,6:40,1.04894
Nov 2003,04-05/11/2003,MO 1.2m,6:50,1.0606
Nov 2003,04-05/11/2003,MO 1.2m,7:00,1.06002
Nov 2003,04-05/11/2003,MO 1.2m,7:10,1.05138
Nov 2003,04-05/11/2003,MO 1.2m,7:20,1.02633
Nov 2003,04-05/11/2003,MO 1.2m,7:30,1.02994
Nov 2003,04-05/11/2003,MO 1.2m,7:40,1.06367
Nov 2003,04-05/11/2003,MO 1.2m,7:50,1.08347
Nov 2003,04-05/11/2003,MO 1.2m,8:00,1.07565
Nov 2003,04-05/11/2003,MO 1.2m,8:10,1.06563
Nov 2003,04-05/11/2003,MO 1.2m,8:20,1.05165
Nov 2003,04-05/11/2003,MO 1.2m,8:30,1.05516
Nov 2003,04-05/11/2003,MO 1.2m,8:40,1.03677
Nov 2003,04-05/11/2003,MO 1.2m,8:50,1.03149
Nov 2003,04-05/11/2003,MO 1.2m,9:00,1.04997
Nov 2003,04-05/11/2003,MO 1.2m,9:10,1.06522
Nov 2003,04-05/11/2003,MO 1.2m,9:20,1.07343
Nov 2003,04-05/11/2003,MO 1.2m,9:30,1.07121
Nov 2003,04-05/11/2003,MO 1.2m,9:40,1.07151
Nov 2003,04-05/11/2003,MO 1.2m,9:50,1.07609
Nov 2003,10-11/11/2003,MO 1.2m,10:00,0.87231
Nov 2003,10-11/11/2003,MO 1.2m,10:10,0.87615
Nov 2003,10-11/11/2003,MO 1.2m,10:20,0.87685
Nov 2003,10-11/11/2003,MO 1.2m,10:30,0.87587
Nov 2003,10-11/11/2003,MO 1.2m,10:40,0.92312
Nov 2003,10-11/11/2003,MO 1.2m,10:50,1.03967
Nov 2003,10-11/11/2003,MO 1.2m,11:00,0.99836
Nov 2003,10-11/11/2003,MO 1.2m,11:10,1.03007
Nov 2003,10-11/11/2003,MO 1.2m,11:20,1.03571
Nov 2003,10-11/11/2003,MO 1.2m,11:30,0.9776
Nov 2003,10-11/11/2003,MO 1.2m,11:40,1.09964
Nov 2003,10-11/11/2003,MO 1.2m,11:50,1.10088
Nov 2003,10-11/11/2003,MO 1.2m,12:00,0.86847
Nov 2003,10-11/11/2003,MO 1.2m,12:10,0.98895
Nov 2003,10-11/11/2003,MO 1.2m,12:20,1.04847
Nov 2003,10-11/11/2003,MO 1.2m,12:30,1.05031
Nov 2003,10-11/11/2003,MO 1.2m,12:40,1.05284
Nov 2003,10-11/11/2003,MO 1.2m,12:50,1.05446
Nov 2003,10-11/11/2003,MO 1.2m,13:00,1.0271
Nov 2003,10-11/11/2003,MO 1.2m,13:10,1.02922
Nov 2003,10-11/11/2003,MO 1.2m,13:20,0.98141
Nov 2003,10-11/11/2003,MO 1.2m,13:30,0.9896
Nov 2003,10-11/11/2003,MO 1.2m,13:40,1.04933
Nov 2003,10-11/11/2003,MO 1.2m,13:50,1.10437
Nov 2003,10-11/11/2003,MO 1.2m,14:00,1.10425
Nov 2003,10-11/11/2003,MO 1.2m,14:10,1.10455
Nov 2003,10-11/11/2003,MO 1.2m,14:20,1.10304
Nov 2003,10-11/11/2003,MO 1.2m,14:30,1.10361
Nov 2003,10-11/11/2003,MO 1.2m,14:40,1.10114
Nov 2003,10-11/11/2003,MO 1.2m,14:50,1.10303
Nov 2003,10-11/11/2003,MO 1.2m,15:00,1.0989
Nov 2003,10-11/11/2003,MO 1.2m,15:10,1.10048
Nov 2003,10-11/11/2003,MO 1.2m,15:20,1.10127
Nov 2003,10-11/11/2003,MO 1.2m,15:30,1.09771
Nov 2003,10-11/11/2003,MO 1.2m,15:40,1.099
Nov 2003,10-11/11/2003,MO 1.2m,15:50,1.09695
Nov 2003,10-11/11/2003,MO 1.2m,16:00,1.09356
Nov 2003,10-11/11/2003,MO 1.2m,16:10,0.94788
Nov 2003,10-11/11/2003,MO 1.2m,16:20,0.93677
Nov 2003,10-11/11/2003,MO 1.2m,16:30,0.97705
Nov 2003,10-11/11/2003,MO 1.2m,16:40,1.08146
Nov 2003,10-11/11/2003,MO 1.2m,16:50,1.07978
Nov 2003,10-11/11/2003,MO 1.2m,17:00,1.07218
Nov 2003,10-11/11/2003,MO 1.2m,17:10,1.0073
Nov 2003,10-11/11/2003,MO 1.2m,17:20,1.06633
Nov 2003,10-11/11/2003,MO 1.2m,17:30,1.06507
Nov 2003,10-11/11/2003,MO 1.2m,17:40,1.05853
Nov 2003,10-11/11/2003,MO 1.2m,17:50,1.04877
Nov 2003,10-11/11/2003,MO 1.2m,18:00,1.04896
Nov 2003,10-11/11/2003,MO 1.2m,18:10,1.07672
Nov 2003,10-11/11/2003,MO 1.2m,18:20,1.11791
Nov 2003,10-11/11/2003,MO 1.2m,18:30,1.21374
Nov 2003,10-11/11/2003,MO 1.2m,18:40,1.17488
Nov 2003,10-11/11/2003,MO 1.2m,18:50,1.097
Nov 2003,10-11/11/2003,MO 1.2m,19:00,1.02224
Nov 2003,10-11/11/2003,MO 1.2m,19:10,1.02386
Nov 2003,10-11/11/2003,MO 1.2m,19:20,1.02915
Nov 2003,10-11/11/2003,MO 1.2m,5:30,1.07203
Nov 2003,10-11/11/2003,MO 1.2m,5:40,1.06074
Nov 2003,10-11/11/2003,MO 1.2m,5:50,0.94413
Nov 2003,10-11/11/2003,MO 1.2m,6:00,0.98077
Nov 2003,10-11/11/2003,MO 1.2m,6:10,1.0511
Nov 2003,10-11/11/2003,MO 1.2m,6:20,1.12468
Nov 2003,10-11/11/2003,MO 1.2m,6:30,1.00865
Nov 2003,10-11/11/2003,MO 1.2m,6:40,0.96368
Nov 2003,10-11/11/2003,MO 1.2m,6:50,0.94898
Nov 2003,10-11/11/2003,MO 1.2m,7:00,1.00814
Nov 2003,10-11/11/2003,MO 1.2m,7:10,0.93967
Nov 2003,10-11/11/2003,MO 1.2m,7:20,0.91954
Nov 2003,10-11/11/2003,MO 1.2m,7:30,0.91149
Nov 2003,10-11/11/2003,MO 1.2m,7:40,0.90325
Nov 2003,10-11/11/2003,MO 1.2m,7:50,0.90029
Nov 2003,10-11/11/2003,MO 1.2m,8:00,0.89991
Nov 2003,10-11/11/2003,MO 1.2m,8:10,0.89921
Nov 2003,10-11/11/2003,MO 1.2m,8:20,0.89882
Nov 2003,10-11/11/2003,MO 1.2m,8:30,0.89681
Nov 2003,10-11/11/2003,MO 1.2m,8:40,0.88755
Nov 2003,10-11/11/2003,MO 1.2m,8:50,0.87786
Nov 2003,10-11/11/2003,MO 1.2m,9:00,0.87355
Nov 2003,10-11/11/2003,MO 1.2m,9:10,0.86646
Nov 2003,10-11/11/2003,MO 1.2m,9:20,0.86088
Nov 2003,10-11/11/2003,MO 1.2m,9:30,0.86277
Nov 2003,10-11/11/2003,MO 1.2m,9:40,0.86775
Nov 2003,10-11/11/2003,MO 1.2m,9:50,0.87268
Nov 2003,15-16/11/2003,MO 1.2m,10:00,1.00942
Nov 2003,15-16/11/2003,MO 1.2m,10:10,1.03479
Nov 2003,15-16/11/2003,MO 1.2m,10:20,0.92382
Nov 2003,15-16/11/2003,MO 1.2m,10:30,1.00174
Nov 2003,15-16/11/2003,MO 1.2m,10:40,1.00819
Nov 2003,15-16/11/2003,MO 1.2m,10:50,0.99603
Nov 2003,15-16/11/2003,MO 1.2m,11:00,1.18394
Nov 2003,15-16/11/2003,MO 1.2m,11:10,1.12481
Nov 2003,15-16/11/2003,MO 1.2m,11:20,1.20383
Nov 2003,15-16/11/2003,MO 1.2m,11:30,1.20397
Nov 2003,15-16/11/2003,MO 1.2m,11:40,1.20296
Nov 2003,15-16/11/2003,MO 1.2m,11:50,1.12426
Nov 2003,15-16/11/2003,MO 1.2m,12:00,1.12449
Nov 2003,15-16/11/2003,MO 1.2m,12:10,1.12272
Nov 2003,15-16/11/2003,MO 1.2m,12:20,1.20978
Nov 2003,15-16/11/2003,MO 1.2m,12:30,1.20465
Nov 2003,15-16/11/2003,MO 1.2m,12:40,1.20626
Nov 2003,15-16/11/2003,MO 1.2m,12:50,1.17911
Nov 2003,15-16/11/2003,MO 1.2m,13:00,1.13542
Nov 2003,15-16/11/2003,MO 1.2m,13:10,1.14509
Nov 2003,15-16/11/2003,MO 1.2m,13:20,1.13812
Nov 2003,15-16/11/2003,MO 1.2m,13:30,1.14244
Nov 2003,15-16/11/2003,MO 1.2m,13:40,1.14201
Nov 2003,15-16/11/2003,MO 1.2m,13:50,1.12296
Nov 2003,15-16/11/2003,MO 1.2m,14:00,1.14232
Nov 2003,15-16/11/2003,MO 1.2m,14:10,1.14437
Nov 2003,15-16/11/2003,MO 1.2m,14:20,1.14077
Nov 2003,15-16/11/2003,MO 1.2m,14:30,1.14904
Nov 2003,15-16/11/2003,MO 1.2m,14:40,1.1528
Nov 2003,15-16/11/2003,MO 1.2m,14:50,1.15291
Nov 2003,15-16/11/2003,MO 1.2m,15:00,1.1386
Nov 2003,15-16/11/2003,MO 1.2m,15:10,1.15214
Nov 2003,15-16/11/2003,MO 1.2m,15:20,1.15314
Nov 2003,15-16/11/2003,MO 1.2m,15:30,1.15099
Nov 2003,15-16/11/2003,MO 1.2m,15:40,1.13506
Nov 2003,15-16/11/2003,MO 1.2m,15:50,1.16543
Nov 2003,15-16/11/2003,MO 1.2m,16:00,1.16617
Nov 2003,15-16/11/2003,MO 1.2m,16:10,0.9814
Nov 2003,15-16/11/2003,MO 1.2m,16:20,0.99571
Nov 2003,15-16/11/2003,MO 1.2m,16:30,1.03325
Nov 2003,15-16/11/2003,MO 1.2m,16:40,0.96496
Nov 2003,15-16/11/2003,MO 1.2m,16:50,0.96207
Nov 2003,15-16/11/2003,MO 1.2m,17:00,0.97311
Nov 2003,15-16/11/2003,MO 1.2m,17:10,1.00412
Nov 2003,15-16/11/2003,MO 1.2m,17:20,1.06924
Nov 2003,15-16/11/2003,MO 1.2m,17:30,1.07346
Nov 2003,15-16/11/2003,MO 1.2m,17:40,1.06919
Nov 2003,15-16/11/2003,MO 1.2m,17:50,1.04948
Nov 2003,15-16/11/2003,MO 1.2m,18:00,1.04168
Nov 2003,15-16/11/2003,MO 1.2m,18:10,1.01232
Nov 2003,15-16/11/2003,MO 1.2m,18:20,0.99259
Nov 2003,15-16/11/2003,MO 1.2m,18:30,0.96594
Nov 2003,15-16/11/2003,MO 1.2m,18:40,1.02207
Nov 2003,15-16/11/2003,MO 1.2m,18:50,0.9945
Nov 2003,15-16/11/2003,MO 1.2m,19:00,1.08646
Nov 2003,15-16/11/2003,MO 1.2m,19:10,0.97842
Nov 2003,15-16/11/2003,MO 1.2m,19:20,0.98148
Nov 2003,15-16/11/2003,MO 1.2m,5:30,1.03343
Nov 2003,15-16/11/2003,MO 1.2m,5:40,1.04074
Nov 2003,15-16/11/2003,MO 1.2m,5:50,1.04805
Nov 2003,15-16/11/2003,MO 1.2m,6:00,1.05535
Nov 2003,15-16/11/2003,MO 1.2m,6:10,1.00549
Nov 2003,15-16/11/2003,MO 1.2m,6:20,1.04599
Nov 2003,15-16/11/2003,MO 1.2m,6:30,1.08754
Nov 2003,15-16/11/2003,MO 1.2m,6:40,1.07587
Nov 2003,15-16/11/2003,MO 1.2m,6:50,1.13527
Nov 2003,15-16/11/2003,MO 1.2m,7:00,1.09032
Nov 2003,15-16/11/2003,MO 1.2m,7:10,1.1565
Nov 2003,15-16/11/2003,MO 1.2m,7:20,1.1565
Nov 2003,15-16/11/2003,MO 1.2m,7:30,1.19568
Nov 2003,15-16/11/2003,MO 1.2m,7:40,1.10824
Nov 2003,15-16/11/2003,MO 1.2m,7:50,1.14456
Nov 2003,15-16/11/2003,MO 1.2m,8:00,1.19488
Nov 2003,15-16/11/2003,MO 1.2m,8:10,1.01641
Nov 2003,15-16/11/2003,MO 1.2m,8:20,1.03191
Nov 2003,15-16/11/2003,MO 1.2m,8:30,1.15023
Nov 2003,15-16/11/2003,MO 1.2m,8:40,1.1284
Nov 2003,15-16/11/2003,MO 1.2m,8:50,1.13539
Nov 2003,15-16/11/2003,MO 1.2m,9:00,1.0349
Nov 2003,15-16/11/2003,MO 1.2m,9:10,1.07938
Nov 2003,15-16/11/2003,MO 1.2m,9:20,1.14313
Nov 2003,15-16/11/2003,MO 1.2m,9:30,1.14641
Nov 2003,15-16/11/2003,MO 1.2m,9:40,1.11713
Nov 2003,15-16/11/2003,MO 1.2m,9:50,1.13725
Nov 2003,03-04/11/2003,MO 2m,10:00,1.11748
Nov 2003,03-04/11/2003,MO 2m,10:10,1.11829
Nov 2003,03-04/11/2003,MO 2m,10:20,1.12021
Nov 2003,03-04/11/2003,MO 2m,10:30,1.12171
Nov 2003,03-04/11/2003,MO 2m,10:40,1.12403
Nov 2003,03-04/11/2003,MO 2m,10:50,1.12587
Nov 2003,03-04/11/2003,MO 2m,11:00,1.12665
Nov 2003,03-04/11/2003,MO 2m,11:10,1.12732
Nov 2003,03-04/11/2003,MO 2m,11:20,1.12882
Nov 2003,03-04/11/2003,MO 2m,11:30,1.12923
Nov 2003,03-04/11/2003,MO 2m,11:40,1.13054
Nov 2003,03-04/11/2003,MO 2m,11:50,1.13183
Nov 2003,03-04/11/2003,MO 2m,12:00,1.13306
Nov 2003,03-04/11/2003,MO 2m,12:10,1.13176
Nov 2003,03-04/11/2003,MO 2m,12:20,1.10586
Nov 2003,03-04/11/2003,MO 2m,12:30,1.1031
Nov 2003,03-04/11/2003,MO 2m,12:40,1.10517
Nov 2003,03-04/11/2003,MO 2m,12:50,1.10284
Nov 2003,03-04/11/2003,MO 2m,13:00,1.10092
Nov 2003,03-04/11/2003,MO 2m,13:10,1.09895
Nov 2003,03-04/11/2003,MO 2m,13:20,1.09599
Nov 2003,03-04/11/2003,MO 2m,13:30,1.10092
Nov 2003,03-04/11/2003,MO 2m,13:40,1.13525
Nov 2003,03-04/11/2003,MO 2m,13:50,1.1356
Nov 2003,03-04/11/2003,MO 2m,14:00,1.13605
Nov 2003,03-04/11/2003,MO 2m,14:10,1.13648
Nov 2003,03-04/11/2003,MO 2m,14:20,1.13728
Nov 2003,03-04/11/2003,MO 2m,14:30,1.13933
Nov 2003,03-04/11/2003,MO 2m,14:40,1.14247
Nov 2003,03-04/11/2003,MO 2m,14:50,1.14336
Nov 2003,03-04/11/2003,MO 2m,15:00,1.14503
Nov 2003,03-04/11/2003,MO 2m,15:10,1.1435
Nov 2003,03-04/11/2003,MO 2m,15:20,1.14562
Nov 2003,03-04/11/2003,MO 2m,15:30,1.14585
Nov 2003,03-04/11/2003,MO 2m,15:40,1.1455
Nov 2003,03-04/11/2003,MO 2m,15:50,1.14714
Nov 2003,03-04/11/2003,MO 2m,16:00,1.14365
Nov 2003,03-04/11/2003,MO 2m,16:10,1.14677
Nov 2003,03-04/11/2003,MO 2m,16:20,1.1451
Nov 2003,03-04/11/2003,MO 2m,16:30,1.14655
Nov 2003,03-04/11/2003,MO 2m,16:40,1.14779
Nov 2003,03-04/11/2003,MO 2m,16:50,1.14657
Nov 2003,03-04/11/2003,MO 2m,17:00,1.14466
Nov 2003,03-04/11/2003,MO 2m,17:10,1.14202
Nov 2003,03-04/11/2003,MO 2m,17:20,1.14347
Nov 2003,03-04/11/2003,MO 2m,17:30,1.14347
Nov 2003,03-04/11/2003,MO 2m,17:40,1.14178
Nov 2003,03-04/11/2003,MO 2m,17:50,1.16504
Nov 2003,03-04/11/2003,MO 2m,18:00,1.14116
Nov 2003,03-04/11/2003,MO 2m,18:10,1.11837
Nov 2003,03-04/11/2003,MO 2m,18:20,1.14463
Nov 2003,03-04/11/2003,MO 2m,18:30,1.1746
Nov 2003,03-04/11/2003,MO 2m,18:40,1.27259
Nov 2003,03-04/11/2003,MO 2m,18:50,1.1411
Nov 2003,03-04/11/2003,MO 2m,19:00,1.12131
Nov 2003,03-04/11/2003,MO 2m,19:10,1.0662
Nov 2003,03-04/11/2003,MO 2m,19:20,1.05801
Nov 2003,03-04/11/2003,MO 2m,5:30,1.03933
Nov 2003,03-04/11/2003,MO 2m,5:40,1.03515
Nov 2003,03-04/11/2003,MO 2m,5:50,1.03097
Nov 2003,03-04/11/2003,MO 2m,6:00,1.03271
Nov 2003,03-04/11/2003,MO 2m,6:10,1.0218
Nov 2003,03-04/11/2003,MO 2m,6:20,1.02255
Nov 2003,03-04/11/2003,MO 2m,6:30,1.02252
Nov 2003,03-04/11/2003,MO 2m,6:40,1.01154
Nov 2003,03-04/11/2003,MO 2m,6:50,1.02591
Nov 2003,03-04/11/2003,MO 2m,7:00,1.02112
Nov 2003,03-04/11/2003,MO 2m,7:10,1.02968
Nov 2003,03-04/11/2003,MO 2m,7:20,1.04397
Nov 2003,03-04/11/2003,MO 2m,7:30,1.05648
Nov 2003,03-04/11/2003,MO 2m,7:40,1.06598
Nov 2003,03-04/11/2003,MO 2m,7:50,1.07387
Nov 2003,03-04/11/2003,MO 2m,8:00,1.08151
Nov 2003,03-04/11/2003,MO 2m,8:10,1.08637
Nov 2003,03-04/11/2003,MO 2m,8:20,1.09115
Nov 2003,03-04/11/2003,MO 2m,8:30,1.09482
Nov 2003,03-04/11/2003,MO 2m,8:40,1.0993
Nov 2003,03-04/11/2003,MO 2m,8:50,1.10225
Nov 2003,03-04/11/2003,MO 2m,9:00,1.10419
Nov 2003,03-04/11/2003,MO 2m,9:10,1.10611
Nov 2003,03-04/11/2003,MO 2m,9:20,1.10894
Nov 2003,03-04/11/2003,MO 2m,9:30,1.11094
Nov 2003,03-04/11/2003,MO 2m,9:40,1.11295
Nov 2003,03-04/11/2003,MO 2m,9:50,1.11516
Nov 2003,09-10/11/2003,MO 2m,10:00,1.13068
Nov 2003,09-10/11/2003,MO 2m,10:10,1.1336
Nov 2003,09-10/11/2003,MO 2m,10:20,1.13273
Nov 2003,09-10/11/2003,MO 2m,10:30,1.1332
Nov 2003,09-10/11/2003,MO 2m,10:40,1.13324
Nov 2003,09-10/11/2003,MO 2m,10:50,1.13228
Nov 2003,09-10/11/2003,MO 2m,11:00,1.13443
Nov 2003,09-10/11/2003,MO 2m,11:10,1.13601
Nov 2003,09-10/11/2003,MO 2m,11:20,1.13647
Nov 2003,09-10/11/2003,MO 2m,11:30,1.13803
Nov 2003,09-10/11/2003,MO 2m,11:40,1.14234
Nov 2003,09-10/11/2003,MO 2m,11:50,1.14336
Nov 2003,09-10/11/2003,MO 2m,12:00,1.14343
Nov 2003,09-10/11/2003,MO 2m,12:10,1.14269
Nov 2003,09-10/11/2003,MO 2m,12:20,1.13782
Nov 2003,09-10/11/2003,MO 2m,12:30,1.13429
Nov 2003,09-10/11/2003,MO 2m,12:40,1.12992
Nov 2003,09-10/11/2003,MO 2m,12:50,1.08949
Nov 2003,09-10/11/2003,MO 2m,13:00,1.05639
Nov 2003,09-10/11/2003,MO 2m,13:10,1.06927
Nov 2003,09-10/11/2003,MO 2m,13:20,1.09771
Nov 2003,09-10/11/2003,MO 2m,13:30,0.95668
Nov 2003,09-10/11/2003,MO 2m,13:40,0.93205
Nov 2003,09-10/11/2003,MO 2m,13:50,0.97461
Nov 2003,09-10/11/2003,MO 2m,14:00,1.12474
Nov 2003,09-10/11/2003,MO 2m,14:10,1.13143
Nov 2003,09-10/11/2003,MO 2m,14:20,1.13139
Nov 2003,09-10/11/2003,MO 2m,14:30,1.13464
Nov 2003,09-10/11/2003,MO 2m,14:40,1.12894
Nov 2003,09-10/11/2003,MO 2m,14:50,1.10821
Nov 2003,09-10/11/2003,MO 2m,15:00,1.10862
Nov 2003,09-10/11/2003,MO 2m,15:10,1.128
Nov 2003,09-10/11/2003,MO 2m,15:20,1.1365
Nov 2003,09-10/11/2003,MO 2m,15:30,1.14099
Nov 2003,09-10/11/2003,MO 2m,15:40,1.13786
Nov 2003,09-10/11/2003,MO 2m,15:50,1.13038
Nov 2003,09-10/11/2003,MO 2m,16:00,1.14559
Nov 2003,09-10/11/2003,MO 2m,16:10,1.15191
Nov 2003,09-10/11/2003,MO 2m,16:20,1.1494
Nov 2003,09-10/11/2003,MO 2m,16:30,1.14571
Nov 2003,09-10/11/2003,MO 2m,16:40,1.1418
Nov 2003,09-10/11/2003,MO 2m,16:50,1.10003
Nov 2003,09-10/11/2003,MO 2m,17:00,1.09714
Nov 2003,09-10/11/2003,MO 2m,17:10,1.08468
Nov 2003,09-10/11/2003,MO 2m,17:20,1.06582
Nov 2003,09-10/11/2003,MO 2m,17:30,1.05836
Nov 2003,09-10/11/2003,MO 2m,17:40,1.06081
Nov 2003,09-10/11/2003,MO 2m,17:50,1.05882
Nov 2003,09-10/11/2003,MO 2m,18:00,1.06005
Nov 2003,09-10/11/2003,MO 2m,18:10,1.06323
Nov 2003,09-10/11/2003,MO 2m,18:20,1.07891
Nov 2003,09-10/11/2003,MO 2m,18:30,1.12069
Nov 2003,09-10/11/2003,MO 2m,18:40,1.05785
Nov 2003,09-10/11/2003,MO 2m,18:50,0.99554
Nov 2003,09-10/11/2003,MO 2m,19:00,1.03774
Nov 2003,09-10/11/2003,MO 2m,19:10,1.03529
Nov 2003,09-10/11/2003,MO 2m,19:20,1.03
Nov 2003,09-10/11/2003,MO 2m,5:30,1.02808
Nov 2003,09-10/11/2003,MO 2m,5:40,1.03626
Nov 2003,09-10/11/2003,MO 2m,5:50,1.04445
Nov 2003,09-10/11/2003,MO 2m,6:00,0.99279
Nov 2003,09-10/11/2003,MO 2m,6:10,1.04743
Nov 2003,09-10/11/2003,MO 2m,6:20,1.09348
Nov 2003,09-10/11/2003,MO 2m,6:30,1.12768
Nov 2003,09-10/11/2003,MO 2m,6:40,1.11245
Nov 2003,09-10/11/2003,MO 2m,6:50,1.11087
Nov 2003,09-10/11/2003,MO 2m,7:00,1.10481
Nov 2003,09-10/11/2003,MO 2m,7:10,1.09634
Nov 2003,09-10/11/2003,MO 2m,7:20,1.1028
Nov 2003,09-10/11/2003,MO 2m,7:30,1.10599
Nov 2003,09-10/11/2003,MO 2m,7:40,1.10351
Nov 2003,09-10/11/2003,MO 2m,7:50,1.10755
Nov 2003,09-10/11/2003,MO 2m,8:00,1.11376
Nov 2003,09-10/11/2003,MO 2m,8:10,1.11205
Nov 2003,09-10/11/2003,MO 2m,8:20,1.11449
Nov 2003,09-10/11/2003,MO 2m,8:30,1.1157
Nov 2003,09-10/11/2003,MO 2m,8:40,1.11546
Nov 2003,09-10/11/2003,MO 2m,8:50,1.11634
Nov 2003,09-10/11/2003,MO 2m,9:00,1.1161
Nov 2003,09-10/11/2003,MO 2m,9:10,1.12607
Nov 2003,09-10/11/2003,MO 2m,9:20,1.12636
Nov 2003,09-10/11/2003,MO 2m,9:30,1.12605
Nov 2003,09-10/11/2003,MO 2m,9:40,1.12795
Nov 2003,09-10/11/2003,MO 2m,9:50,1.12779
Nov 2003,14-15/11/2003,MO 2m,10:00,1.1321
Nov 2003,14-15/11/2003,MO 2m,10:10,1.13198
Nov 2003,14-15/11/2003,MO 2m,10:20,1.13179
Nov 2003,14-15/11/2003,MO 2m,10:30,1.13492
Nov 2003,14-15/11/2003,MO 2m,10:40,1.13337
Nov 2003,14-15/11/2003,MO 2m,10:50,1.12951
Nov 2003,14-15/11/2003,MO 2m,11:00,1.12824
Nov 2003,14-15/11/2003,MO 2m,11:10,1.12427
Nov 2003,14-15/11/2003,MO 2m,11:20,1.12429
Nov 2003,14-15/11/2003,MO 2m,11:30,1.12307
Nov 2003,14-15/11/2003,MO 2m,11:40,1.11877
Nov 2003,14-15/11/2003,MO 2m,11:50,1.11941
Nov 2003,14-15/11/2003,MO 2m,12:00,1.12766
Nov 2003,14-15/11/2003,MO 2m,12:10,1.13021
Nov 2003,14-15/11/2003,MO 2m,12:20,1.12164
Nov 2003,14-15/11/2003,MO 2m,12:30,1.125
Nov 2003,14-15/11/2003,MO 2m,12:40,1.00663
Nov 2003,14-15/11/2003,MO 2m,12:50,1.14464
Nov 2003,14-15/11/2003,MO 2m,13:00,1.16363
Nov 2003,14-15/11/2003,MO 2m,13:10,1.17194
Nov 2003,14-15/11/2003,MO 2m,13:20,0.87364
Nov 2003,14-15/11/2003,MO 2m,13:30,1.07945
Nov 2003,14-15/11/2003,MO 2m,13:40,1.11332
Nov 2003,14-15/11/2003,MO 2m,13:50,1.10958
Nov 2003,14-15/11/2003,MO 2m,14:00,1.11038
Nov 2003,14-15/11/2003,MO 2m,14:10,1.10829
Nov 2003,14-15/11/2003,MO 2m,14:20,1.11291
Nov 2003,14-15/11/2003,MO 2m,14:30,1.11288
Nov 2003,14-15/11/2003,MO 2m,14:40,1.11053
Nov 2003,14-15/11/2003,MO 2m,14:50,1.10919
Nov 2003,14-15/11/2003,MO 2m,15:00,1.10587
Nov 2003,14-15/11/2003,MO 2m,15:10,1.10338
Nov 2003,14-15/11/2003,MO 2m,15:20,1.10044
Nov 2003,14-15/11/2003,MO 2m,15:30,1.10083
Nov 2003,14-15/11/2003,MO 2m,15:40,1.10079
Nov 2003,14-15/11/2003,MO 2m,15:50,1.10008
Nov 2003,14-15/11/2003,MO 2m,16:00,1.09894
Nov 2003,14-15/11/2003,MO 2m,16:10,1.09944
Nov 2003,14-15/11/2003,MO 2m,16:20,1.098
Nov 2003,14-15/11/2003,MO 2m,16:30,1.09592
Nov 2003,14-15/11/2003,MO 2m,16:40,1.09303
Nov 2003,14-15/11/2003,MO 2m,16:50,1.09066
Nov 2003,14-15/11/2003,MO 2m,17:00,1.08628
Nov 2003,14-15/11/2003,MO 2m,17:10,1.09871
Nov 2003,14-15/11/2003,MO 2m,17:20,1.11166
Nov 2003,14-15/11/2003,MO 2m,17:30,1.08738
Nov 2003,14-15/11/2003,MO 2m,17:40,1.09953
Nov 2003,14-15/11/2003,MO 2m,17:50,1.16572
Nov 2003,14-15/11/2003,MO 2m,18:00,1.20535
Nov 2003,14-15/11/2003,MO 2m,18:10,1.20208
Nov 2003,14-15/11/2003,MO 2m,18:20,1.20221
Nov 2003,14-15/11/2003,MO 2m,18:30,1.13611
Nov 2003,14-15/11/2003,MO 2m,18:40,1.14166
Nov 2003,14-15/11/2003,MO 2m,18:50,1.13493
Nov 2003,14-15/11/2003,MO 2m,19:00,1.05133
Nov 2003,14-15/11/2003,MO 2m,19:10,0.96773
Nov 2003,14-15/11/2003,MO 2m,19:20,0.88414
Nov 2003,14-15/11/2003,MO 2m,5:30,1.03182
Nov 2003,14-15/11/2003,MO 2m,5:40,1.03805
Nov 2003,14-15/11/2003,MO 2m,5:50,1.00371
Nov 2003,14-15/11/2003,MO 2m,6:00,0.98687
Nov 2003,14-15/11/2003,MO 2m,6:10,1.01934
Nov 2003,14-15/11/2003,MO 2m,6:20,1.06917
Nov 2003,14-15/11/2003,MO 2m,6:30,1.09377
Nov 2003,14-15/11/2003,MO 2m,6:40,1.11259
Nov 2003,14-15/11/2003,MO 2m,6:50,1.12005
Nov 2003,14-15/11/2003,MO 2m,7:00,1.12389
Nov 2003,14-15/11/2003,MO 2m,7:10,1.1249
Nov 2003,14-15/11/2003,MO 2m,7:20,1.11924
Nov 2003,14-15/11/2003,MO 2m,7:30,1.12185
Nov 2003,14-15/11/2003,MO 2m,7:40,1.12793
Nov 2003,14-15/11/2003,MO 2m,7:50,1.13157
Nov 2003,14-15/11/2003,MO 2m,8:00,1.12289
Nov 2003,14-15/11/2003,MO 2m,8:10,1.12361
Nov 2003,14-15/11/2003,MO 2m,8:20,1.13011
Nov 2003,14-15/11/2003,MO 2m,8:30,1.13961
Nov 2003,14-15/11/2003,MO 2m,8:40,1.0793
Nov 2003,14-15/11/2003,MO 2m,8:50,1.14124
Nov 2003,14-15/11/2003,MO 2m,9:00,1.04852
Nov 2003,14-15/11/2003,MO 2m,9:10,1.12182
Nov 2003,14-15/11/2003,MO 2m,9:20,1.04693
Nov 2003,14-15/11/2003,MO 2m,9:30,1.12675
Nov 2003,14-15/11/2003,MO 2m,9:40,1.13029
Nov 2003,14-15/11/2003,MO 2m,9:50,1.13056
Nov 2003,05-06/11/2003,Open area 2m,10:00,1.08819
Nov 2003,05-06/11/2003,Open area 2m,10:10,1.04448
Nov 2003,05-06/11/2003,Open area 2m,10:20,1.07831
Nov 2003,05-06/11/2003,Open area 2m,10:30,1.12574
Nov 2003,05-06/11/2003,Open area 2m,10:40,1.14083
Nov 2003,05-06/11/2003,Open area 2m,10:50,1.12243
Nov 2003,05-06/11/2003,Open area 2m,11:00,1.11921
Nov 2003,05-06/11/2003,Open area 2m,11:10,1.12994
Nov 2003,05-06/11/2003,Open area 2m,11:20,1.1345
Nov 2003,05-06/11/2003,Open area 2m,11:30,1.1357
Nov 2003,05-06/11/2003,Open area 2m,11:40,1.141
Nov 2003,05-06/11/2003,Open area 2m,11:50,1.13712
Nov 2003,05-06/11/2003,Open area 2m,12:00,1.13553
Nov 2003,05-06/11/2003,Open area 2m,12:10,1.14028
Nov 2003,05-06/11/2003,Open area 2m,12:20,1.14569
Nov 2003,05-06/11/2003,Open area 2m,12:30,1.14077
Nov 2003,05-06/11/2003,Open area 2m,12:40,1.13973
Nov 2003,05-06/11/2003,Open area 2m,12:50,1.00976
Nov 2003,05-06/11/2003,Open area 2m,13:00,1.00598
Nov 2003,05-06/11/2003,Open area 2m,13:10,1.04778
Nov 2003,05-06/11/2003,Open area 2m,13:20,1.08483
Nov 2003,05-06/11/2003,Open area 2m,13:30,1.08791
Nov 2003,05-06/11/2003,Open area 2m,13:40,1.07978
Nov 2003,05-06/11/2003,Open area 2m,13:50,1.07856
Nov 2003,05-06/11/2003,Open area 2m,14:00,1.06551
Nov 2003,05-06/11/2003,Open area 2m,14:10,1.06527
Nov 2003,05-06/11/2003,Open area 2m,14:20,1.08097
Nov 2003,05-06/11/2003,Open area 2m,14:30,1.08528
Nov 2003,05-06/11/2003,Open area 2m,14:40,1.09597
Nov 2003,05-06/11/2003,Open area 2m,14:50,1.1068
Nov 2003,05-06/11/2003,Open area 2m,15:00,1.08252
Nov 2003,05-06/11/2003,Open area 2m,15:10,1.08375
Nov 2003,05-06/11/2003,Open area 2m,15:20,1.09474
Nov 2003,05-06/11/2003,Open area 2m,15:30,1.09106
Nov 2003,05-06/11/2003,Open area 2m,15:40,1.08732
Nov 2003,05-06/11/2003,Open area 2m,15:50,1.09083
Nov 2003,05-06/11/2003,Open area 2m,16:00,1.0845
Nov 2003,05-06/11/2003,Open area 2m,16:10,1.0857
Nov 2003,05-06/11/2003,Open area 2m,16:20,1.08161
Nov 2003,05-06/11/2003,Open area 2m,16:30,1.08426
Nov 2003,05-06/11/2003,Open area 2m,16:40,1.09556
Nov 2003,05-06/11/2003,Open area 2m,16:50,1.0821
Nov 2003,05-06/11/2003,Open area 2m,17:00,1.06812
Nov 2003,05-06/11/2003,Open area 2m,17:10,1.0764
Nov 2003,05-06/11/2003,Open area 2m,17:20,1.07617
Nov 2003,05-06/11/2003,Open area 2m,17:30,1.07434
Nov 2003,05-06/11/2003,Open area 2m,17:40,1.08646
Nov 2003,05-06/11/2003,Open area 2m,17:50,1.08011
Nov 2003,05-06/11/2003,Open area 2m,18:00,1.06051
Nov 2003,05-06/11/2003,Open area 2m,18:10,1.02854
Nov 2003,05-06/11/2003,Open area 2m,18:20,1.00451
Nov 2003,05-06/11/2003,Open area 2m,18:30,1.0
Nov 2003,05-06/11/2003,Open area 2m,18:40,1.02331
Nov 2003,05-06/11/2003,Open area 2m,18:50,1.01006
Nov 2003,05-06/11/2003,Open area 2m,19:00,0.98485
Nov 2003,05-06/11/2003,Open area 2m,19:10,0.97367
Nov 2003,05-06/11/2003,Open area 2m,19:20,0.96248
Nov 2003,05-06/11/2003,Open area 2m,5:30,1.15104
Nov 2003,05-06/11/2003,Open area 2m,5:40,1.15892
Nov 2003,05-06/11/2003,Open area 2m,5:50,1.15668
Nov 2003,05-06/11/2003,Open area 2m,6:00,1.16067
Nov 2003,05-06/11/2003,Open area 2m,6:10,1.15825
Nov 2003,05-06/11/2003,Open area 2m,6:20,1.09934
Nov 2003,05-06/11/2003,Open area 2m,6:30,1.10975
Nov 2003,05-06/11/2003,Open area 2m,6:40,1.1052
Nov 2003,05-06/11/2003,Open area 2m,6:50,1.10403
Nov 2003,05-06/11/2003,Open area 2m,7:00,1.09204
Nov 2003,05-06/11/2003,Open area 2m,7:10,1.08012
Nov 2003,05-06/11/2003,Open area 2m,7:20,1.08616
Nov 2003,05-06/11/2003,Open area 2m,7:30,1.08826
Nov 2003,05-06/11/2003,Open area 2m,7:40,1.11613
Nov 2003,05-06/11/2003,Open area 2m,7:50,1.12624
Nov 2003,05-06/11/2003,Open area 2m,8:00,1.13012
Nov 2003,05-06/11/2003,Open area 2m,8:10,1.1243
Nov 2003,05-06/11/2003,Open area 2m,8:20,1.11486
Nov 2003,05-06/11/2003,Open area 2m,8:30,1.11988
Nov 2003,05-06/11/2003,Open area 2m,8:40,1.11404
Nov 2003,05-06/11/2003,Open area 2m,8:50,1.1136
Nov 2003,05-06/11/2003,Open area 2m,9:00,1.11808
Nov 2003,05-06/11/2003,Open area 2m,9:10,1.11805
Nov 2003,05-06/11/2003,Open area 2m,9:20,1.11147
Nov 2003,05-06/11/2003,Open area 2m,9:30,1.11358
Nov 2003,05-06/11/2003,Open area 2m,9:40,1.12091
Nov 2003,05-06/11/2003,Open area 2m,9:50,1.11622
Nov 2003,08-09/11/2003,Open area 2m,10:00,1.1326
Nov 2003,08-09/11/2003,Open area 2m,10:10,1.13346
Nov 2003,08-09/11/2003,Open area 2m,10:20,1.13155
Nov 2003,08-09/11/2003,Open area 2m,10:30,1.12897
Nov 2003,08-09/11/2003,Open area 2m,10:40,1.12545
Nov 2003,08-09/11/2003,Open area 2m,10:50,1.11118
Nov 2003,08-09/11/2003,Open area 2m,11:00,1.06693
Nov 2003,08-09/11/2003,Open area 2m,11:10,1.08084
Nov 2003,08-09/11/2003,Open area 2m,11:20,1.10544
Nov 2003,08-09/11/2003,Open area 2m,11:30,1.11348
Nov 2003,08-09/11/2003,Open area 2m,11:40,1.10676
Nov 2003,08-09/11/2003,Open area 2m,11:50,1.10482
Nov 2003,08-09/11/2003,Open area 2m,12:00,1.10394
Nov 2003,08-09/11/2003,Open area 2m,12:10,1.10338
Nov 2003,08-09/11/2003,Open area 2m,12:20,1.09422
Nov 2003,08-09/11/2003,Open area 2m,12:30,1.06693
Nov 2003,08-09/11/2003,Open area 2m,12:40,1.05147
Nov 2003,08-09/11/2003,Open area 2m,12:50,1.04977
Nov 2003,08-09/11/2003,Open area 2m,13:00,1.11819
Nov 2003,08-09/11/2003,Open area 2m,13:10,1.12231
Nov 2003,08-09/11/2003,Open area 2m,13:20,1.14049
Nov 2003,08-09/11/2003,Open area 2m,13:30,1.11494
Nov 2003,08-09/11/2003,Open area 2m,13:40,1.11974
Nov 2003,08-09/11/2003,Open area 2m,13:50,1.11206
Nov 2003,08-09/11/2003,Open area 2m,14:00,1.1104
Nov 2003,08-09/11/2003,Open area 2m,14:10,1.1105
Nov 2003,08-09/11/2003,Open area 2m,14:20,1.10807
Nov 2003,08-09/11/2003,Open area 2m,14:30,1.10851
Nov 2003,08-09/11/2003,Open area 2m,14:40,1.10397
Nov 2003,08-09/11/2003,Open area 2m,14:50,1.10241
Nov 2003,08-09/11/2003,Open area 2m,15:00,1.10162
Nov 2003,08-09/11/2003,Open area 2m,15:10,1.1
Nov 2003,08-09/11/2003,Open area 2m,15:20,1.09614
Nov 2003,08-09/11/2003,Open area 2m,15:30,1.09508
Nov 2003,08-09/11/2003,Open area 2m,15:40,1.1006
Nov 2003,08-09/11/2003,Open area 2m,15:50,1.09324
Nov 2003,08-09/11/2003,Open area 2m,16:00,1.09659
Nov 2003,08-09/11/2003,Open area 2m,16:10,1.08846
Nov 2003,08-09/11/2003,Open area 2m,16:20,1.08464
Nov 2003,08-09/11/2003,Open area 2m,16:30,1.08272
Nov 2003,08-09/11/2003,Open area 2m,16:40,1.20224
Nov 2003,08-09/11/2003,Open area 2m,16:50,1.07959
Nov 2003,08-09/11/2003,Open area 2m,17:00,1.07097
Nov 2003,08-09/11/2003,Open area 2m,17:10,1.06791
Nov 2003,08-09/11/2003,Open area 2m,17:20,1.10902
Nov 2003,08-09/11/2003,Open area 2m,17:30,1.14897
Nov 2003,08-09/11/2003,Open area 2m,17:40,1.10704
Nov 2003,08-09/11/2003,Open area 2m,17:50,1.12328
Nov 2003,08-09/11/2003,Open area 2m,18:00,1.14332
Nov 2003,08-09/11/2003,Open area 2m,18:10,1.13491
Nov 2003,08-09/11/2003,Open area 2m,18:20,1.1338
Nov 2003,08-09/11/2003,Open area 2m,18:30,1.13411
Nov 2003,08-09/11/2003,Open area 2m,18:40,1.14005
Nov 2003,08-09/11/2003,Open area 2m,18:50,1.19316
Nov 2003,08-09/11/2003,Open area 2m,19:00,1.04266
Nov 2003,08-09/11/2003,Open area 2m,19:10,1.13558
Nov 2003,08-09/11/2003,Open area 2m,19:20,1.10375
Nov 2003,08-09/11/2003,Open area 2m,5:30,1.12924
Nov 2003,08-09/11/2003,Open area 2m,5:40,1.12932
Nov 2003,08-09/11/2003,Open area 2m,5:50,1.12621
Nov 2003,08-09/11/2003,Open area 2m,6:00,1.13486
Nov 2003,08-09/11/2003,Open area 2m,6:10,1.17031
Nov 2003,08-09/11/2003,Open area 2m,6:20,1.07067
Nov 2003,08-09/11/2003,Open area 2m,6:30,1.15909
Nov 2003,08-09/11/2003,Open area 2m,6:40,1.15088
Nov 2003,08-09/11/2003,Open area 2m,6:50,1.14438
Nov 2003,08-09/11/2003,Open area 2m,7:00,1.11945
Nov 2003,08-09/11/2003,Open area 2m,7:10,1.12732
Nov 2003,08-09/11/2003,Open area 2m,7:20,1.13555
Nov 2003,08-09/11/2003,Open area 2m,7:30,1.13069
Nov 2003,08-09/11/2003,Open area 2m,7:40,1.1239
Nov 2003,08-09/11/2003,Open area 2m,7:50,1.1187
Nov 2003,08-09/11/2003,Open area 2m,8:00,1.11307
Nov 2003,08-09/11/2003,Open area 2m,8:10,1.10947
Nov 2003,08-09/11/2003,Open area 2m,8:20,1.11137
Nov 2003,08-09/11/2003,Open area 2m,8:30,1.11791
Nov 2003,08-09/11/2003,Open area 2m,8:40,1.12121
Nov 2003,08-09/11/2003,Open area 2m,8:50,1.11793
Nov 2003,08-09/11/2003,Open area 2m,9:00,1.11776
Nov 2003,08-09/11/2003,Open area 2m,9:10,1.12184
Nov 2003,08-09/11/2003,Open area 2m,9:20,1.12761
Nov 2003,08-09/11/2003,Open area 2m,9:30,1.12164
Nov 2003,08-09/11/2003,Open area 2m,9:40,1.12411
Nov 2003,08-09/11/2003,Open area 2m,9:50,1.1264
Nov 2003,11-12/11/2003,Open area 2m,10:00,1.11848
Nov 2003,11-12/11/2003,Open area 2m,10:10,1.11982
Nov 2003,11-12/11/2003,Open area 2m,10:20,1.12247
Nov 2003,11-12/11/2003,Open area 2m,10:30,1.12524
Nov 2003,11-12/11/2003,Open area 2m,10:40,1.1281
Nov 2003,11-12/11/2003,Open area 2m,10:50,1.12889
Nov 2003,11-12/11/2003,Open area 2m,11:00,1.12197
Nov 2003,11-12/11/2003,Open area 2m,11:10,1.11319
Nov 2003,11-12/11/2003,Open area 2m,11:20,1.1063
Nov 2003,11-12/11/2003,Open area 2m,11:30,1.09761
Nov 2003,11-12/11/2003,Open area 2m,11:40,1.10115
Nov 2003,11-12/11/2003,Open area 2m,11:50,1.11961
Nov 2003,11-12/11/2003,Open area 2m,12:00,1.11863
Nov 2003,11-12/11/2003,Open area 2m,12:10,1.11672
Nov 2003,11-12/11/2003,Open area 2m,12:20,1.12698
Nov 2003,11-12/11/2003,Open area 2m,12:30,1.12581
Nov 2003,11-12/11/2003,Open area 2m,12:40,1.05611
Nov 2003,11-12/11/2003,Open area 2m,12:50,1.27652
Nov 2003,11-12/11/2003,Open area 2m,13:00,1.11099
Nov 2003,11-12/11/2003,Open area 2m,13:10,1.10964
Nov 2003,11-12/11/2003,Open area 2m,13:20,1.11432
Nov 2003,11-12/11/2003,Open area 2m,13:30,1.144
Nov 2003,11-12/11/2003,Open area 2m,13:40,1.14526
Nov 2003,11-12/11/2003,Open area 2m,13:50,1.14633
Nov 2003,11-12/11/2003,Open area 2m,14:00,1.14646
Nov 2003,11-12/11/2003,Open area 2m,14:10,1.14662
Nov 2003,11-12/11/2003,Open area 2m,14:20,1.14885
Nov 2003,11-12/11/2003,Open area 2m,14:30,1.15021
Nov 2003,11-12/11/2003,Open area 2m,14:40,1.14878
Nov 2003,11-12/11/2003,Open area 2m,14:50,1.14589
Nov 2003,11-12/11/2003,Open area 2m,15:00,1.14564
Nov 2003,11-12/11/2003,Open area 2m,15:10,1.14469
Nov 2003,11-12/11/2003,Open area 2m,15:20,1.14296
Nov 2003,11-12/11/2003,Open area 2m,15:30,1.14517
Nov 2003,11-12/11/2003,Open area 2m,15:40,1.14547
Nov 2003,11-12/11/2003,Open area 2m,15:50,1.14835
Nov 2003,11-12/11/2003,Open area 2m,16:00,1.14475
Nov 2003,11-12/11/2003,Open area 2m,16:10,1.14711
Nov 2003,11-12/11/2003,Open area 2m,16:20,1.14679
Nov 2003,11-12/11/2003,Open area 2m,16:30,1.14902
Nov 2003,11-12/11/2003,Open area 2m,16:40,1.14321
Nov 2003,11-12/11/2003,Open area 2m,16:50,1.14674
Nov 2003,11-12/11/2003,Open area 2m,17:00,1.14918
Nov 2003,11-12/11/2003,Open area 2m,17:10,1.13938
Nov 2003,11-12/11/2003,Open area 2m,17:20,1.21991
Nov 2003,11-12/11/2003,Open area 2m,17:30,1.20538
Nov 2003,11-12/11/2003,Open area 2m,17:40,1.20704
Nov 2003,11-12/11/2003,Open area 2m,17:50,1.13219
Nov 2003,11-12/11/2003,Open area 2m,18:00,1.13247
Nov 2003,11-12/11/2003,Open area 2m,18:10,1.13308
Nov 2003,11-12/11/2003,Open area 2m,18:20,1.13285
Nov 2003,11-12/11/2003,Open area 2m,18:30,1.13087
Nov 2003,11-12/11/2003,Open area 2m,18:40,1.15673
Nov 2003,11-12/11/2003,Open area 2m,18:50,1.16526
Nov 2003,11-12/11/2003,Open area 2m,19:00,1.20123
Nov 2003,11-12/11/2003,Open area 2m,19:10,1.17881
Nov 2003,11-12/11/2003,Open area 2m,19:20,1.15638
Nov 2003,11-12/11/2003,Open area 2m,5:30,1.05596
Nov 2003,11-12/11/2003,Open area 2m,5:40,1.05699
Nov 2003,11-12/11/2003,Open area 2m,5:50,1.05803
Nov 2003,11-12/11/2003,Open area 2m,6:00,1.0483
Nov 2003,11-12/11/2003,Open area 2m,6:10,1.07706
Nov 2003,11-12/11/2003,Open area 2m,6:20,1.01277
Nov 2003,11-12/11/2003,Open area 2m,6:30,1.14008
Nov 2003,11-12/11/2003,Open area 2m,6:40,1.08023
Nov 2003,11-12/11/2003,Open area 2m,6:50,1.03238
Nov 2003,11-12/11/2003,Open area 2m,7:00,1.05922
Nov 2003,11-12/11/2003,Open area 2m,7:10,1.04484
Nov 2003,11-12/11/2003,Open area 2m,7:20,1.05726
Nov 2003,11-12/11/2003,Open area 2m,7:30,1.05927
Nov 2003,11-12/11/2003,Open area 2m,7:40,1.06681
Nov 2003,11-12/11/2003,Open area 2m,7:50,1.09889
Nov 2003,11-12/11/2003,Open area 2m,8:00,1.0804
Nov 2003,11-12/11/2003,Open area 2m,8:10,1.08567
Nov 2003,11-12/11/2003,Open area 2m,8:20,1.08944
Nov 2003,11-12/11/2003,Open area 2m,8:30,1.09514
Nov 2003,11-12/11/2003,Open area 2m,8:40,1.09924
Nov 2003,11-12/11/2003,Open area 2m,8:50,1.1014
Nov 2003,11-12/11/2003,Open area 2m,9:00,1.10606
Nov 2003,11-12/11/2003,Open area 2m,9:10,1.10665
Nov 2003,11-12/11/2003,Open area 2m,9:20,1.10835
Nov 2003,11-12/11/2003,Open area 2m,9:30,1.11058
Nov 2003,11-12/11/2003,Open area 2m,9:40,1.11274
Nov 2003,11-12/11/2003,Open area 2m,9:50,1.11527
Nov 2003,16-17/11/2003,Open area 2m,10:00,1.03668
Nov 2003,16-17/11/2003,Open area 2m,10:10,1.03962
Nov 2003,16-17/11/2003,Open area 2m,10:20,1.0444
Nov 2003,16-17/11/2003,Open area 2m,10:30,1.05147
Nov 2003,16-17/11/2003,Open area 2m,10:40,1.05591
Nov 2003,16-17/11/2003,Open area 2m,10:50,1.0641
Nov 2003,16-17/11/2003,Open area 2m,11:00,1.06445
Nov 2003,16-17/11/2003,Open area 2m,11:10,1.06579
Nov 2003,16-17/11/2003,Open area 2m,11:20,1.06302
Nov 2003,16-17/11/2003,Open area 2m,11:30,1.06246
Nov 2003,16-17/11/2003,Open area 2m,11:40,1.0549
Nov 2003,16-17/11/2003,Open area 2m,11:50,1.06124
Nov 2003,16-17/11/2003,Open area 2m,12:00,1.07124
Nov 2003,16-17/11/2003,Open area 2m,12:10,1.0779
Nov 2003,16-17/11/2003,Open area 2m,12:20,1.07137
Nov 2003,16-17/11/2003,Open area 2m,12:30,1.07271
Nov 2003,16-17/11/2003,Open area 2m,12:40,1.05697
Nov 2003,16-17/11/2003,Open area 2m,12:50,1.08838
Nov 2003,16-17/11/2003,Open area 2m,13:00,1.12177
Nov 2003,16-17/11/2003,Open area 2m,13:10,1.13617
Nov 2003,16-17/11/2003,Open area 2m,13:20,1.12538
Nov 2003,16-17/11/2003,Open area 2m,13:30,1.12236
Nov 2003,16-17/11/2003,Open area 2m,13:40,1.12922
Nov 2003,16-17/11/2003,Open area 2m,13:50,1.13079
Nov 2003,16-17/11/2003,Open area 2m,14:00,1.18104
Nov 2003,16-17/11/2003,Open area 2m,14:10,1.19806
Nov 2003,16-17/11/2003,Open area 2m,14:20,1.18696
Nov 2003,16-17/11/2003,Open area 2m,14:30,1.16712
Nov 2003,16-17/11/2003,Open area 2m,14:40,1.141
Nov 2003,16-17/11/2003,Open area 2m,14:50,1.13367
Nov 2003,16-17/11/2003,Open area 2m,15:00,1.12995
Nov 2003,16-17/11/2003,Open area 2m,15:10,1.13397
Nov 2003,16-17/11/2003,Open area 2m,15:20,1.11966
Nov 2003,16-17/11/2003,Open area 2m,15:30,1.13271
Nov 2003,16-17/11/2003,Open area 2m,15:40,1.1409
Nov 2003,16-17/11/2003,Open area 2m,15:50,1.15443
Nov 2003,16-17/11/2003,Open area 2m,16:00,1.15968
Nov 2003,16-17/11/2003,Open area 2m,16:10,1.14469
Nov 2003,16-17/11/2003,Open area 2m,16:20,1.12687
Nov 2003,16-17/11/2003,Open area 2m,16:30,1.10421
Nov 2003,16-17/11/2003,Open area 2m,16:40,1.12436
Nov 2003,16-17/11/2003,Open area 2m,16:50,1.14644
Nov 2003,16-17/11/2003,Open area 2m,17:00,1.14318
Nov 2003,16-17/11/2003,Open area 2m,17:10,1.14394
Nov 2003,16-17/11/2003,Open area 2m,17:20,1.16158
Nov 2003,16-17/11/2003,Open area 2m,17:30,1.18579
Nov 2003,16-17/11/2003,Open area 2m,17:40,1.19038
Nov 2003,16-17/11/2003,Open area 2m,17:50,1.18491
Nov 2003,16-17/11/2003,Open area 2m,18:00,1.15857
Nov 2003,16-17/11/2003,Open area 2m,18:10,1.27016
Nov 2003,16-17/11/2003,Open area 2m,18:20,1.14295
Nov 2003,16-17/11/2003,Open area 2m,18:30,1.10881
Nov 2003,16-17/11/2003,Open area 2m,18:40,1.11989
Nov 2003,16-17/11/2003,Open area 2m,18:50,1.04447
Nov 2003,16-17/11/2003,Open area 2m,19:00,1.0476
Nov 2003,16-17/11/2003,Open area 2m,19:10,1.05074
Nov 2003,16-17/11/2003,Open area 2m,19:20,1.05387
Nov 2003,16-17/11/2003,Open area 2m,5:30,0.97795
Nov 2003,16-17/11/2003,Open area 2m,5:40,0.98156
Nov 2003,16-17/11/2003,Open area 2m,5:50,0.96729
Nov 2003,16-17/11/2003,Open area 2m,6:00,0.92232
Nov 2003,16-17/11/2003,Open area 2m,6:10,1.03724
Nov 2003,16-17/11/2003,Open area 2m,6:20,1.12421
Nov 2003,16-17/11/2003,Open area 2m,6:30,1.15582
Nov 2003,16-17/11/2003,Open area 2m,6:40,1.02196
Nov 2003,16-17/11/2003,Open area 2m,6:50,1.05573
Nov 2003,16-17/11/2003,Open area 2m,7:00,1.05679
Nov 2003,16-17/11/2003,Open area 2m,7:10,1.08955
Nov 2003,16-17/11/2003,Open area 2m,7:20,1.01254
Nov 2003,16-17/11/2003,Open area 2m,7:30,1.0308
Nov 2003,16-17/11/2003,Open area 2m,7:40,1.02235
Nov 2003,16-17/11/2003,Open area 2m,7:50,1.00217
Nov 2003,16-17/11/2003,Open area 2m,8:00,1.00419
Nov 2003,16-17/11/2003,Open area 2m,8:10,1.02188
Nov 2003,16-17/11/2003,Open area 2m,8:20,0.98027
Nov 2003,16-17/11/2003,Open area 2m,8:30,1.00386
Nov 2003,16-17/11/2003,Open area 2m,8:40,1.0021
Nov 2003,16-17/11/2003,Open area 2m,8:50,1.04614
Nov 2003,16-17/11/2003,Open area 2m,9:00,1.0173
Nov 2003,16-17/11/2003,Open area 2m,9:10,1.02668
Nov 2003,16-17/11/2003,Open area 2m,9:20,1.03206
Nov 2003,16-17/11/2003,Open area 2m,9:30,1.04376
Nov 2003,16-17/11/2003,Open area 2m,9:40,1.03807
Nov 2003,16-17/11/2003,Open area 2m,9:50,1.04199
Jan 2004,07-08/01/2004,AFS 1.2m,10:00,0.385072
Jan 2004,07-08/01/2004,AFS 1.2m,10:10,0.238355
Jan 2004,07-08/01/2004,AFS 1.2m,10:20,0.746029
Jan 2004,07-08/01/2004,AFS 1.2m,10:30,0.61583
Jan 2004,07-08/01/2004,AFS 1.2m,10:40,0.630979
Jan 2004,07-08/01/2004,AFS 1.2m,10:50,0.765034
Jan 2004,07-08/01/2004,AFS 1.2m,11:00,0.28
Jan 2004,07-08/01/2004,AFS 1.2m,11:10,0.280974
Jan 2004,07-08/01/2004,AFS 1.2m,11:20,0.345543
Jan 2004,07-08/01/2004,AFS 1.2m,11:30,0.412783
Jan 2004,07-08/01/2004,AFS 1.2m,11:40,0.426879
Jan 2004,07-08/01/2004,AFS 1.2m,11:50,0.378301
Jan 2004,07-08/01/2004,AFS 1.2m,12:00,0.493435
Jan 2004,07-08/01/2004,AFS 1.2m,12:10,0.408255
Jan 2004,07-08/01/2004,AFS 1.2m,12:20,0.601864
Jan 2004,07-08/01/2004,AFS 1.2m,12:30,0.525923
Jan 2004,07-08/01/2004,AFS 1.2m,12:40,0.657423
Jan 2004,07-08/01/2004,AFS 1.2m,12:50,0.395777
Jan 2004,07-08/01/2004,AFS 1.2m,13:00,0.589098
Jan 2004,07-08/01/2004,AFS 1.2m,13:10,0.393025
Jan 2004,07-08/01/2004,AFS 1.2m,13:20,0.428893
Jan 2004,07-08/01/2004,AFS 1.2m,13:30,0.463314
Jan 2004,07-08/01/2004,AFS 1.2m,13:40,0.769749
Jan 2004,07-08/01/2004,AFS 1.2m,13:50,0.365089
Jan 2004,07-08/01/2004,AFS 1.2m,14:00,0.413712
Jan 2004,07-08/01/2004,AFS 1.2m,14:10,0.30059
Jan 2004,07-08/01/2004,AFS 1.2m,14:20,0.580028
Jan 2004,07-08/01/2004,AFS 1.2m,14:30,0.984364
Jan 2004,07-08/01/2004,AFS 1.2m,14:40,1.067173
Jan 2004,07-08/01/2004,AFS 1.2m,14:50,1.007114
Jan 2004,07-08/01/2004,AFS 1.2m,15:00,0.784544
Jan 2004,07-08/01/2004,AFS 1.2m,15:10,0.438923
Jan 2004,07-08/01/2004,AFS 1.2m,15:20,0.916654
Jan 2004,07-08/01/2004,AFS 1.2m,15:30,0.884129
Jan 2004,07-08/01/2004,AFS 1.2m,15:40,0.68475
Jan 2004,07-08/01/2004,AFS 1.2m,15:50,0.9692
Jan 2004,07-08/01/2004,AFS 1.2m,16:00,0.80892
Jan 2004,07-08/01/2004,AFS 1.2m,16:10,0.722312
Jan 2004,07-08/01/2004,AFS 1.2m,16:20,0.669277
Jan 2004,07-08/01/2004,AFS 1.2m,16:30,0.289688
Jan 2004,07-08/01/2004,AFS 1.2m,16:40,0.818974
Jan 2004,07-08/01/2004,AFS 1.2m,16:50,0.73513
Jan 2004,07-08/01/2004,AFS 1.2m,17:00,0.734288
Jan 2004,07-08/01/2004,AFS 1.2m,17:10,1.013782
Jan 2004,07-08/01/2004,AFS 1.2m,17:20,1.072998
Jan 2004,07-08/01/2004,AFS 1.2m,17:30,1.042693
Jan 2004,07-08/01/2004,AFS 1.2m,17:40,0.649825
Jan 2004,07-08/01/2004,AFS 1.2m,17:50,0.411603
Jan 2004,07-08/01/2004,AFS 1.2m,18:00,0.318839
Jan 2004,07-08/01/2004,AFS 1.2m,18:10,0.339479
Jan 2004,07-08/01/2004,AFS 1.2m,18:20,0.360462
Jan 2004,07-08/01/2004,AFS 1.2m,18:30,0.398688
Jan 2004,07-08/01/2004,AFS 1.2m,18:40,0.467259
Jan 2004,07-08/01/2004,AFS 1.2m,18:50,0.690867
Jan 2004,07-08/01/2004,AFS 1.2m,19:00,0.672329
Jan 2004,07-08/01/2004,AFS 1.2m,19:10,0.451632
Jan 2004,07-08/01/2004,AFS 1.2m,19:20,0.436437
Jan 2004,07-08/01/2004,AFS 1.2m,5:30,0.681922
Jan 2004,07-08/01/2004,AFS 1.2m,5:40,0.649014
Jan 2004,07-08/01/2004,AFS 1.2m,5:50,0.616107
Jan 2004,07-08/01/2004,AFS 1.2m,6:00,0.472711
Jan 2004,07-08/01/2004,AFS 1.2m,6:10,0.579526
Jan 2004,07-08/01/2004,AFS 1.2m,6:20,0.586817
Jan 2004,07-08/01/2004,AFS 1.2m,6:30,0.493051
Jan 2004,07-08/01/2004,AFS 1.2m,6:40,0.515295
Jan 2004,07-08/01/2004,AFS 1.2m,6:50,0.432222
Jan 2004,07-08/01/2004,AFS 1.2m,7:00,0.324301
Jan 2004,07-08/01/2004,AFS 1.2m,7:10,0.33579
Jan 2004,07-08/01/2004,AFS 1.2m,7:20,0.377665
Jan 2004,07-08/01/2004,AFS 1.2m,7:30,0.248778
Jan 2004,07-08/01/2004,AFS 1.2m,7:40,0.235183
Jan 2004,07-08/01/2004,AFS 1.2m,7:50,0.22519
Jan 2004,07-08/01/2004,AFS 1.2m,8:00,0.276348
Jan 2004,07-08/01/2004,AFS 1.2m,8:10,0.287082
Jan 2004,07-08/01/2004,AFS 1.2m,8:20,0.205273
Jan 2004,07-08/01/2004,AFS 1.2m,8:30,0.207635
Jan 2004,07-08/01/2004,AFS 1.2m,8:40,0.21712
Jan 2004,07-08/01/2004,AFS 1.2m,8:50,0.23672
Jan 2004,07-08/01/2004,AFS 1.2m,9:00,0.22466
Jan 2004,07-08/01/2004,AFS 1.2m,9:10,0.175195
Jan 2004,07-08/01/2004,AFS 1.2m,9:20,0.17028
Jan 2004,07-08/01/2004,AFS 1.2m,9:30,0.179239
Jan 2004,07-08/01/2004,AFS 1.2m,9:40,0.214135
Jan 2004,07-08/01/2004,AFS 1.2m,9:50,0.368265
Jan 2004,14-15/01/2004,AFS 1.2m,10:00,0.73265
Jan 2004,14-15/01/2004,AFS 1.2m,10:10,0.73357
Jan 2004,14-15/01/2004,AFS 1.2m,10:20,0.70853
Jan 2004,14-15/01/2004,AFS 1.2m,10:30,0.70225
Jan 2004,14-15/01/2004,AFS 1.2m,10:40,0.71288
Jan 2004,14-15/01/2004,AFS 1.2m,10:50,0.69565
Jan 2004,14-15/01/2004,AFS 1.2m,11:00,0.71122
Jan 2004,14-15/01/2004,AFS 1.2m,11:10,0.70637
Jan 2004,14-15/01/2004,AFS 1.2m,11:20,0.70011
Jan 2004,14-15/01/2004,AFS 1.2m,11:30,0.69841
Jan 2004,14-15/01/2004,AFS 1.2m,11:40,0.70198
Jan 2004,14-15/01/2004,AFS 1.2m,11:50,0.68064
Jan 2004,14-15/01/2004,AFS 1.2m,12:00,0.65478
Jan 2004,14-15/01/2004,AFS 1.2m,12:10,0.68886
Jan 2004,14-15/01/2004,AFS 1.2m,12:20,0.59523
Jan 2004,14-15/01/2004,AFS 1.2m,12:30,0.68738
Jan 2004,14-15/01/2004,AFS 1.2m,12:40,0.51888
Jan 2004,14-15/01/2004,AFS 1.2m,12:50,0.51373
Jan 2004,14-15/01/2004,AFS 1.2m,13:00,0.71332
Jan 2004,14-15/01/2004,AFS 1.2m,13:10,0.70069
Jan 2004,14-15/01/2004,AFS 1.2m,13:20,0.76791
Jan 2004,14-15/01/2004,AFS 1.2m,13:30,0.7355
Jan 2004,14-15/01/2004,AFS 1.2m,13:40,0.7489
Jan 2004,14-15/01/2004,AFS 1.2m,13:50,0.76882
Jan 2004,14-15/01/2004,AFS 1.2m,14:00,0.79955
Jan 2004,14-15/01/2004,AFS 1.2m,14:10,0.66661
Jan 2004,14-15/01/2004,AFS 1.2m,14:20,0.67494
Jan 2004,14-15/01/2004,AFS 1.2m,14:30,0.69948
Jan 2004,14-15/01/2004,AFS 1.2m,14:40,0.6627
Jan 2004,14-15/01/2004,AFS 1.2m,14:50,0.60402
Jan 2004,14-15/01/2004,AFS 1.2m,15:00,0.61469
Jan 2004,14-15/01/2004,AFS 1.2m,15:10,0.68383
Jan 2004,14-15/01/2004,AFS 1.2m,15:20,0.62729
Jan 2004,14-15/01/2004,AFS 1.2m,15:30,0.63472
Jan 2004,14-15/01/2004,AFS 1.2m,15:40,0.81054
Jan 2004,14-15/01/2004,AFS 1.2m,15:50,0.80807
Jan 2004,14-15/01/2004,AFS 1.2m,16:00,0.74286
Jan 2004,14-15/01/2004,AFS 1.2m,16:10,0.72347
Jan 2004,14-15/01/2004,AFS 1.2m,16:20,0.68813
Jan 2004,14-15/01/2004,AFS 1.2m,16:30,0.7012
Jan 2004,14-15/01/2004,AFS 1.2m,16:40,0.84625
Jan 2004,14-15/01/2004,AFS 1.2m,16:50,0.8184
Jan 2004,14-15/01/2004,AFS 1.2m,17:00,0.90464
Jan 2004,14-15/01/2004,AFS 1.2m,17:10,1.06169
Jan 2004,14-15/01/2004,AFS 1.2m,17:20,0.78339
Jan 2004,14-15/01/2004,AFS 1.2m,17:30,0.80359
Jan 2004,14-15/01/2004,AFS 1.2m,17:40,0.57187
Jan 2004,14-15/01/2004,AFS 1.2m,17:50,0.5645
Jan 2004,14-15/01/2004,AFS 1.2m,18:00,0.53247
Jan 2004,14-15/01/2004,AFS 1.2m,18:10,0.61864
Jan 2004,14-15/01/2004,AFS 1.2m,18:20,0.82879
Jan 2004,14-15/01/2004,AFS 1.2m,18:30,0.78937
Jan 2004,14-15/01/2004,AFS 1.2m,18:40,0.80349
Jan 2004,14-15/01/2004,AFS 1.2m,18:50,0.78846
Jan 2004,14-15/01/2004,AFS 1.2m,19:00,0.77971
Jan 2004,14-15/01/2004,AFS 1.2m,19:10,0.71905
Jan 2004,14-15/01/2004,AFS 1.2m,19:20,0.71524
Jan 2004,14-15/01/2004,AFS 1.2m,5:30,0.55027
Jan 2004,14-15/01/2004,AFS 1.2m,5:40,0.56566
Jan 2004,14-15/01/2004,AFS 1.2m,5:50,0.58105
Jan 2004,14-15/01/2004,AFS 1.2m,6:00,0.32074
Jan 2004,14-15/01/2004,AFS 1.2m,6:10,0.69083
Jan 2004,14-15/01/2004,AFS 1.2m,6:20,0.74424
Jan 2004,14-15/01/2004,AFS 1.2m,6:30,0.79855
Jan 2004,14-15/01/2004,AFS 1.2m,6:40,0.67708
Jan 2004,14-15/01/2004,AFS 1.2m,6:50,0.63074
Jan 2004,14-15/01/2004,AFS 1.2m,7:00,0.67969
Jan 2004,14-15/01/2004,AFS 1.2m,7:10,0.72364
Jan 2004,14-15/01/2004,AFS 1.2m,7:20,0.74551
Jan 2004,14-15/01/2004,AFS 1.2m,7:30,0.72588
Jan 2004,14-15/01/2004,AFS 1.2m,7:40,0.72125
Jan 2004,14-15/01/2004,AFS 1.2m,7:50,0.71455
Jan 2004,14-15/01/2004,AFS 1.2m,8:00,0.72732
Jan 2004,14-15/01/2004,AFS 1.2m,8:10,0.73333
Jan 2004,14-15/01/2004,AFS 1.2m,8:20,0.72298
Jan 2004,14-15/01/2004,AFS 1.2m,8:30,0.74045
Jan 2004,14-15/01/2004,AFS 1.2m,8:40,0.72982
Jan 2004,14-15/01/2004,AFS 1.2m,8:50,0.71955
Jan 2004,14-15/01/2004,AFS 1.2m,9:00,0.71806
Jan 2004,14-15/01/2004,AFS 1.2m,9:10,0.71695
Jan 2004,14-15/01/2004,AFS 1.2m,9:20,0.70968
Jan 2004,14-15/01/2004,AFS 1.2m,9:30,0.71975
Jan 2004,14-15/01/2004,AFS 1.2m,9:40,0.72137
Jan 2004,14-15/01/2004,AFS 1.2m,9:50,0.72335
Jan 2004,15-16/01/2004,AFS 1.2m,10:00,0.14843
Jan 2004,15-16/01/2004,AFS 1.2m,10:10,0.14663
Jan 2004,15-16/01/2004,AFS 1.2m,10:20,0.144
Jan 2004,15-16/01/2004,AFS 1.2m,10:30,0.14316
Jan 2004,15-16/01/2004,AFS 1.2m,10:40,0.142
Jan 2004,15-16/01/2004,AFS 1.2m,10:50,0.14081
Jan 2004,15-16/01/2004,AFS 1.2m,11:00,0.13894
Jan 2004,15-16/01/2004,AFS 1.2m,11:10,0.13902
Jan 2004,15-16/01/2004,AFS 1.2m,11:20,0.14757
Jan 2004,15-16/01/2004,AFS 1.2m,11:30,0.16487
Jan 2004,15-16/01/2004,AFS 1.2m,11:40,0.14192
Jan 2004,15-16/01/2004,AFS 1.2m,11:50,0.13994
Jan 2004,15-16/01/2004,AFS 1.2m,12:00,0.16645
Jan 2004,15-16/01/2004,AFS 1.2m,12:10,0.18508
Jan 2004,15-16/01/2004,AFS 1.2m,12:20,0.64904
Jan 2004,15-16/01/2004,AFS 1.2m,12:30,0.75998
Jan 2004,15-16/01/2004,AFS 1.2m,12:40,0.49976
Jan 2004,15-16/01/2004,AFS 1.2m,12:50,0.1552
Jan 2004,15-16/01/2004,AFS 1.2m,13:00,0.3201
Jan 2004,15-16/01/2004,AFS 1.2m,13:10,0.38932
Jan 2004,15-16/01/2004,AFS 1.2m,13:20,0.63611
Jan 2004,15-16/01/2004,AFS 1.2m,13:30,0.66555
Jan 2004,15-16/01/2004,AFS 1.2m,13:40,0.64062
Jan 2004,15-16/01/2004,AFS 1.2m,13:50,0.6943
Jan 2004,15-16/01/2004,AFS 1.2m,14:00,0.77794
Jan 2004,15-16/01/2004,AFS 1.2m,14:10,0.70838
Jan 2004,15-16/01/2004,AFS 1.2m,14:20,0.68818
Jan 2004,15-16/01/2004,AFS 1.2m,14:30,0.81619
Jan 2004,15-16/01/2004,AFS 1.2m,14:40,0.68433
Jan 2004,15-16/01/2004,AFS 1.2m,14:50,0.82211
Jan 2004,15-16/01/2004,AFS 1.2m,15:00,0.66978
Jan 2004,15-16/01/2004,AFS 1.2m,15:10,0.62167
Jan 2004,15-16/01/2004,AFS 1.2m,15:20,0.63831
Jan 2004,15-16/01/2004,AFS 1.2m,15:30,0.66575
Jan 2004,15-16/01/2004,AFS 1.2m,15:40,0.88673
Jan 2004,15-16/01/2004,AFS 1.2m,15:50,0.98352
Jan 2004,15-16/01/2004,AFS 1.2m,16:00,0.66653
Jan 2004,15-16/01/2004,AFS 1.2m,16:10,0.5512
Jan 2004,15-16/01/2004,AFS 1.2m,16:20,0.34713
Jan 2004,15-16/01/2004,AFS 1.2m,16:30,0.6973
Jan 2004,15-16/01/2004,AFS 1.2m,16:40,0.52719
Jan 2004,15-16/01/2004,AFS 1.2m,16:50,0.89359
Jan 2004,15-16/01/2004,AFS 1.2m,17:00,0.92609
Jan 2004,15-16/01/2004,AFS 1.2m,17:10,1.06846
Jan 2004,15-16/01/2004,AFS 1.2m,17:20,0.77131
Jan 2004,15-16/01/2004,AFS 1.2m,17:30,0.78827
Jan 2004,15-16/01/2004,AFS 1.2m,17:40,0.34853
Jan 2004,15-16/01/2004,AFS 1.2m,17:50,0.313
Jan 2004,15-16/01/2004,AFS 1.2m,18:00,0.33219
Jan 2004,15-16/01/2004,AFS 1.2m,18:10,0.36557
Jan 2004,15-16/01/2004,AFS 1.2m,18:20,0.40324
Jan 2004,15-16/01/2004,AFS 1.2m,18:30,0.45547
Jan 2004,15-16/01/2004,AFS 1.2m,18:40,0.52932
Jan 2004,15-16/01/2004,AFS 1.2m,18:50,0.61067
Jan 2004,15-16/01/2004,AFS 1.2m,19:00,0.68909
Jan 2004,15-16/01/2004,AFS 1.2m,19:10,0.40643
Jan 2004,15-16/01/2004,AFS 1.2m,19:20,0.38337
Jan 2004,15-16/01/2004,AFS 1.2m,5:30,0.53864
Jan 2004,15-16/01/2004,AFS 1.2m,5:40,0.52474
Jan 2004,15-16/01/2004,AFS 1.2m,5:50,0.51083
Jan 2004,15-16/01/2004,AFS 1.2m,6:00,0.47107
Jan 2004,15-16/01/2004,AFS 1.2m,6:10,0.50249
Jan 2004,15-16/01/2004,AFS 1.2m,6:20,0.60446
Jan 2004,15-16/01/2004,AFS 1.2m,6:30,0.42521
Jan 2004,15-16/01/2004,AFS 1.2m,6:40,0.46228
Jan 2004,15-16/01/2004,AFS 1.2m,6:50,0.46757
Jan 2004,15-16/01/2004,AFS 1.2m,7:00,0.36625
Jan 2004,15-16/01/2004,AFS 1.2m,7:10,0.30807
Jan 2004,15-16/01/2004,AFS 1.2m,7:20,0.26932
Jan 2004,15-16/01/2004,AFS 1.2m,7:30,0.25326
Jan 2004,15-16/01/2004,AFS 1.2m,7:40,0.27146
Jan 2004,15-16/01/2004,AFS 1.2m,7:50,0.64428
Jan 2004,15-16/01/2004,AFS 1.2m,8:00,0.21836
Jan 2004,15-16/01/2004,AFS 1.2m,8:10,0.20769
Jan 2004,15-16/01/2004,AFS 1.2m,8:20,0.19835
Jan 2004,15-16/01/2004,AFS 1.2m,8:30,0.19055
Jan 2004,15-16/01/2004,AFS 1.2m,8:40,0.18239
Jan 2004,15-16/01/2004,AFS 1.2m,8:50,0.17655
Jan 2004,15-16/01/2004,AFS 1.2m,9:00,0.17216
Jan 2004,15-16/01/2004,AFS 1.2m,9:10,0.16667
Jan 2004,15-16/01/2004,AFS 1.2m,9:20,0.16173
Jan 2004,15-16/01/2004,AFS 1.2m,9:30,0.15916
Jan 2004,15-16/01/2004,AFS 1.2m,9:40,0.15585
Jan 2004,15-16/01/2004,AFS 1.2m,9:50,0.15231
Jan 2004,08-09/01/2004,AFS 2m,10:00,0.30004
Jan 2004,08-09/01/2004,AFS 2m,10:10,0.27359
Jan 2004,08-09/01/2004,AFS 2m,10:20,0.25428
Jan 2004,08-09/01/2004,AFS 2m,10:30,0.30529
Jan 2004,08-09/01/2004,AFS 2m,10:40,0.2868
Jan 2004,08-09/01/2004,AFS 2m,10:50,0.28893
Jan 2004,08-09/01/2004,AFS 2m,11:00,0.34672
Jan 2004,08-09/01/2004,AFS 2m,11:10,0.38408
Jan 2004,08-09/01/2004,AFS 2m,11:20,0.31713
Jan 2004,08-09/01/2004,AFS 2m,11:30,0.30931
Jan 2004,08-09/01/2004,AFS 2m,11:40,0.37225
Jan 2004,08-09/01/2004,AFS 2m,11:50,0.43004
Jan 2004,08-09/01/2004,AFS 2m,12:00,0.45732
Jan 2004,08-09/01/2004,AFS 2m,12:10,0.53918
Jan 2004,08-09/01/2004,AFS 2m,12:20,0.54263
Jan 2004,08-09/01/2004,AFS 2m,12:30,0.56974
Jan 2004,08-09/01/2004,AFS 2m,12:40,0.75207
Jan 2004,08-09/01/2004,AFS 2m,12:50,0.53528
Jan 2004,08-09/01/2004,AFS 2m,13:00,0.8879
Jan 2004,08-09/01/2004,AFS 2m,13:10,0.68249
Jan 2004,08-09/01/2004,AFS 2m,13:20,0.45039
Jan 2004,08-09/01/2004,AFS 2m,13:30,0.69968
Jan 2004,08-09/01/2004,AFS 2m,13:40,0.67428
Jan 2004,08-09/01/2004,AFS 2m,13:50,0.64115
Jan 2004,08-09/01/2004,AFS 2m,14:00,0.58311
Jan 2004,08-09/01/2004,AFS 2m,14:10,0.63875
Jan 2004,08-09/01/2004,AFS 2m,14:20,0.63103
Jan 2004,08-09/01/2004,AFS 2m,14:30,0.61899
Jan 2004,08-09/01/2004,AFS 2m,14:40,0.98971
Jan 2004,08-09/01/2004,AFS 2m,14:50,1.02856
Jan 2004,08-09/01/2004,AFS 2m,15:00,0.81624
Jan 2004,08-09/01/2004,AFS 2m,15:10,0.68309
Jan 2004,08-09/01/2004,AFS 2m,15:20,0.817
Jan 2004,08-09/01/2004,AFS 2m,15:30,0.26725
Jan 2004,08-09/01/2004,AFS 2m,15:40,0.89621
Jan 2004,08-09/01/2004,AFS 2m,15:50,0.72468
Jan 2004,08-09/01/2004,AFS 2m,16:00,0.58895
Jan 2004,08-09/01/2004,AFS 2m,16:10,0.24657
Jan 2004,08-09/01/2004,AFS 2m,16:20,0.36712
Jan 2004,08-09/01/2004,AFS 2m,16:30,0.99987
Jan 2004,08-09/01/2004,AFS 2m,16:40,0.79345
Jan 2004,08-09/01/2004,AFS 2m,16:50,0.85833
Jan 2004,08-09/01/2004,AFS 2m,17:00,0.96939
Jan 2004,08-09/01/2004,AFS 2m,17:10,0.87314
Jan 2004,08-09/01/2004,AFS 2m,17:20,0.49331
Jan 2004,08-09/01/2004,AFS 2m,17:30,0.66948
Jan 2004,08-09/01/2004,AFS 2m,17:40,0.28235
Jan 2004,08-09/01/2004,AFS 2m,17:50,0.29149
Jan 2004,08-09/01/2004,AFS 2m,18:00,0.31727
Jan 2004,08-09/01/2004,AFS 2m,18:10,0.35163
Jan 2004,08-09/01/2004,AFS 2m,18:20,0.37634
Jan 2004,08-09/01/2004,AFS 2m,18:30,0.41757
Jan 2004,08-09/01/2004,AFS 2m,18:40,0.49545
Jan 2004,08-09/01/2004,AFS 2m,18:50,0.73659
Jan 2004,08-09/01/2004,AFS 2m,19:00,0.71818
Jan 2004,08-09/01/2004,AFS 2m,19:10,0.50716
Jan 2004,08-09/01/2004,AFS 2m,19:20,0.50797
Jan 2004,08-09/01/2004,AFS 2m,5:30,0.67023
Jan 2004,08-09/01/2004,AFS 2m,5:40,0.6443
Jan 2004,08-09/01/2004,AFS 2m,5:50,0.61838
Jan 2004,08-09/01/2004,AFS 2m,6:00,0.41756
Jan 2004,08-09/01/2004,AFS 2m,6:10,0.48649
Jan 2004,08-09/01/2004,AFS 2m,6:20,0.59806
Jan 2004,08-09/01/2004,AFS 2m,6:30,0.54418
Jan 2004,08-09/01/2004,AFS 2m,6:40,0.51337
Jan 2004,08-09/01/2004,AFS 2m,6:50,0.73549
Jan 2004,08-09/01/2004,AFS 2m,7:00,0.57548
Jan 2004,08-09/01/2004,AFS 2m,7:10,0.33866
Jan 2004,08-09/01/2004,AFS 2m,7:20,0.3565
Jan 2004,08-09/01/2004,AFS 2m,7:30,0.3132
Jan 2004,08-09/01/2004,AFS 2m,7:40,0.26926
Jan 2004,08-09/01/2004,AFS 2m,7:50,0.24998
Jan 2004,08-09/01/2004,AFS 2m,8:00,0.24505
Jan 2004,08-09/01/2004,AFS 2m,8:10,0.58437
Jan 2004,08-09/01/2004,AFS 2m,8:20,0.37428
Jan 2004,08-09/01/2004,AFS 2m,8:30,0.19706
Jan 2004,08-09/01/2004,AFS 2m,8:40,0.19416
Jan 2004,08-09/01/2004,AFS 2m,8:50,0.23397
Jan 2004,08-09/01/2004,AFS 2m,9:00,0.2441
Jan 2004,08-09/01/2004,AFS 2m,9:10,0.19261
Jan 2004,08-09/01/2004,AFS 2m,9:20,0.20458
Jan 2004,08-09/01/2004,AFS 2m,9:30,0.24557
Jan 2004,08-09/01/2004,AFS 2m,9:40,0.5028
Jan 2004,08-09/01/2004,AFS 2m,9:50,0.33547
Jan 2004,13-14/01/2004,AFS 2m,10:00,0.80267
Jan 2004,13-14/01/2004,AFS 2m,10:10,0.80732
Jan 2004,13-14/01/2004,AFS 2m,10:20,0.82201
Jan 2004,13-14/01/2004,AFS 2m,10:30,0.8116
Jan 2004,13-14/01/2004,AFS 2m,10:40,0.80222
Jan 2004,13-14/01/2004,AFS 2m,10:50,0.78819
Jan 2004,13-14/01/2004,AFS 2m,11:00,0.77549
Jan 2004,13-14/01/2004,AFS 2m,11:10,0.76167
Jan 2004,13-14/01/2004,AFS 2m,11:20,0.7754
Jan 2004,13-14/01/2004,AFS 2m,11:30,0.80368
Jan 2004,13-14/01/2004,AFS 2m,11:40,0.77127
Jan 2004,13-14/01/2004,AFS 2m,11:50,0.76482
Jan 2004,13-14/01/2004,AFS 2m,12:00,0.75565
Jan 2004,13-14/01/2004,AFS 2m,12:10,0.7461
Jan 2004,13-14/01/2004,AFS 2m,12:20,0.70965
Jan 2004,13-14/01/2004,AFS 2m,12:30,0.75509
Jan 2004,13-14/01/2004,AFS 2m,12:40,0.77506
Jan 2004,13-14/01/2004,AFS 2m,12:50,0.69645
Jan 2004,13-14/01/2004,AFS 2m,13:00,0.70533
Jan 2004,13-14/01/2004,AFS 2m,13:10,0.74711
Jan 2004,13-14/01/2004,AFS 2m,13:20,0.73464
Jan 2004,13-14/01/2004,AFS 2m,13:30,0.77848
Jan 2004,13-14/01/2004,AFS 2m,13:40,0.68504
Jan 2004,13-14/01/2004,AFS 2m,13:50,0.76218
Jan 2004,13-14/01/2004,AFS 2m,14:00,0.65884
Jan 2004,13-14/01/2004,AFS 2m,14:10,0.67147
Jan 2004,13-14/01/2004,AFS 2m,14:20,0.68554
Jan 2004,13-14/01/2004,AFS 2m,14:30,0.69676
Jan 2004,13-14/01/2004,AFS 2m,14:40,0.68689
Jan 2004,13-14/01/2004,AFS 2m,14:50,0.67338
Jan 2004,13-14/01/2004,AFS 2m,15:00,0.67747
Jan 2004,13-14/01/2004,AFS 2m,15:10,0.67915
Jan 2004,13-14/01/2004,AFS 2m,15:20,0.67607
Jan 2004,13-14/01/2004,AFS 2m,15:30,0.66396
Jan 2004,13-14/01/2004,AFS 2m,15:40,0.65053
Jan 2004,13-14/01/2004,AFS 2m,15:50,0.6669
Jan 2004,13-14/01/2004,AFS 2m,16:00,0.67786
Jan 2004,13-14/01/2004,AFS 2m,16:10,0.68692
Jan 2004,13-14/01/2004,AFS 2m,16:20,0.69643
Jan 2004,13-14/01/2004,AFS 2m,16:30,0.70838
Jan 2004,13-14/01/2004,AFS 2m,16:40,0.69476
Jan 2004,13-14/01/2004,AFS 2m,16:50,0.69924
Jan 2004,13-14/01/2004,AFS 2m,17:00,0.68715
Jan 2004,13-14/01/2004,AFS 2m,17:10,0.66006
Jan 2004,13-14/01/2004,AFS 2m,17:20,0.64991
Jan 2004,13-14/01/2004,AFS 2m,17:30,0.65346
Jan 2004,13-14/01/2004,AFS 2m,17:40,0.65875
Jan 2004,13-14/01/2004,AFS 2m,17:50,0.65706
Jan 2004,13-14/01/2004,AFS 2m,18:00,0.65696
Jan 2004,13-14/01/2004,AFS 2m,18:10,0.64549
Jan 2004,13-14/01/2004,AFS 2m,18:20,0.63584
Jan 2004,13-14/01/2004,AFS 2m,18:30,0.63314
Jan 2004,13-14/01/2004,AFS 2m,18:40,0.62981
Jan 2004,13-14/01/2004,AFS 2m,18:50,0.61465
Jan 2004,13-14/01/2004,AFS 2m,19:00,0.61424
Jan 2004,13-14/01/2004,AFS 2m,19:10,0.6154
Jan 2004,13-14/01/2004,AFS 2m,19:20,0.61124
Jan 2004,13-14/01/2004,AFS 2m,5:30,0.53097
Jan 2004,13-14/01/2004,AFS 2m,5:40,0.55101
Jan 2004,13-14/01/2004,AFS 2m,5:50,0.57104
Jan 2004,13-14/01/2004,AFS 2m,6:00,0.20329
Jan 2004,13-14/01/2004,AFS 2m,6:10,0.94744
Jan 2004,13-14/01/2004,AFS 2m,6:20,0.7435
Jan 2004,13-14/01/2004,AFS 2m,6:30,0.64645
Jan 2004,13-14/01/2004,AFS 2m,6:40,0.64787
Jan 2004,13-14/01/2004,AFS 2m,6:50,0.69204
Jan 2004,13-14/01/2004,AFS 2m,7:00,0.72274
Jan 2004,13-14/01/2004,AFS 2m,7:10,0.74354
Jan 2004,13-14/01/2004,AFS 2m,7:20,0.75131
Jan 2004,13-14/01/2004,AFS 2m,7:30,0.76944
Jan 2004,13-14/01/2004,AFS 2m,7:40,0.7779
Jan 2004,13-14/01/2004,AFS 2m,7:50,0.76993
Jan 2004,13-14/01/2004,AFS 2m,8:00,0.76257
Jan 2004,13-14/01/2004,AFS 2m,8:10,0.80116
Jan 2004,13-14/01/2004,AFS 2m,8:20,0.82881
Jan 2004,13-14/01/2004,AFS 2m,8:30,0.80355
Jan 2004,13-14/01/2004,AFS 2m,8:40,0.85093
Jan 2004,13-14/01/2004,AFS 2m,8:50,0.8539
Jan 2004,13-14/01/2004,AFS 2m,9:00,0.82103
Jan 2004,13-14/01/2004,AFS 2m,9:10,0.80499
Jan 2004,13-14/01/2004,AFS 2m,9:20,0.80161
Jan 2004,13-14/01/2004,AFS 2m,9:30,0.80805
Jan 2004,13-14/01/2004,AFS 2m,9:40,0.80555
Jan 2004,13-14/01/2004,AFS 2m,9:50,0.77606
Jan 2004,11-12/01/2004,MO 1.2m,10:00,0.44543
Jan 2004,11-12/01/2004,MO 1.2m,10:10,0.70803
Jan 2004,11-12/01/2004,MO 1.2m,10:20,1.09935
Jan 2004,11-12/01/2004,MO 1.2m,10:30,1.12005
Jan 2004,11-12/01/2004,MO 1.2m,10:40,1.11903
Jan 2004,11-12/01/2004,MO 1.2m,10:50,1.11744
Jan 2004,11-12/01/2004,MO 1.2m,11:00,1.1182
Jan 2004,11-12/01/2004,MO 1.2m,11:10,1.11727
Jan 2004,11-12/01/2004,MO 1.2m,11:20,1.11898
Jan 2004,11-12/01/2004,MO 1.2m,11:30,1.11823
Jan 2004,11-12/01/2004,MO 1.2m,11:40,1.11973
Jan 2004,11-12/01/2004,MO 1.2m,11:50,1.12015
Jan 2004,11-12/01/2004,MO 1.2m,12:00,1.12244
Jan 2004,11-12/01/2004,MO 1.2m,12:10,1.12368
Jan 2004,11-12/01/2004,MO 1.2m,12:20,1.12488
Jan 2004,11-12/01/2004,MO 1.2m,12:30,1.12406
Jan 2004,11-12/01/2004,MO 1.2m,12:40,1.12566
Jan 2004,11-12/01/2004,MO 1.2m,12:50,1.12369
Jan 2004,11-12/01/2004,MO 1.2m,13:00,1.125
Jan 2004,11-12/01/2004,MO 1.2m,13:10,1.12343
Jan 2004,11-12/01/2004,MO 1.2m,13:20,1.09235
Jan 2004,11-12/01/2004,MO 1.2m,13:30,1.08339
Jan 2004,11-12/01/2004,MO 1.2m,13:40,1.07982
Jan 2004,11-12/01/2004,MO 1.2m,13:50,1.08
Jan 2004,11-12/01/2004,MO 1.2m,14:00,1.08171
Jan 2004,11-12/01/2004,MO 1.2m,14:10,1.07776
Jan 2004,11-12/01/2004,MO 1.2m,14:20,0.94197
Jan 2004,11-12/01/2004,MO 1.2m,14:30,0.75787
Jan 2004,11-12/01/2004,MO 1.2m,14:40,1.08903
Jan 2004,11-12/01/2004,MO 1.2m,14:50,1.09015
Jan 2004,11-12/01/2004,MO 1.2m,15:00,1.08526
Jan 2004,11-12/01/2004,MO 1.2m,15:10,1.08471
Jan 2004,11-12/01/2004,MO 1.2m,15:20,1.08548
Jan 2004,11-12/01/2004,MO 1.2m,15:30,1.08483
Jan 2004,11-12/01/2004,MO 1.2m,15:40,1.08473
Jan 2004,11-12/01/2004,MO 1.2m,15:50,1.08085
Jan 2004,11-12/01/2004,MO 1.2m,16:00,1.08048
Jan 2004,11-12/01/2004,MO 1.2m,16:10,1.07774
Jan 2004,11-12/01/2004,MO 1.2m,16:20,1.07551
Jan 2004,11-12/01/2004,MO 1.2m,16:30,1.07001
Jan 2004,11-12/01/2004,MO 1.2m,16:40,1.0646
Jan 2004,11-12/01/2004,MO 1.2m,16:50,1.06007
Jan 2004,11-12/01/2004,MO 1.2m,17:00,1.06343
Jan 2004,11-12/01/2004,MO 1.2m,17:10,1.07092
Jan 2004,11-12/01/2004,MO 1.2m,17:20,1.06606
Jan 2004,11-12/01/2004,MO 1.2m,17:30,1.06304
Jan 2004,11-12/01/2004,MO 1.2m,17:40,1.0634
Jan 2004,11-12/01/2004,MO 1.2m,17:50,1.05846
Jan 2004,11-12/01/2004,MO 1.2m,18:00,1.05305
Jan 2004,11-12/01/2004,MO 1.2m,18:10,1.04232
Jan 2004,11-12/01/2004,MO 1.2m,18:20,1.04588
Jan 2004,11-12/01/2004,MO 1.2m,18:30,1.19203
Jan 2004,11-12/01/2004,MO 1.2m,18:40,1.18007
Jan 2004,11-12/01/2004,MO 1.2m,18:50,1.1548
Jan 2004,11-12/01/2004,MO 1.2m,19:00,1.15914
Jan 2004,11-12/01/2004,MO 1.2m,19:10,1.12211
Jan 2004,11-12/01/2004,MO 1.2m,19:20,1.12379
Jan 2004,11-12/01/2004,MO 1.2m,5:30,0.96972
Jan 2004,11-12/01/2004,MO 1.2m,5:40,0.95655
Jan 2004,11-12/01/2004,MO 1.2m,5:50,0.94338
Jan 2004,11-12/01/2004,MO 1.2m,6:00,0.66365
Jan 2004,11-12/01/2004,MO 1.2m,6:10,0.81433
Jan 2004,11-12/01/2004,MO 1.2m,6:20,0.99504
Jan 2004,11-12/01/2004,MO 1.2m,6:30,0.85819
Jan 2004,11-12/01/2004,MO 1.2m,6:40,0.99877
Jan 2004,11-12/01/2004,MO 1.2m,6:50,1.07306
Jan 2004,11-12/01/2004,MO 1.2m,7:00,1.03914
Jan 2004,11-12/01/2004,MO 1.2m,7:10,0.97188
Jan 2004,11-12/01/2004,MO 1.2m,7:20,0.80477
Jan 2004,11-12/01/2004,MO 1.2m,7:30,0.79163
Jan 2004,11-12/01/2004,MO 1.2m,7:40,0.72125
Jan 2004,11-12/01/2004,MO 1.2m,7:50,0.5615
Jan 2004,11-12/01/2004,MO 1.2m,8:00,0.47609
Jan 2004,11-12/01/2004,MO 1.2m,8:10,0.46604
Jan 2004,11-12/01/2004,MO 1.2m,8:20,0.45682
Jan 2004,11-12/01/2004,MO 1.2m,8:30,0.45096
Jan 2004,11-12/01/2004,MO 1.2m,8:40,0.44738
Jan 2004,11-12/01/2004,MO 1.2m,8:50,0.44391
Jan 2004,11-12/01/2004,MO 1.2m,9:00,0.443
Jan 2004,11-12/01/2004,MO 1.2m,9:10,0.43853
Jan 2004,11-12/01/2004,MO 1.2m,9:20,0.43872
Jan 2004,11-12/01/2004,MO 1.2m,9:30,0.43766
Jan 2004,11-12/01/2004,MO 1.2m,9:40,0.4395
Jan 2004,11-12/01/2004,MO 1.2m,9:50,0.44214
Jan 2004,17-18/01/2004,MO 1.2m,10:00,0.70404
Jan 2004,17-18/01/2004,MO 1.2m,10:10,0.66198
Jan 2004,17-18/01/2004,MO 1.2m,10:20,0.90436
Jan 2004,17-18/01/2004,MO 1.2m,10:30,1.06528
Jan 2004,17-18/01/2004,MO 1.2m,10:40,1.08923
Jan 2004,17-18/01/2004,MO 1.2m,10:50,1.08807
Jan 2004,17-18/01/2004,MO 1.2m,11:00,1.0855
Jan 2004,17-18/01/2004,MO 1.2m,11:10,1.08582
Jan 2004,17-18/01/2004,MO 1.2m,11:20,1.07859
Jan 2004,17-18/01/2004,MO 1.2m,11:30,0.81149
Jan 2004,17-18/01/2004,MO 1.2m,11:40,0.96405
Jan 2004,17-18/01/2004,MO 1.2m,11:50,1.03031
Jan 2004,17-18/01/2004,MO 1.2m,12:00,0.96393
Jan 2004,17-18/01/2004,MO 1.2m,12:10,0.93313
Jan 2004,17-18/01/2004,MO 1.2m,12:20,1.07768
Jan 2004,17-18/01/2004,MO 1.2m,12:30,1.03934
Jan 2004,17-18/01/2004,MO 1.2m,12:40,1.0449
Jan 2004,17-18/01/2004,MO 1.2m,12:50,0.91661
Jan 2004,17-18/01/2004,MO 1.2m,13:00,0.93717
Jan 2004,17-18/01/2004,MO 1.2m,13:10,0.80429
Jan 2004,17-18/01/2004,MO 1.2m,13:20,1.04408
Jan 2004,17-18/01/2004,MO 1.2m,13:30,1.05768
Jan 2004,17-18/01/2004,MO 1.2m,13:40,1.04798
Jan 2004,17-18/01/2004,MO 1.2m,13:50,1.05054
Jan 2004,17-18/01/2004,MO 1.2m,14:00,1.05428
Jan 2004,17-18/01/2004,MO 1.2m,14:10,1.03797
Jan 2004,17-18/01/2004,MO 1.2m,14:20,1.05638
Jan 2004,17-18/01/2004,MO 1.2m,14:30,1.03555
Jan 2004,17-18/01/2004,MO 1.2m,14:40,0.96701
Jan 2004,17-18/01/2004,MO 1.2m,14:50,1.00791
Jan 2004,17-18/01/2004,MO 1.2m,15:00,0.99343
Jan 2004,17-18/01/2004,MO 1.2m,15:10,0.98982
Jan 2004,17-18/01/2004,MO 1.2m,15:20,1.00258
Jan 2004,17-18/01/2004,MO 1.2m,15:30,0.9908
Jan 2004,17-18/01/2004,MO 1.2m,15:40,0.97747
Jan 2004,17-18/01/2004,MO 1.2m,15:50,0.9631
Jan 2004,17-18/01/2004,MO 1.2m,16:00,0.96259
Jan 2004,17-18/01/2004,MO 1.2m,16:10,0.97894
Jan 2004,17-18/01/2004,MO 1.2m,16:20,0.97249
Jan 2004,17-18/01/2004,MO 1.2m,16:30,0.97035
Jan 2004,17-18/01/2004,MO 1.2m,16:40,0.97379
Jan 2004,17-18/01/2004,MO 1.2m,16:50,0.96969
Jan 2004,17-18/01/2004,MO 1.2m,17:00,0.96595
Jan 2004,17-18/01/2004,MO 1.2m,17:10,0.94717
Jan 2004,17-18/01/2004,MO 1.2m,17:20,0.96942
Jan 2004,17-18/01/2004,MO 1.2m,17:30,1.00267
Jan 2004,17-18/01/2004,MO 1.2m,17:40,1.01301
Jan 2004,17-18/01/2004,MO 1.2m,17:50,1.01443
Jan 2004,17-18/01/2004,MO 1.2m,18:00,0.96947
Jan 2004,17-18/01/2004,MO 1.2m,18:10,0.98639
Jan 2004,17-18/01/2004,MO 1.2m,18:20,0.9726
Jan 2004,17-18/01/2004,MO 1.2m,18:30,0.91564
Jan 2004,17-18/01/2004,MO 1.2m,18:40,0.94613
Jan 2004,17-18/01/2004,MO 1.2m,18:50,0.97738
Jan 2004,17-18/01/2004,MO 1.2m,19:00,0.98946
Jan 2004,17-18/01/2004,MO 1.2m,19:10,0.96499
Jan 2004,17-18/01/2004,MO 1.2m,19:20,0.9634
Jan 2004,17-18/01/2004,MO 1.2m,5:30,1.12948
Jan 2004,17-18/01/2004,MO 1.2m,5:40,1.1245
Jan 2004,17-18/01/2004,MO 1.2m,5:50,1.19518
Jan 2004,17-18/01/2004,MO 1.2m,6:00,0.92778
Jan 2004,17-18/01/2004,MO 1.2m,6:10,0.86362
Jan 2004,17-18/01/2004,MO 1.2m,6:20,1.01625
Jan 2004,17-18/01/2004,MO 1.2m,6:30,1.0625
Jan 2004,17-18/01/2004,MO 1.2m,6:40,1.18959
Jan 2004,17-18/01/2004,MO 1.2m,6:50,1.12404
Jan 2004,17-18/01/2004,MO 1.2m,7:00,1.13623
Jan 2004,17-18/01/2004,MO 1.2m,7:10,0.83109
Jan 2004,17-18/01/2004,MO 1.2m,7:20,0.57574
Jan 2004,17-18/01/2004,MO 1.2m,7:30,0.55536
Jan 2004,17-18/01/2004,MO 1.2m,7:40,0.53843
Jan 2004,17-18/01/2004,MO 1.2m,7:50,0.52087
Jan 2004,17-18/01/2004,MO 1.2m,8:00,0.50782
Jan 2004,17-18/01/2004,MO 1.2m,8:10,0.50023
Jan 2004,17-18/01/2004,MO 1.2m,8:20,0.49787
Jan 2004,17-18/01/2004,MO 1.2m,8:30,0.49356
Jan 2004,17-18/01/2004,MO 1.2m,8:40,0.49167
Jan 2004,17-18/01/2004,MO 1.2m,8:50,0.49775
Jan 2004,17-18/01/2004,MO 1.2m,9:00,0.49535
Jan 2004,17-18/01/2004,MO 1.2m,9:10,0.50113
Jan 2004,17-18/01/2004,MO 1.2m,9:20,0.51615
Jan 2004,17-18/01/2004,MO 1.2m,9:30,0.5215
Jan 2004,17-18/01/2004,MO 1.2m,9:40,0.61065
Jan 2004,17-18/01/2004,MO 1.2m,9:50,0.77632
Jan 2004,10-11/01/2004,MO 2m,10:00,1.073541
Jan 2004,10-11/01/2004,MO 2m,10:10,1.032845
Jan 2004,10-11/01/2004,MO 2m,10:20,1.038889
Jan 2004,10-11/01/2004,MO 2m,10:30,1.043478
Jan 2004,10-11/01/2004,MO 2m,10:40,1.047082
Jan 2004,10-11/01/2004,MO 2m,10:50,1.052356
Jan 2004,10-11/01/2004,MO 2m,11:00,1.091502
Jan 2004,10-11/01/2004,MO 2m,11:10,1.058911
Jan 2004,10-11/01/2004,MO 2m,11:20,1.097686
Jan 2004,10-11/01/2004,MO 2m,11:30,1.098848
Jan 2004,10-11/01/2004,MO 2m,11:40,1.06538
Jan 2004,10-11/01/2004,MO 2m,11:50,1.111323
Jan 2004,10-11/01/2004,MO 2m,12:00,1.103803
Jan 2004,10-11/01/2004,MO 2m,12:10,1.074913
Jan 2004,10-11/01/2004,MO 2m,12:20,1.074523
Jan 2004,10-11/01/2004,MO 2m,12:30,1.10619
Jan 2004,10-11/01/2004,MO 2m,12:40,1.078694
Jan 2004,10-11/01/2004,MO 2m,12:50,1.085284
Jan 2004,10-11/01/2004,MO 2m,13:00,1.098868
Jan 2004,10-11/01/2004,MO 2m,13:10,1.030284
Jan 2004,10-11/01/2004,MO 2m,13:20,1.035287
Jan 2004,10-11/01/2004,MO 2m,13:30,1.068771
Jan 2004,10-11/01/2004,MO 2m,13:40,1.035718
Jan 2004,10-11/01/2004,MO 2m,13:50,1.036735
Jan 2004,10-11/01/2004,MO 2m,14:00,1.036395
Jan 2004,10-11/01/2004,MO 2m,14:10,1.071949
Jan 2004,10-11/01/2004,MO 2m,14:20,1.07028
Jan 2004,10-11/01/2004,MO 2m,14:30,1.107018
Jan 2004,10-11/01/2004,MO 2m,14:40,1.090956
Jan 2004,10-11/01/2004,MO 2m,14:50,1.103012
Jan 2004,10-11/01/2004,MO 2m,15:00,1.082947
Jan 2004,10-11/01/2004,MO 2m,15:10,1.052007
Jan 2004,10-11/01/2004,MO 2m,15:20,1.085154
Jan 2004,10-11/01/2004,MO 2m,15:30,1.054744
Jan 2004,10-11/01/2004,MO 2m,15:40,1.042903
Jan 2004,10-11/01/2004,MO 2m,15:50,1.022797
Jan 2004,10-11/01/2004,MO 2m,16:00,1.029815
Jan 2004,10-11/01/2004,MO 2m,16:10,1.068949
Jan 2004,10-11/01/2004,MO 2m,16:20,1.086002
Jan 2004,10-11/01/2004,MO 2m,16:30,1.083668
Jan 2004,10-11/01/2004,MO 2m,16:40,1.074257
Jan 2004,10-11/01/2004,MO 2m,16:50,1.080225
Jan 2004,10-11/01/2004,MO 2m,17:00,1.112027
Jan 2004,10-11/01/2004,MO 2m,17:10,1.105768
Jan 2004,10-11/01/2004,MO 2m,17:20,1.08236
Jan 2004,10-11/01/2004,MO 2m,17:30,1.118443
Jan 2004,10-11/01/2004,MO 2m,17:40,1.078955
Jan 2004,10-11/01/2004,MO 2m,17:50,0.97968
Jan 2004,10-11/01/2004,MO 2m,18:00,0.93673
Jan 2004,10-11/01/2004,MO 2m,18:10,1.033849
Jan 2004,10-11/01/2004,MO 2m,18:20,1.103989
Jan 2004,10-11/01/2004,MO 2m,18:30,1.087653
Jan 2004,10-11/01/2004,MO 2m,18:40,1.039826
Jan 2004,10-11/01/2004,MO 2m,18:50,1.046764
Jan 2004,10-11/01/2004,MO 2m,19:00,1.023725
Jan 2004,10-11/01/2004,MO 2m,19:10,1.024518
Jan 2004,10-11/01/2004,MO 2m,19:20,1.020114
Jan 2004,10-11/01/2004,MO 2m,5:30,0.930185
Jan 2004,10-11/01/2004,MO 2m,5:40,0.942194
Jan 2004,10-11/01/2004,MO 2m,5:50,0.954203
Jan 2004,10-11/01/2004,MO 2m,6:00,0.752386
Jan 2004,10-11/01/2004,MO 2m,6:10,0.930733
Jan 2004,10-11/01/2004,MO 2m,6:20,1.02581
Jan 2004,10-11/01/2004,MO 2m,6:30,1.073084
Jan 2004,10-11/01/2004,MO 2m,6:40,1.180582
Jan 2004,10-11/01/2004,MO 2m,6:50,1.087473
Jan 2004,10-11/01/2004,MO 2m,7:00,1.087615
Jan 2004,10-11/01/2004,MO 2m,7:10,1.14193
Jan 2004,10-11/01/2004,MO 2m,7:20,1.103099
Jan 2004,10-11/01/2004,MO 2m,7:30,0.954021
Jan 2004,10-11/01/2004,MO 2m,7:40,0.999337
Jan 2004,10-11/01/2004,MO 2m,7:50,1.051057
Jan 2004,10-11/01/2004,MO 2m,8:00,1.067044
Jan 2004,10-11/01/2004,MO 2m,8:10,1.078955
Jan 2004,10-11/01/2004,MO 2m,8:20,1.083447
Jan 2004,10-11/01/2004,MO 2m,8:30,1.089062
Jan 2004,10-11/01/2004,MO 2m,8:40,1.092427
Jan 2004,10-11/01/2004,MO 2m,8:50,1.097087
Jan 2004,10-11/01/2004,MO 2m,9:00,1.04068
Jan 2004,10-11/01/2004,MO 2m,9:10,1.047148
Jan 2004,10-11/01/2004,MO 2m,9:20,1.079676
Jan 2004,10-11/01/2004,MO 2m,9:30,1.059247
Jan 2004,10-11/01/2004,MO 2m,9:40,1.065628
Jan 2004,10-11/01/2004,MO 2m,9:50,1.069237
Jan 2004,16-17/01/2004,MO 2m,10:00,1.11532
Jan 2004,16-17/01/2004,MO 2m,10:10,1.12923
Jan 2004,16-17/01/2004,MO 2m,10:20,1.14053
Jan 2004,16-17/01/2004,MO 2m,10:30,1.13981
Jan 2004,16-17/01/2004,MO 2m,10:40,1.13602
Jan 2004,16-17/01/2004,MO 2m,10:50,1.13333
Jan 2004,16-17/01/2004,MO 2m,11:00,1.1314
Jan 2004,16-17/01/2004,MO 2m,11:10,1.14844
Jan 2004,16-17/01/2004,MO 2m,11:20,1.15271
Jan 2004,16-17/01/2004,MO 2m,11:30,1.14959
Jan 2004,16-17/01/2004,MO 2m,11:40,1.13778
Jan 2004,16-17/01/2004,MO 2m,11:50,1.11473
Jan 2004,16-17/01/2004,MO 2m,12:00,1.06488
Jan 2004,16-17/01/2004,MO 2m,12:10,1.05338
Jan 2004,16-17/01/2004,MO 2m,12:20,1.03991
Jan 2004,16-17/01/2004,MO 2m,12:30,1.05432
Jan 2004,16-17/01/2004,MO 2m,12:40,1.07552
Jan 2004,16-17/01/2004,MO 2m,12:50,1.06282
Jan 2004,16-17/01/2004,MO 2m,13:00,1.08058
Jan 2004,16-17/01/2004,MO 2m,13:10,1.10026
Jan 2004,16-17/01/2004,MO 2m,13:20,0.41182
Jan 2004,16-17/01/2004,MO 2m,13:30,0.7473
Jan 2004,16-17/01/2004,MO 2m,13:40,0.60437
Jan 2004,16-17/01/2004,MO 2m,13:50,0.6392
Jan 2004,16-17/01/2004,MO 2m,14:00,0.72487
Jan 2004,16-17/01/2004,MO 2m,14:10,1.13259
Jan 2004,16-17/01/2004,MO 2m,14:20,1.14984
Jan 2004,16-17/01/2004,MO 2m,14:30,1.14473
Jan 2004,16-17/01/2004,MO 2m,14:40,1.14496
Jan 2004,16-17/01/2004,MO 2m,14:50,1.14445
Jan 2004,16-17/01/2004,MO 2m,15:00,1.14468
Jan 2004,16-17/01/2004,MO 2m,15:10,1.14376
Jan 2004,16-17/01/2004,MO 2m,15:20,1.14237
Jan 2004,16-17/01/2004,MO 2m,15:30,1.14494
Jan 2004,16-17/01/2004,MO 2m,15:40,1.14208
Jan 2004,16-17/01/2004,MO 2m,15:50,1.1362
Jan 2004,16-17/01/2004,MO 2m,16:00,1.13824
Jan 2004,16-17/01/2004,MO 2m,16:10,1.13846
Jan 2004,16-17/01/2004,MO 2m,16:20,1.13698
Jan 2004,16-17/01/2004,MO 2m,16:30,1.13504
Jan 2004,16-17/01/2004,MO 2m,16:40,1.12869
Jan 2004,16-17/01/2004,MO 2m,16:50,1.12408
Jan 2004,16-17/01/2004,MO 2m,17:00,1.12059
Jan 2004,16-17/01/2004,MO 2m,17:10,1.1171
Jan 2004,16-17/01/2004,MO 2m,17:20,1.11126
Jan 2004,16-17/01/2004,MO 2m,17:30,1.1039
Jan 2004,16-17/01/2004,MO 2m,17:40,1.09813
Jan 2004,16-17/01/2004,MO 2m,17:50,1.09018
Jan 2004,16-17/01/2004,MO 2m,18:00,1.08123
Jan 2004,16-17/01/2004,MO 2m,18:10,1.06857
Jan 2004,16-17/01/2004,MO 2m,18:20,1.09236
Jan 2004,16-17/01/2004,MO 2m,18:30,1.17795
Jan 2004,16-17/01/2004,MO 2m,18:40,1.14993
Jan 2004,16-17/01/2004,MO 2m,18:50,1.14686
Jan 2004,16-17/01/2004,MO 2m,19:00,1.14011
Jan 2004,16-17/01/2004,MO 2m,19:10,1.14478
Jan 2004,16-17/01/2004,MO 2m,19:20,1.14845
Jan 2004,16-17/01/2004,MO 2m,5:30,0.80995
Jan 2004,16-17/01/2004,MO 2m,5:40,0.84282
Jan 2004,16-17/01/2004,MO 2m,5:50,0.87568
Jan 2004,16-17/01/2004,MO 2m,6:00,0.76005
Jan 2004,16-17/01/2004,MO 2m,6:10,0.75168
Jan 2004,16-17/01/2004,MO 2m,6:20,0.95282
Jan 2004,16-17/01/2004,MO 2m,6:30,1.12951
Jan 2004,16-17/01/2004,MO 2m,6:40,1.12454
Jan 2004,16-17/01/2004,MO 2m,6:50,1.14126
Jan 2004,16-17/01/2004,MO 2m,7:00,1.12398
Jan 2004,16-17/01/2004,MO 2m,7:10,1.16373
Jan 2004,16-17/01/2004,MO 2m,7:20,1.14895
Jan 2004,16-17/01/2004,MO 2m,7:30,1.15296
Jan 2004,16-17/01/2004,MO 2m,7:40,1.15896
Jan 2004,16-17/01/2004,MO 2m,7:50,1.1633
Jan 2004,16-17/01/2004,MO 2m,8:00,1.16603
Jan 2004,16-17/01/2004,MO 2m,8:10,1.17085
Jan 2004,16-17/01/2004,MO 2m,8:20,1.16979
Jan 2004,16-17/01/2004,MO 2m,8:30,1.16729
Jan 2004,16-17/01/2004,MO 2m,8:40,1.16578
Jan 2004,16-17/01/2004,MO 2m,8:50,1.16749
Jan 2004,16-17/01/2004,MO 2m,9:00,1.17141
Jan 2004,16-17/01/2004,MO 2m,9:10,1.16913
Jan 2004,16-17/01/2004,MO 2m,9:20,1.12159
Jan 2004,16-17/01/2004,MO 2m,9:30,1.11954
Jan 2004,16-17/01/2004,MO 2m,9:40,1.10344
Jan 2004,16-17/01/2004,MO 2m,9:50,1.05279
Jan 2004,09-10/01/2004,Open area 2m,10:00,1.04297
Jan 2004,09-10/01/2004,Open area 2m,10:10,1.05555
Jan 2004,09-10/01/2004,Open area 2m,10:20,1.07533
Jan 2004,09-10/01/2004,Open area 2m,10:30,1.03465
Jan 2004,09-10/01/2004,Open area 2m,10:40,1.03242
Jan 2004,09-10/01/2004,Open area 2m,10:50,1.05583
Jan 2004,09-10/01/2004,Open area 2m,11:00,1.06995
Jan 2004,09-10/01/2004,Open area 2m,11:10,1.07607
Jan 2004,09-10/01/2004,Open area 2m,11:20,1.07209
Jan 2004,09-10/01/2004,Open area 2m,11:30,1.05992
Jan 2004,09-10/01/2004,Open area 2m,11:40,1.07218
Jan 2004,09-10/01/2004,Open area 2m,11:50,1.06722
Jan 2004,09-10/01/2004,Open area 2m,12:00,1.07463
Jan 2004,09-10/01/2004,Open area 2m,12:10,1.06751
Jan 2004,09-10/01/2004,Open area 2m,12:20,1.07154
Jan 2004,09-10/01/2004,Open area 2m,12:30,1.06799
Jan 2004,09-10/01/2004,Open area 2m,12:40,1.07026
Jan 2004,09-10/01/2004,Open area 2m,12:50,1.07417
Jan 2004,09-10/01/2004,Open area 2m,13:00,1.07874
Jan 2004,09-10/01/2004,Open area 2m,13:10,1.1197
Jan 2004,09-10/01/2004,Open area 2m,13:20,1.0628
Jan 2004,09-10/01/2004,Open area 2m,13:30,1.05962
Jan 2004,09-10/01/2004,Open area 2m,13:40,1.05633
Jan 2004,09-10/01/2004,Open area 2m,13:50,1.06399
Jan 2004,09-10/01/2004,Open area 2m,14:00,1.04007
Jan 2004,09-10/01/2004,Open area 2m,14:10,1.06226
Jan 2004,09-10/01/2004,Open area 2m,14:20,1.06427
Jan 2004,09-10/01/2004,Open area 2m,14:30,1.05922
Jan 2004,09-10/01/2004,Open area 2m,14:40,1.06735
Jan 2004,09-10/01/2004,Open area 2m,14:50,1.06466
Jan 2004,09-10/01/2004,Open area 2m,15:00,1.06158
Jan 2004,09-10/01/2004,Open area 2m,15:10,1.07261
Jan 2004,09-10/01/2004,Open area 2m,15:20,1.07103
Jan 2004,09-10/01/2004,Open area 2m,15:30,1.06625
Jan 2004,09-10/01/2004,Open area 2m,15:40,1.04964
Jan 2004,09-10/01/2004,Open area 2m,15:50,1.0478
Jan 2004,09-10/01/2004,Open area 2m,16:00,1.05748
Jan 2004,09-10/01/2004,Open area 2m,16:10,1.02958
Jan 2004,09-10/01/2004,Open area 2m,16:20,1.04842
Jan 2004,09-10/01/2004,Open area 2m,16:30,1.05753
Jan 2004,09-10/01/2004,Open area 2m,16:40,1.16418
Jan 2004,09-10/01/2004,Open area 2m,16:50,1.20414
Jan 2004,09-10/01/2004,Open area 2m,17:00,1.21045
Jan 2004,09-10/01/2004,Open area 2m,17:10,1.10987
Jan 2004,09-10/01/2004,Open area 2m,17:20,1.04699
Jan 2004,09-10/01/2004,Open area 2m,17:30,1.19959
Jan 2004,09-10/01/2004,Open area 2m,17:40,1.2137
Jan 2004,09-10/01/2004,Open area 2m,17:50,1.08565
Jan 2004,09-10/01/2004,Open area 2m,18:00,1.01814
Jan 2004,09-10/01/2004,Open area 2m,18:10,1.07736
Jan 2004,09-10/01/2004,Open area 2m,18:20,1.09356
Jan 2004,09-10/01/2004,Open area 2m,18:30,1.11423
Jan 2004,09-10/01/2004,Open area 2m,18:40,1.15556
Jan 2004,09-10/01/2004,Open area 2m,18:50,1.12296
Jan 2004,09-10/01/2004,Open area 2m,19:00,1.21154
Jan 2004,09-10/01/2004,Open area 2m,19:10,1.18536
Jan 2004,09-10/01/2004,Open area 2m,19:20,1.19268
Jan 2004,09-10/01/2004,Open area 2m,5:30,0.91277
Jan 2004,09-10/01/2004,Open area 2m,5:40,0.93339
Jan 2004,09-10/01/2004,Open area 2m,5:50,0.95401
Jan 2004,09-10/01/2004,Open area 2m,6:00,0.70652
Jan 2004,09-10/01/2004,Open area 2m,6:10,1.08502
Jan 2004,09-10/01/2004,Open area 2m,6:20,1.14265
Jan 2004,09-10/01/2004,Open area 2m,6:30,1.16005
Jan 2004,09-10/01/2004,Open area 2m,6:40,1.10312
Jan 2004,09-10/01/2004,Open area 2m,6:50,1.02707
Jan 2004,09-10/01/2004,Open area 2m,7:00,1.04709
Jan 2004,09-10/01/2004,Open area 2m,7:10,1.14931
Jan 2004,09-10/01/2004,Open area 2m,7:20,1.15837
Jan 2004,09-10/01/2004,Open area 2m,7:30,1.16688
Jan 2004,09-10/01/2004,Open area 2m,7:40,1.14939
Jan 2004,09-10/01/2004,Open area 2m,7:50,1.16087
Jan 2004,09-10/01/2004,Open area 2m,8:00,1.1075
Jan 2004,09-10/01/2004,Open area 2m,8:10,1.03759
Jan 2004,09-10/01/2004,Open area 2m,8:20,1.04882
Jan 2004,09-10/01/2004,Open area 2m,8:30,1.08504
Jan 2004,09-10/01/2004,Open area 2m,8:40,1.02212
Jan 2004,09-10/01/2004,Open area 2m,8:50,1.1875
Jan 2004,09-10/01/2004,Open area 2m,9:00,1.0486
Jan 2004,09-10/01/2004,Open area 2m,9:10,1.06662
Jan 2004,09-10/01/2004,Open area 2m,9:20,1.05543
Jan 2004,09-10/01/2004,Open area 2m,9:30,1.07302
Jan 2004,09-10/01/2004,Open area 2m,9:40,0.96379
Jan 2004,09-10/01/2004,Open area 2m,9:50,1.05141
Jan 2004,12-13/01/2004,Open area 2m,10:00,1.07502
Jan 2004,12-13/01/2004,Open area 2m,10:10,1.08838
Jan 2004,12-13/01/2004,Open area 2m,10:20,1.09865
Jan 2004,12-13/01/2004,Open area 2m,10:30,1.09901
Jan 2004,12-13/01/2004,Open area 2m,10:40,1.10298
Jan 2004,12-13/01/2004,Open area 2m,10:50,1.10405
Jan 2004,12-13/01/2004,Open area 2m,11:00,1.1013
Jan 2004,12-13/01/2004,Open area 2m,11:10,1.09327
Jan 2004,12-13/01/2004,Open area 2m,11:20,1.082
Jan 2004,12-13/01/2004,Open area 2m,11:30,1.07454
Jan 2004,12-13/01/2004,Open area 2m,11:40,1.06578
Jan 2004,12-13/01/2004,Open area 2m,11:50,1.06279
Jan 2004,12-13/01/2004,Open area 2m,12:00,1.06139
Jan 2004,12-13/01/2004,Open area 2m,12:10,1.06611
Jan 2004,12-13/01/2004,Open area 2m,12:20,1.06628
Jan 2004,12-13/01/2004,Open area 2m,12:30,1.06025
Jan 2004,12-13/01/2004,Open area 2m,12:40,1.05128
Jan 2004,12-13/01/2004,Open area 2m,12:50,1.03133
Jan 2004,12-13/01/2004,Open area 2m,13:00,1.01744
Jan 2004,12-13/01/2004,Open area 2m,13:10,1.00367
Jan 2004,12-13/01/2004,Open area 2m,13:20,1.12272
Jan 2004,12-13/01/2004,Open area 2m,13:30,1.12386
Jan 2004,12-13/01/2004,Open area 2m,13:40,1.12453
Jan 2004,12-13/01/2004,Open area 2m,13:50,1.12539
Jan 2004,12-13/01/2004,Open area 2m,14:00,1.12021
Jan 2004,12-13/01/2004,Open area 2m,14:10,1.11842
Jan 2004,12-13/01/2004,Open area 2m,14:20,1.11159
Jan 2004,12-13/01/2004,Open area 2m,14:30,1.10892
Jan 2004,12-13/01/2004,Open area 2m,14:40,1.09943
Jan 2004,12-13/01/2004,Open area 2m,14:50,1.09215
Jan 2004,12-13/01/2004,Open area 2m,15:00,1.07936
Jan 2004,12-13/01/2004,Open area 2m,15:10,1.08697
Jan 2004,12-13/01/2004,Open area 2m,15:20,1.07028
Jan 2004,12-13/01/2004,Open area 2m,15:30,1.07893
Jan 2004,12-13/01/2004,Open area 2m,15:40,1.08324
Jan 2004,12-13/01/2004,Open area 2m,15:50,1.1724
Jan 2004,12-13/01/2004,Open area 2m,16:00,1.18512
Jan 2004,12-13/01/2004,Open area 2m,16:10,1.07965
Jan 2004,12-13/01/2004,Open area 2m,16:20,0.94697
Jan 2004,12-13/01/2004,Open area 2m,16:30,1.08602
Jan 2004,12-13/01/2004,Open area 2m,16:40,1.09601
Jan 2004,12-13/01/2004,Open area 2m,16:50,1.04967
Jan 2004,12-13/01/2004,Open area 2m,17:00,1.03666
Jan 2004,12-13/01/2004,Open area 2m,17:10,1.13346
Jan 2004,12-13/01/2004,Open area 2m,17:20,1.05744
Jan 2004,12-13/01/2004,Open area 2m,17:30,1.20122
Jan 2004,12-13/01/2004,Open area 2m,17:40,1.01839
Jan 2004,12-13/01/2004,Open area 2m,17:50,1.03464
Jan 2004,12-13/01/2004,Open area 2m,18:00,1.06999
Jan 2004,12-13/01/2004,Open area 2m,18:10,1.10762
Jan 2004,12-13/01/2004,Open area 2m,18:20,1.14315
Jan 2004,12-13/01/2004,Open area 2m,18:30,1.18672
Jan 2004,12-13/01/2004,Open area 2m,18:40,1.20389
Jan 2004,12-13/01/2004,Open area 2m,18:50,1.20346
Jan 2004,12-13/01/2004,Open area 2m,19:00,1.2033
Jan 2004,12-13/01/2004,Open area 2m,19:10,1.12615
Jan 2004,12-13/01/2004,Open area 2m,19:20,1.12792
Jan 2004,12-13/01/2004,Open area 2m,5:30,0.69713
Jan 2004,12-13/01/2004,Open area 2m,5:40,0.72955
Jan 2004,12-13/01/2004,Open area 2m,5:50,0.76197
Jan 2004,12-13/01/2004,Open area 2m,6:00,0.70789
Jan 2004,12-13/01/2004,Open area 2m,6:10,0.59158
Jan 2004,12-13/01/2004,Open area 2m,6:20,0.92861
Jan 2004,12-13/01/2004,Open area 2m,6:30,1.05343
Jan 2004,12-13/01/2004,Open area 2m,6:40,1.06111
Jan 2004,12-13/01/2004,Open area 2m,6:50,1.0147
Jan 2004,12-13/01/2004,Open area 2m,7:00,1.00984
Jan 2004,12-13/01/2004,Open area 2m,7:10,1.04119
Jan 2004,12-13/01/2004,Open area 2m,7:20,1.048
Jan 2004,12-13/01/2004,Open area 2m,7:30,1.06551
Jan 2004,12-13/01/2004,Open area 2m,7:40,1.07094
Jan 2004,12-13/01/2004,Open area 2m,7:50,1.07993
Jan 2004,12-13/01/2004,Open area 2m,8:00,1.08975
Jan 2004,12-13/01/2004,Open area 2m,8:10,1.08241
Jan 2004,12-13/01/2004,Open area 2m,8:20,1.0839
Jan 2004,12-13/01/2004,Open area 2m,8:30,1.09708
Jan 2004,12-13/01/2004,Open area 2m,8:40,1.09302
Jan 2004,12-13/01/2004,Open area 2m,8:50,1.10005
Jan 2004,12-13/01/2004,Open area 2m,9:00,1.0989
Jan 2004,12-13/01/2004,Open area 2m,9:10,1.09161
Jan 2004,12-13/01/2004,Open area 2m,9:20,1.07719
Jan 2004,12-13/01/2004,Open area 2m,9:30,1.0824
Jan 2004,12-13/01/2004,Open area 2m,9:40,1.07055
Jan 2004,12-13/01/2004,Open area 2m,9:50,1.06388
Mar 2004,03-04/04/2004,AFS 1.2m,10:00,0.49457
Mar 2004,03-04/04/2004,AFS 1.2m,10:10,0.65084
Mar 2004,03-04/04/2004,AFS 1.2m,10:20,0.66971
Mar 2004,03-04/04/2004,AFS 1.2m,10:30,0.65278
Mar 2004,03-04/04/2004,AFS 1.2m,10:40,0.55668
Mar 2004,03-04/04/2004,AFS 1.2m,10:50,0.69497
Mar 2004,03-04/04/2004,AFS 1.2m,11:00,0.93333
Mar 2004,03-04/04/2004,AFS 1.2m,11:10,0.71049
Mar 2004,03-04/04/2004,AFS 1.2m,11:20,0.63484
Mar 2004,03-04/04/2004,AFS 1.2m,11:30,0.66556
Mar 2004,03-04/04/2004,AFS 1.2m,11:40,0.66352
Mar 2004,03-04/04/2004,AFS 1.2m,11:50,0.77511
Mar 2004,03-04/04/2004,AFS 1.2m,12:00,0.66258
Mar 2004,03-04/04/2004,AFS 1.2m,12:10,0.78446
Mar 2004,03-04/04/2004,AFS 1.2m,12:20,0.85056
Mar 2004,03-04/04/2004,AFS 1.2m,12:30,0.69835
Mar 2004,03-04/04/2004,AFS 1.2m,12:40,0.61452
Mar 2004,03-04/04/2004,AFS 1.2m,12:50,0.51876
Mar 2004,03-04/04/2004,AFS 1.2m,13:00,0.4494
Mar 2004,03-04/04/2004,AFS 1.2m,13:10,0.44229
Mar 2004,03-04/04/2004,AFS 1.2m,13:20,0.49945
Mar 2004,03-04/04/2004,AFS 1.2m,13:30,0.49622
Mar 2004,03-04/04/2004,AFS 1.2m,13:40,0.69451
Mar 2004,03-04/04/2004,AFS 1.2m,13:50,0.89318
Mar 2004,03-04/04/2004,AFS 1.2m,14:00,0.48507
Mar 2004,03-04/04/2004,AFS 1.2m,14:10,0.59364
Mar 2004,03-04/04/2004,AFS 1.2m,14:20,0.52128
Mar 2004,03-04/04/2004,AFS 1.2m,14:30,0.59383
Mar 2004,03-04/04/2004,AFS 1.2m,14:40,0.53029
Mar 2004,03-04/04/2004,AFS 1.2m,14:50,0.52777
Mar 2004,03-04/04/2004,AFS 1.2m,15:00,0.68361
Mar 2004,03-04/04/2004,AFS 1.2m,15:10,0.44515
Mar 2004,03-04/04/2004,AFS 1.2m,15:20,0.74991
Mar 2004,03-04/04/2004,AFS 1.2m,15:30,0.45578
Mar 2004,03-04/04/2004,AFS 1.2m,15:40,0.52672
Mar 2004,03-04/04/2004,AFS 1.2m,15:50,0.48794
Mar 2004,03-04/04/2004,AFS 1.2m,16:00,0.55899
Mar 2004,03-04/04/2004,AFS 1.2m,16:10,0.62848
Mar 2004,03-04/04/2004,AFS 1.2m,16:20,0.54561
Mar 2004,03-04/04/2004,AFS 1.2m,16:30,0.49249
Mar 2004,03-04/04/2004,AFS 1.2m,16:40,0.52042
Mar 2004,03-04/04/2004,AFS 1.2m,16:50,0.48444
Mar 2004,03-04/04/2004,AFS 1.2m,17:00,0.53526
Mar 2004,03-04/04/2004,AFS 1.2m,17:10,0.50646
Mar 2004,03-04/04/2004,AFS 1.2m,17:20,0.5012
Mar 2004,03-04/04/2004,AFS 1.2m,17:30,0.49594
Mar 2004,03-04/04/2004,AFS 1.2m,17:40,0.49069
Mar 2004,03-04/04/2004,AFS 1.2m,17:50,0.48543
Mar 2004,03-04/04/2004,AFS 1.2m,18:00,0.48017
Mar 2004,03-04/04/2004,AFS 1.2m,18:10,0.47491
Mar 2004,03-04/04/2004,AFS 1.2m,18:20,0.46965
Mar 2004,03-04/04/2004,AFS 1.2m,5:50,0.25742
Mar 2004,03-04/04/2004,AFS 1.2m,6:00,0.22096
Mar 2004,03-04/04/2004,AFS 1.2m,6:10,0.38697
Mar 2004,03-04/04/2004,AFS 1.2m,6:20,0.48429
Mar 2004,03-04/04/2004,AFS 1.2m,6:30,0.53039
Mar 2004,03-04/04/2004,AFS 1.2m,6:40,0.5871
Mar 2004,03-04/04/2004,AFS 1.2m,6:50,0.60389
Mar 2004,03-04/04/2004,AFS 1.2m,7:00,0.6562
Mar 2004,03-04/04/2004,AFS 1.2m,7:10,0.65916
Mar 2004,03-04/04/2004,AFS 1.2m,7:20,0.65827
Mar 2004,03-04/04/2004,AFS 1.2m,7:30,0.68079
Mar 2004,03-04/04/2004,AFS 1.2m,7:40,0.95166
Mar 2004,03-04/04/2004,AFS 1.2m,7:50,0.86622
Mar 2004,03-04/04/2004,AFS 1.2m,8:00,0.32679
Mar 2004,03-04/04/2004,AFS 1.2m,8:10,0.50399
Mar 2004,03-04/04/2004,AFS 1.2m,8:20,0.60641
Mar 2004,03-04/04/2004,AFS 1.2m,8:30,0.35456
Mar 2004,03-04/04/2004,AFS 1.2m,8:40,0.53993
Mar 2004,03-04/04/2004,AFS 1.2m,8:50,0.56873
Mar 2004,03-04/04/2004,AFS 1.2m,9:00,0.48817
Mar 2004,03-04/04/2004,AFS 1.2m,9:10,0.64981
Mar 2004,03-04/04/2004,AFS 1.2m,9:20,0.70509
Mar 2004,03-04/04/2004,AFS 1.2m,9:30,0.73249
Mar 2004,03-04/04/2004,AFS 1.2m,9:40,0.74546
Mar 2004,03-04/04/2004,AFS 1.2m,9:50,0.6265
Mar 2004,07-08/03/2004,AFS 1.2m,10:00,0.42895
Mar 2004,07-08/03/2004,AFS 1.2m,10:10,0.88569
Mar 2004,07-08/03/2004,AFS 1.2m,10:20,1.00957
Mar 2004,07-08/03/2004,AFS 1.2m,10:30,0.85175
Mar 2004,07-08/03/2004,AFS 1.2m,10:40,0.83563
Mar 2004,07-08/03/2004,AFS 1.2m,10:50,0.25794
Mar 2004,07-08/03/2004,AFS 1.2m,11:00,0.19642
Mar 2004,07-08/03/2004,AFS 1.2m,11:10,0.33338
Mar 2004,07-08/03/2004,AFS 1.2m,11:20,0.67064
Mar 2004,07-08/03/2004,AFS 1.2m,11:30,0.74533
Mar 2004,07-08/03/2004,AFS 1.2m,11:40,0.28798
Mar 2004,07-08/03/2004,AFS 1.2m,11:50,0.67937
Mar 2004,07-08/03/2004,AFS 1.2m,12:00,0.81523
Mar 2004,07-08/03/2004,AFS 1.2m,12:10,0.85324
Mar 2004,07-08/03/2004,AFS 1.2m,12:20,0.76151
Mar 2004,07-08/03/2004,AFS 1.2m,12:30,0.72919
Mar 2004,07-08/03/2004,AFS 1.2m,12:40,0.64282
Mar 2004,07-08/03/2004,AFS 1.2m,13:20,0.76849
Mar 2004,07-08/03/2004,AFS 1.2m,13:30,0.80097
Mar 2004,07-08/03/2004,AFS 1.2m,13:40,0.51637
Mar 2004,07-08/03/2004,AFS 1.2m,13:50,0.49543
Mar 2004,07-08/03/2004,AFS 1.2m,14:00,0.59777
Mar 2004,07-08/03/2004,AFS 1.2m,14:10,0.6584
Mar 2004,07-08/03/2004,AFS 1.2m,14:20,0.50605
Mar 2004,07-08/03/2004,AFS 1.2m,14:30,0.52645
Mar 2004,07-08/03/2004,AFS 1.2m,14:40,0.5055
Mar 2004,07-08/03/2004,AFS 1.2m,14:50,0.93961
Mar 2004,07-08/03/2004,AFS 1.2m,15:00,0.47328
Mar 2004,07-08/03/2004,AFS 1.2m,15:10,0.67392
Mar 2004,07-08/03/2004,AFS 1.2m,15:20,0.34441
Mar 2004,07-08/03/2004,AFS 1.2m,15:30,0.33474
Mar 2004,07-08/03/2004,AFS 1.2m,15:40,0.40058
Mar 2004,07-08/03/2004,AFS 1.2m,15:50,0.59899
Mar 2004,07-08/03/2004,AFS 1.2m,16:00,0.55038
Mar 2004,07-08/03/2004,AFS 1.2m,16:10,0.72028
Mar 2004,07-08/03/2004,AFS 1.2m,16:20,0.591
Mar 2004,07-08/03/2004,AFS 1.2m,16:30,0.59856
Mar 2004,07-08/03/2004,AFS 1.2m,16:40,0.56651
Mar 2004,07-08/03/2004,AFS 1.2m,16:50,0.51934
Mar 2004,07-08/03/2004,AFS 1.2m,17:00,0.49328
Mar 2004,07-08/03/2004,AFS 1.2m,17:10,0.51972
Mar 2004,07-08/03/2004,AFS 1.2m,17:20,0.51468
Mar 2004,07-08/03/2004,AFS 1.2m,17:30,0.50964
Mar 2004,07-08/03/2004,AFS 1.2m,17:40,0.50461
Mar 2004,07-08/03/2004,AFS 1.2m,17:50,0.49957
Mar 2004,07-08/03/2004,AFS 1.2m,18:00,0.49453
Mar 2004,07-08/03/2004,AFS 1.2m,18:10,0.4895
Mar 2004,07-08/03/2004,AFS 1.2m,18:20,0.48446
Mar 2004,07-08/03/2004,AFS 1.2m,5:50,0.38306
Mar 2004,07-08/03/2004,AFS 1.2m,6:00,0.35181
Mar 2004,07-08/03/2004,AFS 1.2m,6:10,0.36951
Mar 2004,07-08/03/2004,AFS 1.2m,6:20,0.36151
Mar 2004,07-08/03/2004,AFS 1.2m,6:30,0.34399
Mar 2004,07-08/03/2004,AFS 1.2m,6:40,0.34017
Mar 2004,07-08/03/2004,AFS 1.2m,6:50,0.32799
Mar 2004,07-08/03/2004,AFS 1.2m,7:00,0.30418
Mar 2004,07-08/03/2004,AFS 1.2m,7:10,0.28744
Mar 2004,07-08/03/2004,AFS 1.2m,7:20,0.27022
Mar 2004,07-08/03/2004,AFS 1.2m,7:30,0.25737
Mar 2004,07-08/03/2004,AFS 1.2m,7:40,0.24626
Mar 2004,07-08/03/2004,AFS 1.2m,7:50,0.23835
Mar 2004,07-08/03/2004,AFS 1.2m,8:00,0.23091
Mar 2004,07-08/03/2004,AFS 1.2m,8:10,0.22533
Mar 2004,07-08/03/2004,AFS 1.2m,8:20,0.21986
Mar 2004,07-08/03/2004,AFS 1.2m,8:30,0.21306
Mar 2004,07-08/03/2004,AFS 1.2m,8:40,0.20958
Mar 2004,07-08/03/2004,AFS 1.2m,8:50,0.20867
Mar 2004,07-08/03/2004,AFS 1.2m,9:00,0.20924
Mar 2004,07-08/03/2004,AFS 1.2m,9:10,0.22973
Mar 2004,07-08/03/2004,AFS 1.2m,9:20,0.22784
Mar 2004,07-08/03/2004,AFS 1.2m,9:30,0.21939
Mar 2004,07-08/03/2004,AFS 1.2m,9:40,0.19531
Mar 2004,07-08/03/2004,AFS 1.2m,9:50,0.22302
Mar 2004,04-05/04/2004,AFS 2m,10:00,0.22004
Mar 2004,04-05/04/2004,AFS 2m,10:10,0.25092
Mar 2004,04-05/04/2004,AFS 2m,10:20,0.82353
Mar 2004,04-05/04/2004,AFS 2m,10:30,0.55548
Mar 2004,04-05/04/2004,AFS 2m,10:40,0.63252
Mar 2004,04-05/04/2004,AFS 2m,10:50,0.77388
Mar 2004,04-05/04/2004,AFS 2m,11:00,0.89443
Mar 2004,04-05/04/2004,AFS 2m,11:10,0.68351
Mar 2004,04-05/04/2004,AFS 2m,11:20,0.68831
Mar 2004,04-05/04/2004,AFS 2m,11:30,0.6688
Mar 2004,04-05/04/2004,AFS 2m,11:40,0.56445
Mar 2004,04-05/04/2004,AFS 2m,11:50,0.91962
Mar 2004,04-05/04/2004,AFS 2m,12:00,0.81583
Mar 2004,04-05/04/2004,AFS 2m,12:10,0.61345
Mar 2004,04-05/04/2004,AFS 2m,12:20,0.62878
Mar 2004,04-05/04/2004,AFS 2m,12:30,0.73745
Mar 2004,04-05/04/2004,AFS 2m,12:40,0.76726
Mar 2004,04-05/04/2004,AFS 2m,12:50,0.75787
Mar 2004,04-05/04/2004,AFS 2m,13:00,0.75109
Mar 2004,04-05/04/2004,AFS 2m,13:10,0.80183
Mar 2004,04-05/04/2004,AFS 2m,13:20,0.78822
Mar 2004,04-05/04/2004,AFS 2m,13:30,0.80894
Mar 2004,04-05/04/2004,AFS 2m,13:40,0.79531
Mar 2004,04-05/04/2004,AFS 2m,13:50,0.77105
Mar 2004,04-05/04/2004,AFS 2m,14:00,0.73094
Mar 2004,04-05/04/2004,AFS 2m,14:10,0.72177
Mar 2004,04-05/04/2004,AFS 2m,14:20,0.75017
Mar 2004,04-05/04/2004,AFS 2m,14:30,0.78211
Mar 2004,04-05/04/2004,AFS 2m,14:40,0.75822
Mar 2004,04-05/04/2004,AFS 2m,14:50,0.46696
Mar 2004,04-05/04/2004,AFS 2m,15:00,0.61028
Mar 2004,04-05/04/2004,AFS 2m,15:10,0.80261
Mar 2004,04-05/04/2004,AFS 2m,15:20,0.62281
Mar 2004,04-05/04/2004,AFS 2m,15:30,0.74678
Mar 2004,04-05/04/2004,AFS 2m,15:40,0.7179
Mar 2004,04-05/04/2004,AFS 2m,15:50,0.73803
Mar 2004,04-05/04/2004,AFS 2m,16:00,0.72872
Mar 2004,04-05/04/2004,AFS 2m,16:10,0.69349
Mar 2004,04-05/04/2004,AFS 2m,16:20,0.66263
Mar 2004,04-05/04/2004,AFS 2m,16:30,0.74025
Mar 2004,04-05/04/2004,AFS 2m,16:40,0.69959
Mar 2004,04-05/04/2004,AFS 2m,16:50,0.67996
Mar 2004,04-05/04/2004,AFS 2m,17:00,0.61067
Mar 2004,04-05/04/2004,AFS 2m,17:10,0.71345
Mar 2004,04-05/04/2004,AFS 2m,17:20,0.7179
Mar 2004,04-05/04/2004,AFS 2m,17:30,0.72236
Mar 2004,04-05/04/2004,AFS 2m,17:40,0.72681
Mar 2004,04-05/04/2004,AFS 2m,17:50,0.73126
Mar 2004,04-05/04/2004,AFS 2m,18:00,0.73572
Mar 2004,04-05/04/2004,AFS 2m,18:10,0.74017
Mar 2004,04-05/04/2004,AFS 2m,18:20,0.74462
Mar 2004,04-05/04/2004,AFS 2m,5:50,0.51708
Mar 2004,04-05/04/2004,AFS 2m,6:00,0.4849
Mar 2004,04-05/04/2004,AFS 2m,6:10,0.5666
Mar 2004,04-05/04/2004,AFS 2m,6:20,0.61255
Mar 2004,04-05/04/2004,AFS 2m,6:30,0.65585
Mar 2004,04-05/04/2004,AFS 2m,6:40,0.68415
Mar 2004,04-05/04/2004,AFS 2m,6:50,0.6887
Mar 2004,04-05/04/2004,AFS 2m,7:00,0.69497
Mar 2004,04-05/04/2004,AFS 2m,7:10,0.66033
Mar 2004,04-05/04/2004,AFS 2m,7:20,0.68859
Mar 2004,04-05/04/2004,AFS 2m,7:30,0.63841
Mar 2004,04-05/04/2004,AFS 2m,7:40,0.96034
Mar 2004,04-05/04/2004,AFS 2m,7:50,0.86522
Mar 2004,04-05/04/2004,AFS 2m,8:00,0.5369
Mar 2004,04-05/04/2004,AFS 2m,8:10,0.62855
Mar 2004,04-05/04/2004,AFS 2m,8:20,0.49311
Mar 2004,04-05/04/2004,AFS 2m,8:30,0.29848
Mar 2004,04-05/04/2004,AFS 2m,8:40,0.25373
Mar 2004,04-05/04/2004,AFS 2m,8:50,0.25326
Mar 2004,04-05/04/2004,AFS 2m,9:00,0.26967
Mar 2004,04-05/04/2004,AFS 2m,9:10,0.67656
Mar 2004,04-05/04/2004,AFS 2m,9:20,0.42233
Mar 2004,04-05/04/2004,AFS 2m,9:30,0.49052
Mar 2004,04-05/04/2004,AFS 2m,9:40,0.2208
Mar 2004,04-05/04/2004,AFS 2m,9:50,0.36819
Mar 2004,05-06/03/2004,AFS 2m,13:20,0.40777
Mar 2004,05-06/03/2004,AFS 2m,13:30,0.30566
Mar 2004,05-06/03/2004,AFS 2m,13:40,0.37148
Mar 2004,05-06/03/2004,AFS 2m,13:50,0.45463
Mar 2004,05-06/03/2004,AFS 2m,14:00,0.6905
Mar 2004,05-06/03/2004,AFS 2m,14:10,0.42148
Mar 2004,05-06/03/2004,AFS 2m,14:20,0.6117
Mar 2004,05-06/03/2004,AFS 2m,14:30,0.67336
Mar 2004,05-06/03/2004,AFS 2m,14:40,0.38345
Mar 2004,05-06/03/2004,AFS 2m,14:50,0.37268
Mar 2004,05-06/03/2004,AFS 2m,15:00,0.32255
Mar 2004,05-06/03/2004,AFS 2m,15:10,0.54526
Mar 2004,05-06/03/2004,AFS 2m,15:20,0.47468
Mar 2004,05-06/03/2004,AFS 2m,15:30,0.44635
Mar 2004,05-06/03/2004,AFS 2m,15:40,0.70132
Mar 2004,05-06/03/2004,AFS 2m,15:50,0.758
Mar 2004,05-06/03/2004,AFS 2m,16:00,0.58844
Mar 2004,05-06/03/2004,AFS 2m,16:10,0.44938
Mar 2004,05-06/03/2004,AFS 2m,16:20,0.38285
Mar 2004,05-06/03/2004,AFS 2m,16:30,0.63283
Mar 2004,05-06/03/2004,AFS 2m,16:40,0.54215
Mar 2004,05-06/03/2004,AFS 2m,16:50,0.52956
Mar 2004,05-06/03/2004,AFS 2m,17:00,0.64147
Mar 2004,05-06/03/2004,AFS 2m,17:10,0.62011
Mar 2004,05-06/03/2004,AFS 2m,17:20,0.63244
Mar 2004,05-06/03/2004,AFS 2m,17:30,0.64476
Mar 2004,05-06/03/2004,AFS 2m,17:40,0.65709
Mar 2004,05-06/03/2004,AFS 2m,17:50,0.66941
Mar 2004,05-06/03/2004,AFS 2m,18:00,0.68174
Mar 2004,05-06/03/2004,AFS 2m,18:10,0.69406
Mar 2004,05-06/03/2004,AFS 2m,18:20,0.70638
Mar 2004,10-11/03/2004,MO 1.2m,10:00,0.94992
Mar 2004,10-11/03/2004,MO 1.2m,10:10,0.96367
Mar 2004,10-11/03/2004,MO 1.2m,10:20,1.08059
Mar 2004,10-11/03/2004,MO 1.2m,10:30,1.07925
Mar 2004,10-11/03/2004,MO 1.2m,10:40,0.9671
Mar 2004,10-11/03/2004,MO 1.2m,10:50,1.0076
Mar 2004,10-11/03/2004,MO 1.2m,11:00,0.93755
Mar 2004,10-11/03/2004,MO 1.2m,11:10,0.84285
Mar 2004,10-11/03/2004,MO 1.2m,11:20,0.90864
Mar 2004,10-11/03/2004,MO 1.2m,11:30,0.56504
Mar 2004,10-11/03/2004,MO 1.2m,11:40,0.4487
Mar 2004,10-11/03/2004,MO 1.2m,11:50,0.38975
Mar 2004,10-11/03/2004,MO 1.2m,12:00,0.44371
Mar 2004,10-11/03/2004,MO 1.2m,12:10,0.50971
Mar 2004,10-11/03/2004,MO 1.2m,12:20,1.01042
Mar 2004,10-11/03/2004,MO 1.2m,12:30,1.09771
Mar 2004,10-11/03/2004,MO 1.2m,12:40,1.0373
Mar 2004,10-11/03/2004,MO 1.2m,12:50,0.92962
Mar 2004,10-11/03/2004,MO 1.2m,13:00,0.91612
Mar 2004,10-11/03/2004,MO 1.2m,13:10,1.02878
Mar 2004,10-11/03/2004,MO 1.2m,13:20,0.94432
Mar 2004,10-11/03/2004,MO 1.2m,13:30,1.03498
Mar 2004,10-11/03/2004,MO 1.2m,13:40,0.96888
Mar 2004,10-11/03/2004,MO 1.2m,13:50,0.94294
Mar 2004,10-11/03/2004,MO 1.2m,14:00,0.9973
Mar 2004,10-11/03/2004,MO 1.2m,14:10,0.97901
Mar 2004,10-11/03/2004,MO 1.2m,14:20,1.07073
Mar 2004,10-11/03/2004,MO 1.2m,14:30,1.08959
Mar 2004,10-11/03/2004,MO 1.2m,14:40,1.08456
Mar 2004,10-11/03/2004,MO 1.2m,14:50,1.06522
Mar 2004,10-11/03/2004,MO 1.2m,15:00,1.06424
Mar 2004,10-11/03/2004,MO 1.2m,15:10,1.06974
Mar 2004,10-11/03/2004,MO 1.2m,15:20,0.91128
Mar 2004,10-11/03/2004,MO 1.2m,15:30,0.96772
Mar 2004,10-11/03/2004,MO 1.2m,15:40,0.97551
Mar 2004,10-11/03/2004,MO 1.2m,15:50,1.03429
Mar 2004,10-11/03/2004,MO 1.2m,16:00,1.09338
Mar 2004,10-11/03/2004,MO 1.2m,16:10,1.0317
Mar 2004,10-11/03/2004,MO 1.2m,16:20,0.96018
Mar 2004,10-11/03/2004,MO 1.2m,16:30,0.98388
Mar 2004,10-11/03/2004,MO 1.2m,16:40,0.98166
Mar 2004,10-11/03/2004,MO 1.2m,16:50,0.95385
Mar 2004,10-11/03/2004,MO 1.2m,17:00,0.90769
Mar 2004,10-11/03/2004,MO 1.2m,17:10,0.94469
Mar 2004,10-11/03/2004,MO 1.2m,17:20,0.93731
Mar 2004,10-11/03/2004,MO 1.2m,17:30,0.92994
Mar 2004,10-11/03/2004,MO 1.2m,17:40,0.92256
Mar 2004,10-11/03/2004,MO 1.2m,17:50,0.91518
Mar 2004,10-11/03/2004,MO 1.2m,18:00,0.9078
Mar 2004,10-11/03/2004,MO 1.2m,18:10,0.90043
Mar 2004,10-11/03/2004,MO 1.2m,18:20,0.89305
Mar 2004,10-11/03/2004,MO 1.2m,5:50,1.1468
Mar 2004,10-11/03/2004,MO 1.2m,6:00,0.96558
Mar 2004,10-11/03/2004,MO 1.2m,6:10,1.1528
Mar 2004,10-11/03/2004,MO 1.2m,6:20,1.18261
Mar 2004,10-11/03/2004,MO 1.2m,6:30,1.04975
Mar 2004,10-11/03/2004,MO 1.2m,6:40,0.95183
Mar 2004,10-11/03/2004,MO 1.2m,6:50,0.881
Mar 2004,10-11/03/2004,MO 1.2m,7:00,0.97544
Mar 2004,10-11/03/2004,MO 1.2m,7:10,0.84559
Mar 2004,10-11/03/2004,MO 1.2m,7:20,0.88164
Mar 2004,10-11/03/2004,MO 1.2m,7:30,0.94261
Mar 2004,10-11/03/2004,MO 1.2m,7:40,0.86592
Mar 2004,10-11/03/2004,MO 1.2m,7:50,0.84973
Mar 2004,10-11/03/2004,MO 1.2m,8:00,1.07831
Mar 2004,10-11/03/2004,MO 1.2m,8:10,1.06253
Mar 2004,10-11/03/2004,MO 1.2m,8:20,1.02661
Mar 2004,10-11/03/2004,MO 1.2m,8:30,1.07275
Mar 2004,10-11/03/2004,MO 1.2m,8:40,1.07285
Mar 2004,10-11/03/2004,MO 1.2m,8:50,0.95376
Mar 2004,10-11/03/2004,MO 1.2m,9:00,0.49206
Mar 2004,10-11/03/2004,MO 1.2m,9:10,1.05773
Mar 2004,10-11/03/2004,MO 1.2m,9:20,0.89941
Mar 2004,10-11/03/2004,MO 1.2m,9:30,0.92444
Mar 2004,10-11/03/2004,MO 1.2m,9:40,1.03009
Mar 2004,10-11/03/2004,MO 1.2m,9:50,0.90107
Mar 2004,09-10/03/2004,MO 2m,10:00,1.09478
Mar 2004,09-10/03/2004,MO 2m,10:10,1.10074
Mar 2004,09-10/03/2004,MO 2m,10:20,1.07273
Mar 2004,09-10/03/2004,MO 2m,10:30,1.1142
Mar 2004,09-10/03/2004,MO 2m,10:40,1.11683
Mar 2004,09-10/03/2004,MO 2m,10:50,1.11466
Mar 2004,09-10/03/2004,MO 2m,11:00,1.09766
Mar 2004,09-10/03/2004,MO 2m,11:10,1.03649
Mar 2004,09-10/03/2004,MO 2m,11:20,1.11586
Mar 2004,09-10/03/2004,MO 2m,11:30,1.07528
Mar 2004,09-10/03/2004,MO 2m,11:40,1.0631
Mar 2004,09-10/03/2004,MO 2m,11:50,1.04086
Mar 2004,09-10/03/2004,MO 2m,12:00,0.99571
Mar 2004,09-10/03/2004,MO 2m,12:10,1.02596
Mar 2004,09-10/03/2004,MO 2m,12:20,1.07711
Mar 2004,09-10/03/2004,MO 2m,12:30,1.06399
Mar 2004,09-10/03/2004,MO 2m,12:40,0.96326
Mar 2004,09-10/03/2004,MO 2m,12:50,0.94481
Mar 2004,09-10/03/2004,MO 2m,13:00,0.97549
Mar 2004,09-10/03/2004,MO 2m,13:10,1.00387
Mar 2004,09-10/03/2004,MO 2m,13:20,1.10971
Mar 2004,09-10/03/2004,MO 2m,13:30,1.0802
Mar 2004,09-10/03/2004,MO 2m,13:40,1.09224
Mar 2004,09-10/03/2004,MO 2m,13:50,1.0518
Mar 2004,09-10/03/2004,MO 2m,14:00,1.0329
Mar 2004,09-10/03/2004,MO 2m,14:10,1.06655
Mar 2004,09-10/03/2004,MO 2m,14:20,1.08376
Mar 2004,09-10/03/2004,MO 2m,14:30,1.04487
Mar 2004,09-10/03/2004,MO 2m,14:40,1.07923
Mar 2004,09-10/03/2004,MO 2m,14:50,1.07198
Mar 2004,09-10/03/2004,MO 2m,15:00,1.03177
Mar 2004,09-10/03/2004,MO 2m,15:10,1.02236
Mar 2004,09-10/03/2004,MO 2m,15:20,1.07652
Mar 2004,09-10/03/2004,MO 2m,15:30,1.14397
Mar 2004,09-10/03/2004,MO 2m,15:40,1.08524
Mar 2004,09-10/03/2004,MO 2m,15:50,1.09143
Mar 2004,09-10/03/2004,MO 2m,16:00,1.1161
Mar 2004,09-10/03/2004,MO 2m,16:10,1.14542
Mar 2004,09-10/03/2004,MO 2m,16:20,1.03481
Mar 2004,09-10/03/2004,MO 2m,16:30,1.0356
Mar 2004,09-10/03/2004,MO 2m,16:40,1.03828
Mar 2004,09-10/03/2004,MO 2m,16:50,0.98987
Mar 2004,09-10/03/2004,MO 2m,17:00,1.01474
Mar 2004,09-10/03/2004,MO 2m,17:10,1.03631
Mar 2004,09-10/03/2004,MO 2m,17:20,1.0326
Mar 2004,09-10/03/2004,MO 2m,17:30,1.02889
Mar 2004,09-10/03/2004,MO 2m,17:40,1.02518
Mar 2004,09-10/03/2004,MO 2m,17:50,1.02147
Mar 2004,09-10/03/2004,MO 2m,18:00,1.01775
Mar 2004,09-10/03/2004,MO 2m,18:10,1.01404
Mar 2004,09-10/03/2004,MO 2m,18:20,1.01033
Mar 2004,09-10/03/2004,MO 2m,5:50,1.12093
Mar 2004,09-10/03/2004,MO 2m,6:00,1.15452
Mar 2004,09-10/03/2004,MO 2m,6:10,1.07926
Mar 2004,09-10/03/2004,MO 2m,6:20,1.12155
Mar 2004,09-10/03/2004,MO 2m,6:30,1.14106
Mar 2004,09-10/03/2004,MO 2m,6:40,1.1516
Mar 2004,09-10/03/2004,MO 2m,6:50,1.1302
Mar 2004,09-10/03/2004,MO 2m,7:00,1.13046
Mar 2004,09-10/03/2004,MO 2m,7:10,1.1397
Mar 2004,09-10/03/2004,MO 2m,7:20,1.14005
Mar 2004,09-10/03/2004,MO 2m,7:30,1.11983
Mar 2004,09-10/03/2004,MO 2m,7:40,1.14703
Mar 2004,09-10/03/2004,MO 2m,7:50,1.11653
Mar 2004,09-10/03/2004,MO 2m,8:00,1.1214
Mar 2004,09-10/03/2004,MO 2m,8:10,1.11865
Mar 2004,09-10/03/2004,MO 2m,8:20,1.11054
Mar 2004,09-10/03/2004,MO 2m,8:30,1.09664
Mar 2004,09-10/03/2004,MO 2m,8:40,1.11598
Mar 2004,09-10/03/2004,MO 2m,8:50,1.10261
Mar 2004,09-10/03/2004,MO 2m,9:00,1.08813
Mar 2004,09-10/03/2004,MO 2m,9:10,1.06472
Mar 2004,09-10/03/2004,MO 2m,9:20,1.07711
Mar 2004,09-10/03/2004,MO 2m,9:30,1.06792
Mar 2004,09-10/03/2004,MO 2m,9:40,1.07264
Mar 2004,09-10/03/2004,MO 2m,9:50,1.0792
Mar 2004,08-09/03/2004,Open area 2m,10:00,1.10148
Mar 2004,08-09/03/2004,Open area 2m,10:10,1.10735
Mar 2004,08-09/03/2004,Open area 2m,10:20,1.10979
Mar 2004,08-09/03/2004,Open area 2m,10:30,1.12729
Mar 2004,08-09/03/2004,Open area 2m,10:40,1.13313
Mar 2004,08-09/03/2004,Open area 2m,10:50,1.14073
Mar 2004,08-09/03/2004,Open area 2m,11:00,1.1385
Mar 2004,08-09/03/2004,Open area 2m,11:10,1.13456
Mar 2004,08-09/03/2004,Open area 2m,11:20,1.13122
Mar 2004,08-09/03/2004,Open area 2m,11:30,1.13076
Mar 2004,08-09/03/2004,Open area 2m,11:40,1.1304
Mar 2004,08-09/03/2004,Open area 2m,11:50,1.12653
Mar 2004,08-09/03/2004,Open area 2m,12:00,1.12607
Mar 2004,08-09/03/2004,Open area 2m,12:10,1.12376
Mar 2004,08-09/03/2004,Open area 2m,12:20,1.12446
Mar 2004,08-09/03/2004,Open area 2m,12:30,1.12312
Mar 2004,08-09/03/2004,Open area 2m,12:40,1.12034
Mar 2004,08-09/03/2004,Open area 2m,12:50,1.02277
Mar 2004,08-09/03/2004,Open area 2m,13:00,1.04417
Mar 2004,08-09/03/2004,Open area 2m,13:10,1.12625
Mar 2004,08-09/03/2004,Open area 2m,13:20,1.12826
Mar 2004,08-09/03/2004,Open area 2m,13:30,1.1259
Mar 2004,08-09/03/2004,Open area 2m,13:40,1.12613
Mar 2004,08-09/03/2004,Open area 2m,13:50,1.12479
Mar 2004,08-09/03/2004,Open area 2m,14:00,1.12676
Mar 2004,08-09/03/2004,Open area 2m,14:10,1.12353
Mar 2004,08-09/03/2004,Open area 2m,14:20,1.12115
Mar 2004,08-09/03/2004,Open area 2m,14:30,1.11301
Mar 2004,08-09/03/2004,Open area 2m,14:40,1.09339
Mar 2004,08-09/03/2004,Open area 2m,14:50,1.08138
Mar 2004,08-09/03/2004,Open area 2m,15:00,1.11661
Mar 2004,08-09/03/2004,Open area 2m,15:10,1.16464
Mar 2004,08-09/03/2004,Open area 2m,15:20,1.20263
Mar 2004,08-09/03/2004,Open area 2m,15:30,1.1236
Mar 2004,08-09/03/2004,Open area 2m,15:40,1.12423
Mar 2004,08-09/03/2004,Open area 2m,15:50,1.12362
Mar 2004,08-09/03/2004,Open area 2m,16:00,1.12105
Mar 2004,08-09/03/2004,Open area 2m,16:10,1.13633
Mar 2004,08-09/03/2004,Open area 2m,16:20,1.04059
Mar 2004,08-09/03/2004,Open area 2m,16:30,0.97418
Mar 2004,08-09/03/2004,Open area 2m,16:40,1.00192
Mar 2004,08-09/03/2004,Open area 2m,16:50,0.97353
Mar 2004,08-09/03/2004,Open area 2m,17:00,0.87056
Mar 2004,08-09/03/2004,Open area 2m,17:10,0.96285
Mar 2004,08-09/03/2004,Open area 2m,17:20,0.94373
Mar 2004,08-09/03/2004,Open area 2m,17:30,0.92461
Mar 2004,08-09/03/2004,Open area 2m,17:40,0.9055
Mar 2004,08-09/03/2004,Open area 2m,17:50,0.88638
Mar 2004,08-09/03/2004,Open area 2m,18:00,0.86726
Mar 2004,08-09/03/2004,Open area 2m,18:10,0.84814
Mar 2004,08-09/03/2004,Open area 2m,18:20,0.82902
Mar 2004,08-09/03/2004,Open area 2m,5:50,1.03794
Mar 2004,08-09/03/2004,Open area 2m,6:00,1.02362
Mar 2004,08-09/03/2004,Open area 2m,6:10,1.02725
Mar 2004,08-09/03/2004,Open area 2m,6:20,1.04175
Mar 2004,08-09/03/2004,Open area 2m,6:30,1.04933
Mar 2004,08-09/03/2004,Open area 2m,6:40,1.0353
Mar 2004,08-09/03/2004,Open area 2m,6:50,1.02162
Mar 2004,08-09/03/2004,Open area 2m,7:00,1.20329
Mar 2004,08-09/03/2004,Open area 2m,7:10,1.16667
Mar 2004,08-09/03/2004,Open area 2m,7:20,1.13943
Mar 2004,08-09/03/2004,Open area 2m,7:30,1.15205
Mar 2004,08-09/03/2004,Open area 2m,7:40,1.15574
Mar 2004,08-09/03/2004,Open area 2m,7:50,1.14871
Mar 2004,08-09/03/2004,Open area 2m,8:00,1.14756
Mar 2004,08-09/03/2004,Open area 2m,8:10,1.11612
Mar 2004,08-09/03/2004,Open area 2m,8:20,1.13101
Mar 2004,08-09/03/2004,Open area 2m,8:30,1.11333
Mar 2004,08-09/03/2004,Open area 2m,8:40,1.11149
Mar 2004,08-09/03/2004,Open area 2m,8:50,1.10985
Mar 2004,08-09/03/2004,Open area 2m,9:00,1.0949
Mar 2004,08-09/03/2004,Open area 2m,9:10,1.09057
Mar 2004,08-09/03/2004,Open area 2m,9:20,1.10519
Mar 2004,08-09/03/2004,Open area 2m,9:30,1.10542
Mar 2004,08-09/03/2004,Open area 2m,9:40,1.10554
Mar 2004,08-09/03/2004,Open area 2m,9:50,1.08599
Mar 2004,11-12/03/2004,Open area 2m,10:00,1.1094
Mar 2004,11-12/03/2004,Open area 2m,10:10,1.10986
Mar 2004,11-12/03/2004,Open area 2m,10:20,1.10759
Mar 2004,11-12/03/2004,Open area 2m,10:30,1.10701
Mar 2004,11-12/03/2004,Open area 2m,10:40,1.10613
Mar 2004,11-12/03/2004,Open area 2m,10:50,1.10463
Mar 2004,11-12/03/2004,Open area 2m,11:00,1.10333
Mar 2004,11-12/03/2004,Open area 2m,11:10,1.10262
Mar 2004,11-12/03/2004,Open area 2m,11:20,1.1013
Mar 2004,11-12/03/2004,Open area 2m,11:30,1.10014
Mar 2004,11-12/03/2004,Open area 2m,11:40,1.09973
Mar 2004,11-12/03/2004,Open area 2m,11:50,1.1037
Mar 2004,11-12/03/2004,Open area 2m,12:00,1.10984
Mar 2004,11-12/03/2004,Open area 2m,12:10,1.1053
Mar 2004,11-12/03/2004,Open area 2m,12:20,1.11653
Mar 2004,11-12/03/2004,Open area 2m,12:30,1.11054
Mar 2004,11-12/03/2004,Open area 2m,12:40,1.04476
Mar 2004,11-12/03/2004,Open area 2m,12:50,1.01825
Mar 2004,11-12/03/2004,Open area 2m,13:00,1.02384
Mar 2004,11-12/03/2004,Open area 2m,13:10,1.02978
Mar 2004,11-12/03/2004,Open area 2m,13:20,1.0959
Mar 2004,11-12/03/2004,Open area 2m,13:30,1.13261
Mar 2004,11-12/03/2004,Open area 2m,13:40,1.09804
Mar 2004,11-12/03/2004,Open area 2m,13:50,1.08178
Mar 2004,11-12/03/2004,Open area 2m,14:00,1.07969
Mar 2004,11-12/03/2004,Open area 2m,14:10,1.08412
Mar 2004,11-12/03/2004,Open area 2m,14:20,1.08835
Mar 2004,11-12/03/2004,Open area 2m,14:30,1.0778
Mar 2004,11-12/03/2004,Open area 2m,14:40,1.0816
Mar 2004,11-12/03/2004,Open area 2m,14:50,1.08502
Mar 2004,11-12/03/2004,Open area 2m,15:00,1.02477
Mar 2004,11-12/03/2004,Open area 2m,15:10,1.01008
Mar 2004,11-12/03/2004,Open area 2m,15:20,1.05246
Mar 2004,11-12/03/2004,Open area 2m,15:30,1.06236
Mar 2004,11-12/03/2004,Open area 2m,15:40,1.15411
Mar 2004,11-12/03/2004,Open area 2m,15:50,1.18954
Mar 2004,11-12/03/2004,Open area 2m,16:00,1.13974
Mar 2004,11-12/03/2004,Open area 2m,16:10,1.14054
Mar 2004,11-12/03/2004,Open area 2m,16:20,1.16127
Mar 2004,11-12/03/2004,Open area 2m,16:30,1.11321
Mar 2004,11-12/03/2004,Open area 2m,16:40,1.1094
Mar 2004,11-12/03/2004,Open area 2m,16:50,1.1809
Mar 2004,11-12/03/2004,Open area 2m,17:00,1.11021
Mar 2004,11-12/03/2004,Open area 2m,17:10,1.12188
Mar 2004,11-12/03/2004,Open area 2m,17:20,1.12306
Mar 2004,11-12/03/2004,Open area 2m,17:30,1.12423
Mar 2004,11-12/03/2004,Open area 2m,17:40,1.15413
Mar 2004,11-12/03/2004,Open area 2m,17:50,1.16592
Mar 2004,11-12/03/2004,Open area 2m,18:00,1.1777
Mar 2004,11-12/03/2004,Open area 2m,18:10,1.12895
Mar 2004,11-12/03/2004,Open area 2m,18:20,1.13013
Mar 2004,11-12/03/2004,Open area 2m,5:50,1.14736
Mar 2004,11-12/03/2004,Open area 2m,6:00,1.16235
Mar 2004,11-12/03/2004,Open area 2m,6:10,1.13111
Mar 2004,11-12/03/2004,Open area 2m,6:20,1.14052
Mar 2004,11-12/03/2004,Open area 2m,6:30,1.15976
Mar 2004,11-12/03/2004,Open area 2m,6:40,1.15357
Mar 2004,11-12/03/2004,Open area 2m,6:50,1.15764
Mar 2004,11-12/03/2004,Open area 2m,7:00,1.15439
Mar 2004,11-12/03/2004,Open area 2m,7:10,1.14912
Mar 2004,11-12/03/2004,Open area 2m,7:20,1.14506
Mar 2004,11-12/03/2004,Open area 2m,7:30,1.14188
Mar 2004,11-12/03/2004,Open area 2m,7:40,1.13785
Mar 2004,11-12/03/2004,Open area 2m,7:50,1.13474
Mar 2004,11-12/03/2004,Open area 2m,8:00,1.13262
Mar 2004,11-12/03/2004,Open area 2m,8:10,1.13061
Mar 2004,11-12/03/2004,Open area 2m,8:20,1.128
Mar 2004,11-12/03/2004,Open area 2m,8:30,1.12441
Mar 2004,11-12/03/2004,Open area 2m,8:40,1.12123
Mar 2004,11-12/03/2004,Open area 2m,8:50,1.11987
Mar 2004,11-12/03/2004,Open area 2m,9:00,1.11675
Mar 2004,11-12/03/2004,Open area 2m,9:10,1.11314
Mar 2004,11-12/03/2004,Open area 2m,9:20,1.11306
Mar 2004,11-12/03/2004,Open area 2m,9:30,1.11233
Mar 2004,11-12/03/2004,Open area 2m,9:40,1.11184
Mar 2004,11-12/03/2004,Open area 2m,9:50,1.11006
May 2004,02-03/06/2004,AFS 1.2m,10:00,1.01203
May 2004,02-03/06/2004,AFS 1.2m,10:10,0.9641
May 2004,02-03/06/2004,AFS 1.2m,10:20,0.74408
May 2004,02-03/06/2004,AFS 1.2m,10:30,0.7167
May 2004,02-03/06/2004,AFS 1.2m,10:40,0.66312
May 2004,02-03/06/2004,AFS 1.2m,10:50,0.54984
May 2004,02-03/06/2004,AFS 1.2m,11:00,0.33688
May 2004,02-03/06/2004,AFS 1.2m,11:10,0.30312
May 2004,02-03/06/2004,AFS 1.2m,11:20,0.36539
May 2004,02-03/06/2004,AFS 1.2m,11:30,0.35212
May 2004,02-03/06/2004,AFS 1.2m,11:40,0.49495
May 2004,02-03/06/2004,AFS 1.2m,11:50,0.64989
May 2004,02-03/06/2004,AFS 1.2m,12:00,0.67659
May 2004,02-03/06/2004,AFS 1.2m,12:10,0.62552
May 2004,02-03/06/2004,AFS 1.2m,12:20,0.60595
May 2004,02-03/06/2004,AFS 1.2m,12:30,0.63284
May 2004,02-03/06/2004,AFS 1.2m,12:40,0.61124
May 2004,02-03/06/2004,AFS 1.2m,12:50,0.96983
May 2004,02-03/06/2004,AFS 1.2m,13:00,0.66245
May 2004,02-03/06/2004,AFS 1.2m,13:10,0.72977
May 2004,02-03/06/2004,AFS 1.2m,13:20,0.58611
May 2004,02-03/06/2004,AFS 1.2m,13:30,0.61767
May 2004,02-03/06/2004,AFS 1.2m,13:40,0.69174
May 2004,02-03/06/2004,AFS 1.2m,13:50,0.52364
May 2004,02-03/06/2004,AFS 1.2m,14:00,0.58664
May 2004,02-03/06/2004,AFS 1.2m,14:10,0.7936
May 2004,02-03/06/2004,AFS 1.2m,14:20,0.73399
May 2004,02-03/06/2004,AFS 1.2m,14:30,0.83382
May 2004,02-03/06/2004,AFS 1.2m,14:40,0.91007
May 2004,02-03/06/2004,AFS 1.2m,14:50,0.59523
May 2004,02-03/06/2004,AFS 1.2m,15:00,0.64857
May 2004,02-03/06/2004,AFS 1.2m,15:10,0.72742
May 2004,02-03/06/2004,AFS 1.2m,15:20,0.77568
May 2004,02-03/06/2004,AFS 1.2m,15:30,0.78077
May 2004,02-03/06/2004,AFS 1.2m,15:40,0.78295
May 2004,02-03/06/2004,AFS 1.2m,15:50,0.78835
May 2004,02-03/06/2004,AFS 1.2m,16:00,0.79175
May 2004,02-03/06/2004,AFS 1.2m,16:10,0.79943
May 2004,02-03/06/2004,AFS 1.2m,16:20,0.8015
May 2004,02-03/06/2004,AFS 1.2m,16:30,0.79806
May 2004,02-03/06/2004,AFS 1.2m,16:40,0.76532
May 2004,02-03/06/2004,AFS 1.2m,16:50,0.79902
May 2004,02-03/06/2004,AFS 1.2m,17:00,0.78241
May 2004,02-03/06/2004,AFS 1.2m,17:10,0.73714
May 2004,02-03/06/2004,AFS 1.2m,17:20,0.76673
May 2004,02-03/06/2004,AFS 1.2m,17:30,0.76719
May 2004,02-03/06/2004,AFS 1.2m,17:40,0.74532
May 2004,02-03/06/2004,AFS 1.2m,17:50,0.73715
May 2004,02-03/06/2004,AFS 1.2m,18:00,0.77478
May 2004,02-03/06/2004,AFS 1.2m,18:10,0.78169
May 2004,02-03/06/2004,AFS 1.2m,18:20,0.60146
May 2004,02-03/06/2004,AFS 1.2m,7:20,0.1978
May 2004,02-03/06/2004,AFS 1.2m,7:30,0.34708
May 2004,02-03/06/2004,AFS 1.2m,7:40,0.59564
May 2004,02-03/06/2004,AFS 1.2m,7:50,0.73118
May 2004,02-03/06/2004,AFS 1.2m,8:00,0.7716
May 2004,02-03/06/2004,AFS 1.2m,8:10,0.65181
May 2004,02-03/06/2004,AFS 1.2m,8:20,0.67399
May 2004,02-03/06/2004,AFS 1.2m,8:30,0.68891
May 2004,02-03/06/2004,AFS 1.2m,8:40,0.72278
May 2004,02-03/06/2004,AFS 1.2m,8:50,0.74159
May 2004,02-03/06/2004,AFS 1.2m,9:00,0.75128
May 2004,02-03/06/2004,AFS 1.2m,9:10,0.696
May 2004,02-03/06/2004,AFS 1.2m,9:20,0.63928
May 2004,02-03/06/2004,AFS 1.2m,9:30,0.61436
May 2004,02-03/06/2004,AFS 1.2m,9:40,0.71685
May 2004,02-03/06/2004,AFS 1.2m,9:50,1.02306
May 2004,19-20/05/2004,AFS 1.2m,10:00,0.77284
May 2004,19-20/05/2004,AFS 1.2m,10:10,0.76675
May 2004,19-20/05/2004,AFS 1.2m,10:20,0.76466
May 2004,19-20/05/2004,AFS 1.2m,10:30,0.76437
May 2004,19-20/05/2004,AFS 1.2m,10:40,0.76188
May 2004,19-20/05/2004,AFS 1.2m,10:50,0.76169
May 2004,19-20/05/2004,AFS 1.2m,11:00,0.75804
May 2004,19-20/05/2004,AFS 1.2m,11:10,0.75258
May 2004,19-20/05/2004,AFS 1.2m,11:20,0.7393
May 2004,19-20/05/2004,AFS 1.2m,11:30,0.72595
May 2004,19-20/05/2004,AFS 1.2m,11:40,0.69987
May 2004,19-20/05/2004,AFS 1.2m,11:50,0.80346
May 2004,19-20/05/2004,AFS 1.2m,12:00,0.70155
May 2004,19-20/05/2004,AFS 1.2m,12:10,0.95764
May 2004,19-20/05/2004,AFS 1.2m,12:20,0.92373
May 2004,19-20/05/2004,AFS 1.2m,12:30,0.77615
May 2004,19-20/05/2004,AFS 1.2m,12:40,0.85245
May 2004,19-20/05/2004,AFS 1.2m,12:50,0.92577
May 2004,19-20/05/2004,AFS 1.2m,13:00,0.89041
May 2004,19-20/05/2004,AFS 1.2m,13:10,0.56312
May 2004,19-20/05/2004,AFS 1.2m,13:20,0.96881
May 2004,19-20/05/2004,AFS 1.2m,13:30,0.30357
May 2004,19-20/05/2004,AFS 1.2m,13:40,0.53661
May 2004,19-20/05/2004,AFS 1.2m,13:50,0.56452
May 2004,19-20/05/2004,AFS 1.2m,14:00,0.60131
May 2004,19-20/05/2004,AFS 1.2m,14:10,0.7682
May 2004,19-20/05/2004,AFS 1.2m,14:20,0.93581
May 2004,19-20/05/2004,AFS 1.2m,14:30,0.8816
May 2004,19-20/05/2004,AFS 1.2m,14:40,0.62119
May 2004,19-20/05/2004,AFS 1.2m,14:50,0.45096
May 2004,19-20/05/2004,AFS 1.2m,15:00,0.48498
May 2004,19-20/05/2004,AFS 1.2m,15:10,0.37375
May 2004,19-20/05/2004,AFS 1.2m,15:20,0.52456
May 2004,19-20/05/2004,AFS 1.2m,15:30,0.36908
May 2004,19-20/05/2004,AFS 1.2m,15:40,0.42352
May 2004,19-20/05/2004,AFS 1.2m,15:50,0.56398
May 2004,19-20/05/2004,AFS 1.2m,16:00,0.52079
May 2004,19-20/05/2004,AFS 1.2m,16:10,0.52152
May 2004,19-20/05/2004,AFS 1.2m,16:20,0.52406
May 2004,19-20/05/2004,AFS 1.2m,16:30,0.56909
May 2004,19-20/05/2004,AFS 1.2m,16:40,0.83441
May 2004,19-20/05/2004,AFS 1.2m,16:50,0.63088
May 2004,19-20/05/2004,AFS 1.2m,17:00,0.65205
May 2004,19-20/05/2004,AFS 1.2m,17:10,0.63945
May 2004,19-20/05/2004,AFS 1.2m,17:20,0.68482
May 2004,19-20/05/2004,AFS 1.2m,17:30,0.7266
May 2004,19-20/05/2004,AFS 1.2m,17:40,0.75523
May 2004,19-20/05/2004,AFS 1.2m,17:50,0.76977
May 2004,19-20/05/2004,AFS 1.2m,18:00,0.69655
May 2004,19-20/05/2004,AFS 1.2m,18:10,0.60531
May 2004,19-20/05/2004,AFS 1.2m,18:20,0.38882
May 2004,19-20/05/2004,AFS 1.2m,7:20,0.17111
May 2004,19-20/05/2004,AFS 1.2m,7:30,0.45613
May 2004,19-20/05/2004,AFS 1.2m,7:40,0.64448
May 2004,19-20/05/2004,AFS 1.2m,7:50,0.7551
May 2004,19-20/05/2004,AFS 1.2m,8:00,0.77523
May 2004,19-20/05/2004,AFS 1.2m,8:10,0.76207
May 2004,19-20/05/2004,AFS 1.2m,8:20,0.76448
May 2004,19-20/05/2004,AFS 1.2m,8:30,0.76835
May 2004,19-20/05/2004,AFS 1.2m,8:40,0.77982
May 2004,19-20/05/2004,AFS 1.2m,8:50,0.77235
May 2004,19-20/05/2004,AFS 1.2m,9:00,0.76665
May 2004,19-20/05/2004,AFS 1.2m,9:10,0.76779
May 2004,19-20/05/2004,AFS 1.2m,9:20,0.76711
May 2004,19-20/05/2004,AFS 1.2m,9:30,0.77489
May 2004,19-20/05/2004,AFS 1.2m,9:40,0.7783
May 2004,19-20/05/2004,AFS 1.2m,9:50,0.77762
May 2004,27-28/05/2004,AFS 1.2m,10:00,0.98015
May 2004,27-28/05/2004,AFS 1.2m,10:10,0.95471
May 2004,27-28/05/2004,AFS 1.2m,10:20,0.28042
May 2004,27-28/05/2004,AFS 1.2m,10:30,0.23265
May 2004,27-28/05/2004,AFS 1.2m,10:40,0.25783
May 2004,27-28/05/2004,AFS 1.2m,10:50,0.24979
May 2004,27-28/05/2004,AFS 1.2m,11:00,0.21496
May 2004,27-28/05/2004,AFS 1.2m,11:10,0.21061
May 2004,27-28/05/2004,AFS 1.2m,11:20,0.21076
May 2004,27-28/05/2004,AFS 1.2m,11:30,0.21573
May 2004,27-28/05/2004,AFS 1.2m,11:40,0.23602
May 2004,27-28/05/2004,AFS 1.2m,11:50,0.42544
May 2004,27-28/05/2004,AFS 1.2m,12:00,0.2671
May 2004,27-28/05/2004,AFS 1.2m,12:10,0.62702
May 2004,27-28/05/2004,AFS 1.2m,12:20,0.76667
May 2004,27-28/05/2004,AFS 1.2m,12:30,0.57268
May 2004,27-28/05/2004,AFS 1.2m,12:40,0.77288
May 2004,27-28/05/2004,AFS 1.2m,12:50,0.96209
May 2004,27-28/05/2004,AFS 1.2m,13:00,0.50358
May 2004,27-28/05/2004,AFS 1.2m,13:10,0.71465
May 2004,27-28/05/2004,AFS 1.2m,13:20,0.20707
May 2004,27-28/05/2004,AFS 1.2m,13:30,0.22037
May 2004,27-28/05/2004,AFS 1.2m,13:40,0.23317
May 2004,27-28/05/2004,AFS 1.2m,13:50,0.23501
May 2004,27-28/05/2004,AFS 1.2m,14:00,0.51113
May 2004,27-28/05/2004,AFS 1.2m,14:10,0.53878
May 2004,27-28/05/2004,AFS 1.2m,14:20,0.77876
May 2004,27-28/05/2004,AFS 1.2m,14:30,0.90173
May 2004,27-28/05/2004,AFS 1.2m,14:40,0.94647
May 2004,27-28/05/2004,AFS 1.2m,14:50,0.31069
May 2004,27-28/05/2004,AFS 1.2m,15:00,0.46382
May 2004,27-28/05/2004,AFS 1.2m,15:10,0.36891
May 2004,27-28/05/2004,AFS 1.2m,15:20,0.51902
May 2004,27-28/05/2004,AFS 1.2m,15:30,0.53615
May 2004,27-28/05/2004,AFS 1.2m,15:40,0.4824
May 2004,27-28/05/2004,AFS 1.2m,15:50,0.85644
May 2004,27-28/05/2004,AFS 1.2m,16:00,0.84161
May 2004,27-28/05/2004,AFS 1.2m,16:10,0.50575
May 2004,27-28/05/2004,AFS 1.2m,16:20,0.62431
May 2004,27-28/05/2004,AFS 1.2m,16:30,0.86772
May 2004,27-28/05/2004,AFS 1.2m,16:40,0.64451
May 2004,27-28/05/2004,AFS 1.2m,16:50,0.49277
May 2004,27-28/05/2004,AFS 1.2m,17:00,0.73384
May 2004,27-28/05/2004,AFS 1.2m,17:10,0.62807
May 2004,27-28/05/2004,AFS 1.2m,17:20,0.64738
May 2004,27-28/05/2004,AFS 1.2m,17:30,0.68072
May 2004,27-28/05/2004,AFS 1.2m,17:40,0.72249
May 2004,27-28/05/2004,AFS 1.2m,17:50,0.74717
May 2004,27-28/05/2004,AFS 1.2m,18:00,0.73406
May 2004,27-28/05/2004,AFS 1.2m,18:10,0.7126
May 2004,27-28/05/2004,AFS 1.2m,18:20,0.58494
May 2004,27-28/05/2004,AFS 1.2m,7:20,0.12481
May 2004,27-28/05/2004,AFS 1.2m,7:30,0.40957
May 2004,27-28/05/2004,AFS 1.2m,7:40,0.58643
May 2004,27-28/05/2004,AFS 1.2m,7:50,0.51967
May 2004,27-28/05/2004,AFS 1.2m,8:00,0.46609
May 2004,27-28/05/2004,AFS 1.2m,8:10,0.44637
May 2004,27-28/05/2004,AFS 1.2m,8:20,0.42556
May 2004,27-28/05/2004,AFS 1.2m,8:30,0.40281
May 2004,27-28/05/2004,AFS 1.2m,8:40,0.38017
May 2004,27-28/05/2004,AFS 1.2m,8:50,0.36599
May 2004,27-28/05/2004,AFS 1.2m,9:00,0.42839
May 2004,27-28/05/2004,AFS 1.2m,9:10,0.48002
May 2004,27-28/05/2004,AFS 1.2m,9:20,0.75092
May 2004,27-28/05/2004,AFS 1.2m,9:30,0.49055
May 2004,27-28/05/2004,AFS 1.2m,9:40,0.75775
May 2004,27-28/05/2004,AFS 1.2m,9:50,0.96278
May 2004,01-02/06/2004,AFS 2m,10:00,0.95342
May 2004,01-02/06/2004,AFS 2m,10:10,0.79251
May 2004,01-02/06/2004,AFS 2m,10:20,0.75991
May 2004,01-02/06/2004,AFS 2m,10:30,0.77619
May 2004,01-02/06/2004,AFS 2m,10:40,0.78833
May 2004,01-02/06/2004,AFS 2m,10:50,0.77629
May 2004,01-02/06/2004,AFS 2m,11:00,0.76846
May 2004,01-02/06/2004,AFS 2m,11:10,0.75226
May 2004,01-02/06/2004,AFS 2m,11:20,0.7509
May 2004,01-02/06/2004,AFS 2m,11:30,0.76236
May 2004,01-02/06/2004,AFS 2m,11:40,0.75815
May 2004,01-02/06/2004,AFS 2m,11:50,0.7196
May 2004,01-02/06/2004,AFS 2m,12:00,0.64706
May 2004,01-02/06/2004,AFS 2m,12:10,0.9012
May 2004,01-02/06/2004,AFS 2m,12:20,0.90608
May 2004,01-02/06/2004,AFS 2m,12:30,0.9357
May 2004,01-02/06/2004,AFS 2m,12:40,0.71491
May 2004,01-02/06/2004,AFS 2m,12:50,0.93609
May 2004,01-02/06/2004,AFS 2m,13:00,0.73678
May 2004,01-02/06/2004,AFS 2m,13:10,0.69487
May 2004,01-02/06/2004,AFS 2m,13:20,0.71217
May 2004,01-02/06/2004,AFS 2m,13:30,0.73749
May 2004,01-02/06/2004,AFS 2m,13:40,0.77264
May 2004,01-02/06/2004,AFS 2m,13:50,0.72778
May 2004,01-02/06/2004,AFS 2m,14:00,0.67115
May 2004,01-02/06/2004,AFS 2m,14:10,0.76782
May 2004,01-02/06/2004,AFS 2m,14:20,0.735
May 2004,01-02/06/2004,AFS 2m,14:30,0.93714
May 2004,01-02/06/2004,AFS 2m,14:40,0.98767
May 2004,01-02/06/2004,AFS 2m,14:50,0.68623
May 2004,01-02/06/2004,AFS 2m,15:00,0.5593
May 2004,01-02/06/2004,AFS 2m,15:10,0.56768
May 2004,01-02/06/2004,AFS 2m,15:20,0.58183
May 2004,01-02/06/2004,AFS 2m,15:30,0.60644
May 2004,01-02/06/2004,AFS 2m,15:40,0.50074
May 2004,01-02/06/2004,AFS 2m,15:50,0.46923
May 2004,01-02/06/2004,AFS 2m,16:00,0.70826
May 2004,01-02/06/2004,AFS 2m,16:10,0.93524
May 2004,01-02/06/2004,AFS 2m,16:20,0.65056
May 2004,01-02/06/2004,AFS 2m,16:30,0.73822
May 2004,01-02/06/2004,AFS 2m,16:40,0.80758
May 2004,01-02/06/2004,AFS 2m,16:50,0.62962
May 2004,01-02/06/2004,AFS 2m,17:00,0.75815
May 2004,01-02/06/2004,AFS 2m,17:10,0.74552
May 2004,01-02/06/2004,AFS 2m,17:20,0.74586
May 2004,01-02/06/2004,AFS 2m,17:30,0.73793
May 2004,01-02/06/2004,AFS 2m,17:40,0.71795
May 2004,01-02/06/2004,AFS 2m,17:50,0.69591
May 2004,01-02/06/2004,AFS 2m,18:00,0.68107
May 2004,01-02/06/2004,AFS 2m,18:10,0.68068
May 2004,01-02/06/2004,AFS 2m,18:20,0.52592
May 2004,01-02/06/2004,AFS 2m,7:20,0.13481
May 2004,01-02/06/2004,AFS 2m,7:30,0.30348
May 2004,01-02/06/2004,AFS 2m,7:40,0.55302
May 2004,01-02/06/2004,AFS 2m,7:50,0.58128
May 2004,01-02/06/2004,AFS 2m,8:00,0.62364
May 2004,01-02/06/2004,AFS 2m,8:10,0.64178
May 2004,01-02/06/2004,AFS 2m,8:20,0.67086
May 2004,01-02/06/2004,AFS 2m,8:30,0.65753
May 2004,01-02/06/2004,AFS 2m,8:40,0.57962
May 2004,01-02/06/2004,AFS 2m,8:50,0.58578
May 2004,01-02/06/2004,AFS 2m,9:00,0.60796
May 2004,01-02/06/2004,AFS 2m,9:10,0.66681
May 2004,01-02/06/2004,AFS 2m,9:20,0.67395
May 2004,01-02/06/2004,AFS 2m,9:30,0.71507
May 2004,01-02/06/2004,AFS 2m,9:40,0.74039
May 2004,01-02/06/2004,AFS 2m,9:50,0.86932
May 2004,20-21/05/2004,AFS 2m,10:00,0.99476
May 2004,20-21/05/2004,AFS 2m,10:10,0.95512
May 2004,20-21/05/2004,AFS 2m,10:20,0.85195
May 2004,20-21/05/2004,AFS 2m,10:30,0.73843
May 2004,20-21/05/2004,AFS 2m,10:40,0.7334
May 2004,20-21/05/2004,AFS 2m,10:50,0.70385
May 2004,20-21/05/2004,AFS 2m,11:00,0.74193
May 2004,20-21/05/2004,AFS 2m,11:10,0.73484
May 2004,20-21/05/2004,AFS 2m,11:20,0.75938
May 2004,20-21/05/2004,AFS 2m,11:30,0.77837
May 2004,20-21/05/2004,AFS 2m,11:40,0.79613
May 2004,20-21/05/2004,AFS 2m,11:50,0.78214
May 2004,20-21/05/2004,AFS 2m,12:00,0.77783
May 2004,20-21/05/2004,AFS 2m,12:10,0.79449
May 2004,20-21/05/2004,AFS 2m,12:20,0.801
May 2004,20-21/05/2004,AFS 2m,12:30,0.77171
May 2004,20-21/05/2004,AFS 2m,12:40,0.73464
May 2004,20-21/05/2004,AFS 2m,12:50,0.74179
May 2004,20-21/05/2004,AFS 2m,13:00,0.72925
May 2004,20-21/05/2004,AFS 2m,13:10,0.73167
May 2004,20-21/05/2004,AFS 2m,13:20,0.75422
May 2004,20-21/05/2004,AFS 2m,13:30,0.74833
May 2004,20-21/05/2004,AFS 2m,13:40,0.73953
May 2004,20-21/05/2004,AFS 2m,13:50,0.73619
May 2004,20-21/05/2004,AFS 2m,14:00,0.74989
May 2004,20-21/05/2004,AFS 2m,14:10,0.83864
May 2004,20-21/05/2004,AFS 2m,14:20,1.12217
May 2004,20-21/05/2004,AFS 2m,14:30,1.11691
May 2004,20-21/05/2004,AFS 2m,14:40,0.86459
May 2004,20-21/05/2004,AFS 2m,14:50,0.37047
May 2004,20-21/05/2004,AFS 2m,15:00,0.35187
May 2004,20-21/05/2004,AFS 2m,15:10,0.45127
May 2004,20-21/05/2004,AFS 2m,15:20,0.38813
May 2004,20-21/05/2004,AFS 2m,15:30,0.41661
May 2004,20-21/05/2004,AFS 2m,15:40,0.42576
May 2004,20-21/05/2004,AFS 2m,15:50,0.9131
May 2004,20-21/05/2004,AFS 2m,16:00,0.52972
May 2004,20-21/05/2004,AFS 2m,16:10,0.59406
May 2004,20-21/05/2004,AFS 2m,16:20,0.6682
May 2004,20-21/05/2004,AFS 2m,16:30,0.71769
May 2004,20-21/05/2004,AFS 2m,16:40,0.93956
May 2004,20-21/05/2004,AFS 2m,16:50,0.68733
May 2004,20-21/05/2004,AFS 2m,17:00,0.74522
May 2004,20-21/05/2004,AFS 2m,17:10,0.72681
May 2004,20-21/05/2004,AFS 2m,17:20,0.7062
May 2004,20-21/05/2004,AFS 2m,17:30,0.7332
May 2004,20-21/05/2004,AFS 2m,17:40,0.71031
May 2004,20-21/05/2004,AFS 2m,17:50,0.69567
May 2004,20-21/05/2004,AFS 2m,18:00,0.63963
May 2004,20-21/05/2004,AFS 2m,18:10,0.60315
May 2004,20-21/05/2004,AFS 2m,18:20,0.52429
May 2004,20-21/05/2004,AFS 2m,7:20,0.17182
May 2004,20-21/05/2004,AFS 2m,7:30,0.3806
May 2004,20-21/05/2004,AFS 2m,7:40,0.61506
May 2004,20-21/05/2004,AFS 2m,7:50,0.73269
May 2004,20-21/05/2004,AFS 2m,8:00,0.67134
May 2004,20-21/05/2004,AFS 2m,8:10,0.6752
May 2004,20-21/05/2004,AFS 2m,8:20,0.71766
May 2004,20-21/05/2004,AFS 2m,8:30,0.69938
May 2004,20-21/05/2004,AFS 2m,8:40,0.58112
May 2004,20-21/05/2004,AFS 2m,8:50,0.54859
May 2004,20-21/05/2004,AFS 2m,9:00,0.63182
May 2004,20-21/05/2004,AFS 2m,9:10,0.67196
May 2004,20-21/05/2004,AFS 2m,9:20,0.69463
May 2004,20-21/05/2004,AFS 2m,9:30,0.6876
May 2004,20-21/05/2004,AFS 2m,9:40,0.78373
May 2004,20-21/05/2004,AFS 2m,9:50,0.96673
May 2004,26-27/05/2004,AFS 2m,10:00,0.98748
May 2004,26-27/05/2004,AFS 2m,10:10,0.95268
May 2004,26-27/05/2004,AFS 2m,10:20,0.71363
May 2004,26-27/05/2004,AFS 2m,10:30,0.52859
May 2004,26-27/05/2004,AFS 2m,10:40,0.47928
May 2004,26-27/05/2004,AFS 2m,10:50,0.33646
May 2004,26-27/05/2004,AFS 2m,11:00,0.51579
May 2004,26-27/05/2004,AFS 2m,11:10,0.61612
May 2004,26-27/05/2004,AFS 2m,11:20,0.53876
May 2004,26-27/05/2004,AFS 2m,11:30,0.59026
May 2004,26-27/05/2004,AFS 2m,11:40,0.58166
May 2004,26-27/05/2004,AFS 2m,11:50,0.74572
May 2004,26-27/05/2004,AFS 2m,12:00,0.58216
May 2004,26-27/05/2004,AFS 2m,12:10,0.88405
May 2004,26-27/05/2004,AFS 2m,12:20,1.01671
May 2004,26-27/05/2004,AFS 2m,12:30,0.90245
May 2004,26-27/05/2004,AFS 2m,12:40,0.66611
May 2004,26-27/05/2004,AFS 2m,12:50,0.91751
May 2004,26-27/05/2004,AFS 2m,13:00,0.83627
May 2004,26-27/05/2004,AFS 2m,13:10,0.59498
May 2004,26-27/05/2004,AFS 2m,13:20,0.52527
May 2004,26-27/05/2004,AFS 2m,13:30,0.50737
May 2004,26-27/05/2004,AFS 2m,13:40,0.33857
May 2004,26-27/05/2004,AFS 2m,13:50,0.4861
May 2004,26-27/05/2004,AFS 2m,14:00,0.86063
May 2004,26-27/05/2004,AFS 2m,14:10,0.69302
May 2004,26-27/05/2004,AFS 2m,14:20,0.60287
May 2004,26-27/05/2004,AFS 2m,14:30,0.96821
May 2004,26-27/05/2004,AFS 2m,14:40,0.76891
May 2004,26-27/05/2004,AFS 2m,14:50,0.77601
May 2004,26-27/05/2004,AFS 2m,15:00,0.78422
May 2004,26-27/05/2004,AFS 2m,15:10,0.78681
May 2004,26-27/05/2004,AFS 2m,15:20,0.78293
May 2004,26-27/05/2004,AFS 2m,15:30,0.78223
May 2004,26-27/05/2004,AFS 2m,15:40,0.78251
May 2004,26-27/05/2004,AFS 2m,15:50,0.78697
May 2004,26-27/05/2004,AFS 2m,16:00,0.78467
May 2004,26-27/05/2004,AFS 2m,16:10,0.78675
May 2004,26-27/05/2004,AFS 2m,16:20,0.78389
May 2004,26-27/05/2004,AFS 2m,16:30,0.78646
May 2004,26-27/05/2004,AFS 2m,16:40,0.78261
May 2004,26-27/05/2004,AFS 2m,16:50,0.78123
May 2004,26-27/05/2004,AFS 2m,17:00,0.77828
May 2004,26-27/05/2004,AFS 2m,17:10,0.76684
May 2004,26-27/05/2004,AFS 2m,17:20,0.76014
May 2004,26-27/05/2004,AFS 2m,17:30,0.74646
May 2004,26-27/05/2004,AFS 2m,17:40,0.73894
May 2004,26-27/05/2004,AFS 2m,17:50,0.72389
May 2004,26-27/05/2004,AFS 2m,18:00,0.67941
May 2004,26-27/05/2004,AFS 2m,18:10,0.61495
May 2004,26-27/05/2004,AFS 2m,18:20,0.42247
May 2004,26-27/05/2004,AFS 2m,7:20,0.22057
May 2004,26-27/05/2004,AFS 2m,7:30,0.49977
May 2004,26-27/05/2004,AFS 2m,7:40,0.68856
May 2004,26-27/05/2004,AFS 2m,7:50,0.68509
May 2004,26-27/05/2004,AFS 2m,8:00,0.75401
May 2004,26-27/05/2004,AFS 2m,8:10,0.72763
May 2004,26-27/05/2004,AFS 2m,8:20,0.87831
May 2004,26-27/05/2004,AFS 2m,8:30,0.73405
May 2004,26-27/05/2004,AFS 2m,8:40,0.75927
May 2004,26-27/05/2004,AFS 2m,8:50,0.65908
May 2004,26-27/05/2004,AFS 2m,9:00,0.61038
May 2004,26-27/05/2004,AFS 2m,9:10,0.68177
May 2004,26-27/05/2004,AFS 2m,9:20,0.63945
May 2004,26-27/05/2004,AFS 2m,9:30,0.67526
May 2004,26-27/05/2004,AFS 2m,9:40,0.74144
May 2004,26-27/05/2004,AFS 2m,9:50,0.87938
May 2004,05-06/06/2004,MO 1.2m,10:00,1.01876
May 2004,05-06/06/2004,MO 1.2m,10:10,1.01702
May 2004,05-06/06/2004,MO 1.2m,10:20,1.01962
May 2004,05-06/06/2004,MO 1.2m,10:30,1.02387
May 2004,05-06/06/2004,MO 1.2m,10:40,1.03082
May 2004,05-06/06/2004,MO 1.2m,10:50,1.03708
May 2004,05-06/06/2004,MO 1.2m,11:00,1.04213
May 2004,05-06/06/2004,MO 1.2m,11:10,0.96697
May 2004,05-06/06/2004,MO 1.2m,11:20,0.9797
May 2004,05-06/06/2004,MO 1.2m,11:30,1.01939
May 2004,05-06/06/2004,MO 1.2m,11:40,0.96029
May 2004,05-06/06/2004,MO 1.2m,11:50,0.92955
May 2004,05-06/06/2004,MO 1.2m,12:00,1.01786
May 2004,05-06/06/2004,MO 1.2m,12:10,1.04228
May 2004,05-06/06/2004,MO 1.2m,12:20,0.99476
May 2004,05-06/06/2004,MO 1.2m,12:30,0.98065
May 2004,05-06/06/2004,MO 1.2m,12:40,1.06618
May 2004,05-06/06/2004,MO 1.2m,12:50,1.07659
May 2004,05-06/06/2004,MO 1.2m,13:00,1.03274
May 2004,05-06/06/2004,MO 1.2m,13:10,1.02074
May 2004,05-06/06/2004,MO 1.2m,13:20,1.04558
May 2004,05-06/06/2004,MO 1.2m,13:30,1.03325
May 2004,05-06/06/2004,MO 1.2m,13:40,1.03764
May 2004,05-06/06/2004,MO 1.2m,13:50,1.06841
May 2004,05-06/06/2004,MO 1.2m,14:00,1.04461
May 2004,05-06/06/2004,MO 1.2m,14:10,1.08436
May 2004,05-06/06/2004,MO 1.2m,14:20,1.11114
May 2004,05-06/06/2004,MO 1.2m,14:30,1.10404
May 2004,05-06/06/2004,MO 1.2m,14:40,1.04564
May 2004,05-06/06/2004,MO 1.2m,14:50,1.04791
May 2004,05-06/06/2004,MO 1.2m,15:00,1.03928
May 2004,05-06/06/2004,MO 1.2m,15:10,0.94359
May 2004,05-06/06/2004,MO 1.2m,15:20,1.01022
May 2004,05-06/06/2004,MO 1.2m,15:30,1.00096
May 2004,05-06/06/2004,MO 1.2m,15:40,1.02054
May 2004,05-06/06/2004,MO 1.2m,15:50,1.04107
May 2004,05-06/06/2004,MO 1.2m,16:00,1.07731
May 2004,05-06/06/2004,MO 1.2m,16:10,1.06035
May 2004,05-06/06/2004,MO 1.2m,16:20,1.0823
May 2004,05-06/06/2004,MO 1.2m,16:30,1.07929
May 2004,05-06/06/2004,MO 1.2m,16:40,1.09406
May 2004,05-06/06/2004,MO 1.2m,16:50,1.07407
May 2004,05-06/06/2004,MO 1.2m,17:00,1.04489
May 2004,05-06/06/2004,MO 1.2m,17:10,1.03637
May 2004,05-06/06/2004,MO 1.2m,17:20,0.89922
May 2004,05-06/06/2004,MO 1.2m,17:30,1.04255
May 2004,05-06/06/2004,MO 1.2m,17:40,1.06898
May 2004,05-06/06/2004,MO 1.2m,17:50,1.14952
May 2004,05-06/06/2004,MO 1.2m,18:00,1.11975
May 2004,05-06/06/2004,MO 1.2m,18:10,1.06591
May 2004,05-06/06/2004,MO 1.2m,18:20,0.81966
May 2004,05-06/06/2004,MO 1.2m,7:20,0.44713
May 2004,05-06/06/2004,MO 1.2m,7:30,0.68173
May 2004,05-06/06/2004,MO 1.2m,7:40,0.86805
May 2004,05-06/06/2004,MO 1.2m,7:50,1.05122
May 2004,05-06/06/2004,MO 1.2m,8:00,1.10728
May 2004,05-06/06/2004,MO 1.2m,8:10,1.10471
May 2004,05-06/06/2004,MO 1.2m,8:20,1.08803
May 2004,05-06/06/2004,MO 1.2m,8:30,1.03341
May 2004,05-06/06/2004,MO 1.2m,8:40,0.96231
May 2004,05-06/06/2004,MO 1.2m,8:50,0.94674
May 2004,05-06/06/2004,MO 1.2m,9:00,0.96042
May 2004,05-06/06/2004,MO 1.2m,9:10,0.9628
May 2004,05-06/06/2004,MO 1.2m,9:20,0.90546
May 2004,05-06/06/2004,MO 1.2m,9:30,0.99164
May 2004,05-06/06/2004,MO 1.2m,9:40,0.98727
May 2004,05-06/06/2004,MO 1.2m,9:50,1.01114
May 2004,22-23/05/2004,MO 1.2m,10:00,1.18227
May 2004,22-23/05/2004,MO 1.2m,10:10,1.1717
May 2004,22-23/05/2004,MO 1.2m,10:20,1.19074
May 2004,22-23/05/2004,MO 1.2m,10:30,1.17611
May 2004,22-23/05/2004,MO 1.2m,10:40,1.17958
May 2004,22-23/05/2004,MO 1.2m,10:50,1.17883
May 2004,22-23/05/2004,MO 1.2m,11:00,1.16853
May 2004,22-23/05/2004,MO 1.2m,11:10,1.1614
May 2004,22-23/05/2004,MO 1.2m,11:20,1.15687
May 2004,22-23/05/2004,MO 1.2m,11:30,1.16018
May 2004,22-23/05/2004,MO 1.2m,11:40,1.16085
May 2004,22-23/05/2004,MO 1.2m,11:50,1.15027
May 2004,22-23/05/2004,MO 1.2m,12:00,1.14839
May 2004,22-23/05/2004,MO 1.2m,12:10,1.15355
May 2004,22-23/05/2004,MO 1.2m,12:20,1.16348
May 2004,22-23/05/2004,MO 1.2m,12:30,1.16014
May 2004,22-23/05/2004,MO 1.2m,12:40,1.14362
May 2004,22-23/05/2004,MO 1.2m,12:50,1.13774
May 2004,22-23/05/2004,MO 1.2m,13:00,1.12847
May 2004,22-23/05/2004,MO 1.2m,13:10,1.14634
May 2004,22-23/05/2004,MO 1.2m,13:20,1.13109
May 2004,22-23/05/2004,MO 1.2m,13:30,1.11202
May 2004,22-23/05/2004,MO 1.2m,13:40,1.10219
May 2004,22-23/05/2004,MO 1.2m,13:50,1.12105
May 2004,22-23/05/2004,MO 1.2m,14:00,1.13074
May 2004,22-23/05/2004,MO 1.2m,14:10,1.12495
May 2004,22-23/05/2004,MO 1.2m,14:20,1.10152
May 2004,22-23/05/2004,MO 1.2m,14:30,1.10047
May 2004,22-23/05/2004,MO 1.2m,14:40,1.10046
May 2004,22-23/05/2004,MO 1.2m,14:50,1.12726
May 2004,22-23/05/2004,MO 1.2m,15:00,1.13113
May 2004,22-23/05/2004,MO 1.2m,15:10,1.1194
May 2004,22-23/05/2004,MO 1.2m,15:20,1.0822
May 2004,22-23/05/2004,MO 1.2m,15:30,1.09026
May 2004,22-23/05/2004,MO 1.2m,15:40,1.10144
May 2004,22-23/05/2004,MO 1.2m,15:50,1.11356
May 2004,22-23/05/2004,MO 1.2m,16:00,1.07212
May 2004,22-23/05/2004,MO 1.2m,16:10,1.10197
May 2004,22-23/05/2004,MO 1.2m,16:20,1.07582
May 2004,22-23/05/2004,MO 1.2m,16:30,1.08969
May 2004,22-23/05/2004,MO 1.2m,16:40,1.09663
May 2004,22-23/05/2004,MO 1.2m,16:50,1.09143
May 2004,22-23/05/2004,MO 1.2m,17:00,1.20484
May 2004,22-23/05/2004,MO 1.2m,17:10,1.05618
May 2004,22-23/05/2004,MO 1.2m,17:20,1.06972
May 2004,22-23/05/2004,MO 1.2m,17:30,1.07354
May 2004,22-23/05/2004,MO 1.2m,17:40,1.06434
May 2004,22-23/05/2004,MO 1.2m,17:50,1.04907
May 2004,22-23/05/2004,MO 1.2m,18:00,1.05451
May 2004,22-23/05/2004,MO 1.2m,18:10,1.06594
May 2004,22-23/05/2004,MO 1.2m,18:20,0.97455
May 2004,22-23/05/2004,MO 1.2m,7:20,0.13662
May 2004,22-23/05/2004,MO 1.2m,7:30,0.71653
May 2004,22-23/05/2004,MO 1.2m,7:40,1.01049
May 2004,22-23/05/2004,MO 1.2m,7:50,1.00602
May 2004,22-23/05/2004,MO 1.2m,8:00,1.04503
May 2004,22-23/05/2004,MO 1.2m,8:10,1.08568
May 2004,22-23/05/2004,MO 1.2m,8:20,1.06695
May 2004,22-23/05/2004,MO 1.2m,8:30,1.10338
May 2004,22-23/05/2004,MO 1.2m,8:40,1.14208
May 2004,22-23/05/2004,MO 1.2m,8:50,1.16667
May 2004,22-23/05/2004,MO 1.2m,9:00,1.18144
May 2004,22-23/05/2004,MO 1.2m,9:10,1.15995
May 2004,22-23/05/2004,MO 1.2m,9:20,1.17849
May 2004,22-23/05/2004,MO 1.2m,9:30,1.18296
May 2004,22-23/05/2004,MO 1.2m,9:40,1.17981
May 2004,22-23/05/2004,MO 1.2m,9:50,1.18499
May 2004,30-31/05/2004,MO 1.2m,10:00,1.05296
May 2004,30-31/05/2004,MO 1.2m,10:10,1.05848
May 2004,30-31/05/2004,MO 1.2m,10:20,1.06865
May 2004,30-31/05/2004,MO 1.2m,10:30,1.06895
May 2004,30-31/05/2004,MO 1.2m,10:40,1.07448
May 2004,30-31/05/2004,MO 1.2m,10:50,1.06088
May 2004,30-31/05/2004,MO 1.2m,11:00,1.0542
May 2004,30-31/05/2004,MO 1.2m,11:10,1.04549
May 2004,30-31/05/2004,MO 1.2m,11:20,1.03985
May 2004,30-31/05/2004,MO 1.2m,11:30,1.04355
May 2004,30-31/05/2004,MO 1.2m,11:40,1.04313
May 2004,30-31/05/2004,MO 1.2m,11:50,1.03942
May 2004,30-31/05/2004,MO 1.2m,12:00,1.03571
May 2004,30-31/05/2004,MO 1.2m,12:10,1.03456
May 2004,30-31/05/2004,MO 1.2m,12:20,0.97339
May 2004,30-31/05/2004,MO 1.2m,12:30,1.05712
May 2004,30-31/05/2004,MO 1.2m,12:40,1.08155
May 2004,30-31/05/2004,MO 1.2m,12:50,1.02033
May 2004,30-31/05/2004,MO 1.2m,13:00,0.98347
May 2004,30-31/05/2004,MO 1.2m,13:10,1.04115
May 2004,30-31/05/2004,MO 1.2m,13:20,1.03231
May 2004,30-31/05/2004,MO 1.2m,13:30,1.06432
May 2004,30-31/05/2004,MO 1.2m,13:40,1.06393
May 2004,30-31/05/2004,MO 1.2m,13:50,1.0701
May 2004,30-31/05/2004,MO 1.2m,14:00,1.0486
May 2004,30-31/05/2004,MO 1.2m,14:10,1.06313
May 2004,30-31/05/2004,MO 1.2m,14:20,1.06207
May 2004,30-31/05/2004,MO 1.2m,14:30,1.08501
May 2004,30-31/05/2004,MO 1.2m,14:40,1.05205
May 2004,30-31/05/2004,MO 1.2m,14:50,1.04671
May 2004,30-31/05/2004,MO 1.2m,15:00,1.05714
May 2004,30-31/05/2004,MO 1.2m,15:10,1.05346
May 2004,30-31/05/2004,MO 1.2m,15:20,1.07007
May 2004,30-31/05/2004,MO 1.2m,15:30,1.0762
May 2004,30-31/05/2004,MO 1.2m,15:40,1.06071
May 2004,30-31/05/2004,MO 1.2m,15:50,1.0589
May 2004,30-31/05/2004,MO 1.2m,16:00,1.03257
May 2004,30-31/05/2004,MO 1.2m,16:10,1.02909
May 2004,30-31/05/2004,MO 1.2m,16:20,1.09686
May 2004,30-31/05/2004,MO 1.2m,16:30,1.15437
May 2004,30-31/05/2004,MO 1.2m,16:40,1.07799
May 2004,30-31/05/2004,MO 1.2m,16:50,1.11634
May 2004,30-31/05/2004,MO 1.2m,17:00,1.12173
May 2004,30-31/05/2004,MO 1.2m,17:10,1.10666
May 2004,30-31/05/2004,MO 1.2m,17:20,1.06561
May 2004,30-31/05/2004,MO 1.2m,17:30,1.04305
May 2004,30-31/05/2004,MO 1.2m,17:40,1.06049
May 2004,30-31/05/2004,MO 1.2m,17:50,1.04503
May 2004,30-31/05/2004,MO 1.2m,18:00,1.05339
May 2004,30-31/05/2004,MO 1.2m,18:10,0.98392
May 2004,30-31/05/2004,MO 1.2m,18:20,0.94392
May 2004,30-31/05/2004,MO 1.2m,7:20,0.22635
May 2004,30-31/05/2004,MO 1.2m,7:30,0.6522
May 2004,30-31/05/2004,MO 1.2m,7:40,0.67959
May 2004,30-31/05/2004,MO 1.2m,7:50,0.89714
May 2004,30-31/05/2004,MO 1.2m,8:00,0.90075
May 2004,30-31/05/2004,MO 1.2m,8:10,0.93731
May 2004,30-31/05/2004,MO 1.2m,8:20,0.96564
May 2004,30-31/05/2004,MO 1.2m,8:30,0.98638
May 2004,30-31/05/2004,MO 1.2m,8:40,1.00112
May 2004,30-31/05/2004,MO 1.2m,8:50,1.0166
May 2004,30-31/05/2004,MO 1.2m,9:00,1.02347
May 2004,30-31/05/2004,MO 1.2m,9:10,1.02909
May 2004,30-31/05/2004,MO 1.2m,9:20,1.03588
May 2004,30-31/05/2004,MO 1.2m,9:30,1.04345
May 2004,30-31/05/2004,MO 1.2m,9:40,1.04901
May 2004,30-31/05/2004,MO 1.2m,9:50,1.05216
May 2004,04-05/06/2004,MO 2m,10:00,1.0787
May 2004,04-05/06/2004,MO 2m,10:10,1.07526
May 2004,04-05/06/2004,MO 2m,10:20,1.07532
May 2004,04-05/06/2004,MO 2m,10:30,1.07775
May 2004,04-05/06/2004,MO 2m,10:40,1.07924
May 2004,04-05/06/2004,MO 2m,10:50,1.07845
May 2004,04-05/06/2004,MO 2m,11:00,1.07832
May 2004,04-05/06/2004,MO 2m,11:10,1.08097
May 2004,04-05/06/2004,MO 2m,11:20,1.08252
May 2004,04-05/06/2004,MO 2m,11:30,1.08395
May 2004,04-05/06/2004,MO 2m,11:40,1.08649
May 2004,04-05/06/2004,MO 2m,11:50,1.08483
May 2004,04-05/06/2004,MO 2m,12:00,1.08342
May 2004,04-05/06/2004,MO 2m,12:10,1.08218
May 2004,04-05/06/2004,MO 2m,12:20,1.08098
May 2004,04-05/06/2004,MO 2m,12:30,1.07887
May 2004,04-05/06/2004,MO 2m,12:40,1.0794
May 2004,04-05/06/2004,MO 2m,12:50,1.07817
May 2004,04-05/06/2004,MO 2m,13:00,1.07714
May 2004,04-05/06/2004,MO 2m,13:10,1.077
May 2004,04-05/06/2004,MO 2m,13:20,1.07854
May 2004,04-05/06/2004,MO 2m,13:30,1.0797
May 2004,04-05/06/2004,MO 2m,13:40,1.07964
May 2004,04-05/06/2004,MO 2m,13:50,1.08052
May 2004,04-05/06/2004,MO 2m,14:00,1.07933
May 2004,04-05/06/2004,MO 2m,14:10,1.07988
May 2004,04-05/06/2004,MO 2m,14:20,1.07759
May 2004,04-05/06/2004,MO 2m,14:30,1.04631
May 2004,04-05/06/2004,MO 2m,14:40,1.09589
May 2004,04-05/06/2004,MO 2m,14:50,1.09702
May 2004,04-05/06/2004,MO 2m,15:00,1.09799
May 2004,04-05/06/2004,MO 2m,15:10,1.09786
May 2004,04-05/06/2004,MO 2m,15:20,1.09684
May 2004,04-05/06/2004,MO 2m,15:30,1.08797
May 2004,04-05/06/2004,MO 2m,15:40,1.09505
May 2004,04-05/06/2004,MO 2m,15:50,1.10481
May 2004,04-05/06/2004,MO 2m,16:00,1.10404
May 2004,04-05/06/2004,MO 2m,16:10,1.08338
May 2004,04-05/06/2004,MO 2m,16:20,1.05034
May 2004,04-05/06/2004,MO 2m,16:30,1.0419
May 2004,04-05/06/2004,MO 2m,16:40,1.04178
May 2004,04-05/06/2004,MO 2m,16:50,1.05667
May 2004,04-05/06/2004,MO 2m,17:00,1.03741
May 2004,04-05/06/2004,MO 2m,17:10,1.04583
May 2004,04-05/06/2004,MO 2m,17:20,1.02732
May 2004,04-05/06/2004,MO 2m,17:30,1.04457
May 2004,04-05/06/2004,MO 2m,17:40,1.06979
May 2004,04-05/06/2004,MO 2m,17:50,1.03824
May 2004,04-05/06/2004,MO 2m,18:00,0.98848
May 2004,04-05/06/2004,MO 2m,18:10,1.00176
May 2004,04-05/06/2004,MO 2m,18:20,0.82925
May 2004,04-05/06/2004,MO 2m,7:20,0.49813
May 2004,04-05/06/2004,MO 2m,7:30,0.48542
May 2004,04-05/06/2004,MO 2m,7:40,0.68755
May 2004,04-05/06/2004,MO 2m,7:50,0.93279
May 2004,04-05/06/2004,MO 2m,8:00,0.93207
May 2004,04-05/06/2004,MO 2m,8:10,0.97312
May 2004,04-05/06/2004,MO 2m,8:20,0.98974
May 2004,04-05/06/2004,MO 2m,8:30,1.0
May 2004,04-05/06/2004,MO 2m,8:40,1.004
May 2004,04-05/06/2004,MO 2m,8:50,1.02734
May 2004,04-05/06/2004,MO 2m,9:00,1.04757
May 2004,04-05/06/2004,MO 2m,9:10,1.05459
May 2004,04-05/06/2004,MO 2m,9:20,1.05552
May 2004,04-05/06/2004,MO 2m,9:30,1.05872
May 2004,04-05/06/2004,MO 2m,9:40,1.06048
May 2004,04-05/06/2004,MO 2m,9:50,1.07143
May 2004,23-24/05/2004,MO 2m,10:00,1.14227
May 2004,23-24/05/2004,MO 2m,10:10,1.13593
May 2004,23-24/05/2004,MO 2m,10:20,1.14063
May 2004,23-24/05/2004,MO 2m,10:30,1.15337
May 2004,23-24/05/2004,MO 2m,10:40,1.15755
May 2004,23-24/05/2004,MO 2m,10:50,1.15925
May 2004,23-24/05/2004,MO 2m,11:00,1.17551
May 2004,23-24/05/2004,MO 2m,11:10,1.20161
May 2004,23-24/05/2004,MO 2m,11:20,1.20322
May 2004,23-24/05/2004,MO 2m,11:30,1.20267
May 2004,23-24/05/2004,MO 2m,11:40,1.20172
May 2004,23-24/05/2004,MO 2m,11:50,1.18714
May 2004,23-24/05/2004,MO 2m,12:00,1.16837
May 2004,23-24/05/2004,MO 2m,12:10,1.16469
May 2004,23-24/05/2004,MO 2m,12:20,1.16287
May 2004,23-24/05/2004,MO 2m,12:30,1.16921
May 2004,23-24/05/2004,MO 2m,12:40,1.17776
May 2004,23-24/05/2004,MO 2m,12:50,1.18259
May 2004,23-24/05/2004,MO 2m,13:00,1.19172
May 2004,23-24/05/2004,MO 2m,13:10,1.19256
May 2004,23-24/05/2004,MO 2m,13:20,1.20111
May 2004,23-24/05/2004,MO 2m,13:30,1.19852
May 2004,23-24/05/2004,MO 2m,13:40,1.16199
May 2004,23-24/05/2004,MO 2m,13:50,1.1487
May 2004,23-24/05/2004,MO 2m,14:00,1.15889
May 2004,23-24/05/2004,MO 2m,14:10,1.18407
May 2004,23-24/05/2004,MO 2m,14:20,1.19354
May 2004,23-24/05/2004,MO 2m,14:30,1.18077
May 2004,23-24/05/2004,MO 2m,14:40,1.10882
May 2004,23-24/05/2004,MO 2m,14:50,1.09299
May 2004,23-24/05/2004,MO 2m,15:00,1.1051
May 2004,23-24/05/2004,MO 2m,15:10,1.11457
May 2004,23-24/05/2004,MO 2m,15:20,1.09977
May 2004,23-24/05/2004,MO 2m,15:30,1.08948
May 2004,23-24/05/2004,MO 2m,15:40,1.08783
May 2004,23-24/05/2004,MO 2m,15:50,1.08942
May 2004,23-24/05/2004,MO 2m,16:00,1.09475
May 2004,23-24/05/2004,MO 2m,16:10,1.06543
May 2004,23-24/05/2004,MO 2m,16:20,1.06815
May 2004,23-24/05/2004,MO 2m,16:30,1.07647
May 2004,23-24/05/2004,MO 2m,16:40,1.10912
May 2004,23-24/05/2004,MO 2m,16:50,1.10739
May 2004,23-24/05/2004,MO 2m,17:00,1.12663
May 2004,23-24/05/2004,MO 2m,17:10,1.10832
May 2004,23-24/05/2004,MO 2m,17:20,1.09286
May 2004,23-24/05/2004,MO 2m,17:30,1.1335
May 2004,23-24/05/2004,MO 2m,17:40,1.10676
May 2004,23-24/05/2004,MO 2m,17:50,1.0892
May 2004,23-24/05/2004,MO 2m,18:00,1.19
May 2004,23-24/05/2004,MO 2m,18:10,1.06925
May 2004,23-24/05/2004,MO 2m,18:20,0.85806
May 2004,23-24/05/2004,MO 2m,7:20,0.23512
May 2004,23-24/05/2004,MO 2m,7:30,0.73879
May 2004,23-24/05/2004,MO 2m,7:40,0.95918
May 2004,23-24/05/2004,MO 2m,7:50,0.94017
May 2004,23-24/05/2004,MO 2m,8:00,0.99386
May 2004,23-24/05/2004,MO 2m,8:10,1.02832
May 2004,23-24/05/2004,MO 2m,8:20,1.06387
May 2004,23-24/05/2004,MO 2m,8:30,1.08115
May 2004,23-24/05/2004,MO 2m,8:40,1.10061
May 2004,23-24/05/2004,MO 2m,8:50,1.11732
May 2004,23-24/05/2004,MO 2m,9:00,1.15551
May 2004,23-24/05/2004,MO 2m,9:10,1.16268
May 2004,23-24/05/2004,MO 2m,9:20,1.1678
May 2004,23-24/05/2004,MO 2m,9:30,1.18493
May 2004,23-24/05/2004,MO 2m,9:40,1.17837
May 2004,23-24/05/2004,MO 2m,9:50,1.15264
May 2004,29-30/05/2004,MO 2m,10:00,1.09614
May 2004,29-30/05/2004,MO 2m,10:10,1.09714
May 2004,29-30/05/2004,MO 2m,10:20,1.09452
May 2004,29-30/05/2004,MO 2m,10:30,1.08404
May 2004,29-30/05/2004,MO 2m,10:40,1.09064
May 2004,29-30/05/2004,MO 2m,10:50,1.09096
May 2004,29-30/05/2004,MO 2m,11:00,1.08625
May 2004,29-30/05/2004,MO 2m,11:10,1.09912
May 2004,29-30/05/2004,MO 2m,11:20,1.09704
May 2004,29-30/05/2004,MO 2m,11:30,1.09718
May 2004,29-30/05/2004,MO 2m,11:40,1.10104
May 2004,29-30/05/2004,MO 2m,11:50,1.1079
May 2004,29-30/05/2004,MO 2m,12:00,1.12242
May 2004,29-30/05/2004,MO 2m,12:10,1.11032
May 2004,29-30/05/2004,MO 2m,12:20,1.11081
May 2004,29-30/05/2004,MO 2m,12:30,1.11953
May 2004,29-30/05/2004,MO 2m,12:40,1.12241
May 2004,29-30/05/2004,MO 2m,12:50,1.12071
May 2004,29-30/05/2004,MO 2m,13:00,1.12433
May 2004,29-30/05/2004,MO 2m,13:10,1.11165
May 2004,29-30/05/2004,MO 2m,13:20,1.11453
May 2004,29-30/05/2004,MO 2m,13:30,1.11452
May 2004,29-30/05/2004,MO 2m,13:40,1.11023
May 2004,29-30/05/2004,MO 2m,13:50,1.12226
May 2004,29-30/05/2004,MO 2m,14:00,1.13232
May 2004,29-30/05/2004,MO 2m,14:10,1.12535
May 2004,29-30/05/2004,MO 2m,14:20,1.0739
May 2004,29-30/05/2004,MO 2m,14:30,1.05049
May 2004,29-30/05/2004,MO 2m,14:40,1.08559
May 2004,29-30/05/2004,MO 2m,14:50,1.08756
May 2004,29-30/05/2004,MO 2m,15:00,1.08943
May 2004,29-30/05/2004,MO 2m,15:10,1.08804
May 2004,29-30/05/2004,MO 2m,15:20,1.0888
May 2004,29-30/05/2004,MO 2m,15:30,1.08671
May 2004,29-30/05/2004,MO 2m,15:40,1.08598
May 2004,29-30/05/2004,MO 2m,15:50,1.09437
May 2004,29-30/05/2004,MO 2m,16:00,1.09904
May 2004,29-30/05/2004,MO 2m,16:10,1.08561
May 2004,29-30/05/2004,MO 2m,16:20,1.07558
May 2004,29-30/05/2004,MO 2m,16:30,1.01737
May 2004,29-30/05/2004,MO 2m,16:40,1.07761
May 2004,29-30/05/2004,MO 2m,16:50,1.07492
May 2004,29-30/05/2004,MO 2m,17:00,1.06575
May 2004,29-30/05/2004,MO 2m,17:10,1.07358
May 2004,29-30/05/2004,MO 2m,17:20,1.05907
May 2004,29-30/05/2004,MO 2m,17:30,1.11162
May 2004,29-30/05/2004,MO 2m,17:40,1.03801
May 2004,29-30/05/2004,MO 2m,17:50,1.06954
May 2004,29-30/05/2004,MO 2m,18:00,1.07853
May 2004,29-30/05/2004,MO 2m,18:10,1.01522
May 2004,29-30/05/2004,MO 2m,18:20,0.87406
May 2004,29-30/05/2004,MO 2m,7:20,0.24124
May 2004,29-30/05/2004,MO 2m,7:30,0.66677
May 2004,29-30/05/2004,MO 2m,7:40,0.94693
May 2004,29-30/05/2004,MO 2m,7:50,1.03007
May 2004,29-30/05/2004,MO 2m,8:00,0.97515
May 2004,29-30/05/2004,MO 2m,8:10,0.99272
May 2004,29-30/05/2004,MO 2m,8:20,1.0076
May 2004,29-30/05/2004,MO 2m,8:30,1.02867
May 2004,29-30/05/2004,MO 2m,8:40,1.03366
May 2004,29-30/05/2004,MO 2m,8:50,1.06385
May 2004,29-30/05/2004,MO 2m,9:00,1.07924
May 2004,29-30/05/2004,MO 2m,9:10,1.07538
May 2004,29-30/05/2004,MO 2m,9:20,1.07238
May 2004,29-30/05/2004,MO 2m,9:30,1.07276
May 2004,29-30/05/2004,MO 2m,9:40,1.09355
May 2004,29-30/05/2004,MO 2m,9:50,1.09629
May 2004,03-04/06/2004,Open area 2m,10:00,1.09464
May 2004,03-04/06/2004,Open area 2m,10:10,1.10051
May 2004,03-04/06/2004,Open area 2m,10:20,1.08761
May 2004,03-04/06/2004,Open area 2m,10:30,1.09092
May 2004,03-04/06/2004,Open area 2m,10:40,1.09629
May 2004,03-04/06/2004,Open area 2m,10:50,1.09805
May 2004,03-04/06/2004,Open area 2m,11:00,1.09725
May 2004,03-04/06/2004,Open area 2m,11:10,1.0996
May 2004,03-04/06/2004,Open area 2m,11:20,1.0974
May 2004,03-04/06/2004,Open area 2m,11:30,1.09945
May 2004,03-04/06/2004,Open area 2m,11:40,1.10127
May 2004,03-04/06/2004,Open area 2m,11:50,1.10061
May 2004,03-04/06/2004,Open area 2m,12:00,1.1
May 2004,03-04/06/2004,Open area 2m,12:10,1.1002
May 2004,03-04/06/2004,Open area 2m,12:20,1.10086
May 2004,03-04/06/2004,Open area 2m,12:30,1.10019
May 2004,03-04/06/2004,Open area 2m,12:40,1.10177
May 2004,03-04/06/2004,Open area 2m,12:50,1.10296
May 2004,03-04/06/2004,Open area 2m,13:00,1.10328
May 2004,03-04/06/2004,Open area 2m,13:10,1.10368
May 2004,03-04/06/2004,Open area 2m,13:20,1.10145
May 2004,03-04/06/2004,Open area 2m,13:30,1.10365
May 2004,03-04/06/2004,Open area 2m,13:40,1.10443
May 2004,03-04/06/2004,Open area 2m,13:50,1.10244
May 2004,03-04/06/2004,Open area 2m,14:00,1.1007
May 2004,03-04/06/2004,Open area 2m,14:10,1.09955
May 2004,03-04/06/2004,Open area 2m,14:20,1.0989
May 2004,03-04/06/2004,Open area 2m,14:30,1.08057
May 2004,03-04/06/2004,Open area 2m,14:40,1.09812
May 2004,03-04/06/2004,Open area 2m,14:50,1.10704
May 2004,03-04/06/2004,Open area 2m,15:00,1.10651
May 2004,03-04/06/2004,Open area 2m,15:10,1.09614
May 2004,03-04/06/2004,Open area 2m,15:20,1.09293
May 2004,03-04/06/2004,Open area 2m,15:30,1.10459
May 2004,03-04/06/2004,Open area 2m,15:40,1.08296
May 2004,03-04/06/2004,Open area 2m,15:50,1.08317
May 2004,03-04/06/2004,Open area 2m,16:00,1.08983
May 2004,03-04/06/2004,Open area 2m,16:10,1.06459
May 2004,03-04/06/2004,Open area 2m,16:20,1.05313
May 2004,03-04/06/2004,Open area 2m,16:30,1.008
May 2004,03-04/06/2004,Open area 2m,16:40,1.0278
May 2004,03-04/06/2004,Open area 2m,16:50,1.07781
May 2004,03-04/06/2004,Open area 2m,17:00,1.17554
May 2004,03-04/06/2004,Open area 2m,17:10,1.19221
May 2004,03-04/06/2004,Open area 2m,17:20,1.17188
May 2004,03-04/06/2004,Open area 2m,17:30,1.1574
May 2004,03-04/06/2004,Open area 2m,17:40,1.11468
May 2004,03-04/06/2004,Open area 2m,17:50,1.09761
May 2004,03-04/06/2004,Open area 2m,18:00,1.14518
May 2004,03-04/06/2004,Open area 2m,18:10,1.08131
May 2004,03-04/06/2004,Open area 2m,18:20,0.90702
May 2004,03-04/06/2004,Open area 2m,7:20,0.53174
May 2004,03-04/06/2004,Open area 2m,7:30,0.77412
May 2004,03-04/06/2004,Open area 2m,7:40,0.93819
May 2004,03-04/06/2004,Open area 2m,7:50,1.1454
May 2004,03-04/06/2004,Open area 2m,8:00,1.17628
May 2004,03-04/06/2004,Open area 2m,8:10,1.19226
May 2004,03-04/06/2004,Open area 2m,8:20,1.16676
May 2004,03-04/06/2004,Open area 2m,8:30,1.19344
May 2004,03-04/06/2004,Open area 2m,8:40,1.05823
May 2004,03-04/06/2004,Open area 2m,8:50,1.05035
May 2004,03-04/06/2004,Open area 2m,9:00,1.05798
May 2004,03-04/06/2004,Open area 2m,9:10,1.06362
May 2004,03-04/06/2004,Open area 2m,9:20,1.06853
May 2004,03-04/06/2004,Open area 2m,9:30,1.07198
May 2004,03-04/06/2004,Open area 2m,9:40,1.07426
May 2004,03-04/06/2004,Open area 2m,9:50,1.08472
May 2004,06-07/06/2004,Open area 2m,10:00,1.11028
May 2004,06-07/06/2004,Open area 2m,10:10,1.11262
May 2004,06-07/06/2004,Open area 2m,10:20,1.11427
May 2004,06-07/06/2004,Open area 2m,10:30,1.11757
May 2004,06-07/06/2004,Open area 2m,10:40,1.14303
May 2004,06-07/06/2004,Open area 2m,10:50,1.1222
May 2004,06-07/06/2004,Open area 2m,11:00,1.12035
May 2004,06-07/06/2004,Open area 2m,11:10,1.11846
May 2004,06-07/06/2004,Open area 2m,11:20,1.11676
May 2004,06-07/06/2004,Open area 2m,11:30,1.11395
May 2004,06-07/06/2004,Open area 2m,11:40,1.12232
May 2004,06-07/06/2004,Open area 2m,11:50,1.11347
May 2004,06-07/06/2004,Open area 2m,12:00,1.12854
May 2004,06-07/06/2004,Open area 2m,12:10,1.13049
May 2004,06-07/06/2004,Open area 2m,12:20,1.17946
May 2004,06-07/06/2004,Open area 2m,12:30,1.15584
May 2004,06-07/06/2004,Open area 2m,12:40,1.14877
May 2004,06-07/06/2004,Open area 2m,12:50,1.14809
May 2004,06-07/06/2004,Open area 2m,13:00,1.16255
May 2004,06-07/06/2004,Open area 2m,13:10,1.13788
May 2004,06-07/06/2004,Open area 2m,13:20,1.12155
May 2004,06-07/06/2004,Open area 2m,13:30,1.13291
May 2004,06-07/06/2004,Open area 2m,13:40,1.13979
May 2004,06-07/06/2004,Open area 2m,13:50,1.13196
May 2004,06-07/06/2004,Open area 2m,14:00,1.17027
May 2004,06-07/06/2004,Open area 2m,14:10,1.17616
May 2004,06-07/06/2004,Open area 2m,14:20,1.17512
May 2004,06-07/06/2004,Open area 2m,14:30,1.16476
May 2004,06-07/06/2004,Open area 2m,14:40,1.10587
May 2004,06-07/06/2004,Open area 2m,14:50,1.09451
May 2004,06-07/06/2004,Open area 2m,15:00,1.08639
May 2004,06-07/06/2004,Open area 2m,15:10,1.08435
May 2004,06-07/06/2004,Open area 2m,15:20,1.08817
May 2004,06-07/06/2004,Open area 2m,15:30,1.09969
May 2004,06-07/06/2004,Open area 2m,15:40,1.08873
May 2004,06-07/06/2004,Open area 2m,15:50,1.12079
May 2004,06-07/06/2004,Open area 2m,16:00,1.10051
May 2004,06-07/06/2004,Open area 2m,16:10,1.07571
May 2004,06-07/06/2004,Open area 2m,16:20,1.13058
May 2004,06-07/06/2004,Open area 2m,16:30,1.13701
May 2004,06-07/06/2004,Open area 2m,16:40,1.15458
May 2004,06-07/06/2004,Open area 2m,16:50,1.1206
May 2004,06-07/06/2004,Open area 2m,17:00,1.09249
May 2004,06-07/06/2004,Open area 2m,17:10,1.16643
May 2004,06-07/06/2004,Open area 2m,17:20,1.18182
May 2004,06-07/06/2004,Open area 2m,17:30,1.13429
May 2004,06-07/06/2004,Open area 2m,17:40,1.19319
May 2004,06-07/06/2004,Open area 2m,17:50,1.19741
May 2004,06-07/06/2004,Open area 2m,18:00,1.16636
May 2004,06-07/06/2004,Open area 2m,18:10,1.12621
May 2004,06-07/06/2004,Open area 2m,18:20,0.95243
May 2004,06-07/06/2004,Open area 2m,7:20,0.51095
May 2004,06-07/06/2004,Open area 2m,7:30,0.70918
May 2004,06-07/06/2004,Open area 2m,7:40,0.87669
May 2004,06-07/06/2004,Open area 2m,7:50,1.07157
May 2004,06-07/06/2004,Open area 2m,8:00,1.20293
May 2004,06-07/06/2004,Open area 2m,8:10,1.19734
May 2004,06-07/06/2004,Open area 2m,8:20,1.1534
May 2004,06-07/06/2004,Open area 2m,8:30,1.1885
May 2004,06-07/06/2004,Open area 2m,8:40,1.18351
May 2004,06-07/06/2004,Open area 2m,8:50,1.09453
May 2004,06-07/06/2004,Open area 2m,9:00,1.034
May 2004,06-07/06/2004,Open area 2m,9:10,1.0979
May 2004,06-07/06/2004,Open area 2m,9:20,1.10023
May 2004,06-07/06/2004,Open area 2m,9:30,1.10427
May 2004,06-07/06/2004,Open area 2m,9:40,1.10646
May 2004,06-07/06/2004,Open area 2m,9:50,1.10903
May 2004,21-22/05/2004,Open area 2m,10:00,1.09951
May 2004,21-22/05/2004,Open area 2m,10:10,1.09875
May 2004,21-22/05/2004,Open area 2m,10:20,1.09829
May 2004,21-22/05/2004,Open area 2m,10:30,1.09684
May 2004,21-22/05/2004,Open area 2m,10:40,1.09611
May 2004,21-22/05/2004,Open area 2m,10:50,1.10079
May 2004,21-22/05/2004,Open area 2m,11:00,1.13493
May 2004,21-22/05/2004,Open area 2m,11:10,1.09759
May 2004,21-22/05/2004,Open area 2m,11:20,1.11813
May 2004,21-22/05/2004,Open area 2m,11:30,1.09709
May 2004,21-22/05/2004,Open area 2m,11:40,1.098
May 2004,21-22/05/2004,Open area 2m,11:50,1.09777
May 2004,21-22/05/2004,Open area 2m,12:00,1.09654
May 2004,21-22/05/2004,Open area 2m,12:10,1.09292
May 2004,21-22/05/2004,Open area 2m,12:20,1.12308
May 2004,21-22/05/2004,Open area 2m,12:30,1.09419
May 2004,21-22/05/2004,Open area 2m,12:40,1.09545
May 2004,21-22/05/2004,Open area 2m,12:50,1.09536
May 2004,21-22/05/2004,Open area 2m,13:00,1.09545
May 2004,21-22/05/2004,Open area 2m,13:10,1.09503
May 2004,21-22/05/2004,Open area 2m,13:20,1.20117
May 2004,21-22/05/2004,Open area 2m,13:30,1.12814
May 2004,21-22/05/2004,Open area 2m,13:40,1.09792
May 2004,21-22/05/2004,Open area 2m,13:50,1.18258
May 2004,21-22/05/2004,Open area 2m,14:00,1.08447
May 2004,21-22/05/2004,Open area 2m,14:10,1.09749
May 2004,21-22/05/2004,Open area 2m,14:20,1.13012
May 2004,21-22/05/2004,Open area 2m,14:30,1.10278
May 2004,21-22/05/2004,Open area 2m,14:40,1.11062
May 2004,21-22/05/2004,Open area 2m,14:50,1.10916
May 2004,21-22/05/2004,Open area 2m,15:00,1.10281
May 2004,21-22/05/2004,Open area 2m,15:10,1.14964
May 2004,21-22/05/2004,Open area 2m,15:20,1.10066
May 2004,21-22/05/2004,Open area 2m,15:30,1.10095
May 2004,21-22/05/2004,Open area 2m,15:40,1.10524
May 2004,21-22/05/2004,Open area 2m,15:50,1.10847
May 2004,21-22/05/2004,Open area 2m,16:00,1.11139
May 2004,21-22/05/2004,Open area 2m,16:10,1.11864
May 2004,21-22/05/2004,Open area 2m,16:20,1.16482
May 2004,21-22/05/2004,Open area 2m,16:30,1.15498
May 2004,21-22/05/2004,Open area 2m,16:40,1.17898
May 2004,21-22/05/2004,Open area 2m,16:50,1.17411
May 2004,21-22/05/2004,Open area 2m,17:00,1.10835
May 2004,21-22/05/2004,Open area 2m,17:10,1.11525
May 2004,21-22/05/2004,Open area 2m,17:20,1.07088
May 2004,21-22/05/2004,Open area 2m,17:30,1.11584
May 2004,21-22/05/2004,Open area 2m,17:40,1.09974
May 2004,21-22/05/2004,Open area 2m,17:50,1.15462
May 2004,21-22/05/2004,Open area 2m,18:00,1.11249
May 2004,21-22/05/2004,Open area 2m,18:10,1.06628
May 2004,21-22/05/2004,Open area 2m,18:20,1.01257
May 2004,21-22/05/2004,Open area 2m,7:20,0.58682
May 2004,21-22/05/2004,Open area 2m,7:30,0.90426
May 2004,21-22/05/2004,Open area 2m,7:40,1.0964
May 2004,21-22/05/2004,Open area 2m,7:50,1.04779
May 2004,21-22/05/2004,Open area 2m,8:00,1.01602
May 2004,21-22/05/2004,Open area 2m,8:10,1.0567
May 2004,21-22/05/2004,Open area 2m,8:20,1.07297
May 2004,21-22/05/2004,Open area 2m,8:30,1.068
May 2004,21-22/05/2004,Open area 2m,8:40,1.07545
May 2004,21-22/05/2004,Open area 2m,8:50,1.11166
May 2004,21-22/05/2004,Open area 2m,9:00,1.08809
May 2004,21-22/05/2004,Open area 2m,9:10,1.09121
May 2004,21-22/05/2004,Open area 2m,9:20,1.09244
May 2004,21-22/05/2004,Open area 2m,9:30,1.09404
May 2004,21-22/05/2004,Open area 2m,9:40,1.09815
May 2004,21-22/05/2004,Open area 2m,9:50,1.09943
May 2004,24-25/05/2004,Open area 2m,10:00,1.17129
May 2004,24-25/05/2004,Open area 2m,10:10,1.15004
May 2004,24-25/05/2004,Open area 2m,10:20,1.13021
May 2004,24-25/05/2004,Open area 2m,10:30,1.16086
May 2004,24-25/05/2004,Open area 2m,10:40,1.13312
May 2004,24-25/05/2004,Open area 2m,10:50,1.19752
May 2004,24-25/05/2004,Open area 2m,11:00,1.2042
May 2004,24-25/05/2004,Open area 2m,11:10,1.16265
May 2004,24-25/05/2004,Open area 2m,11:20,1.18253
May 2004,24-25/05/2004,Open area 2m,11:30,1.19734
May 2004,24-25/05/2004,Open area 2m,11:40,1.16149
May 2004,24-25/05/2004,Open area 2m,11:50,1.2755
May 2004,24-25/05/2004,Open area 2m,12:00,1.12112
May 2004,24-25/05/2004,Open area 2m,12:10,1.16524
May 2004,24-25/05/2004,Open area 2m,12:20,1.13348
May 2004,24-25/05/2004,Open area 2m,12:30,1.13846
May 2004,24-25/05/2004,Open area 2m,12:40,1.16726
May 2004,24-25/05/2004,Open area 2m,12:50,1.18686
May 2004,24-25/05/2004,Open area 2m,13:00,1.18642
May 2004,24-25/05/2004,Open area 2m,13:10,1.16237
May 2004,24-25/05/2004,Open area 2m,13:20,1.18263
May 2004,24-25/05/2004,Open area 2m,13:30,1.19134
May 2004,24-25/05/2004,Open area 2m,13:40,1.17884
May 2004,24-25/05/2004,Open area 2m,13:50,1.16838
May 2004,24-25/05/2004,Open area 2m,14:00,1.18198
May 2004,24-25/05/2004,Open area 2m,14:10,1.1877
May 2004,24-25/05/2004,Open area 2m,14:20,1.15798
May 2004,24-25/05/2004,Open area 2m,14:30,1.12645
May 2004,24-25/05/2004,Open area 2m,14:40,1.18606
May 2004,24-25/05/2004,Open area 2m,14:50,1.20441
May 2004,24-25/05/2004,Open area 2m,15:00,1.17655
May 2004,24-25/05/2004,Open area 2m,15:10,1.20676
May 2004,24-25/05/2004,Open area 2m,15:20,1.18886
May 2004,24-25/05/2004,Open area 2m,15:30,1.1702
May 2004,24-25/05/2004,Open area 2m,15:40,1.18367
May 2004,24-25/05/2004,Open area 2m,15:50,1.18923
May 2004,24-25/05/2004,Open area 2m,16:00,1.17631
May 2004,24-25/05/2004,Open area 2m,16:10,1.16116
May 2004,24-25/05/2004,Open area 2m,16:20,1.16842
May 2004,24-25/05/2004,Open area 2m,16:30,1.19303
May 2004,24-25/05/2004,Open area 2m,16:40,1.13406
May 2004,24-25/05/2004,Open area 2m,16:50,1.20277
May 2004,24-25/05/2004,Open area 2m,17:00,1.16942
May 2004,24-25/05/2004,Open area 2m,17:10,1.1717
May 2004,24-25/05/2004,Open area 2m,17:20,1.15744
May 2004,24-25/05/2004,Open area 2m,17:30,1.16126
May 2004,24-25/05/2004,Open area 2m,17:40,1.16789
May 2004,24-25/05/2004,Open area 2m,17:50,1.1313
May 2004,24-25/05/2004,Open area 2m,18:00,1.18343
May 2004,24-25/05/2004,Open area 2m,18:10,1.18824
May 2004,24-25/05/2004,Open area 2m,18:20,1.06342
May 2004,24-25/05/2004,Open area 2m,7:20,0.18503
May 2004,24-25/05/2004,Open area 2m,7:30,0.81531
May 2004,24-25/05/2004,Open area 2m,7:40,1.18005
May 2004,24-25/05/2004,Open area 2m,7:50,1.18722
May 2004,24-25/05/2004,Open area 2m,8:00,1.15519
May 2004,24-25/05/2004,Open area 2m,8:10,1.12549
May 2004,24-25/05/2004,Open area 2m,8:20,1.10894
May 2004,24-25/05/2004,Open area 2m,8:30,1.12735
May 2004,24-25/05/2004,Open area 2m,8:40,1.16569
May 2004,24-25/05/2004,Open area 2m,8:50,1.13297
May 2004,24-25/05/2004,Open area 2m,9:00,1.16539
May 2004,24-25/05/2004,Open area 2m,9:10,1.16175
May 2004,24-25/05/2004,Open area 2m,9:20,1.20147
May 2004,24-25/05/2004,Open area 2m,9:30,1.18973
May 2004,24-25/05/2004,Open area 2m,9:40,1.12016
May 2004,24-25/05/2004,Open area 2m,9:50,1.15671
May 2004,28-29/05/2004,Open area 2m,10:00,1.06216
May 2004,28-29/05/2004,Open area 2m,10:10,1.06111
May 2004,28-29/05/2004,Open area 2m,10:20,1.06076
May 2004,28-29/05/2004,Open area 2m,10:30,1.06163
May 2004,28-29/05/2004,Open area 2m,10:40,1.06225
May 2004,28-29/05/2004,Open area 2m,10:50,1.06263
May 2004,28-29/05/2004,Open area 2m,11:00,1.06334
May 2004,28-29/05/2004,Open area 2m,11:10,1.06379
May 2004,28-29/05/2004,Open area 2m,11:20,1.06374
May 2004,28-29/05/2004,Open area 2m,11:30,1.06226
May 2004,28-29/05/2004,Open area 2m,11:40,1.06167
May 2004,28-29/05/2004,Open area 2m,11:50,1.06122
May 2004,28-29/05/2004,Open area 2m,12:00,1.08056
May 2004,28-29/05/2004,Open area 2m,12:10,1.10037
May 2004,28-29/05/2004,Open area 2m,12:20,1.0609
May 2004,28-29/05/2004,Open area 2m,12:30,1.06021
May 2004,28-29/05/2004,Open area 2m,12:40,1.05984
May 2004,28-29/05/2004,Open area 2m,12:50,1.05943
May 2004,28-29/05/2004,Open area 2m,13:00,1.05842
May 2004,28-29/05/2004,Open area 2m,13:10,1.05635
May 2004,28-29/05/2004,Open area 2m,13:20,1.05495
May 2004,28-29/05/2004,Open area 2m,13:30,1.0568
May 2004,28-29/05/2004,Open area 2m,13:40,1.05314
May 2004,28-29/05/2004,Open area 2m,13:50,1.053
May 2004,28-29/05/2004,Open area 2m,14:00,1.05192
May 2004,28-29/05/2004,Open area 2m,14:10,1.05023
May 2004,28-29/05/2004,Open area 2m,14:20,1.04961
May 2004,28-29/05/2004,Open area 2m,14:30,1.06531
May 2004,28-29/05/2004,Open area 2m,14:40,1.05665
May 2004,28-29/05/2004,Open area 2m,14:50,1.04499
May 2004,28-29/05/2004,Open area 2m,15:00,1.03528
May 2004,28-29/05/2004,Open area 2m,15:10,1.03319
May 2004,28-29/05/2004,Open area 2m,15:20,1.03424
May 2004,28-29/05/2004,Open area 2m,15:30,1.02926
May 2004,28-29/05/2004,Open area 2m,15:40,1.01884
May 2004,28-29/05/2004,Open area 2m,15:50,1.08012
May 2004,28-29/05/2004,Open area 2m,16:00,1.00605
May 2004,28-29/05/2004,Open area 2m,16:10,1.10026
May 2004,28-29/05/2004,Open area 2m,16:20,1.07163
May 2004,28-29/05/2004,Open area 2m,16:30,1.05922
May 2004,28-29/05/2004,Open area 2m,16:40,1.13814
May 2004,28-29/05/2004,Open area 2m,16:50,1.20106
May 2004,28-29/05/2004,Open area 2m,17:00,1.16484
May 2004,28-29/05/2004,Open area 2m,17:10,1.10781
May 2004,28-29/05/2004,Open area 2m,17:20,1.18379
May 2004,28-29/05/2004,Open area 2m,17:30,1.17492
May 2004,28-29/05/2004,Open area 2m,17:40,1.16091
May 2004,28-29/05/2004,Open area 2m,17:50,1.14697
May 2004,28-29/05/2004,Open area 2m,18:00,1.15637
May 2004,28-29/05/2004,Open area 2m,18:10,1.101
May 2004,28-29/05/2004,Open area 2m,18:20,0.90011
May 2004,28-29/05/2004,Open area 2m,7:20,0.51724
May 2004,28-29/05/2004,Open area 2m,7:30,0.73346
May 2004,28-29/05/2004,Open area 2m,7:40,0.92591
May 2004,28-29/05/2004,Open area 2m,7:50,1.1045
May 2004,28-29/05/2004,Open area 2m,8:00,1.17691
May 2004,28-29/05/2004,Open area 2m,8:10,1.18722
May 2004,28-29/05/2004,Open area 2m,8:20,1.1666
May 2004,28-29/05/2004,Open area 2m,8:30,1.18948
May 2004,28-29/05/2004,Open area 2m,8:40,1.03272
May 2004,28-29/05/2004,Open area 2m,8:50,1.0432
May 2004,28-29/05/2004,Open area 2m,9:00,1.0495
May 2004,28-29/05/2004,Open area 2m,9:10,1.05458
May 2004,28-29/05/2004,Open area 2m,9:20,1.05852
May 2004,28-29/05/2004,Open area 2m,9:30,1.06026
May 2004,28-29/05/2004,Open area 2m,9:40,1.06256
May 2004,28-29/05/2004,Open area 2m,9:50,1.06319
May 2004,31/05-01/06/2004,Open area 2m,10:00,1.09183
May 2004,31/05-01/06/2004,Open area 2m,10:10,1.08408
May 2004,31/05-01/06/2004,Open area 2m,10:20,1.0935
May 2004,31/05-01/06/2004,Open area 2m,10:30,1.12104
May 2004,31/05-01/06/2004,Open area 2m,10:40,1.10645
May 2004,31/05-01/06/2004,Open area 2m,10:50,1.10399
May 2004,31/05-01/06/2004,Open area 2m,11:00,1.10963
May 2004,31/05-01/06/2004,Open area 2m,11:10,1.10991
May 2004,31/05-01/06/2004,Open area 2m,11:20,1.10804
May 2004,31/05-01/06/2004,Open area 2m,11:30,1.10591
May 2004,31/05-01/06/2004,Open area 2m,11:40,1.09808
May 2004,31/05-01/06/2004,Open area 2m,11:50,1.08231
May 2004,31/05-01/06/2004,Open area 2m,12:00,1.12661
May 2004,31/05-01/06/2004,Open area 2m,12:10,1.12853
May 2004,31/05-01/06/2004,Open area 2m,12:20,1.08571
May 2004,31/05-01/06/2004,Open area 2m,12:30,1.08927
May 2004,31/05-01/06/2004,Open area 2m,12:40,1.09145
May 2004,31/05-01/06/2004,Open area 2m,12:50,1.07643
May 2004,31/05-01/06/2004,Open area 2m,13:00,1.0781
May 2004,31/05-01/06/2004,Open area 2m,13:10,1.09126
May 2004,31/05-01/06/2004,Open area 2m,13:20,1.18117
May 2004,31/05-01/06/2004,Open area 2m,13:30,1.09669
May 2004,31/05-01/06/2004,Open area 2m,13:40,1.09229
May 2004,31/05-01/06/2004,Open area 2m,13:50,1.08396
May 2004,31/05-01/06/2004,Open area 2m,14:00,1.07037
May 2004,31/05-01/06/2004,Open area 2m,14:10,1.06639
May 2004,31/05-01/06/2004,Open area 2m,14:20,1.20309
May 2004,31/05-01/06/2004,Open area 2m,14:30,1.15572
May 2004,31/05-01/06/2004,Open area 2m,14:40,1.08263
May 2004,31/05-01/06/2004,Open area 2m,14:50,1.08364
May 2004,31/05-01/06/2004,Open area 2m,15:00,1.08055
May 2004,31/05-01/06/2004,Open area 2m,15:10,1.08185
May 2004,31/05-01/06/2004,Open area 2m,15:20,1.08773
May 2004,31/05-01/06/2004,Open area 2m,15:30,1.07405
May 2004,31/05-01/06/2004,Open area 2m,15:40,1.0771
May 2004,31/05-01/06/2004,Open area 2m,15:50,1.07903
May 2004,31/05-01/06/2004,Open area 2m,16:00,1.08659
May 2004,31/05-01/06/2004,Open area 2m,16:10,1.07781
May 2004,31/05-01/06/2004,Open area 2m,16:20,1.06867
May 2004,31/05-01/06/2004,Open area 2m,16:30,1.07214
May 2004,31/05-01/06/2004,Open area 2m,16:40,1.08005
May 2004,31/05-01/06/2004,Open area 2m,16:50,1.0845
May 2004,31/05-01/06/2004,Open area 2m,17:00,1.11408
May 2004,31/05-01/06/2004,Open area 2m,17:10,1.12328
May 2004,31/05-01/06/2004,Open area 2m,17:20,1.13482
May 2004,31/05-01/06/2004,Open area 2m,17:30,1.10765
May 2004,31/05-01/06/2004,Open area 2m,17:40,1.07643
May 2004,31/05-01/06/2004,Open area 2m,17:50,1.04009
May 2004,31/05-01/06/2004,Open area 2m,18:00,0.97437
May 2004,31/05-01/06/2004,Open area 2m,18:10,0.90337
May 2004,31/05-01/06/2004,Open area 2m,18:20,0.8345
May 2004,31/05-01/06/2004,Open area 2m,7:20,0.51624
May 2004,31/05-01/06/2004,Open area 2m,7:30,0.67993
May 2004,31/05-01/06/2004,Open area 2m,7:40,0.8517
May 2004,31/05-01/06/2004,Open area 2m,7:50,1.10019
May 2004,31/05-01/06/2004,Open area 2m,8:00,1.15722
May 2004,31/05-01/06/2004,Open area 2m,8:10,1.17273
May 2004,31/05-01/06/2004,Open area 2m,8:20,1.19455
May 2004,31/05-01/06/2004,Open area 2m,8:30,1.19285
May 2004,31/05-01/06/2004,Open area 2m,8:40,1.07427
May 2004,31/05-01/06/2004,Open area 2m,8:50,1.07591
May 2004,31/05-01/06/2004,Open area 2m,9:00,1.0872
May 2004,31/05-01/06/2004,Open area 2m,9:10,1.0822
May 2004,31/05-01/06/2004,Open area 2m,9:20,1.09492
May 2004,31/05-01/06/2004,Open area 2m,9:30,1.0911
May 2004,31/05-01/06/2004,Open area 2m,9:40,1.08787
May 2004,31/05-01/06/2004,Open area 2m,9:50,1.08869
Jul 2004,10-11/07/2004,AFS 1.2m,10:00,0.9747
Jul 2004,10-11/07/2004,AFS 1.2m,10:10,0.83471
Jul 2004,10-11/07/2004,AFS 1.2m,10:20,0.2883
Jul 2004,10-11/07/2004,AFS 1.2m,10:30,0.24675
Jul 2004,10-11/07/2004,AFS 1.2m,10:40,0.25544
Jul 2004,10-11/07/2004,AFS 1.2m,10:50,0.23591
Jul 2004,10-11/07/2004,AFS 1.2m,11:00,0.22785
Jul 2004,10-11/07/2004,AFS 1.2m,11:10,0.39734
Jul 2004,10-11/07/2004,AFS 1.2m,11:20,0.41696
Jul 2004,10-11/07/2004,AFS 1.2m,11:30,0.60474
Jul 2004,10-11/07/2004,AFS 1.2m,11:40,0.32507
Jul 2004,10-11/07/2004,AFS 1.2m,11:50,0.83529
Jul 2004,10-11/07/2004,AFS 1.2m,12:00,0.81017
Jul 2004,10-11/07/2004,AFS 1.2m,12:10,1.00916
Jul 2004,10-11/07/2004,AFS 1.2m,12:20,0.98103
Jul 2004,10-11/07/2004,AFS 1.2m,12:30,0.78395
Jul 2004,10-11/07/2004,AFS 1.2m,12:40,0.9112
Jul 2004,10-11/07/2004,AFS 1.2m,12:50,0.95426
Jul 2004,10-11/07/2004,AFS 1.2m,13:00,0.6828
Jul 2004,10-11/07/2004,AFS 1.2m,13:10,0.56376
Jul 2004,10-11/07/2004,AFS 1.2m,13:20,0.23908
Jul 2004,10-11/07/2004,AFS 1.2m,13:30,0.23251
Jul 2004,10-11/07/2004,AFS 1.2m,13:40,0.22727
Jul 2004,10-11/07/2004,AFS 1.2m,13:50,0.28585
Jul 2004,10-11/07/2004,AFS 1.2m,14:00,0.89762
Jul 2004,10-11/07/2004,AFS 1.2m,14:10,0.84967
Jul 2004,10-11/07/2004,AFS 1.2m,14:20,0.95247
Jul 2004,10-11/07/2004,AFS 1.2m,14:30,1.02273
Jul 2004,10-11/07/2004,AFS 1.2m,14:40,1.0206
Jul 2004,10-11/07/2004,AFS 1.2m,14:50,1.01711
Jul 2004,10-11/07/2004,AFS 1.2m,15:00,0.98446
Jul 2004,10-11/07/2004,AFS 1.2m,15:10,0.47207
Jul 2004,10-11/07/2004,AFS 1.2m,15:20,0.59433
Jul 2004,10-11/07/2004,AFS 1.2m,15:30,0.46266
Jul 2004,10-11/07/2004,AFS 1.2m,15:40,0.47305
Jul 2004,10-11/07/2004,AFS 1.2m,15:50,0.37933
Jul 2004,10-11/07/2004,AFS 1.2m,16:00,0.92884
Jul 2004,10-11/07/2004,AFS 1.2m,16:10,0.55145
Jul 2004,10-11/07/2004,AFS 1.2m,16:20,0.58842
Jul 2004,10-11/07/2004,AFS 1.2m,16:30,0.8112
Jul 2004,10-11/07/2004,AFS 1.2m,16:40,0.72781
Jul 2004,10-11/07/2004,AFS 1.2m,16:50,0.55371
Jul 2004,10-11/07/2004,AFS 1.2m,17:00,0.81407
Jul 2004,10-11/07/2004,AFS 1.2m,17:10,0.63583
Jul 2004,10-11/07/2004,AFS 1.2m,17:20,0.78783
Jul 2004,10-11/07/2004,AFS 1.2m,17:30,0.71164
Jul 2004,10-11/07/2004,AFS 1.2m,17:40,0.74362
Jul 2004,10-11/07/2004,AFS 1.2m,17:50,0.74633
Jul 2004,10-11/07/2004,AFS 1.2m,18:00,0.73566
Jul 2004,10-11/07/2004,AFS 1.2m,18:10,0.67457
Jul 2004,10-11/07/2004,AFS 1.2m,18:20,0.55546
Jul 2004,10-11/07/2004,AFS 1.2m,7:20,0.43673
Jul 2004,10-11/07/2004,AFS 1.2m,7:30,0.54211
Jul 2004,10-11/07/2004,AFS 1.2m,7:40,0.53076
Jul 2004,10-11/07/2004,AFS 1.2m,7:50,0.46329
Jul 2004,10-11/07/2004,AFS 1.2m,8:00,0.42736
Jul 2004,10-11/07/2004,AFS 1.2m,8:10,0.40854
Jul 2004,10-11/07/2004,AFS 1.2m,8:20,0.38718
Jul 2004,10-11/07/2004,AFS 1.2m,8:30,0.36868
Jul 2004,10-11/07/2004,AFS 1.2m,8:40,0.35046
Jul 2004,10-11/07/2004,AFS 1.2m,8:50,0.3623
Jul 2004,10-11/07/2004,AFS 1.2m,9:00,0.41618
Jul 2004,10-11/07/2004,AFS 1.2m,9:10,0.48064
Jul 2004,10-11/07/2004,AFS 1.2m,9:20,0.45152
Jul 2004,10-11/07/2004,AFS 1.2m,9:30,0.54217
Jul 2004,10-11/07/2004,AFS 1.2m,9:40,0.80256
Jul 2004,10-11/07/2004,AFS 1.2m,9:50,0.97483
Jul 2004,11-12/04/2004,AFS 1.2m,10:00,0.99272
Jul 2004,11-12/04/2004,AFS 1.2m,10:10,0.90368
Jul 2004,11-12/04/2004,AFS 1.2m,10:20,0.32307
Jul 2004,11-12/04/2004,AFS 1.2m,10:30,0.29683
Jul 2004,11-12/04/2004,AFS 1.2m,10:40,0.35199
Jul 2004,11-12/04/2004,AFS 1.2m,10:50,0.32101
Jul 2004,11-12/04/2004,AFS 1.2m,11:00,0.25907
Jul 2004,11-12/04/2004,AFS 1.2m,11:10,0.25579
Jul 2004,11-12/04/2004,AFS 1.2m,11:20,0.27886
Jul 2004,11-12/04/2004,AFS 1.2m,11:30,0.63751
Jul 2004,11-12/04/2004,AFS 1.2m,11:40,0.69186
Jul 2004,11-12/04/2004,AFS 1.2m,11:50,0.4749
Jul 2004,11-12/04/2004,AFS 1.2m,12:00,1.20198
Jul 2004,11-12/04/2004,AFS 1.2m,12:10,0.85081
Jul 2004,11-12/04/2004,AFS 1.2m,12:20,0.69122
Jul 2004,11-12/04/2004,AFS 1.2m,12:30,0.56841
Jul 2004,11-12/04/2004,AFS 1.2m,12:40,1.04037
Jul 2004,11-12/04/2004,AFS 1.2m,12:50,0.93128
Jul 2004,11-12/04/2004,AFS 1.2m,13:00,0.8734
Jul 2004,11-12/04/2004,AFS 1.2m,13:10,0.25011
Jul 2004,11-12/04/2004,AFS 1.2m,13:20,0.25171
Jul 2004,11-12/04/2004,AFS 1.2m,13:30,0.47386
Jul 2004,11-12/04/2004,AFS 1.2m,13:40,0.48211
Jul 2004,11-12/04/2004,AFS 1.2m,13:50,0.42461
Jul 2004,11-12/04/2004,AFS 1.2m,14:00,0.89103
Jul 2004,11-12/04/2004,AFS 1.2m,14:10,0.82937
Jul 2004,11-12/04/2004,AFS 1.2m,14:20,0.85404
Jul 2004,11-12/04/2004,AFS 1.2m,14:30,1.08689
Jul 2004,11-12/04/2004,AFS 1.2m,14:40,0.75695
Jul 2004,11-12/04/2004,AFS 1.2m,14:50,0.2671
Jul 2004,11-12/04/2004,AFS 1.2m,15:00,0.32057
Jul 2004,11-12/04/2004,AFS 1.2m,15:10,0.62662
Jul 2004,11-12/04/2004,AFS 1.2m,15:20,0.51177
Jul 2004,11-12/04/2004,AFS 1.2m,15:30,0.32821
Jul 2004,11-12/04/2004,AFS 1.2m,15:40,0.32838
Jul 2004,11-12/04/2004,AFS 1.2m,15:50,0.91438
Jul 2004,11-12/04/2004,AFS 1.2m,16:00,0.94856
Jul 2004,11-12/04/2004,AFS 1.2m,16:10,0.37421
Jul 2004,11-12/04/2004,AFS 1.2m,16:20,0.47575
Jul 2004,11-12/04/2004,AFS 1.2m,16:30,0.79238
Jul 2004,11-12/04/2004,AFS 1.2m,16:40,0.51045
Jul 2004,11-12/04/2004,AFS 1.2m,16:50,0.72142
Jul 2004,11-12/04/2004,AFS 1.2m,17:00,0.77353
Jul 2004,11-12/04/2004,AFS 1.2m,17:10,0.62093
Jul 2004,11-12/04/2004,AFS 1.2m,17:20,0.71999
Jul 2004,11-12/04/2004,AFS 1.2m,17:30,0.70935
Jul 2004,11-12/04/2004,AFS 1.2m,17:40,0.7442
Jul 2004,11-12/04/2004,AFS 1.2m,17:50,0.75017
Jul 2004,11-12/04/2004,AFS 1.2m,18:00,0.7463
Jul 2004,11-12/04/2004,AFS 1.2m,18:10,0.70359
Jul 2004,11-12/04/2004,AFS 1.2m,18:20,0.5831
Jul 2004,11-12/04/2004,AFS 1.2m,7:20,0.45603
Jul 2004,11-12/04/2004,AFS 1.2m,7:30,0.58508
Jul 2004,11-12/04/2004,AFS 1.2m,7:40,0.6166
Jul 2004,11-12/04/2004,AFS 1.2m,7:50,0.50687
Jul 2004,11-12/04/2004,AFS 1.2m,8:00,0.47051
Jul 2004,11-12/04/2004,AFS 1.2m,8:10,0.45507
Jul 2004,11-12/04/2004,AFS 1.2m,8:20,0.43418
Jul 2004,11-12/04/2004,AFS 1.2m,8:30,0.41471
Jul 2004,11-12/04/2004,AFS 1.2m,8:40,0.39461
Jul 2004,11-12/04/2004,AFS 1.2m,8:50,0.42303
Jul 2004,11-12/04/2004,AFS 1.2m,9:00,0.42594
Jul 2004,11-12/04/2004,AFS 1.2m,9:10,0.57231
Jul 2004,11-12/04/2004,AFS 1.2m,9:20,0.65161
Jul 2004,11-12/04/2004,AFS 1.2m,9:30,0.45445
Jul 2004,11-12/04/2004,AFS 1.2m,9:40,0.92462
Jul 2004,11-12/04/2004,AFS 1.2m,9:50,0.99834
Jul 2004,14-15/07/2004,AFS 2m,10:00,0.98398
Jul 2004,14-15/07/2004,AFS 2m,10:10,0.94336
Jul 2004,14-15/07/2004,AFS 2m,10:20,0.91708
Jul 2004,14-15/07/2004,AFS 2m,10:30,0.89932
Jul 2004,14-15/07/2004,AFS 2m,10:40,0.89917
Jul 2004,14-15/07/2004,AFS 2m,10:50,0.88381
Jul 2004,14-15/07/2004,AFS 2m,11:00,0.87066
Jul 2004,14-15/07/2004,AFS 2m,11:10,0.86464
Jul 2004,14-15/07/2004,AFS 2m,11:20,0.86336
Jul 2004,14-15/07/2004,AFS 2m,11:30,0.86832
Jul 2004,14-15/07/2004,AFS 2m,11:40,0.86539
Jul 2004,14-15/07/2004,AFS 2m,11:50,0.85737
Jul 2004,14-15/07/2004,AFS 2m,12:00,0.83966
Jul 2004,14-15/07/2004,AFS 2m,12:10,0.81883
Jul 2004,14-15/07/2004,AFS 2m,12:20,0.82429
Jul 2004,14-15/07/2004,AFS 2m,12:30,0.81341
Jul 2004,14-15/07/2004,AFS 2m,12:40,0.80709
Jul 2004,14-15/07/2004,AFS 2m,12:50,0.81442
Jul 2004,14-15/07/2004,AFS 2m,13:00,0.81824
Jul 2004,14-15/07/2004,AFS 2m,13:10,0.80318
Jul 2004,14-15/07/2004,AFS 2m,13:20,0.82293
Jul 2004,14-15/07/2004,AFS 2m,13:30,0.83636
Jul 2004,14-15/07/2004,AFS 2m,13:40,0.82443
Jul 2004,14-15/07/2004,AFS 2m,13:50,0.83032
Jul 2004,14-15/07/2004,AFS 2m,14:00,0.95991
Jul 2004,14-15/07/2004,AFS 2m,14:10,0.93642
Jul 2004,14-15/07/2004,AFS 2m,14:20,0.93277
Jul 2004,14-15/07/2004,AFS 2m,14:30,0.95348
Jul 2004,14-15/07/2004,AFS 2m,14:40,0.85872
Jul 2004,14-15/07/2004,AFS 2m,14:50,0.70278
Jul 2004,14-15/07/2004,AFS 2m,15:00,0.67528
Jul 2004,14-15/07/2004,AFS 2m,15:10,0.71646
Jul 2004,14-15/07/2004,AFS 2m,15:20,0.66653
Jul 2004,14-15/07/2004,AFS 2m,15:30,0.59297
Jul 2004,14-15/07/2004,AFS 2m,15:40,0.66125
Jul 2004,14-15/07/2004,AFS 2m,15:50,0.95081
Jul 2004,14-15/07/2004,AFS 2m,16:00,0.94316
Jul 2004,14-15/07/2004,AFS 2m,16:10,0.82322
Jul 2004,14-15/07/2004,AFS 2m,16:20,0.77883
Jul 2004,14-15/07/2004,AFS 2m,16:30,0.79589
Jul 2004,14-15/07/2004,AFS 2m,16:40,0.7813
Jul 2004,14-15/07/2004,AFS 2m,16:50,0.77057
Jul 2004,14-15/07/2004,AFS 2m,17:00,0.76165
Jul 2004,14-15/07/2004,AFS 2m,17:10,0.7598
Jul 2004,14-15/07/2004,AFS 2m,17:20,0.74644
Jul 2004,14-15/07/2004,AFS 2m,17:30,0.7
Jul 2004,14-15/07/2004,AFS 2m,17:40,0.72413
Jul 2004,14-15/07/2004,AFS 2m,17:50,0.69831
Jul 2004,14-15/07/2004,AFS 2m,18:00,0.6252
Jul 2004,14-15/07/2004,AFS 2m,18:10,0.60603
Jul 2004,14-15/07/2004,AFS 2m,18:20,0.66135
Jul 2004,14-15/07/2004,AFS 2m,7:20,0.77851
Jul 2004,14-15/07/2004,AFS 2m,7:30,0.8152
Jul 2004,14-15/07/2004,AFS 2m,7:40,0.76992
Jul 2004,14-15/07/2004,AFS 2m,7:50,0.80104
Jul 2004,14-15/07/2004,AFS 2m,8:00,0.8174
Jul 2004,14-15/07/2004,AFS 2m,8:10,0.83968
Jul 2004,14-15/07/2004,AFS 2m,8:20,0.87846
Jul 2004,14-15/07/2004,AFS 2m,8:30,0.91359
Jul 2004,14-15/07/2004,AFS 2m,8:40,0.93889
Jul 2004,14-15/07/2004,AFS 2m,8:50,0.99115
Jul 2004,14-15/07/2004,AFS 2m,9:00,0.99419
Jul 2004,14-15/07/2004,AFS 2m,9:10,0.99802
Jul 2004,14-15/07/2004,AFS 2m,9:20,1.11511
Jul 2004,14-15/07/2004,AFS 2m,9:30,1.16404
Jul 2004,14-15/07/2004,AFS 2m,9:40,1.12946
Jul 2004,14-15/07/2004,AFS 2m,9:50,1.03953
Jul 2004,15-16/07/2004,AFS 2m,10:00,0.78263
Jul 2004,15-16/07/2004,AFS 2m,10:10,0.78663
Jul 2004,15-16/07/2004,AFS 2m,10:20,0.78165
Jul 2004,15-16/07/2004,AFS 2m,10:30,0.76474
Jul 2004,15-16/07/2004,AFS 2m,10:40,0.76735
Jul 2004,15-16/07/2004,AFS 2m,10:50,0.78241
Jul 2004,15-16/07/2004,AFS 2m,11:00,0.77374
Jul 2004,15-16/07/2004,AFS 2m,11:10,0.76464
Jul 2004,15-16/07/2004,AFS 2m,11:20,0.75893
Jul 2004,15-16/07/2004,AFS 2m,11:30,0.76554
Jul 2004,15-16/07/2004,AFS 2m,11:40,0.76677
Jul 2004,15-16/07/2004,AFS 2m,11:50,0.78694
Jul 2004,15-16/07/2004,AFS 2m,12:00,0.78764
Jul 2004,15-16/07/2004,AFS 2m,12:10,0.78902
Jul 2004,15-16/07/2004,AFS 2m,12:20,0.79588
Jul 2004,15-16/07/2004,AFS 2m,12:30,0.79637
Jul 2004,15-16/07/2004,AFS 2m,12:40,0.7972
Jul 2004,15-16/07/2004,AFS 2m,12:50,0.80629
Jul 2004,15-16/07/2004,AFS 2m,13:00,0.79921
Jul 2004,15-16/07/2004,AFS 2m,13:10,0.78612
Jul 2004,15-16/07/2004,AFS 2m,13:20,0.79607
Jul 2004,15-16/07/2004,AFS 2m,13:30,0.78273
Jul 2004,15-16/07/2004,AFS 2m,13:40,0.79258
Jul 2004,15-16/07/2004,AFS 2m,13:50,0.78562
Jul 2004,15-16/07/2004,AFS 2m,14:00,0.81543
Jul 2004,15-16/07/2004,AFS 2m,14:10,0.79481
Jul 2004,15-16/07/2004,AFS 2m,14:20,0.78234
Jul 2004,15-16/07/2004,AFS 2m,14:30,0.7865
Jul 2004,15-16/07/2004,AFS 2m,14:40,0.8834
Jul 2004,15-16/07/2004,AFS 2m,14:50,0.84469
Jul 2004,15-16/07/2004,AFS 2m,15:00,0.83389
Jul 2004,15-16/07/2004,AFS 2m,15:10,0.83753
Jul 2004,15-16/07/2004,AFS 2m,15:20,0.84307
Jul 2004,15-16/07/2004,AFS 2m,15:30,0.84941
Jul 2004,15-16/07/2004,AFS 2m,15:40,0.85617
Jul 2004,15-16/07/2004,AFS 2m,15:50,0.85138
Jul 2004,15-16/07/2004,AFS 2m,16:00,0.85358
Jul 2004,15-16/07/2004,AFS 2m,16:10,0.85477
Jul 2004,15-16/07/2004,AFS 2m,16:20,0.84025
Jul 2004,15-16/07/2004,AFS 2m,16:30,0.84695
Jul 2004,15-16/07/2004,AFS 2m,16:40,0.85721
Jul 2004,15-16/07/2004,AFS 2m,16:50,0.84252
Jul 2004,15-16/07/2004,AFS 2m,17:00,0.82978
Jul 2004,15-16/07/2004,AFS 2m,17:10,0.85201
Jul 2004,15-16/07/2004,AFS 2m,17:20,0.82281
Jul 2004,15-16/07/2004,AFS 2m,17:30,0.79303
Jul 2004,15-16/07/2004,AFS 2m,17:40,0.77195
Jul 2004,15-16/07/2004,AFS 2m,17:50,0.79237
Jul 2004,15-16/07/2004,AFS 2m,18:00,0.84744
Jul 2004,15-16/07/2004,AFS 2m,18:10,0.8294
Jul 2004,15-16/07/2004,AFS 2m,18:20,0.71697
Jul 2004,15-16/07/2004,AFS 2m,7:20,0.55834
Jul 2004,15-16/07/2004,AFS 2m,7:30,0.64529
Jul 2004,15-16/07/2004,AFS 2m,7:40,0.78596
Jul 2004,15-16/07/2004,AFS 2m,7:50,0.82833
Jul 2004,15-16/07/2004,AFS 2m,8:00,0.79352
Jul 2004,15-16/07/2004,AFS 2m,8:10,0.77231
Jul 2004,15-16/07/2004,AFS 2m,8:20,0.75897
Jul 2004,15-16/07/2004,AFS 2m,8:30,0.76412
Jul 2004,15-16/07/2004,AFS 2m,8:40,0.76899
Jul 2004,15-16/07/2004,AFS 2m,8:50,0.77211
Jul 2004,15-16/07/2004,AFS 2m,9:00,0.77509
Jul 2004,15-16/07/2004,AFS 2m,9:10,0.78627
Jul 2004,15-16/07/2004,AFS 2m,9:20,0.79582
Jul 2004,15-16/07/2004,AFS 2m,9:30,0.78592
Jul 2004,15-16/07/2004,AFS 2m,9:40,0.78458
Jul 2004,15-16/07/2004,AFS 2m,9:50,0.7856
Jul 2004,07-08/07/2004,MO 1.2m,10:00,1.08718
Jul 2004,07-08/07/2004,MO 1.2m,10:10,1.04649
Jul 2004,07-08/07/2004,MO 1.2m,10:20,1.04403
Jul 2004,07-08/07/2004,MO 1.2m,10:30,0.98855
Jul 2004,07-08/07/2004,MO 1.2m,10:40,1.01936
Jul 2004,07-08/07/2004,MO 1.2m,10:50,1.04843
Jul 2004,07-08/07/2004,MO 1.2m,11:00,1.08561
Jul 2004,07-08/07/2004,MO 1.2m,11:10,1.08929
Jul 2004,07-08/07/2004,MO 1.2m,11:20,1.10347
Jul 2004,07-08/07/2004,MO 1.2m,11:30,1.09895
Jul 2004,07-08/07/2004,MO 1.2m,11:40,1.1003
Jul 2004,07-08/07/2004,MO 1.2m,11:50,1.10374
Jul 2004,07-08/07/2004,MO 1.2m,12:00,1.09287
Jul 2004,07-08/07/2004,MO 1.2m,12:10,1.07914
Jul 2004,07-08/07/2004,MO 1.2m,12:20,1.07856
Jul 2004,07-08/07/2004,MO 1.2m,12:30,1.09018
Jul 2004,07-08/07/2004,MO 1.2m,12:40,1.05943
Jul 2004,07-08/07/2004,MO 1.2m,12:50,1.07921
Jul 2004,07-08/07/2004,MO 1.2m,13:00,1.09047
Jul 2004,07-08/07/2004,MO 1.2m,13:10,1.08496
Jul 2004,07-08/07/2004,MO 1.2m,13:20,1.08715
Jul 2004,07-08/07/2004,MO 1.2m,13:30,1.07469
Jul 2004,07-08/07/2004,MO 1.2m,13:40,1.06142
Jul 2004,07-08/07/2004,MO 1.2m,13:50,1.04963
Jul 2004,07-08/07/2004,MO 1.2m,14:00,1.05061
Jul 2004,07-08/07/2004,MO 1.2m,14:10,1.07892
Jul 2004,07-08/07/2004,MO 1.2m,14:20,1.05096
Jul 2004,07-08/07/2004,MO 1.2m,14:30,1.00677
Jul 2004,07-08/07/2004,MO 1.2m,14:40,1.08299
Jul 2004,07-08/07/2004,MO 1.2m,14:50,1.09248
Jul 2004,07-08/07/2004,MO 1.2m,15:00,1.10081
Jul 2004,07-08/07/2004,MO 1.2m,15:10,1.09198
Jul 2004,07-08/07/2004,MO 1.2m,15:20,1.09454
Jul 2004,07-08/07/2004,MO 1.2m,15:30,1.1215
Jul 2004,07-08/07/2004,MO 1.2m,15:40,1.09784
Jul 2004,07-08/07/2004,MO 1.2m,15:50,1.09815
Jul 2004,07-08/07/2004,MO 1.2m,16:00,1.08013
Jul 2004,07-08/07/2004,MO 1.2m,16:10,1.10105
Jul 2004,07-08/07/2004,MO 1.2m,16:20,1.11226
Jul 2004,07-08/07/2004,MO 1.2m,16:30,1.17817
Jul 2004,07-08/07/2004,MO 1.2m,16:40,1.14851
Jul 2004,07-08/07/2004,MO 1.2m,16:50,1.19744
Jul 2004,07-08/07/2004,MO 1.2m,17:00,1.14061
Jul 2004,07-08/07/2004,MO 1.2m,17:10,1.1042
Jul 2004,07-08/07/2004,MO 1.2m,17:20,1.1151
Jul 2004,07-08/07/2004,MO 1.2m,17:30,1.12413
Jul 2004,07-08/07/2004,MO 1.2m,17:40,1.09535
Jul 2004,07-08/07/2004,MO 1.2m,17:50,0.9943
Jul 2004,07-08/07/2004,MO 1.2m,18:00,1.01387
Jul 2004,07-08/07/2004,MO 1.2m,18:10,1.13275
Jul 2004,07-08/07/2004,MO 1.2m,18:20,0.98067
Jul 2004,07-08/07/2004,MO 1.2m,7:20,0.78008
Jul 2004,07-08/07/2004,MO 1.2m,7:30,1.00857
Jul 2004,07-08/07/2004,MO 1.2m,7:40,1.17249
Jul 2004,07-08/07/2004,MO 1.2m,7:50,1.05808
Jul 2004,07-08/07/2004,MO 1.2m,8:00,1.05279
Jul 2004,07-08/07/2004,MO 1.2m,8:10,1.0399
Jul 2004,07-08/07/2004,MO 1.2m,8:20,1.08841
Jul 2004,07-08/07/2004,MO 1.2m,8:30,1.13247
Jul 2004,07-08/07/2004,MO 1.2m,8:40,1.11049
Jul 2004,07-08/07/2004,MO 1.2m,8:50,1.08641
Jul 2004,07-08/07/2004,MO 1.2m,9:00,1.09641
Jul 2004,07-08/07/2004,MO 1.2m,9:10,1.10342
Jul 2004,07-08/07/2004,MO 1.2m,9:20,1.1076
Jul 2004,07-08/07/2004,MO 1.2m,9:30,1.13362
Jul 2004,07-08/07/2004,MO 1.2m,9:40,1.12428
Jul 2004,07-08/07/2004,MO 1.2m,9:50,1.13014
Jul 2004,09-10/07/2004,MO 1.2m,10:00,1.03931
Jul 2004,09-10/07/2004,MO 1.2m,10:10,1.02394
Jul 2004,09-10/07/2004,MO 1.2m,10:20,1.01346
Jul 2004,09-10/07/2004,MO 1.2m,10:30,1.03282
Jul 2004,09-10/07/2004,MO 1.2m,10:40,1.04294
Jul 2004,09-10/07/2004,MO 1.2m,10:50,1.08091
Jul 2004,09-10/07/2004,MO 1.2m,11:00,1.08166
Jul 2004,09-10/07/2004,MO 1.2m,11:10,1.10134
Jul 2004,09-10/07/2004,MO 1.2m,11:20,1.01616
Jul 2004,09-10/07/2004,MO 1.2m,11:30,1.09216
Jul 2004,09-10/07/2004,MO 1.2m,11:40,1.04959
Jul 2004,09-10/07/2004,MO 1.2m,11:50,1.09276
Jul 2004,09-10/07/2004,MO 1.2m,12:00,0.99469
Jul 2004,09-10/07/2004,MO 1.2m,12:10,1.00148
Jul 2004,09-10/07/2004,MO 1.2m,12:20,1.11947
Jul 2004,09-10/07/2004,MO 1.2m,12:30,1.16378
Jul 2004,09-10/07/2004,MO 1.2m,12:40,1.56443
Jul 2004,09-10/07/2004,MO 1.2m,12:50,0.98817
Jul 2004,09-10/07/2004,MO 1.2m,13:00,1.1377
Jul 2004,09-10/07/2004,MO 1.2m,13:10,1.01799
Jul 2004,09-10/07/2004,MO 1.2m,13:20,1.02383
Jul 2004,09-10/07/2004,MO 1.2m,13:30,1.12996
Jul 2004,09-10/07/2004,MO 1.2m,13:40,1.15429
Jul 2004,09-10/07/2004,MO 1.2m,13:50,1.02825
Jul 2004,09-10/07/2004,MO 1.2m,14:00,1.06286
Jul 2004,09-10/07/2004,MO 1.2m,14:10,1.0375
Jul 2004,09-10/07/2004,MO 1.2m,14:20,1.031
Jul 2004,09-10/07/2004,MO 1.2m,14:30,1.02704
Jul 2004,09-10/07/2004,MO 1.2m,14:40,1.02282
Jul 2004,09-10/07/2004,MO 1.2m,14:50,1.02365
Jul 2004,09-10/07/2004,MO 1.2m,15:00,0.99479
Jul 2004,09-10/07/2004,MO 1.2m,15:10,0.97715
Jul 2004,09-10/07/2004,MO 1.2m,15:20,0.9499
Jul 2004,09-10/07/2004,MO 1.2m,15:30,0.98371
Jul 2004,09-10/07/2004,MO 1.2m,15:40,1.02738
Jul 2004,09-10/07/2004,MO 1.2m,15:50,1.06119
Jul 2004,09-10/07/2004,MO 1.2m,16:00,1.07729
Jul 2004,09-10/07/2004,MO 1.2m,16:10,1.07941
Jul 2004,09-10/07/2004,MO 1.2m,16:20,1.10644
Jul 2004,09-10/07/2004,MO 1.2m,16:30,1.09487
Jul 2004,09-10/07/2004,MO 1.2m,16:40,1.14986
Jul 2004,09-10/07/2004,MO 1.2m,16:50,1.09641
Jul 2004,09-10/07/2004,MO 1.2m,17:00,1.05606
Jul 2004,09-10/07/2004,MO 1.2m,17:10,1.03854
Jul 2004,09-10/07/2004,MO 1.2m,17:20,1.02548
Jul 2004,09-10/07/2004,MO 1.2m,17:30,0.99766
Jul 2004,09-10/07/2004,MO 1.2m,17:40,0.96582
Jul 2004,09-10/07/2004,MO 1.2m,17:50,0.94834
Jul 2004,09-10/07/2004,MO 1.2m,18:00,0.93596
Jul 2004,09-10/07/2004,MO 1.2m,18:10,0.84338
Jul 2004,09-10/07/2004,MO 1.2m,18:20,0.56226
Jul 2004,09-10/07/2004,MO 1.2m,7:20,0.79275
Jul 2004,09-10/07/2004,MO 1.2m,7:30,0.89524
Jul 2004,09-10/07/2004,MO 1.2m,7:40,1.04641
Jul 2004,09-10/07/2004,MO 1.2m,7:50,1.06289
Jul 2004,09-10/07/2004,MO 1.2m,8:00,1.12492
Jul 2004,09-10/07/2004,MO 1.2m,8:10,1.1344
Jul 2004,09-10/07/2004,MO 1.2m,8:20,1.03653
Jul 2004,09-10/07/2004,MO 1.2m,8:30,1.00562
Jul 2004,09-10/07/2004,MO 1.2m,8:40,1.04147
Jul 2004,09-10/07/2004,MO 1.2m,8:50,1.02898
Jul 2004,09-10/07/2004,MO 1.2m,9:00,1.07865
Jul 2004,09-10/07/2004,MO 1.2m,9:10,1.05603
Jul 2004,09-10/07/2004,MO 1.2m,9:20,1.04285
Jul 2004,09-10/07/2004,MO 1.2m,9:30,1.03435
Jul 2004,09-10/07/2004,MO 1.2m,9:40,1.03139
Jul 2004,09-10/07/2004,MO 1.2m,9:50,1.03862
Jul 2004,06-07/07/2004,MO 2m,10:00,1.11276
Jul 2004,06-07/07/2004,MO 2m,10:10,1.11561
Jul 2004,06-07/07/2004,MO 2m,10:20,1.16607
Jul 2004,06-07/07/2004,MO 2m,10:30,1.16266
Jul 2004,06-07/07/2004,MO 2m,10:40,1.15919
Jul 2004,06-07/07/2004,MO 2m,10:50,1.15462
Jul 2004,06-07/07/2004,MO 2m,11:00,1.16481
Jul 2004,06-07/07/2004,MO 2m,11:10,1.1163
Jul 2004,06-07/07/2004,MO 2m,11:20,1.11632
Jul 2004,06-07/07/2004,MO 2m,11:30,1.11836
Jul 2004,06-07/07/2004,MO 2m,11:40,1.12782
Jul 2004,06-07/07/2004,MO 2m,11:50,1.12295
Jul 2004,06-07/07/2004,MO 2m,12:00,1.09935
Jul 2004,06-07/07/2004,MO 2m,12:10,1.12935
Jul 2004,06-07/07/2004,MO 2m,12:20,1.12841
Jul 2004,06-07/07/2004,MO 2m,12:30,1.13135
Jul 2004,06-07/07/2004,MO 2m,12:40,1.13264
Jul 2004,06-07/07/2004,MO 2m,12:50,1.12623
Jul 2004,06-07/07/2004,MO 2m,13:00,1.13327
Jul 2004,06-07/07/2004,MO 2m,13:10,1.13834
Jul 2004,06-07/07/2004,MO 2m,13:20,1.12535
Jul 2004,06-07/07/2004,MO 2m,13:30,1.10952
Jul 2004,06-07/07/2004,MO 2m,13:40,1.1181
Jul 2004,06-07/07/2004,MO 2m,13:50,1.11424
Jul 2004,06-07/07/2004,MO 2m,14:00,1.11778
Jul 2004,06-07/07/2004,MO 2m,14:10,1.12737
Jul 2004,06-07/07/2004,MO 2m,14:20,1.11814
Jul 2004,06-07/07/2004,MO 2m,14:30,1.04635
Jul 2004,06-07/07/2004,MO 2m,14:40,1.03829
Jul 2004,06-07/07/2004,MO 2m,14:50,1.06925
Jul 2004,06-07/07/2004,MO 2m,15:00,1.06596
Jul 2004,06-07/07/2004,MO 2m,15:10,1.0628
Jul 2004,06-07/07/2004,MO 2m,15:20,1.06128
Jul 2004,06-07/07/2004,MO 2m,15:30,1.05551
Jul 2004,06-07/07/2004,MO 2m,15:40,1.0709
Jul 2004,06-07/07/2004,MO 2m,15:50,1.12986
Jul 2004,06-07/07/2004,MO 2m,16:00,1.11054
Jul 2004,06-07/07/2004,MO 2m,16:10,1.11687
Jul 2004,06-07/07/2004,MO 2m,16:20,1.13062
Jul 2004,06-07/07/2004,MO 2m,16:30,1.13644
Jul 2004,06-07/07/2004,MO 2m,16:40,1.15221
Jul 2004,06-07/07/2004,MO 2m,16:50,1.15339
Jul 2004,06-07/07/2004,MO 2m,17:00,1.14753
Jul 2004,06-07/07/2004,MO 2m,17:10,1.1441
Jul 2004,06-07/07/2004,MO 2m,17:20,1.15247
Jul 2004,06-07/07/2004,MO 2m,17:30,1.15002
Jul 2004,06-07/07/2004,MO 2m,17:40,1.11948
Jul 2004,06-07/07/2004,MO 2m,17:50,1.16155
Jul 2004,06-07/07/2004,MO 2m,18:00,1.15101
Jul 2004,06-07/07/2004,MO 2m,18:10,1.04607
Jul 2004,06-07/07/2004,MO 2m,18:20,0.87448
Jul 2004,06-07/07/2004,MO 2m,7:20,0.85969
Jul 2004,06-07/07/2004,MO 2m,7:30,0.93115
Jul 2004,06-07/07/2004,MO 2m,7:40,1.12642
Jul 2004,06-07/07/2004,MO 2m,7:50,1.02757
Jul 2004,06-07/07/2004,MO 2m,8:00,1.02674
Jul 2004,06-07/07/2004,MO 2m,8:10,1.06663
Jul 2004,06-07/07/2004,MO 2m,8:20,1.10222
Jul 2004,06-07/07/2004,MO 2m,8:30,1.13355
Jul 2004,06-07/07/2004,MO 2m,8:40,1.1554
Jul 2004,06-07/07/2004,MO 2m,8:50,1.15696
Jul 2004,06-07/07/2004,MO 2m,9:00,1.15873
Jul 2004,06-07/07/2004,MO 2m,9:10,1.1589
Jul 2004,06-07/07/2004,MO 2m,9:20,1.15681
Jul 2004,06-07/07/2004,MO 2m,9:30,1.15638
Jul 2004,06-07/07/2004,MO 2m,9:40,1.16094
Jul 2004,06-07/07/2004,MO 2m,9:50,1.11862
Jul 2004,08-09/07/2004,MO 2m,10:00,1.02962
Jul 2004,08-09/07/2004,MO 2m,10:10,1.02869
Jul 2004,08-09/07/2004,MO 2m,10:20,1.03643
Jul 2004,08-09/07/2004,MO 2m,10:30,1.03321
Jul 2004,08-09/07/2004,MO 2m,10:40,1.03483
Jul 2004,08-09/07/2004,MO 2m,10:50,1.03291
Jul 2004,08-09/07/2004,MO 2m,11:00,1.0308
Jul 2004,08-09/07/2004,MO 2m,11:10,1.03032
Jul 2004,08-09/07/2004,MO 2m,11:20,1.02821
Jul 2004,08-09/07/2004,MO 2m,11:30,1.02534
Jul 2004,08-09/07/2004,MO 2m,11:40,1.03194
Jul 2004,08-09/07/2004,MO 2m,11:50,1.03523
Jul 2004,08-09/07/2004,MO 2m,12:00,1.03643
Jul 2004,08-09/07/2004,MO 2m,12:10,1.04009
Jul 2004,08-09/07/2004,MO 2m,12:20,1.0479
Jul 2004,08-09/07/2004,MO 2m,12:30,1.06238
Jul 2004,08-09/07/2004,MO 2m,12:40,1.06534
Jul 2004,08-09/07/2004,MO 2m,12:50,1.06497
Jul 2004,08-09/07/2004,MO 2m,13:00,1.06279
Jul 2004,08-09/07/2004,MO 2m,13:10,1.06373
Jul 2004,08-09/07/2004,MO 2m,13:20,1.06297
Jul 2004,08-09/07/2004,MO 2m,13:30,1.06226
Jul 2004,08-09/07/2004,MO 2m,13:40,1.0619
Jul 2004,08-09/07/2004,MO 2m,13:50,1.06069
Jul 2004,08-09/07/2004,MO 2m,14:00,1.06072
Jul 2004,08-09/07/2004,MO 2m,14:10,1.06082
Jul 2004,08-09/07/2004,MO 2m,14:20,1.02852
Jul 2004,08-09/07/2004,MO 2m,14:30,1.01934
Jul 2004,08-09/07/2004,MO 2m,14:40,1.09219
Jul 2004,08-09/07/2004,MO 2m,14:50,1.08407
Jul 2004,08-09/07/2004,MO 2m,15:00,1.08498
Jul 2004,08-09/07/2004,MO 2m,15:10,1.08415
Jul 2004,08-09/07/2004,MO 2m,15:20,1.08252
Jul 2004,08-09/07/2004,MO 2m,15:30,1.07925
Jul 2004,08-09/07/2004,MO 2m,15:40,1.07921
Jul 2004,08-09/07/2004,MO 2m,15:50,1.0854
Jul 2004,08-09/07/2004,MO 2m,16:00,1.08899
Jul 2004,08-09/07/2004,MO 2m,16:10,1.11017
Jul 2004,08-09/07/2004,MO 2m,16:20,1.13103
Jul 2004,08-09/07/2004,MO 2m,16:30,1.1617
Jul 2004,08-09/07/2004,MO 2m,16:40,1.18055
Jul 2004,08-09/07/2004,MO 2m,16:50,1.13343
Jul 2004,08-09/07/2004,MO 2m,17:00,1.16912
Jul 2004,08-09/07/2004,MO 2m,17:10,1.16324
Jul 2004,08-09/07/2004,MO 2m,17:20,1.15209
Jul 2004,08-09/07/2004,MO 2m,17:30,1.12833
Jul 2004,08-09/07/2004,MO 2m,17:40,1.18421
Jul 2004,08-09/07/2004,MO 2m,17:50,1.18042
Jul 2004,08-09/07/2004,MO 2m,18:00,1.15974
Jul 2004,08-09/07/2004,MO 2m,18:10,0.99781
Jul 2004,08-09/07/2004,MO 2m,18:20,0.82163
Jul 2004,08-09/07/2004,MO 2m,7:20,0.84689
Jul 2004,08-09/07/2004,MO 2m,7:30,0.76416
Jul 2004,08-09/07/2004,MO 2m,7:40,0.83652
Jul 2004,08-09/07/2004,MO 2m,7:50,1.00582
Jul 2004,08-09/07/2004,MO 2m,8:00,1.06692
Jul 2004,08-09/07/2004,MO 2m,8:10,1.05305
Jul 2004,08-09/07/2004,MO 2m,8:20,1.048
Jul 2004,08-09/07/2004,MO 2m,8:30,1.04253
Jul 2004,08-09/07/2004,MO 2m,8:40,1.0407
Jul 2004,08-09/07/2004,MO 2m,8:50,1.03527
Jul 2004,08-09/07/2004,MO 2m,9:00,1.03901
Jul 2004,08-09/07/2004,MO 2m,9:10,1.02689
Jul 2004,08-09/07/2004,MO 2m,9:20,1.03698
Jul 2004,08-09/07/2004,MO 2m,9:30,1.03627
Jul 2004,08-09/07/2004,MO 2m,9:40,1.03532
Jul 2004,08-09/07/2004,MO 2m,9:50,1.02716
Jul 2004,12-13/07/2004,Open area 2m,10:00,1.18932
Jul 2004,12-13/07/2004,Open area 2m,10:10,1.18133
Jul 2004,12-13/07/2004,Open area 2m,10:20,1.16833
Jul 2004,12-13/07/2004,Open area 2m,10:30,1.16126
Jul 2004,12-13/07/2004,Open area 2m,10:40,1.1666
Jul 2004,12-13/07/2004,Open area 2m,10:50,1.1408
Jul 2004,12-13/07/2004,Open area 2m,11:00,1.14507
Jul 2004,12-13/07/2004,Open area 2m,11:10,1.1534
Jul 2004,12-13/07/2004,Open area 2m,11:20,1.14382
Jul 2004,12-13/07/2004,Open area 2m,11:30,1.1475
Jul 2004,12-13/07/2004,Open area 2m,11:40,1.15534
Jul 2004,12-13/07/2004,Open area 2m,11:50,1.14061
Jul 2004,12-13/07/2004,Open area 2m,12:00,1.14337
Jul 2004,12-13/07/2004,Open area 2m,12:10,1.15679
Jul 2004,12-13/07/2004,Open area 2m,12:20,1.13053
Jul 2004,12-13/07/2004,Open area 2m,12:30,1.14551
Jul 2004,12-13/07/2004,Open area 2m,12:40,1.14627
Jul 2004,12-13/07/2004,Open area 2m,12:50,1.14625
Jul 2004,12-13/07/2004,Open area 2m,13:00,1.149
Jul 2004,12-13/07/2004,Open area 2m,13:10,1.12148
Jul 2004,12-13/07/2004,Open area 2m,13:20,1.13142
Jul 2004,12-13/07/2004,Open area 2m,13:30,1.17511
Jul 2004,12-13/07/2004,Open area 2m,13:40,1.17193
Jul 2004,12-13/07/2004,Open area 2m,13:50,1.17953
Jul 2004,12-13/07/2004,Open area 2m,14:00,1.19557
Jul 2004,12-13/07/2004,Open area 2m,14:10,1.18032
Jul 2004,12-13/07/2004,Open area 2m,14:20,1.14977
Jul 2004,12-13/07/2004,Open area 2m,14:30,1.15244
Jul 2004,12-13/07/2004,Open area 2m,14:40,1.08323
Jul 2004,12-13/07/2004,Open area 2m,14:50,1.08133
Jul 2004,12-13/07/2004,Open area 2m,15:00,1.08014
Jul 2004,12-13/07/2004,Open area 2m,15:10,1.08154
Jul 2004,12-13/07/2004,Open area 2m,15:20,1.08256
Jul 2004,12-13/07/2004,Open area 2m,15:30,1.08351
Jul 2004,12-13/07/2004,Open area 2m,15:40,1.08384
Jul 2004,12-13/07/2004,Open area 2m,15:50,1.0845
Jul 2004,12-13/07/2004,Open area 2m,16:00,1.08513
Jul 2004,12-13/07/2004,Open area 2m,16:10,1.08646
Jul 2004,12-13/07/2004,Open area 2m,16:20,1.09977
Jul 2004,12-13/07/2004,Open area 2m,16:30,1.17874
Jul 2004,12-13/07/2004,Open area 2m,16:40,1.2028
Jul 2004,12-13/07/2004,Open area 2m,16:50,1.20844
Jul 2004,12-13/07/2004,Open area 2m,17:00,1.13064
Jul 2004,12-13/07/2004,Open area 2m,17:10,1.16761
Jul 2004,12-13/07/2004,Open area 2m,17:20,1.14867
Jul 2004,12-13/07/2004,Open area 2m,17:30,1.17695
Jul 2004,12-13/07/2004,Open area 2m,17:40,1.1404
Jul 2004,12-13/07/2004,Open area 2m,17:50,1.16325
Jul 2004,12-13/07/2004,Open area 2m,18:00,1.15806
Jul 2004,12-13/07/2004,Open area 2m,18:10,1.08843
Jul 2004,12-13/07/2004,Open area 2m,18:20,0.88498
Jul 2004,12-13/07/2004,Open area 2m,7:20,0.89112
Jul 2004,12-13/07/2004,Open area 2m,7:30,1.00655
Jul 2004,12-13/07/2004,Open area 2m,7:40,1.17921
Jul 2004,12-13/07/2004,Open area 2m,7:50,1.15287
Jul 2004,12-13/07/2004,Open area 2m,8:00,1.13587
Jul 2004,12-13/07/2004,Open area 2m,8:10,1.04154
Jul 2004,12-13/07/2004,Open area 2m,8:20,1.10362
Jul 2004,12-13/07/2004,Open area 2m,8:30,1.08853
Jul 2004,12-13/07/2004,Open area 2m,8:40,1.10485
Jul 2004,12-13/07/2004,Open area 2m,8:50,1.13427
Jul 2004,12-13/07/2004,Open area 2m,9:00,1.14933
Jul 2004,12-13/07/2004,Open area 2m,9:10,1.16227
Jul 2004,12-13/07/2004,Open area 2m,9:20,1.15261
Jul 2004,12-13/07/2004,Open area 2m,9:30,1.18122
Jul 2004,12-13/07/2004,Open area 2m,9:40,1.14179
Jul 2004,12-13/07/2004,Open area 2m,9:50,1.13679
Jul 2004,13-14/07/2004,Open area 2m,10:00,1.20343
Jul 2004,13-14/07/2004,Open area 2m,10:10,1.16104
Jul 2004,13-14/07/2004,Open area 2m,10:20,1.14842
Jul 2004,13-14/07/2004,Open area 2m,10:30,1.14442
Jul 2004,13-14/07/2004,Open area 2m,10:40,1.14895
Jul 2004,13-14/07/2004,Open area 2m,10:50,1.14553
Jul 2004,13-14/07/2004,Open area 2m,11:00,1.14297
Jul 2004,13-14/07/2004,Open area 2m,11:10,1.14123
Jul 2004,13-14/07/2004,Open area 2m,11:20,1.13418
Jul 2004,13-14/07/2004,Open area 2m,11:30,1.13795
Jul 2004,13-14/07/2004,Open area 2m,11:40,1.15115
Jul 2004,13-14/07/2004,Open area 2m,11:50,1.15273
Jul 2004,13-14/07/2004,Open area 2m,12:00,1.14971
Jul 2004,13-14/07/2004,Open area 2m,12:10,1.1462
Jul 2004,13-14/07/2004,Open area 2m,12:20,1.142
Jul 2004,13-14/07/2004,Open area 2m,12:30,1.14476
Jul 2004,13-14/07/2004,Open area 2m,12:40,1.14821
Jul 2004,13-14/07/2004,Open area 2m,12:50,1.15016
Jul 2004,13-14/07/2004,Open area 2m,13:00,1.14948
Jul 2004,13-14/07/2004,Open area 2m,13:10,1.13299
Jul 2004,13-14/07/2004,Open area 2m,13:20,1.1447
Jul 2004,13-14/07/2004,Open area 2m,13:30,1.13858
Jul 2004,13-14/07/2004,Open area 2m,13:40,1.12486
Jul 2004,13-14/07/2004,Open area 2m,13:50,1.11535
Jul 2004,13-14/07/2004,Open area 2m,14:00,1.11079
Jul 2004,13-14/07/2004,Open area 2m,14:10,1.1023
Jul 2004,13-14/07/2004,Open area 2m,14:20,1.10049
Jul 2004,13-14/07/2004,Open area 2m,14:30,0.92372
Jul 2004,13-14/07/2004,Open area 2m,14:40,1.16331
Jul 2004,13-14/07/2004,Open area 2m,14:50,1.13911
Jul 2004,13-14/07/2004,Open area 2m,15:00,1.20639
Jul 2004,13-14/07/2004,Open area 2m,15:10,1.16585
Jul 2004,13-14/07/2004,Open area 2m,15:20,1.15794
Jul 2004,13-14/07/2004,Open area 2m,15:30,1.15412
Jul 2004,13-14/07/2004,Open area 2m,15:40,1.14601
Jul 2004,13-14/07/2004,Open area 2m,15:50,1.15644
Jul 2004,13-14/07/2004,Open area 2m,16:00,1.14813
Jul 2004,13-14/07/2004,Open area 2m,16:10,1.15258
Jul 2004,13-14/07/2004,Open area 2m,16:20,1.12205
Jul 2004,13-14/07/2004,Open area 2m,16:30,1.13408
Jul 2004,13-14/07/2004,Open area 2m,16:40,1.14221
Jul 2004,13-14/07/2004,Open area 2m,16:50,1.14425
Jul 2004,13-14/07/2004,Open area 2m,17:00,1.14497
Jul 2004,13-14/07/2004,Open area 2m,17:10,1.1419
Jul 2004,13-14/07/2004,Open area 2m,17:20,1.14405
Jul 2004,13-14/07/2004,Open area 2m,17:30,1.14483
Jul 2004,13-14/07/2004,Open area 2m,17:40,1.14239
Jul 2004,13-14/07/2004,Open area 2m,17:50,1.1626
Jul 2004,13-14/07/2004,Open area 2m,18:00,1.19242
Jul 2004,13-14/07/2004,Open area 2m,18:10,1.16428
Jul 2004,13-14/07/2004,Open area 2m,18:20,0.98163
Jul 2004,13-14/07/2004,Open area 2m,7:20,0.92564
Jul 2004,13-14/07/2004,Open area 2m,7:30,0.94713
Jul 2004,13-14/07/2004,Open area 2m,7:40,1.13137
Jul 2004,13-14/07/2004,Open area 2m,7:50,1.14711
Jul 2004,13-14/07/2004,Open area 2m,8:00,1.2031
Jul 2004,13-14/07/2004,Open area 2m,8:10,1.03432
Jul 2004,13-14/07/2004,Open area 2m,8:20,1.1339
Jul 2004,13-14/07/2004,Open area 2m,8:30,1.20914
Jul 2004,13-14/07/2004,Open area 2m,8:40,1.12639
Jul 2004,13-14/07/2004,Open area 2m,8:50,1.12775
Jul 2004,13-14/07/2004,Open area 2m,9:00,1.16789
Jul 2004,13-14/07/2004,Open area 2m,9:10,1.1307
Jul 2004,13-14/07/2004,Open area 2m,9:20,1.17346
Jul 2004,13-14/07/2004,Open area 2m,9:30,1.15352
Jul 2004,13-14/07/2004,Open area 2m,9:40,1.14525
Jul 2004,13-14/07/2004,Open area 2m,9:50,1.13811
Sep 2004,10-11/09/2004,AFS 1.2m,10:00,0.72003
Sep 2004,10-11/09/2004,AFS 1.2m,10:10,0.7562
Sep 2004,10-11/09/2004,AFS 1.2m,10:20,0.719
Sep 2004,10-11/09/2004,AFS 1.2m,10:30,0.67962
Sep 2004,10-11/09/2004,AFS 1.2m,10:40,0.77153
Sep 2004,10-11/09/2004,AFS 1.2m,10:50,0.7393
Sep 2004,10-11/09/2004,AFS 1.2m,11:00,0.96258
Sep 2004,10-11/09/2004,AFS 1.2m,11:10,0.76763
Sep 2004,10-11/09/2004,AFS 1.2m,11:20,0.67956
Sep 2004,10-11/09/2004,AFS 1.2m,11:30,0.78352
Sep 2004,10-11/09/2004,AFS 1.2m,11:40,0.70624
Sep 2004,10-11/09/2004,AFS 1.2m,11:50,0.68193
Sep 2004,10-11/09/2004,AFS 1.2m,12:00,0.84123
Sep 2004,10-11/09/2004,AFS 1.2m,12:10,0.8558
Sep 2004,10-11/09/2004,AFS 1.2m,12:20,0.74438
Sep 2004,10-11/09/2004,AFS 1.2m,12:30,0.8563
Sep 2004,10-11/09/2004,AFS 1.2m,12:40,0.74008
Sep 2004,10-11/09/2004,AFS 1.2m,12:50,0.58319
Sep 2004,10-11/09/2004,AFS 1.2m,13:00,1.01845
Sep 2004,10-11/09/2004,AFS 1.2m,13:10,0.79401
Sep 2004,10-11/09/2004,AFS 1.2m,13:20,0.89016
Sep 2004,10-11/09/2004,AFS 1.2m,13:30,0.7248
Sep 2004,10-11/09/2004,AFS 1.2m,13:40,0.74242
Sep 2004,10-11/09/2004,AFS 1.2m,13:50,0.76102
Sep 2004,10-11/09/2004,AFS 1.2m,14:00,0.62529
Sep 2004,10-11/09/2004,AFS 1.2m,14:10,0.75338
Sep 2004,10-11/09/2004,AFS 1.2m,14:20,0.77447
Sep 2004,10-11/09/2004,AFS 1.2m,14:30,0.79889
Sep 2004,10-11/09/2004,AFS 1.2m,14:40,0.8088
Sep 2004,10-11/09/2004,AFS 1.2m,14:50,0.8057
Sep 2004,10-11/09/2004,AFS 1.2m,15:00,0.81108
Sep 2004,10-11/09/2004,AFS 1.2m,15:10,0.82168
Sep 2004,10-11/09/2004,AFS 1.2m,15:20,0.87819
Sep 2004,10-11/09/2004,AFS 1.2m,15:30,0.84319
Sep 2004,10-11/09/2004,AFS 1.2m,15:40,0.84136
Sep 2004,10-11/09/2004,AFS 1.2m,15:50,0.85579
Sep 2004,10-11/09/2004,AFS 1.2m,16:00,0.85663
Sep 2004,10-11/09/2004,AFS 1.2m,16:10,0.86874
Sep 2004,10-11/09/2004,AFS 1.2m,16:20,0.88017
Sep 2004,10-11/09/2004,AFS 1.2m,16:30,0.89562
Sep 2004,10-11/09/2004,AFS 1.2m,16:40,0.8994
Sep 2004,10-11/09/2004,AFS 1.2m,16:50,0.90345
Sep 2004,10-11/09/2004,AFS 1.2m,17:00,0.90435
Sep 2004,10-11/09/2004,AFS 1.2m,17:10,0.89657
Sep 2004,10-11/09/2004,AFS 1.2m,17:20,0.88844
Sep 2004,10-11/09/2004,AFS 1.2m,17:30,0.87759
Sep 2004,10-11/09/2004,AFS 1.2m,17:40,0.86178
Sep 2004,10-11/09/2004,AFS 1.2m,17:50,0.82483
Sep 2004,10-11/09/2004,AFS 1.2m,18:00,0.79837
Sep 2004,10-11/09/2004,AFS 1.2m,18:10,0.81495
Sep 2004,10-11/09/2004,AFS 1.2m,18:20,0.74232
Sep 2004,10-11/09/2004,AFS 1.2m,18:30,0.64076
Sep 2004,10-11/09/2004,AFS 1.2m,6:30,0.28446
Sep 2004,10-11/09/2004,AFS 1.2m,6:40,0.39194
Sep 2004,10-11/09/2004,AFS 1.2m,6:50,0.38843
Sep 2004,10-11/09/2004,AFS 1.2m,7:00,0.52165
Sep 2004,10-11/09/2004,AFS 1.2m,7:10,0.57365
Sep 2004,10-11/09/2004,AFS 1.2m,7:20,0.62202
Sep 2004,10-11/09/2004,AFS 1.2m,7:30,0.56919
Sep 2004,10-11/09/2004,AFS 1.2m,7:40,0.75146
Sep 2004,10-11/09/2004,AFS 1.2m,7:50,0.5779
Sep 2004,10-11/09/2004,AFS 1.2m,8:00,0.61014
Sep 2004,10-11/09/2004,AFS 1.2m,8:10,0.73837
Sep 2004,10-11/09/2004,AFS 1.2m,8:20,0.70778
Sep 2004,10-11/09/2004,AFS 1.2m,8:30,0.6658
Sep 2004,10-11/09/2004,AFS 1.2m,8:40,0.63162
Sep 2004,10-11/09/2004,AFS 1.2m,8:50,0.65188
Sep 2004,10-11/09/2004,AFS 1.2m,9:00,0.95184
Sep 2004,10-11/09/2004,AFS 1.2m,9:10,0.71778
Sep 2004,10-11/09/2004,AFS 1.2m,9:20,0.75395
Sep 2004,10-11/09/2004,AFS 1.2m,9:30,0.68206
Sep 2004,10-11/09/2004,AFS 1.2m,9:40,0.61423
Sep 2004,10-11/09/2004,AFS 1.2m,9:50,0.75709
Sep 2004,30-31/08/2004,AFS 1.2m,10:00,0.33621
Sep 2004,30-31/08/2004,AFS 1.2m,10:10,0.68669
Sep 2004,30-31/08/2004,AFS 1.2m,10:20,0.94703
Sep 2004,30-31/08/2004,AFS 1.2m,10:30,0.27595
Sep 2004,30-31/08/2004,AFS 1.2m,10:40,0.29697
Sep 2004,30-31/08/2004,AFS 1.2m,10:50,0.75683
Sep 2004,30-31/08/2004,AFS 1.2m,11:00,0.55102
Sep 2004,30-31/08/2004,AFS 1.2m,11:10,0.91508
Sep 2004,30-31/08/2004,AFS 1.2m,11:20,1.06074
Sep 2004,30-31/08/2004,AFS 1.2m,11:30,0.9556
Sep 2004,30-31/08/2004,AFS 1.2m,11:40,1.02074
Sep 2004,30-31/08/2004,AFS 1.2m,11:50,0.49785
Sep 2004,30-31/08/2004,AFS 1.2m,12:00,0.3624
Sep 2004,30-31/08/2004,AFS 1.2m,12:10,0.6244
Sep 2004,30-31/08/2004,AFS 1.2m,12:20,0.72425
Sep 2004,30-31/08/2004,AFS 1.2m,12:30,0.78699
Sep 2004,30-31/08/2004,AFS 1.2m,12:40,0.24643
Sep 2004,30-31/08/2004,AFS 1.2m,12:50,0.94768
Sep 2004,30-31/08/2004,AFS 1.2m,13:00,1.16593
Sep 2004,30-31/08/2004,AFS 1.2m,13:10,1.16642
Sep 2004,30-31/08/2004,AFS 1.2m,13:20,1.16529
Sep 2004,30-31/08/2004,AFS 1.2m,13:30,1.16578
Sep 2004,30-31/08/2004,AFS 1.2m,13:40,1.16475
Sep 2004,30-31/08/2004,AFS 1.2m,13:50,1.16667
Sep 2004,30-31/08/2004,AFS 1.2m,14:00,1.16894
Sep 2004,30-31/08/2004,AFS 1.2m,14:10,1.13841
Sep 2004,30-31/08/2004,AFS 1.2m,14:20,0.33407
Sep 2004,30-31/08/2004,AFS 1.2m,14:30,0.68229
Sep 2004,30-31/08/2004,AFS 1.2m,14:40,0.38559
Sep 2004,30-31/08/2004,AFS 1.2m,14:50,0.46338
Sep 2004,30-31/08/2004,AFS 1.2m,15:00,0.99014
Sep 2004,30-31/08/2004,AFS 1.2m,15:10,0.97552
Sep 2004,30-31/08/2004,AFS 1.2m,15:20,1.01043
Sep 2004,30-31/08/2004,AFS 1.2m,15:30,1.00956
Sep 2004,30-31/08/2004,AFS 1.2m,15:40,1.0168
Sep 2004,30-31/08/2004,AFS 1.2m,15:50,0.92101
Sep 2004,30-31/08/2004,AFS 1.2m,16:00,0.66636
Sep 2004,30-31/08/2004,AFS 1.2m,16:10,0.47568
Sep 2004,30-31/08/2004,AFS 1.2m,16:20,0.53471
Sep 2004,30-31/08/2004,AFS 1.2m,16:30,0.52827
Sep 2004,30-31/08/2004,AFS 1.2m,16:40,0.55057
Sep 2004,30-31/08/2004,AFS 1.2m,16:50,0.68105
Sep 2004,30-31/08/2004,AFS 1.2m,17:00,0.78553
Sep 2004,30-31/08/2004,AFS 1.2m,17:10,0.68906
Sep 2004,30-31/08/2004,AFS 1.2m,17:20,0.78178
Sep 2004,30-31/08/2004,AFS 1.2m,17:30,0.84474
Sep 2004,30-31/08/2004,AFS 1.2m,17:40,0.84098
Sep 2004,30-31/08/2004,AFS 1.2m,17:50,0.83385
Sep 2004,30-31/08/2004,AFS 1.2m,18:00,0.84818
Sep 2004,30-31/08/2004,AFS 1.2m,18:10,0.81476
Sep 2004,30-31/08/2004,AFS 1.2m,18:20,0.72649
Sep 2004,30-31/08/2004,AFS 1.2m,18:30,0.60006
Sep 2004,30-31/08/2004,AFS 1.2m,6:30,0.19968
Sep 2004,30-31/08/2004,AFS 1.2m,6:40,0.48305
Sep 2004,30-31/08/2004,AFS 1.2m,6:50,0.63275
Sep 2004,30-31/08/2004,AFS 1.2m,7:00,0.65908
Sep 2004,30-31/08/2004,AFS 1.2m,7:10,0.57534
Sep 2004,30-31/08/2004,AFS 1.2m,7:20,0.85596
Sep 2004,30-31/08/2004,AFS 1.2m,7:30,0.74535
Sep 2004,30-31/08/2004,AFS 1.2m,7:40,0.82593
Sep 2004,30-31/08/2004,AFS 1.2m,7:50,0.82229
Sep 2004,30-31/08/2004,AFS 1.2m,8:00,0.81852
Sep 2004,30-31/08/2004,AFS 1.2m,8:10,0.43782
Sep 2004,30-31/08/2004,AFS 1.2m,8:20,0.40822
Sep 2004,30-31/08/2004,AFS 1.2m,8:30,0.40362
Sep 2004,30-31/08/2004,AFS 1.2m,8:40,0.4648
Sep 2004,30-31/08/2004,AFS 1.2m,8:50,0.70226
Sep 2004,30-31/08/2004,AFS 1.2m,9:00,0.34481
Sep 2004,30-31/08/2004,AFS 1.2m,9:10,0.29797
Sep 2004,30-31/08/2004,AFS 1.2m,9:20,0.2881
Sep 2004,30-31/08/2004,AFS 1.2m,9:30,0.28076
Sep 2004,30-31/08/2004,AFS 1.2m,9:40,0.31208
Sep 2004,30-31/08/2004,AFS 1.2m,9:50,0.44384
Sep 2004,09-10/09/2004,AFS 2m,10:00,1.07014
Sep 2004,09-10/09/2004,AFS 2m,10:10,1.0469
Sep 2004,09-10/09/2004,AFS 2m,10:20,1.02021
Sep 2004,09-10/09/2004,AFS 2m,10:30,0.97766
Sep 2004,09-10/09/2004,AFS 2m,10:40,0.95527
Sep 2004,09-10/09/2004,AFS 2m,10:50,0.95219
Sep 2004,09-10/09/2004,AFS 2m,11:00,0.96048
Sep 2004,09-10/09/2004,AFS 2m,11:10,0.94996
Sep 2004,09-10/09/2004,AFS 2m,11:20,0.97774
Sep 2004,09-10/09/2004,AFS 2m,11:30,0.97016
Sep 2004,09-10/09/2004,AFS 2m,11:40,0.99277
Sep 2004,09-10/09/2004,AFS 2m,11:50,0.97173
Sep 2004,09-10/09/2004,AFS 2m,12:00,1.01883
Sep 2004,09-10/09/2004,AFS 2m,12:10,0.9967
Sep 2004,09-10/09/2004,AFS 2m,12:20,0.96111
Sep 2004,09-10/09/2004,AFS 2m,12:30,0.93083
Sep 2004,09-10/09/2004,AFS 2m,12:40,1.01468
Sep 2004,09-10/09/2004,AFS 2m,12:50,0.9236
Sep 2004,09-10/09/2004,AFS 2m,13:00,0.96171
Sep 2004,09-10/09/2004,AFS 2m,13:10,0.92717
Sep 2004,09-10/09/2004,AFS 2m,13:20,0.91674
Sep 2004,09-10/09/2004,AFS 2m,13:30,0.92011
Sep 2004,09-10/09/2004,AFS 2m,13:40,0.93982
Sep 2004,09-10/09/2004,AFS 2m,13:50,0.89804
Sep 2004,09-10/09/2004,AFS 2m,14:00,0.99134
Sep 2004,09-10/09/2004,AFS 2m,14:10,0.70938
Sep 2004,09-10/09/2004,AFS 2m,14:20,0.59887
Sep 2004,09-10/09/2004,AFS 2m,14:30,0.55834
Sep 2004,09-10/09/2004,AFS 2m,14:40,0.94971
Sep 2004,09-10/09/2004,AFS 2m,14:50,0.96815
Sep 2004,09-10/09/2004,AFS 2m,15:00,0.98536
Sep 2004,09-10/09/2004,AFS 2m,15:10,0.59916
Sep 2004,09-10/09/2004,AFS 2m,15:20,0.96027
Sep 2004,09-10/09/2004,AFS 2m,15:30,0.84388
Sep 2004,09-10/09/2004,AFS 2m,15:40,0.92078
Sep 2004,09-10/09/2004,AFS 2m,15:50,0.98132
Sep 2004,09-10/09/2004,AFS 2m,16:00,0.86023
Sep 2004,09-10/09/2004,AFS 2m,16:10,0.84208
Sep 2004,09-10/09/2004,AFS 2m,16:20,0.81985
Sep 2004,09-10/09/2004,AFS 2m,16:30,0.97005
Sep 2004,09-10/09/2004,AFS 2m,16:40,0.90132
Sep 2004,09-10/09/2004,AFS 2m,16:50,0.93271
Sep 2004,09-10/09/2004,AFS 2m,17:00,0.89087
Sep 2004,09-10/09/2004,AFS 2m,17:10,0.94596
Sep 2004,09-10/09/2004,AFS 2m,17:20,0.97467
Sep 2004,09-10/09/2004,AFS 2m,17:30,0.84772
Sep 2004,09-10/09/2004,AFS 2m,17:40,0.93582
Sep 2004,09-10/09/2004,AFS 2m,17:50,0.94719
Sep 2004,09-10/09/2004,AFS 2m,18:00,0.94197
Sep 2004,09-10/09/2004,AFS 2m,18:10,1.08357
Sep 2004,09-10/09/2004,AFS 2m,18:20,0.76743
Sep 2004,09-10/09/2004,AFS 2m,18:30,0.93533
Sep 2004,09-10/09/2004,AFS 2m,6:30,0.75196
Sep 2004,09-10/09/2004,AFS 2m,6:40,0.76942
Sep 2004,09-10/09/2004,AFS 2m,6:50,0.83996
Sep 2004,09-10/09/2004,AFS 2m,7:00,0.87481
Sep 2004,09-10/09/2004,AFS 2m,7:10,0.88421
Sep 2004,09-10/09/2004,AFS 2m,7:20,0.87958
Sep 2004,09-10/09/2004,AFS 2m,7:30,0.90388
Sep 2004,09-10/09/2004,AFS 2m,7:40,0.94166
Sep 2004,09-10/09/2004,AFS 2m,7:50,0.969
Sep 2004,09-10/09/2004,AFS 2m,8:00,0.92896
Sep 2004,09-10/09/2004,AFS 2m,8:10,0.98175
Sep 2004,09-10/09/2004,AFS 2m,8:20,0.942
Sep 2004,09-10/09/2004,AFS 2m,8:30,0.98685
Sep 2004,09-10/09/2004,AFS 2m,8:40,0.9605
Sep 2004,09-10/09/2004,AFS 2m,8:50,0.96346
Sep 2004,09-10/09/2004,AFS 2m,9:00,0.9857
Sep 2004,09-10/09/2004,AFS 2m,9:10,0.97369
Sep 2004,09-10/09/2004,AFS 2m,9:20,0.95633
Sep 2004,09-10/09/2004,AFS 2m,9:30,0.95271
Sep 2004,09-10/09/2004,AFS 2m,9:40,0.95658
Sep 2004,09-10/09/2004,AFS 2m,9:50,1.02218
Sep 2004,31/08-01/09/2004,AFS 2m,10:00,0.37461
Sep 2004,31/08-01/09/2004,AFS 2m,10:10,0.77194
Sep 2004,31/08-01/09/2004,AFS 2m,10:20,0.38534
Sep 2004,31/08-01/09/2004,AFS 2m,10:30,0.59826
Sep 2004,31/08-01/09/2004,AFS 2m,10:40,0.32677
Sep 2004,31/08-01/09/2004,AFS 2m,10:50,0.31525
Sep 2004,31/08-01/09/2004,AFS 2m,11:00,0.65524
Sep 2004,31/08-01/09/2004,AFS 2m,11:10,0.74915
Sep 2004,31/08-01/09/2004,AFS 2m,11:20,0.73667
Sep 2004,31/08-01/09/2004,AFS 2m,11:30,0.83593
Sep 2004,31/08-01/09/2004,AFS 2m,11:40,0.59975
Sep 2004,31/08-01/09/2004,AFS 2m,11:50,0.52877
Sep 2004,31/08-01/09/2004,AFS 2m,12:00,0.76807
Sep 2004,31/08-01/09/2004,AFS 2m,12:10,0.54157
Sep 2004,31/08-01/09/2004,AFS 2m,12:20,0.91468
Sep 2004,31/08-01/09/2004,AFS 2m,12:30,0.83906
Sep 2004,31/08-01/09/2004,AFS 2m,12:40,0.58419
Sep 2004,31/08-01/09/2004,AFS 2m,12:50,0.9944
Sep 2004,31/08-01/09/2004,AFS 2m,13:00,0.95965
Sep 2004,31/08-01/09/2004,AFS 2m,13:10,0.89001
Sep 2004,31/08-01/09/2004,AFS 2m,13:20,0.54018
Sep 2004,31/08-01/09/2004,AFS 2m,13:30,0.59561
Sep 2004,31/08-01/09/2004,AFS 2m,13:40,0.8089
Sep 2004,31/08-01/09/2004,AFS 2m,13:50,0.31177
Sep 2004,31/08-01/09/2004,AFS 2m,14:00,0.49568
Sep 2004,31/08-01/09/2004,AFS 2m,14:10,0.42988
Sep 2004,31/08-01/09/2004,AFS 2m,14:20,0.67037
Sep 2004,31/08-01/09/2004,AFS 2m,14:30,0.49831
Sep 2004,31/08-01/09/2004,AFS 2m,14:40,0.4635
Sep 2004,31/08-01/09/2004,AFS 2m,14:50,0.36044
Sep 2004,31/08-01/09/2004,AFS 2m,15:00,0.8618
Sep 2004,31/08-01/09/2004,AFS 2m,15:10,0.78903
Sep 2004,31/08-01/09/2004,AFS 2m,15:20,0.94735
Sep 2004,31/08-01/09/2004,AFS 2m,15:30,1.026
Sep 2004,31/08-01/09/2004,AFS 2m,15:40,0.95582
Sep 2004,31/08-01/09/2004,AFS 2m,15:50,1.01598
Sep 2004,31/08-01/09/2004,AFS 2m,16:00,0.84049
Sep 2004,31/08-01/09/2004,AFS 2m,16:10,0.91301
Sep 2004,31/08-01/09/2004,AFS 2m,16:20,0.61175
Sep 2004,31/08-01/09/2004,AFS 2m,16:30,0.44168
Sep 2004,31/08-01/09/2004,AFS 2m,16:40,0.47921
Sep 2004,31/08-01/09/2004,AFS 2m,16:50,0.5076
Sep 2004,31/08-01/09/2004,AFS 2m,17:00,0.56177
Sep 2004,31/08-01/09/2004,AFS 2m,17:10,0.72289
Sep 2004,31/08-01/09/2004,AFS 2m,17:20,0.68018
Sep 2004,31/08-01/09/2004,AFS 2m,17:30,0.72623
Sep 2004,31/08-01/09/2004,AFS 2m,17:40,0.7855
Sep 2004,31/08-01/09/2004,AFS 2m,17:50,0.79325
Sep 2004,31/08-01/09/2004,AFS 2m,18:00,0.80511
Sep 2004,31/08-01/09/2004,AFS 2m,18:10,0.79699
Sep 2004,31/08-01/09/2004,AFS 2m,18:20,0.72071
Sep 2004,31/08-01/09/2004,AFS 2m,18:30,0.59215
Sep 2004,31/08-01/09/2004,AFS 2m,6:30,1.03805
Sep 2004,31/08-01/09/2004,AFS 2m,6:40,0.54675
Sep 2004,31/08-01/09/2004,AFS 2m,6:50,0.67266
Sep 2004,31/08-01/09/2004,AFS 2m,7:00,0.73654
Sep 2004,31/08-01/09/2004,AFS 2m,7:10,0.68358
Sep 2004,31/08-01/09/2004,AFS 2m,7:20,0.84657
Sep 2004,31/08-01/09/2004,AFS 2m,7:30,0.87534
Sep 2004,31/08-01/09/2004,AFS 2m,7:40,0.83572
Sep 2004,31/08-01/09/2004,AFS 2m,7:50,0.6102
Sep 2004,31/08-01/09/2004,AFS 2m,8:00,0.52831
Sep 2004,31/08-01/09/2004,AFS 2m,8:10,0.46513
Sep 2004,31/08-01/09/2004,AFS 2m,8:20,0.50364
Sep 2004,31/08-01/09/2004,AFS 2m,8:30,0.53027
Sep 2004,31/08-01/09/2004,AFS 2m,8:40,0.61604
Sep 2004,31/08-01/09/2004,AFS 2m,8:50,0.96961
Sep 2004,31/08-01/09/2004,AFS 2m,9:00,0.93145
Sep 2004,31/08-01/09/2004,AFS 2m,9:10,0.86182
Sep 2004,31/08-01/09/2004,AFS 2m,9:20,0.49449
Sep 2004,31/08-01/09/2004,AFS 2m,9:30,0.32158
Sep 2004,31/08-01/09/2004,AFS 2m,9:40,0.328
Sep 2004,31/08-01/09/2004,AFS 2m,9:50,0.30883
Sep 2004,02-03/09/2004,MO 1.2m,10:00,0.40334
Sep 2004,02-03/09/2004,MO 1.2m,10:10,0.77946
Sep 2004,02-03/09/2004,MO 1.2m,10:20,0.92974
Sep 2004,02-03/09/2004,MO 1.2m,10:30,0.91085
Sep 2004,02-03/09/2004,MO 1.2m,10:40,0.89119
Sep 2004,02-03/09/2004,MO 1.2m,10:50,0.91277
Sep 2004,02-03/09/2004,MO 1.2m,11:00,1.1894
Sep 2004,02-03/09/2004,MO 1.2m,11:10,0.98897
Sep 2004,02-03/09/2004,MO 1.2m,11:20,1.09301
Sep 2004,02-03/09/2004,MO 1.2m,11:30,1.00616
Sep 2004,02-03/09/2004,MO 1.2m,11:40,1.06869
Sep 2004,02-03/09/2004,MO 1.2m,11:50,1.11401
Sep 2004,02-03/09/2004,MO 1.2m,12:00,1.07782
Sep 2004,02-03/09/2004,MO 1.2m,12:10,0.7233
Sep 2004,02-03/09/2004,MO 1.2m,12:20,1.06937
Sep 2004,02-03/09/2004,MO 1.2m,12:30,1.10374
Sep 2004,02-03/09/2004,MO 1.2m,12:40,1.04055
Sep 2004,02-03/09/2004,MO 1.2m,12:50,1.00848
Sep 2004,02-03/09/2004,MO 1.2m,13:00,1.13948
Sep 2004,02-03/09/2004,MO 1.2m,13:10,1.14246
Sep 2004,02-03/09/2004,MO 1.2m,13:20,0.93903
Sep 2004,02-03/09/2004,MO 1.2m,13:30,0.62099
Sep 2004,02-03/09/2004,MO 1.2m,13:40,0.88553
Sep 2004,02-03/09/2004,MO 1.2m,13:50,0.62144
Sep 2004,02-03/09/2004,MO 1.2m,14:00,0.61739
Sep 2004,02-03/09/2004,MO 1.2m,14:10,0.64187
Sep 2004,02-03/09/2004,MO 1.2m,14:20,0.66542
Sep 2004,02-03/09/2004,MO 1.2m,14:30,0.68606
Sep 2004,02-03/09/2004,MO 1.2m,14:40,0.90513
Sep 2004,02-03/09/2004,MO 1.2m,14:50,0.74541
Sep 2004,02-03/09/2004,MO 1.2m,15:00,0.95294
Sep 2004,02-03/09/2004,MO 1.2m,15:10,0.98681
Sep 2004,02-03/09/2004,MO 1.2m,15:20,1.00872
Sep 2004,02-03/09/2004,MO 1.2m,15:30,1.00683
Sep 2004,02-03/09/2004,MO 1.2m,15:40,0.79617
Sep 2004,02-03/09/2004,MO 1.2m,15:50,0.78122
Sep 2004,02-03/09/2004,MO 1.2m,16:00,0.79374
Sep 2004,02-03/09/2004,MO 1.2m,16:10,0.82534
Sep 2004,02-03/09/2004,MO 1.2m,16:20,0.80018
Sep 2004,02-03/09/2004,MO 1.2m,16:30,1.01772
Sep 2004,02-03/09/2004,MO 1.2m,16:40,0.91033
Sep 2004,02-03/09/2004,MO 1.2m,16:50,1.00659
Sep 2004,02-03/09/2004,MO 1.2m,17:00,1.09361
Sep 2004,02-03/09/2004,MO 1.2m,17:10,1.0283
Sep 2004,02-03/09/2004,MO 1.2m,17:20,1.03746
Sep 2004,02-03/09/2004,MO 1.2m,17:30,1.054
Sep 2004,02-03/09/2004,MO 1.2m,17:40,1.0162
Sep 2004,02-03/09/2004,MO 1.2m,17:50,1.01364
Sep 2004,02-03/09/2004,MO 1.2m,18:00,0.96145
Sep 2004,02-03/09/2004,MO 1.2m,18:10,0.78003
Sep 2004,02-03/09/2004,MO 1.2m,18:20,0.94502
Sep 2004,02-03/09/2004,MO 1.2m,18:30,0.8912
Sep 2004,02-03/09/2004,MO 1.2m,6:30,0.15787
Sep 2004,02-03/09/2004,MO 1.2m,6:40,0.14922
Sep 2004,02-03/09/2004,MO 1.2m,6:50,0.31091
Sep 2004,02-03/09/2004,MO 1.2m,7:00,0.66295
Sep 2004,02-03/09/2004,MO 1.2m,7:10,0.85662
Sep 2004,02-03/09/2004,MO 1.2m,7:20,0.70618
Sep 2004,02-03/09/2004,MO 1.2m,7:30,0.46193
Sep 2004,02-03/09/2004,MO 1.2m,7:40,0.61118
Sep 2004,02-03/09/2004,MO 1.2m,7:50,0.48187
Sep 2004,02-03/09/2004,MO 1.2m,8:00,0.67454
Sep 2004,02-03/09/2004,MO 1.2m,8:10,1.11421
Sep 2004,02-03/09/2004,MO 1.2m,8:20,0.88969
Sep 2004,02-03/09/2004,MO 1.2m,8:30,0.50497
Sep 2004,02-03/09/2004,MO 1.2m,8:40,1.1711
Sep 2004,02-03/09/2004,MO 1.2m,8:50,0.90971
Sep 2004,02-03/09/2004,MO 1.2m,9:00,1.14506
Sep 2004,02-03/09/2004,MO 1.2m,9:10,1.10444
Sep 2004,02-03/09/2004,MO 1.2m,9:20,0.95439
Sep 2004,02-03/09/2004,MO 1.2m,9:30,0.46791
Sep 2004,02-03/09/2004,MO 1.2m,9:40,0.36279
Sep 2004,02-03/09/2004,MO 1.2m,9:50,1.15891
Sep 2004,08-09/09/2004,MO 1.2m,10:00,0.817
Sep 2004,08-09/09/2004,MO 1.2m,10:10,0.8164
Sep 2004,08-09/09/2004,MO 1.2m,10:20,0.83177
Sep 2004,08-09/09/2004,MO 1.2m,10:30,0.80922
Sep 2004,08-09/09/2004,MO 1.2m,10:40,0.80542
Sep 2004,08-09/09/2004,MO 1.2m,10:50,0.80335
Sep 2004,08-09/09/2004,MO 1.2m,11:00,0.80224
Sep 2004,08-09/09/2004,MO 1.2m,11:10,0.80118
Sep 2004,08-09/09/2004,MO 1.2m,11:20,0.80039
Sep 2004,08-09/09/2004,MO 1.2m,11:30,0.8354
Sep 2004,08-09/09/2004,MO 1.2m,11:40,0.83784
Sep 2004,08-09/09/2004,MO 1.2m,11:50,0.8017
Sep 2004,08-09/09/2004,MO 1.2m,12:00,0.80736
Sep 2004,08-09/09/2004,MO 1.2m,12:10,0.81063
Sep 2004,08-09/09/2004,MO 1.2m,12:20,0.81449
Sep 2004,08-09/09/2004,MO 1.2m,12:30,0.84459
Sep 2004,08-09/09/2004,MO 1.2m,12:40,0.81683
Sep 2004,08-09/09/2004,MO 1.2m,12:50,0.82028
Sep 2004,08-09/09/2004,MO 1.2m,13:00,0.82532
Sep 2004,08-09/09/2004,MO 1.2m,13:10,0.82393
Sep 2004,08-09/09/2004,MO 1.2m,13:20,0.82476
Sep 2004,08-09/09/2004,MO 1.2m,13:30,0.83291
Sep 2004,08-09/09/2004,MO 1.2m,13:40,0.82577
Sep 2004,08-09/09/2004,MO 1.2m,13:50,0.83557
Sep 2004,08-09/09/2004,MO 1.2m,14:00,0.93981
Sep 2004,08-09/09/2004,MO 1.2m,14:10,1.00103
Sep 2004,08-09/09/2004,MO 1.2m,14:20,0.54918
Sep 2004,08-09/09/2004,MO 1.2m,14:30,0.57892
Sep 2004,08-09/09/2004,MO 1.2m,14:40,0.64473
Sep 2004,08-09/09/2004,MO 1.2m,14:50,0.59601
Sep 2004,08-09/09/2004,MO 1.2m,15:00,0.7437
Sep 2004,08-09/09/2004,MO 1.2m,15:10,0.99264
Sep 2004,08-09/09/2004,MO 1.2m,15:20,0.98479
Sep 2004,08-09/09/2004,MO 1.2m,15:30,1.04716
Sep 2004,08-09/09/2004,MO 1.2m,15:40,0.87824
Sep 2004,08-09/09/2004,MO 1.2m,15:50,0.56103
Sep 2004,08-09/09/2004,MO 1.2m,16:00,0.8444
Sep 2004,08-09/09/2004,MO 1.2m,16:10,0.82489
Sep 2004,08-09/09/2004,MO 1.2m,16:20,0.86346
Sep 2004,08-09/09/2004,MO 1.2m,16:30,0.86259
Sep 2004,08-09/09/2004,MO 1.2m,16:40,0.94962
Sep 2004,08-09/09/2004,MO 1.2m,16:50,0.84429
Sep 2004,08-09/09/2004,MO 1.2m,17:00,0.98931
Sep 2004,08-09/09/2004,MO 1.2m,17:10,0.9504
Sep 2004,08-09/09/2004,MO 1.2m,17:20,0.91131
Sep 2004,08-09/09/2004,MO 1.2m,17:30,0.87159
Sep 2004,08-09/09/2004,MO 1.2m,17:40,1.00436
Sep 2004,08-09/09/2004,MO 1.2m,17:50,1.03894
Sep 2004,08-09/09/2004,MO 1.2m,18:00,1.00777
Sep 2004,08-09/09/2004,MO 1.2m,18:10,0.81697
Sep 2004,08-09/09/2004,MO 1.2m,18:20,1.01509
Sep 2004,08-09/09/2004,MO 1.2m,18:30,1.07802
Sep 2004,08-09/09/2004,MO 1.2m,6:30,0.76078
Sep 2004,08-09/09/2004,MO 1.2m,6:40,0.86876
Sep 2004,08-09/09/2004,MO 1.2m,6:50,0.88294
Sep 2004,08-09/09/2004,MO 1.2m,7:00,0.89002
Sep 2004,08-09/09/2004,MO 1.2m,7:10,0.8979
Sep 2004,08-09/09/2004,MO 1.2m,7:20,0.90147
Sep 2004,08-09/09/2004,MO 1.2m,7:30,0.90291
Sep 2004,08-09/09/2004,MO 1.2m,7:40,0.88406
Sep 2004,08-09/09/2004,MO 1.2m,7:50,0.88066
Sep 2004,08-09/09/2004,MO 1.2m,8:00,0.84583
Sep 2004,08-09/09/2004,MO 1.2m,8:10,0.78712
Sep 2004,08-09/09/2004,MO 1.2m,8:20,0.7817
Sep 2004,08-09/09/2004,MO 1.2m,8:30,0.78298
Sep 2004,08-09/09/2004,MO 1.2m,8:40,0.78801
Sep 2004,08-09/09/2004,MO 1.2m,8:50,0.79311
Sep 2004,08-09/09/2004,MO 1.2m,9:00,0.80144
Sep 2004,08-09/09/2004,MO 1.2m,9:10,0.81535
Sep 2004,08-09/09/2004,MO 1.2m,9:20,0.81099
Sep 2004,08-09/09/2004,MO 1.2m,9:30,0.81069
Sep 2004,08-09/09/2004,MO 1.2m,9:40,0.81976
Sep 2004,08-09/09/2004,MO 1.2m,9:50,0.82981
Sep 2004,06-07/09/2004,MO 2m,10:00,0.93362
Sep 2004,06-07/09/2004,MO 2m,10:10,0.89137
Sep 2004,06-07/09/2004,MO 2m,10:20,1.14757
Sep 2004,06-07/09/2004,MO 2m,10:30,1.1096
Sep 2004,06-07/09/2004,MO 2m,10:40,0.97858
Sep 2004,06-07/09/2004,MO 2m,10:50,0.6513
Sep 2004,06-07/09/2004,MO 2m,11:00,1.08858
Sep 2004,06-07/09/2004,MO 2m,11:10,0.83404
Sep 2004,06-07/09/2004,MO 2m,11:20,0.8089
Sep 2004,06-07/09/2004,MO 2m,11:30,0.91516
Sep 2004,06-07/09/2004,MO 2m,11:40,0.74656
Sep 2004,06-07/09/2004,MO 2m,11:50,1.08153
Sep 2004,06-07/09/2004,MO 2m,12:00,1.06792
Sep 2004,06-07/09/2004,MO 2m,12:10,1.01918
Sep 2004,06-07/09/2004,MO 2m,12:20,0.38381
Sep 2004,06-07/09/2004,MO 2m,12:30,0.95181
Sep 2004,06-07/09/2004,MO 2m,12:40,0.95286
Sep 2004,06-07/09/2004,MO 2m,12:50,0.67954
Sep 2004,06-07/09/2004,MO 2m,13:00,0.78219
Sep 2004,06-07/09/2004,MO 2m,13:10,0.52498
Sep 2004,06-07/09/2004,MO 2m,13:20,1.06247
Sep 2004,06-07/09/2004,MO 2m,13:30,0.47253
Sep 2004,06-07/09/2004,MO 2m,13:40,0.87013
Sep 2004,06-07/09/2004,MO 2m,13:50,1.02046
Sep 2004,06-07/09/2004,MO 2m,14:00,1.0312
Sep 2004,06-07/09/2004,MO 2m,14:10,1.06436
Sep 2004,06-07/09/2004,MO 2m,14:20,1.04723
Sep 2004,06-07/09/2004,MO 2m,14:30,1.05321
Sep 2004,06-07/09/2004,MO 2m,14:40,1.04979
Sep 2004,06-07/09/2004,MO 2m,14:50,1.03787
Sep 2004,06-07/09/2004,MO 2m,15:00,1.03728
Sep 2004,06-07/09/2004,MO 2m,15:10,1.04561
Sep 2004,06-07/09/2004,MO 2m,15:20,1.04298
Sep 2004,06-07/09/2004,MO 2m,15:30,1.05032
Sep 2004,06-07/09/2004,MO 2m,15:40,1.04106
Sep 2004,06-07/09/2004,MO 2m,15:50,1.03639
Sep 2004,06-07/09/2004,MO 2m,16:00,1.02457
Sep 2004,06-07/09/2004,MO 2m,16:10,0.96623
Sep 2004,06-07/09/2004,MO 2m,16:20,0.93596
Sep 2004,06-07/09/2004,MO 2m,16:30,0.86851
Sep 2004,06-07/09/2004,MO 2m,16:40,0.93876
Sep 2004,06-07/09/2004,MO 2m,16:50,0.99825
Sep 2004,06-07/09/2004,MO 2m,17:00,0.96955
Sep 2004,06-07/09/2004,MO 2m,17:10,0.98684
Sep 2004,06-07/09/2004,MO 2m,17:20,1.1356
Sep 2004,06-07/09/2004,MO 2m,17:30,1.04982
Sep 2004,06-07/09/2004,MO 2m,17:40,1.01738
Sep 2004,06-07/09/2004,MO 2m,17:50,1.10033
Sep 2004,06-07/09/2004,MO 2m,18:00,0.93246
Sep 2004,06-07/09/2004,MO 2m,18:10,1.09298
Sep 2004,06-07/09/2004,MO 2m,18:20,1.02132
Sep 2004,06-07/09/2004,MO 2m,18:30,0.85148
Sep 2004,06-07/09/2004,MO 2m,6:30,1.0769
Sep 2004,06-07/09/2004,MO 2m,6:40,1.00518
Sep 2004,06-07/09/2004,MO 2m,6:50,0.77928
Sep 2004,06-07/09/2004,MO 2m,7:00,0.69027
Sep 2004,06-07/09/2004,MO 2m,7:10,0.80082
Sep 2004,06-07/09/2004,MO 2m,7:20,0.73845
Sep 2004,06-07/09/2004,MO 2m,7:30,0.96631
Sep 2004,06-07/09/2004,MO 2m,7:40,0.62444
Sep 2004,06-07/09/2004,MO 2m,7:50,1.05153
Sep 2004,06-07/09/2004,MO 2m,8:00,1.03529
Sep 2004,06-07/09/2004,MO 2m,8:10,1.03283
Sep 2004,06-07/09/2004,MO 2m,8:20,0.94066
Sep 2004,06-07/09/2004,MO 2m,8:30,0.37733
Sep 2004,06-07/09/2004,MO 2m,8:40,0.87916
Sep 2004,06-07/09/2004,MO 2m,8:50,0.94115
Sep 2004,06-07/09/2004,MO 2m,9:00,0.95125
Sep 2004,06-07/09/2004,MO 2m,9:10,0.96662
Sep 2004,06-07/09/2004,MO 2m,9:20,0.97613
Sep 2004,06-07/09/2004,MO 2m,9:30,0.9855
Sep 2004,06-07/09/2004,MO 2m,9:40,0.99657
Sep 2004,06-07/09/2004,MO 2m,9:50,1.05137
Sep 2004,07-08/09/2004,MO 2m,10:00,0.98189
Sep 2004,07-08/09/2004,MO 2m,10:10,1.02821
Sep 2004,07-08/09/2004,MO 2m,10:20,1.00168
Sep 2004,07-08/09/2004,MO 2m,10:30,1.09442
Sep 2004,07-08/09/2004,MO 2m,10:40,0.90933
Sep 2004,07-08/09/2004,MO 2m,10:50,1.04369
Sep 2004,07-08/09/2004,MO 2m,11:00,1.00102
Sep 2004,07-08/09/2004,MO 2m,11:10,0.57804
Sep 2004,07-08/09/2004,MO 2m,11:20,0.96973
Sep 2004,07-08/09/2004,MO 2m,11:30,0.9445
Sep 2004,07-08/09/2004,MO 2m,11:40,0.97391
Sep 2004,07-08/09/2004,MO 2m,11:50,1.08079
Sep 2004,07-08/09/2004,MO 2m,12:00,1.02053
Sep 2004,07-08/09/2004,MO 2m,12:10,1.05604
Sep 2004,07-08/09/2004,MO 2m,12:20,1.06139
Sep 2004,07-08/09/2004,MO 2m,12:30,1.06999
Sep 2004,07-08/09/2004,MO 2m,12:40,1.16566
Sep 2004,07-08/09/2004,MO 2m,12:50,1.01484
Sep 2004,07-08/09/2004,MO 2m,13:00,1.01527
Sep 2004,07-08/09/2004,MO 2m,13:10,0.62987
Sep 2004,07-08/09/2004,MO 2m,13:20,0.90624
Sep 2004,07-08/09/2004,MO 2m,13:30,0.58083
Sep 2004,07-08/09/2004,MO 2m,13:40,0.81906
Sep 2004,07-08/09/2004,MO 2m,13:50,1.10619
Sep 2004,07-08/09/2004,MO 2m,14:00,1.01316
Sep 2004,07-08/09/2004,MO 2m,14:10,1.11468
Sep 2004,07-08/09/2004,MO 2m,14:20,1.07828
Sep 2004,07-08/09/2004,MO 2m,14:30,1.15244
Sep 2004,07-08/09/2004,MO 2m,14:40,1.09926
Sep 2004,07-08/09/2004,MO 2m,14:50,0.99809
Sep 2004,07-08/09/2004,MO 2m,15:00,1.0969
Sep 2004,07-08/09/2004,MO 2m,15:10,1.11299
Sep 2004,07-08/09/2004,MO 2m,15:20,1.1022
Sep 2004,07-08/09/2004,MO 2m,15:30,1.0899
Sep 2004,07-08/09/2004,MO 2m,15:40,1.11826
Sep 2004,07-08/09/2004,MO 2m,15:50,1.01176
Sep 2004,07-08/09/2004,MO 2m,16:00,1.06736
Sep 2004,07-08/09/2004,MO 2m,16:10,1.14013
Sep 2004,07-08/09/2004,MO 2m,16:20,0.98484
Sep 2004,07-08/09/2004,MO 2m,16:30,0.87985
Sep 2004,07-08/09/2004,MO 2m,16:40,1.09958
Sep 2004,07-08/09/2004,MO 2m,16:50,1.17927
Sep 2004,07-08/09/2004,MO 2m,17:00,0.93747
Sep 2004,07-08/09/2004,MO 2m,17:10,1.13589
Sep 2004,07-08/09/2004,MO 2m,17:20,0.97497
Sep 2004,07-08/09/2004,MO 2m,17:30,0.82316
Sep 2004,07-08/09/2004,MO 2m,17:40,1.02476
Sep 2004,07-08/09/2004,MO 2m,17:50,0.97231
Sep 2004,07-08/09/2004,MO 2m,18:00,0.97523
Sep 2004,07-08/09/2004,MO 2m,18:10,1.10121
Sep 2004,07-08/09/2004,MO 2m,18:20,1.06725
Sep 2004,07-08/09/2004,MO 2m,18:30,1.03778
Sep 2004,07-08/09/2004,MO 2m,6:30,0.8362
Sep 2004,07-08/09/2004,MO 2m,6:40,0.93084
Sep 2004,07-08/09/2004,MO 2m,6:50,0.87685
Sep 2004,07-08/09/2004,MO 2m,7:00,0.81981
Sep 2004,07-08/09/2004,MO 2m,7:10,0.79425
Sep 2004,07-08/09/2004,MO 2m,7:20,1.01008
Sep 2004,07-08/09/2004,MO 2m,7:30,0.86856
Sep 2004,07-08/09/2004,MO 2m,7:40,0.70154
Sep 2004,07-08/09/2004,MO 2m,7:50,0.95891
Sep 2004,07-08/09/2004,MO 2m,8:00,1.07026
Sep 2004,07-08/09/2004,MO 2m,8:10,0.87974
Sep 2004,07-08/09/2004,MO 2m,8:20,0.64267
Sep 2004,07-08/09/2004,MO 2m,8:30,0.43524
Sep 2004,07-08/09/2004,MO 2m,8:40,0.86936
Sep 2004,07-08/09/2004,MO 2m,8:50,0.91545
Sep 2004,07-08/09/2004,MO 2m,9:00,0.9241
Sep 2004,07-08/09/2004,MO 2m,9:10,0.92865
Sep 2004,07-08/09/2004,MO 2m,9:20,0.94411
Sep 2004,07-08/09/2004,MO 2m,9:30,0.95941
Sep 2004,07-08/09/2004,MO 2m,9:40,0.96809
Sep 2004,07-08/09/2004,MO 2m,9:50,1.06862
Sep 2004,01-02/09/2004,Open area 2m,10:00,1.10647
Sep 2004,01-02/09/2004,Open area 2m,10:10,1.1104
Sep 2004,01-02/09/2004,Open area 2m,10:20,1.11414
Sep 2004,01-02/09/2004,Open area 2m,10:30,1.11919
Sep 2004,01-02/09/2004,Open area 2m,10:40,1.12079
Sep 2004,01-02/09/2004,Open area 2m,10:50,1.12217
Sep 2004,01-02/09/2004,Open area 2m,11:00,1.12236
Sep 2004,01-02/09/2004,Open area 2m,11:10,1.12273
Sep 2004,01-02/09/2004,Open area 2m,11:20,1.1229
Sep 2004,01-02/09/2004,Open area 2m,11:30,1.12272
Sep 2004,01-02/09/2004,Open area 2m,11:40,1.12213
Sep 2004,01-02/09/2004,Open area 2m,11:50,1.12429
Sep 2004,01-02/09/2004,Open area 2m,12:00,1.12808
Sep 2004,01-02/09/2004,Open area 2m,12:10,1.1303
Sep 2004,01-02/09/2004,Open area 2m,12:20,1.12992
Sep 2004,01-02/09/2004,Open area 2m,12:30,1.12964
Sep 2004,01-02/09/2004,Open area 2m,12:40,1.13349
Sep 2004,01-02/09/2004,Open area 2m,12:50,1.13453
Sep 2004,01-02/09/2004,Open area 2m,13:00,1.12993
Sep 2004,01-02/09/2004,Open area 2m,13:10,1.09427
Sep 2004,01-02/09/2004,Open area 2m,13:20,1.14088
Sep 2004,01-02/09/2004,Open area 2m,13:30,1.02352
Sep 2004,01-02/09/2004,Open area 2m,13:40,1.01479
Sep 2004,01-02/09/2004,Open area 2m,13:50,1.05123
Sep 2004,01-02/09/2004,Open area 2m,14:00,1.06878
Sep 2004,01-02/09/2004,Open area 2m,14:10,1.10796
Sep 2004,01-02/09/2004,Open area 2m,14:20,1.11392
Sep 2004,01-02/09/2004,Open area 2m,14:30,1.14661
Sep 2004,01-02/09/2004,Open area 2m,14:40,1.16396
Sep 2004,01-02/09/2004,Open area 2m,14:50,1.16096
Sep 2004,01-02/09/2004,Open area 2m,15:00,1.16252
Sep 2004,01-02/09/2004,Open area 2m,15:10,1.16256
Sep 2004,01-02/09/2004,Open area 2m,15:20,1.16147
Sep 2004,01-02/09/2004,Open area 2m,15:30,1.16269
Sep 2004,01-02/09/2004,Open area 2m,15:40,1.16229
Sep 2004,01-02/09/2004,Open area 2m,15:50,1.16222
Sep 2004,01-02/09/2004,Open area 2m,16:00,1.16259
Sep 2004,01-02/09/2004,Open area 2m,16:10,1.16105
Sep 2004,01-02/09/2004,Open area 2m,16:20,1.1622
Sep 2004,01-02/09/2004,Open area 2m,16:30,1.16352
Sep 2004,01-02/09/2004,Open area 2m,16:40,1.16087
Sep 2004,01-02/09/2004,Open area 2m,16:50,1.16253
Sep 2004,01-02/09/2004,Open area 2m,17:00,1.16484
Sep 2004,01-02/09/2004,Open area 2m,17:10,1.1623
Sep 2004,01-02/09/2004,Open area 2m,17:20,1.18283
Sep 2004,01-02/09/2004,Open area 2m,17:30,1.17619
Sep 2004,01-02/09/2004,Open area 2m,17:40,1.18657
Sep 2004,01-02/09/2004,Open area 2m,17:50,1.16064
Sep 2004,01-02/09/2004,Open area 2m,18:00,1.07655
Sep 2004,01-02/09/2004,Open area 2m,18:10,1.18001
Sep 2004,01-02/09/2004,Open area 2m,18:20,1.09469
Sep 2004,01-02/09/2004,Open area 2m,18:30,1.06892
Sep 2004,01-02/09/2004,Open area 2m,6:30,0.79694
Sep 2004,01-02/09/2004,Open area 2m,6:40,0.79906
Sep 2004,01-02/09/2004,Open area 2m,6:50,0.93483
Sep 2004,01-02/09/2004,Open area 2m,7:00,1.02811
Sep 2004,01-02/09/2004,Open area 2m,7:10,1.03513
Sep 2004,01-02/09/2004,Open area 2m,7:20,1.01906
Sep 2004,01-02/09/2004,Open area 2m,7:30,1.01362
Sep 2004,01-02/09/2004,Open area 2m,7:40,1.01321
Sep 2004,01-02/09/2004,Open area 2m,7:50,1.00983
Sep 2004,01-02/09/2004,Open area 2m,8:00,0.99709
Sep 2004,01-02/09/2004,Open area 2m,8:10,1.06344
Sep 2004,01-02/09/2004,Open area 2m,8:20,1.05774
Sep 2004,01-02/09/2004,Open area 2m,8:30,1.08277
Sep 2004,01-02/09/2004,Open area 2m,8:40,1.09714
Sep 2004,01-02/09/2004,Open area 2m,8:50,1.0947
Sep 2004,01-02/09/2004,Open area 2m,9:00,1.08156
Sep 2004,01-02/09/2004,Open area 2m,9:10,1.08723
Sep 2004,01-02/09/2004,Open area 2m,9:20,1.09099
Sep 2004,01-02/09/2004,Open area 2m,9:30,1.09419
Sep 2004,01-02/09/2004,Open area 2m,9:40,1.0984
Sep 2004,01-02/09/2004,Open area 2m,9:50,1.10194
Sep 2004,29-30/08/2004,Open area 2m,10:00,1.14983
Sep 2004,29-30/08/2004,Open area 2m,10:10,1.15125
Sep 2004,29-30/08/2004,Open area 2m,10:20,1.15056
Sep 2004,29-30/08/2004,Open area 2m,10:30,1.15315
Sep 2004,29-30/08/2004,Open area 2m,10:40,1.15486
Sep 2004,29-30/08/2004,Open area 2m,10:50,1.15529
Sep 2004,29-30/08/2004,Open area 2m,11:00,1.15654
Sep 2004,29-30/08/2004,Open area 2m,11:10,1.15686
Sep 2004,29-30/08/2004,Open area 2m,11:20,1.1584
Sep 2004,29-30/08/2004,Open area 2m,11:30,1.15962
Sep 2004,29-30/08/2004,Open area 2m,11:40,1.16099
Sep 2004,29-30/08/2004,Open area 2m,11:50,1.16134
Sep 2004,29-30/08/2004,Open area 2m,12:00,1.1619
Sep 2004,29-30/08/2004,Open area 2m,12:10,1.16255
Sep 2004,29-30/08/2004,Open area 2m,12:20,1.16208
Sep 2004,29-30/08/2004,Open area 2m,12:30,1.16443
Sep 2004,29-30/08/2004,Open area 2m,12:40,1.1636
Sep 2004,29-30/08/2004,Open area 2m,12:50,1.16445
Sep 2004,29-30/08/2004,Open area 2m,13:00,1.17185
Sep 2004,29-30/08/2004,Open area 2m,13:10,1.17364
Sep 2004,29-30/08/2004,Open area 2m,13:20,1.17463
Sep 2004,29-30/08/2004,Open area 2m,13:30,1.1711
Sep 2004,29-30/08/2004,Open area 2m,13:40,1.17063
Sep 2004,29-30/08/2004,Open area 2m,13:50,1.16912
Sep 2004,29-30/08/2004,Open area 2m,14:00,1.16937
Sep 2004,29-30/08/2004,Open area 2m,14:10,1.16993
Sep 2004,29-30/08/2004,Open area 2m,14:20,1.16857
Sep 2004,29-30/08/2004,Open area 2m,14:30,1.16759
Sep 2004,29-30/08/2004,Open area 2m,14:40,1.16829
Sep 2004,29-30/08/2004,Open area 2m,14:50,1.16636
Sep 2004,29-30/08/2004,Open area 2m,15:00,1.16608
Sep 2004,29-30/08/2004,Open area 2m,15:10,1.07644
Sep 2004,29-30/08/2004,Open area 2m,15:20,1.15543
Sep 2004,29-30/08/2004,Open area 2m,15:30,1.12195
Sep 2004,29-30/08/2004,Open area 2m,15:40,1.12445
Sep 2004,29-30/08/2004,Open area 2m,15:50,1.15751
Sep 2004,29-30/08/2004,Open area 2m,16:00,1.14301
Sep 2004,29-30/08/2004,Open area 2m,16:10,1.11899
Sep 2004,29-30/08/2004,Open area 2m,16:20,1.13846
Sep 2004,29-30/08/2004,Open area 2m,16:30,1.11853
Sep 2004,29-30/08/2004,Open area 2m,16:40,1.17922
Sep 2004,29-30/08/2004,Open area 2m,16:50,1.14129
Sep 2004,29-30/08/2004,Open area 2m,17:00,1.1483
Sep 2004,29-30/08/2004,Open area 2m,17:10,1.07307
Sep 2004,29-30/08/2004,Open area 2m,17:20,1.17784
Sep 2004,29-30/08/2004,Open area 2m,17:30,1.15183
Sep 2004,29-30/08/2004,Open area 2m,17:40,1.16463
Sep 2004,29-30/08/2004,Open area 2m,17:50,1.17369
Sep 2004,29-30/08/2004,Open area 2m,18:00,1.13586
Sep 2004,29-30/08/2004,Open area 2m,18:10,1.17881
Sep 2004,29-30/08/2004,Open area 2m,18:20,1.0618
Sep 2004,29-30/08/2004,Open area 2m,18:30,1.11434
Sep 2004,29-30/08/2004,Open area 2m,6:30,0.74252
Sep 2004,29-30/08/2004,Open area 2m,6:40,0.90841
Sep 2004,29-30/08/2004,Open area 2m,6:50,1.11315
Sep 2004,29-30/08/2004,Open area 2m,7:00,1.1224
Sep 2004,29-30/08/2004,Open area 2m,7:10,1.1929
Sep 2004,29-30/08/2004,Open area 2m,7:20,1.09302
Sep 2004,29-30/08/2004,Open area 2m,7:30,1.17942
Sep 2004,29-30/08/2004,Open area 2m,7:40,1.14622
Sep 2004,29-30/08/2004,Open area 2m,7:50,1.12816
Sep 2004,29-30/08/2004,Open area 2m,8:00,1.11508
Sep 2004,29-30/08/2004,Open area 2m,8:10,1.12442
Sep 2004,29-30/08/2004,Open area 2m,8:20,1.1317
Sep 2004,29-30/08/2004,Open area 2m,8:30,1.13839
Sep 2004,29-30/08/2004,Open area 2m,8:40,1.12977
Sep 2004,29-30/08/2004,Open area 2m,8:50,1.1304
Sep 2004,29-30/08/2004,Open area 2m,9:00,1.13602
Sep 2004,29-30/08/2004,Open area 2m,9:10,1.1387
Sep 2004,29-30/08/2004,Open area 2m,9:20,1.14196
Sep 2004,29-30/08/2004,Open area 2m,9:30,1.1449
Sep 2004,29-30/08/2004,Open area 2m,9:40,1.14741
Sep 2004,29-30/08/2004,Open area 2m,9:50,1.1489
Nov 2004,12-13/11/2004,AFS 1.2m,10:00,0.71401
Nov 2004,12-13/11/2004,AFS 1.2m,10:10,0.47546
Nov 2004,12-13/11/2004,AFS 1.2m,10:20,0.38007
Nov 2004,12-13/11/2004,AFS 1.2m,10:30,0.35124
Nov 2004,12-13/11/2004,AFS 1.2m,10:40,0.31661
Nov 2004,12-13/11/2004,AFS 1.2m,10:50,0.98602
Nov 2004,12-13/11/2004,AFS 1.2m,11:00,0.22685
Nov 2004,12-13/11/2004,AFS 1.2m,11:10,0.20774
Nov 2004,12-13/11/2004,AFS 1.2m,11:20,0.2589
Nov 2004,12-13/11/2004,AFS 1.2m,11:30,0.57712
Nov 2004,12-13/11/2004,AFS 1.2m,11:40,0.51148
Nov 2004,12-13/11/2004,AFS 1.2m,11:50,0.47492
Nov 2004,12-13/11/2004,AFS 1.2m,12:00,0.54312
Nov 2004,12-13/11/2004,AFS 1.2m,12:10,0.57755
Nov 2004,12-13/11/2004,AFS 1.2m,12:20,0.58446
Nov 2004,12-13/11/2004,AFS 1.2m,12:30,0.53211
Nov 2004,12-13/11/2004,AFS 1.2m,12:40,0.58103
Nov 2004,12-13/11/2004,AFS 1.2m,12:50,0.50673
Nov 2004,12-13/11/2004,AFS 1.2m,13:00,0.63883
Nov 2004,12-13/11/2004,AFS 1.2m,13:10,0.5458
Nov 2004,12-13/11/2004,AFS 1.2m,13:20,0.7242
Nov 2004,12-13/11/2004,AFS 1.2m,13:30,0.45456
Nov 2004,12-13/11/2004,AFS 1.2m,13:40,0.61876
Nov 2004,12-13/11/2004,AFS 1.2m,13:50,0.67203
Nov 2004,12-13/11/2004,AFS 1.2m,14:00,0.83084
Nov 2004,12-13/11/2004,AFS 1.2m,14:10,0.93469
Nov 2004,12-13/11/2004,AFS 1.2m,14:20,0.74958
Nov 2004,12-13/11/2004,AFS 1.2m,14:30,0.70441
Nov 2004,12-13/11/2004,AFS 1.2m,14:40,0.79826
Nov 2004,12-13/11/2004,AFS 1.2m,14:50,0.71572
Nov 2004,12-13/11/2004,AFS 1.2m,15:00,0.68019
Nov 2004,12-13/11/2004,AFS 1.2m,15:10,0.98189
Nov 2004,12-13/11/2004,AFS 1.2m,15:20,0.82451
Nov 2004,12-13/11/2004,AFS 1.2m,15:30,0.38075
Nov 2004,12-13/11/2004,AFS 1.2m,15:40,0.59981
Nov 2004,12-13/11/2004,AFS 1.2m,15:50,0.40908
Nov 2004,12-13/11/2004,AFS 1.2m,16:00,0.2385
Nov 2004,12-13/11/2004,AFS 1.2m,16:10,0.4826
Nov 2004,12-13/11/2004,AFS 1.2m,16:20,0.95174
Nov 2004,12-13/11/2004,AFS 1.2m,16:30,0.63973
Nov 2004,12-13/11/2004,AFS 1.2m,16:40,1.00746
Nov 2004,12-13/11/2004,AFS 1.2m,16:50,0.7185
Nov 2004,12-13/11/2004,AFS 1.2m,17:00,0.87317
Nov 2004,12-13/11/2004,AFS 1.2m,17:10,0.27497
Nov 2004,12-13/11/2004,AFS 1.2m,17:20,0.30979
Nov 2004,12-13/11/2004,AFS 1.2m,17:30,0.28682
Nov 2004,12-13/11/2004,AFS 1.2m,17:40,0.31302
Nov 2004,12-13/11/2004,AFS 1.2m,17:50,0.37486
Nov 2004,12-13/11/2004,AFS 1.2m,18:00,0.36914
Nov 2004,12-13/11/2004,AFS 1.2m,18:10,0.44446
Nov 2004,12-13/11/2004,AFS 1.2m,18:20,0.76855
Nov 2004,12-13/11/2004,AFS 1.2m,18:30,0.55477
Nov 2004,12-13/11/2004,AFS 1.2m,18:40,0.64961
Nov 2004,12-13/11/2004,AFS 1.2m,18:50,0.69739
Nov 2004,12-13/11/2004,AFS 1.2m,5:50,0.46886
Nov 2004,12-13/11/2004,AFS 1.2m,6:00,0.47481
Nov 2004,12-13/11/2004,AFS 1.2m,6:10,0.48077
Nov 2004,12-13/11/2004,AFS 1.2m,6:20,0.48672
Nov 2004,12-13/11/2004,AFS 1.2m,6:30,0.53709
Nov 2004,12-13/11/2004,AFS 1.2m,6:40,0.55463
Nov 2004,12-13/11/2004,AFS 1.2m,6:50,0.40724
Nov 2004,12-13/11/2004,AFS 1.2m,7:00,0.43571
Nov 2004,12-13/11/2004,AFS 1.2m,7:10,0.58554
Nov 2004,12-13/11/2004,AFS 1.2m,7:20,0.53627
Nov 2004,12-13/11/2004,AFS 1.2m,7:30,0.41856
Nov 2004,12-13/11/2004,AFS 1.2m,7:40,0.58752
Nov 2004,12-13/11/2004,AFS 1.2m,7:50,0.58433
Nov 2004,12-13/11/2004,AFS 1.2m,8:00,0.54978
Nov 2004,12-13/11/2004,AFS 1.2m,8:10,0.56843
Nov 2004,12-13/11/2004,AFS 1.2m,8:20,0.58053
Nov 2004,12-13/11/2004,AFS 1.2m,8:30,0.52345
Nov 2004,12-13/11/2004,AFS 1.2m,8:40,0.46267
Nov 2004,12-13/11/2004,AFS 1.2m,8:50,0.47491
Nov 2004,12-13/11/2004,AFS 1.2m,9:00,0.41835
Nov 2004,12-13/11/2004,AFS 1.2m,9:10,0.33887
Nov 2004,12-13/11/2004,AFS 1.2m,9:20,0.2824
Nov 2004,12-13/11/2004,AFS 1.2m,9:30,0.19171
Nov 2004,12-13/11/2004,AFS 1.2m,9:40,0.2272
Nov 2004,12-13/11/2004,AFS 1.2m,9:50,0.20181
Nov 2004,31/10-01/11/2004,AFS 1.2m,10:00,0.39967
Nov 2004,31/10-01/11/2004,AFS 1.2m,10:10,0.45357
Nov 2004,31/10-01/11/2004,AFS 1.2m,10:20,0.22232
Nov 2004,31/10-01/11/2004,AFS 1.2m,10:30,0.15525
Nov 2004,31/10-01/11/2004,AFS 1.2m,10:40,0.1563
Nov 2004,31/10-01/11/2004,AFS 1.2m,10:50,0.15686
Nov 2004,31/10-01/11/2004,AFS 1.2m,11:00,0.15792
Nov 2004,31/10-01/11/2004,AFS 1.2m,11:10,0.16194
Nov 2004,31/10-01/11/2004,AFS 1.2m,11:20,0.20798
Nov 2004,31/10-01/11/2004,AFS 1.2m,5:50,0.34711
Nov 2004,31/10-01/11/2004,AFS 1.2m,6:00,0.34569
Nov 2004,31/10-01/11/2004,AFS 1.2m,6:10,0.34427
Nov 2004,31/10-01/11/2004,AFS 1.2m,6:20,0.34285
Nov 2004,31/10-01/11/2004,AFS 1.2m,6:30,0.43529
Nov 2004,31/10-01/11/2004,AFS 1.2m,6:40,0.35316
Nov 2004,31/10-01/11/2004,AFS 1.2m,6:50,0.29502
Nov 2004,31/10-01/11/2004,AFS 1.2m,7:00,0.26767
Nov 2004,31/10-01/11/2004,AFS 1.2m,7:10,0.34273
Nov 2004,31/10-01/11/2004,AFS 1.2m,7:20,0.52164
Nov 2004,31/10-01/11/2004,AFS 1.2m,7:30,0.27335
Nov 2004,31/10-01/11/2004,AFS 1.2m,7:40,0.36186
Nov 2004,31/10-01/11/2004,AFS 1.2m,7:50,0.21161
Nov 2004,31/10-01/11/2004,AFS 1.2m,8:00,0.25816
Nov 2004,31/10-01/11/2004,AFS 1.2m,8:10,0.22341
Nov 2004,31/10-01/11/2004,AFS 1.2m,8:20,0.21093
Nov 2004,31/10-01/11/2004,AFS 1.2m,8:30,0.33085
Nov 2004,31/10-01/11/2004,AFS 1.2m,8:40,0.4448
Nov 2004,31/10-01/11/2004,AFS 1.2m,8:50,0.44207
Nov 2004,31/10-01/11/2004,AFS 1.2m,9:00,0.56082
Nov 2004,31/10-01/11/2004,AFS 1.2m,9:10,0.51765
Nov 2004,31/10-01/11/2004,AFS 1.2m,9:20,0.55797
Nov 2004,31/10-01/11/2004,AFS 1.2m,9:30,0.58098
Nov 2004,31/10-01/11/2004,AFS 1.2m,9:40,0.62614
Nov 2004,31/10-01/11/2004,AFS 1.2m,9:50,0.80815
Nov 2004,01-02/11/2004,AFS 2m,10:00,0.34897
Nov 2004,01-02/11/2004,AFS 2m,10:10,0.67906
Nov 2004,01-02/11/2004,AFS 2m,10:20,0.57394
Nov 2004,01-02/11/2004,AFS 2m,10:30,0.46845
Nov 2004,01-02/11/2004,AFS 2m,10:40,0.17136
Nov 2004,01-02/11/2004,AFS 2m,10:50,0.17833
Nov 2004,01-02/11/2004,AFS 2m,11:00,0.28047
Nov 2004,01-02/11/2004,AFS 2m,11:10,0.39201
Nov 2004,01-02/11/2004,AFS 2m,11:20,0.29388
Nov 2004,01-02/11/2004,AFS 2m,11:30,0.54958
Nov 2004,01-02/11/2004,AFS 2m,11:40,0.32093
Nov 2004,01-02/11/2004,AFS 2m,11:50,0.2296
Nov 2004,01-02/11/2004,AFS 2m,12:00,0.28295
Nov 2004,01-02/11/2004,AFS 2m,12:10,0.45326
Nov 2004,01-02/11/2004,AFS 2m,12:20,0.31531
Nov 2004,01-02/11/2004,AFS 2m,12:30,0.30473
Nov 2004,01-02/11/2004,AFS 2m,12:40,0.27382
Nov 2004,01-02/11/2004,AFS 2m,12:50,0.19465
Nov 2004,01-02/11/2004,AFS 2m,13:00,0.28257
Nov 2004,01-02/11/2004,AFS 2m,13:10,0.52977
Nov 2004,01-02/11/2004,AFS 2m,13:20,0.55708
Nov 2004,01-02/11/2004,AFS 2m,13:30,0.43372
Nov 2004,01-02/11/2004,AFS 2m,13:40,0.45543
Nov 2004,01-02/11/2004,AFS 2m,13:50,0.29844
Nov 2004,01-02/11/2004,AFS 2m,14:00,0.76741
Nov 2004,01-02/11/2004,AFS 2m,14:10,1.00685
Nov 2004,01-02/11/2004,AFS 2m,14:20,0.77555
Nov 2004,01-02/11/2004,AFS 2m,14:30,0.72203
Nov 2004,01-02/11/2004,AFS 2m,14:40,0.475
Nov 2004,01-02/11/2004,AFS 2m,14:50,0.65259
Nov 2004,01-02/11/2004,AFS 2m,15:00,0.32831
Nov 2004,01-02/11/2004,AFS 2m,15:10,0.69455
Nov 2004,01-02/11/2004,AFS 2m,15:20,0.80791
Nov 2004,01-02/11/2004,AFS 2m,15:30,0.58575
Nov 2004,01-02/11/2004,AFS 2m,15:40,0.5033
Nov 2004,01-02/11/2004,AFS 2m,15:50,0.78792
Nov 2004,01-02/11/2004,AFS 2m,16:00,0.72492
Nov 2004,01-02/11/2004,AFS 2m,16:10,0.76901
Nov 2004,01-02/11/2004,AFS 2m,16:20,0.83083
Nov 2004,01-02/11/2004,AFS 2m,16:30,1.08828
Nov 2004,01-02/11/2004,AFS 2m,16:40,0.83602
Nov 2004,01-02/11/2004,AFS 2m,16:50,0.68894
Nov 2004,01-02/11/2004,AFS 2m,17:00,0.75872
Nov 2004,01-02/11/2004,AFS 2m,17:10,0.29757
Nov 2004,01-02/11/2004,AFS 2m,17:20,0.2992
Nov 2004,01-02/11/2004,AFS 2m,17:30,0.32823
Nov 2004,01-02/11/2004,AFS 2m,17:40,0.36072
Nov 2004,01-02/11/2004,AFS 2m,17:50,0.37833
Nov 2004,01-02/11/2004,AFS 2m,18:00,0.64461
Nov 2004,01-02/11/2004,AFS 2m,18:10,0.73634
Nov 2004,01-02/11/2004,AFS 2m,18:20,0.51134
Nov 2004,01-02/11/2004,AFS 2m,18:30,0.47552
Nov 2004,01-02/11/2004,AFS 2m,18:40,0.65201
Nov 2004,01-02/11/2004,AFS 2m,18:50,0.69282
Nov 2004,01-02/11/2004,AFS 2m,5:50,0.3842
Nov 2004,01-02/11/2004,AFS 2m,6:00,0.37832
Nov 2004,01-02/11/2004,AFS 2m,6:10,0.37243
Nov 2004,01-02/11/2004,AFS 2m,6:20,0.36654
Nov 2004,01-02/11/2004,AFS 2m,6:30,0.65248
Nov 2004,01-02/11/2004,AFS 2m,6:40,0.43543
Nov 2004,01-02/11/2004,AFS 2m,6:50,0.34079
Nov 2004,01-02/11/2004,AFS 2m,7:00,0.26196
Nov 2004,01-02/11/2004,AFS 2m,7:10,0.27667
Nov 2004,01-02/11/2004,AFS 2m,7:20,0.39539
Nov 2004,01-02/11/2004,AFS 2m,7:30,0.34996
Nov 2004,01-02/11/2004,AFS 2m,7:40,0.37535
Nov 2004,01-02/11/2004,AFS 2m,7:50,0.21896
Nov 2004,01-02/11/2004,AFS 2m,8:00,0.20912
Nov 2004,01-02/11/2004,AFS 2m,8:10,0.21122
Nov 2004,01-02/11/2004,AFS 2m,8:20,0.19494
Nov 2004,01-02/11/2004,AFS 2m,8:30,0.18999
Nov 2004,01-02/11/2004,AFS 2m,8:40,0.184
Nov 2004,01-02/11/2004,AFS 2m,8:50,0.18173
Nov 2004,01-02/11/2004,AFS 2m,9:00,0.18835
Nov 2004,01-02/11/2004,AFS 2m,9:10,0.21176
Nov 2004,01-02/11/2004,AFS 2m,9:20,0.23303
Nov 2004,01-02/11/2004,AFS 2m,9:30,0.23023
Nov 2004,01-02/11/2004,AFS 2m,9:40,0.21881
Nov 2004,01-02/11/2004,AFS 2m,9:50,0.77716
Nov 2004,13-14/11/2004,AFS 2m,10:00,0.29077
Nov 2004,13-14/11/2004,AFS 2m,10:10,0.69227
Nov 2004,13-14/11/2004,AFS 2m,10:20,0.28081
Nov 2004,13-14/11/2004,AFS 2m,10:30,0.66807
Nov 2004,13-14/11/2004,AFS 2m,10:40,0.93512
Nov 2004,13-14/11/2004,AFS 2m,10:50,0.93463
Nov 2004,13-14/11/2004,AFS 2m,11:00,0.93651
Nov 2004,13-14/11/2004,AFS 2m,11:10,0.92499
Nov 2004,13-14/11/2004,AFS 2m,11:20,0.92821
Nov 2004,13-14/11/2004,AFS 2m,11:30,0.9196
Nov 2004,13-14/11/2004,AFS 2m,11:40,0.37298
Nov 2004,13-14/11/2004,AFS 2m,11:50,0.52882
Nov 2004,13-14/11/2004,AFS 2m,12:00,0.35456
Nov 2004,13-14/11/2004,AFS 2m,12:10,0.38589
Nov 2004,13-14/11/2004,AFS 2m,12:20,0.50644
Nov 2004,13-14/11/2004,AFS 2m,12:30,0.53089
Nov 2004,13-14/11/2004,AFS 2m,12:40,0.32859
Nov 2004,13-14/11/2004,AFS 2m,12:50,0.4476
Nov 2004,13-14/11/2004,AFS 2m,13:00,0.35356
Nov 2004,13-14/11/2004,AFS 2m,13:10,0.34056
Nov 2004,13-14/11/2004,AFS 2m,13:20,0.48109
Nov 2004,13-14/11/2004,AFS 2m,13:30,0.3886
Nov 2004,13-14/11/2004,AFS 2m,13:40,0.50432
Nov 2004,13-14/11/2004,AFS 2m,13:50,0.73674
Nov 2004,13-14/11/2004,AFS 2m,14:00,0.88701
Nov 2004,13-14/11/2004,AFS 2m,14:10,0.81058
Nov 2004,13-14/11/2004,AFS 2m,14:20,0.63274
Nov 2004,13-14/11/2004,AFS 2m,14:30,0.89012
Nov 2004,13-14/11/2004,AFS 2m,14:40,0.79705
Nov 2004,13-14/11/2004,AFS 2m,14:50,0.72967
Nov 2004,13-14/11/2004,AFS 2m,15:00,0.8061
Nov 2004,13-14/11/2004,AFS 2m,15:10,0.62222
Nov 2004,13-14/11/2004,AFS 2m,15:20,1.04245
Nov 2004,13-14/11/2004,AFS 2m,15:30,0.70891
Nov 2004,13-14/11/2004,AFS 2m,15:40,0.62844
Nov 2004,13-14/11/2004,AFS 2m,15:50,0.68111
Nov 2004,13-14/11/2004,AFS 2m,16:00,0.68734
Nov 2004,13-14/11/2004,AFS 2m,16:10,0.67919
Nov 2004,13-14/11/2004,AFS 2m,16:20,0.70229
Nov 2004,13-14/11/2004,AFS 2m,16:30,0.85061
Nov 2004,13-14/11/2004,AFS 2m,16:40,0.82523
Nov 2004,13-14/11/2004,AFS 2m,16:50,0.89241
Nov 2004,13-14/11/2004,AFS 2m,17:00,0.57064
Nov 2004,13-14/11/2004,AFS 2m,17:10,0.49406
Nov 2004,13-14/11/2004,AFS 2m,17:20,0.45443
Nov 2004,13-14/11/2004,AFS 2m,17:30,0.5402
Nov 2004,13-14/11/2004,AFS 2m,17:40,0.38265
Nov 2004,13-14/11/2004,AFS 2m,17:50,0.72144
Nov 2004,13-14/11/2004,AFS 2m,18:00,0.77689
Nov 2004,13-14/11/2004,AFS 2m,18:10,0.79033
Nov 2004,13-14/11/2004,AFS 2m,18:20,0.7377
Nov 2004,13-14/11/2004,AFS 2m,18:30,0.63331
Nov 2004,13-14/11/2004,AFS 2m,18:40,0.80633
Nov 2004,13-14/11/2004,AFS 2m,18:50,0.84468
Nov 2004,13-14/11/2004,AFS 2m,5:50,0.83241
Nov 2004,13-14/11/2004,AFS 2m,6:00,0.8109
Nov 2004,13-14/11/2004,AFS 2m,6:10,0.78939
Nov 2004,13-14/11/2004,AFS 2m,6:20,0.76788
Nov 2004,13-14/11/2004,AFS 2m,6:30,0.63152
Nov 2004,13-14/11/2004,AFS 2m,6:40,0.68954
Nov 2004,13-14/11/2004,AFS 2m,6:50,0.69341
Nov 2004,13-14/11/2004,AFS 2m,7:00,0.69201
Nov 2004,13-14/11/2004,AFS 2m,7:10,0.69344
Nov 2004,13-14/11/2004,AFS 2m,7:20,0.69094
Nov 2004,13-14/11/2004,AFS 2m,7:30,0.68096
Nov 2004,13-14/11/2004,AFS 2m,7:40,0.6704
Nov 2004,13-14/11/2004,AFS 2m,7:50,0.60749
Nov 2004,13-14/11/2004,AFS 2m,8:00,0.59539
Nov 2004,13-14/11/2004,AFS 2m,8:10,0.61114
Nov 2004,13-14/11/2004,AFS 2m,8:20,0.48017
Nov 2004,13-14/11/2004,AFS 2m,8:30,0.28879
Nov 2004,13-14/11/2004,AFS 2m,8:40,0.26403
Nov 2004,13-14/11/2004,AFS 2m,8:50,0.20142
Nov 2004,13-14/11/2004,AFS 2m,9:00,0.23119
Nov 2004,13-14/11/2004,AFS 2m,9:10,0.22693
Nov 2004,13-14/11/2004,AFS 2m,9:20,0.19575
Nov 2004,13-14/11/2004,AFS 2m,9:30,0.22768
Nov 2004,13-14/11/2004,AFS 2m,9:40,0.20857
Nov 2004,13-14/11/2004,AFS 2m,9:50,0.18289
Nov 2004,02-03/11/2004,MO 1.2m,10:00,0.56906
Nov 2004,02-03/11/2004,MO 1.2m,10:10,0.57903
Nov 2004,02-03/11/2004,MO 1.2m,10:20,0.6155
Nov 2004,02-03/11/2004,MO 1.2m,10:30,0.61506
Nov 2004,02-03/11/2004,MO 1.2m,10:40,0.54189
Nov 2004,02-03/11/2004,MO 1.2m,10:50,0.50209
Nov 2004,02-03/11/2004,MO 1.2m,11:00,0.51765
Nov 2004,02-03/11/2004,MO 1.2m,11:10,0.62642
Nov 2004,02-03/11/2004,MO 1.2m,11:20,0.66854
Nov 2004,02-03/11/2004,MO 1.2m,11:30,0.90461
Nov 2004,02-03/11/2004,MO 1.2m,11:40,0.63547
Nov 2004,02-03/11/2004,MO 1.2m,11:50,0.35166
Nov 2004,02-03/11/2004,MO 1.2m,12:00,0.40469
Nov 2004,02-03/11/2004,MO 1.2m,12:10,0.46355
Nov 2004,02-03/11/2004,MO 1.2m,12:20,0.36637
Nov 2004,02-03/11/2004,MO 1.2m,12:30,0.40205
Nov 2004,02-03/11/2004,MO 1.2m,12:40,0.39339
Nov 2004,02-03/11/2004,MO 1.2m,12:50,0.48272
Nov 2004,02-03/11/2004,MO 1.2m,13:00,0.62127
Nov 2004,02-03/11/2004,MO 1.2m,13:10,0.74266
Nov 2004,02-03/11/2004,MO 1.2m,13:20,0.71585
Nov 2004,02-03/11/2004,MO 1.2m,13:30,0.59689
Nov 2004,02-03/11/2004,MO 1.2m,13:40,0.77311
Nov 2004,02-03/11/2004,MO 1.2m,13:50,0.73633
Nov 2004,02-03/11/2004,MO 1.2m,14:00,0.74453
Nov 2004,02-03/11/2004,MO 1.2m,14:10,0.81778
Nov 2004,02-03/11/2004,MO 1.2m,14:20,0.79593
Nov 2004,02-03/11/2004,MO 1.2m,14:30,0.7851
Nov 2004,02-03/11/2004,MO 1.2m,14:40,0.74226
Nov 2004,02-03/11/2004,MO 1.2m,14:50,0.74672
Nov 2004,02-03/11/2004,MO 1.2m,15:00,0.77772
Nov 2004,02-03/11/2004,MO 1.2m,15:10,0.80796
Nov 2004,02-03/11/2004,MO 1.2m,15:20,0.72301
Nov 2004,02-03/11/2004,MO 1.2m,15:30,0.55084
Nov 2004,02-03/11/2004,MO 1.2m,15:40,0.58037
Nov 2004,02-03/11/2004,MO 1.2m,15:50,0.61885
Nov 2004,02-03/11/2004,MO 1.2m,16:00,0.73518
Nov 2004,02-03/11/2004,MO 1.2m,16:10,0.78347
Nov 2004,02-03/11/2004,MO 1.2m,16:20,0.882
Nov 2004,02-03/11/2004,MO 1.2m,16:30,0.83193
Nov 2004,02-03/11/2004,MO 1.2m,16:40,0.81389
Nov 2004,02-03/11/2004,MO 1.2m,16:50,0.79566
Nov 2004,02-03/11/2004,MO 1.2m,17:00,0.77611
Nov 2004,02-03/11/2004,MO 1.2m,17:10,0.80214
Nov 2004,02-03/11/2004,MO 1.2m,17:20,0.80203
Nov 2004,02-03/11/2004,MO 1.2m,17:30,0.8044
Nov 2004,02-03/11/2004,MO 1.2m,17:40,0.77428
Nov 2004,02-03/11/2004,MO 1.2m,17:50,0.77593
Nov 2004,02-03/11/2004,MO 1.2m,18:00,0.79744
Nov 2004,02-03/11/2004,MO 1.2m,18:10,0.75293
Nov 2004,02-03/11/2004,MO 1.2m,18:20,0.78006
Nov 2004,02-03/11/2004,MO 1.2m,18:30,0.79499
Nov 2004,02-03/11/2004,MO 1.2m,18:40,0.77261
Nov 2004,02-03/11/2004,MO 1.2m,18:50,0.76971
Nov 2004,02-03/11/2004,MO 1.2m,5:50,0.53385
Nov 2004,02-03/11/2004,MO 1.2m,6:00,0.54033
Nov 2004,02-03/11/2004,MO 1.2m,6:10,0.54681
Nov 2004,02-03/11/2004,MO 1.2m,6:20,0.55329
Nov 2004,02-03/11/2004,MO 1.2m,6:30,0.72858
Nov 2004,02-03/11/2004,MO 1.2m,6:40,0.42087
Nov 2004,02-03/11/2004,MO 1.2m,6:50,0.44105
Nov 2004,02-03/11/2004,MO 1.2m,7:00,0.46992
Nov 2004,02-03/11/2004,MO 1.2m,7:10,0.5562
Nov 2004,02-03/11/2004,MO 1.2m,7:20,0.69895
Nov 2004,02-03/11/2004,MO 1.2m,7:30,0.7569
Nov 2004,02-03/11/2004,MO 1.2m,7:40,0.66724
Nov 2004,02-03/11/2004,MO 1.2m,7:50,0.65685
Nov 2004,02-03/11/2004,MO 1.2m,8:00,0.63811
Nov 2004,02-03/11/2004,MO 1.2m,8:10,0.58031
Nov 2004,02-03/11/2004,MO 1.2m,8:20,0.58017
Nov 2004,02-03/11/2004,MO 1.2m,8:30,0.58715
Nov 2004,02-03/11/2004,MO 1.2m,8:40,0.68453
Nov 2004,02-03/11/2004,MO 1.2m,8:50,0.64148
Nov 2004,02-03/11/2004,MO 1.2m,9:00,0.63343
Nov 2004,02-03/11/2004,MO 1.2m,9:10,0.63097
Nov 2004,02-03/11/2004,MO 1.2m,9:20,0.63123
Nov 2004,02-03/11/2004,MO 1.2m,9:30,0.62653
Nov 2004,02-03/11/2004,MO 1.2m,9:40,0.60931
Nov 2004,02-03/11/2004,MO 1.2m,9:50,0.59128
Nov 2004,11-12/11/2004,MO 1.2m,10:00,1.12815
Nov 2004,11-12/11/2004,MO 1.2m,10:10,1.14654
Nov 2004,11-12/11/2004,MO 1.2m,10:20,1.09747
Nov 2004,11-12/11/2004,MO 1.2m,10:30,1.11557
Nov 2004,11-12/11/2004,MO 1.2m,10:40,1.09934
Nov 2004,11-12/11/2004,MO 1.2m,10:50,1.08017
Nov 2004,11-12/11/2004,MO 1.2m,11:00,1.08614
Nov 2004,11-12/11/2004,MO 1.2m,11:10,1.11595
Nov 2004,11-12/11/2004,MO 1.2m,11:20,1.15444
Nov 2004,11-12/11/2004,MO 1.2m,11:30,1.15418
Nov 2004,11-12/11/2004,MO 1.2m,11:40,1.02505
Nov 2004,11-12/11/2004,MO 1.2m,11:50,1.03219
Nov 2004,11-12/11/2004,MO 1.2m,12:00,1.01717
Nov 2004,11-12/11/2004,MO 1.2m,12:10,1.00619
Nov 2004,11-12/11/2004,MO 1.2m,12:20,0.98211
Nov 2004,11-12/11/2004,MO 1.2m,12:30,0.99799
Nov 2004,11-12/11/2004,MO 1.2m,12:40,0.98903
Nov 2004,11-12/11/2004,MO 1.2m,12:50,0.97407
Nov 2004,11-12/11/2004,MO 1.2m,13:00,0.97874
Nov 2004,11-12/11/2004,MO 1.2m,13:10,0.98776
Nov 2004,11-12/11/2004,MO 1.2m,13:20,0.99221
Nov 2004,11-12/11/2004,MO 1.2m,13:30,0.99237
Nov 2004,11-12/11/2004,MO 1.2m,13:40,0.98053
Nov 2004,11-12/11/2004,MO 1.2m,13:50,0.99364
Nov 2004,11-12/11/2004,MO 1.2m,14:00,0.99978
Nov 2004,11-12/11/2004,MO 1.2m,14:10,1.00214
Nov 2004,11-12/11/2004,MO 1.2m,14:20,1.00781
Nov 2004,11-12/11/2004,MO 1.2m,14:30,1.00487
Nov 2004,11-12/11/2004,MO 1.2m,14:40,1.02159
Nov 2004,11-12/11/2004,MO 1.2m,14:50,1.02451
Nov 2004,11-12/11/2004,MO 1.2m,15:00,1.01747
Nov 2004,11-12/11/2004,MO 1.2m,15:10,0.98942
Nov 2004,11-12/11/2004,MO 1.2m,15:20,1.01443
Nov 2004,11-12/11/2004,MO 1.2m,15:30,1.01405
Nov 2004,11-12/11/2004,MO 1.2m,15:40,1.02784
Nov 2004,11-12/11/2004,MO 1.2m,15:50,1.02257
Nov 2004,11-12/11/2004,MO 1.2m,16:00,1.0152
Nov 2004,11-12/11/2004,MO 1.2m,16:10,1.02216
Nov 2004,11-12/11/2004,MO 1.2m,16:20,1.01127
Nov 2004,11-12/11/2004,MO 1.2m,16:30,1.00124
Nov 2004,11-12/11/2004,MO 1.2m,16:40,1.02556
Nov 2004,11-12/11/2004,MO 1.2m,16:50,1.03411
Nov 2004,11-12/11/2004,MO 1.2m,17:00,1.04124
Nov 2004,11-12/11/2004,MO 1.2m,17:10,1.03439
Nov 2004,11-12/11/2004,MO 1.2m,17:20,1.0284
Nov 2004,11-12/11/2004,MO 1.2m,17:30,1.01491
Nov 2004,11-12/11/2004,MO 1.2m,17:40,0.98707
Nov 2004,11-12/11/2004,MO 1.2m,17:50,0.99465
Nov 2004,11-12/11/2004,MO 1.2m,18:00,1.00105
Nov 2004,11-12/11/2004,MO 1.2m,18:10,0.99351
Nov 2004,11-12/11/2004,MO 1.2m,18:20,0.98719
Nov 2004,11-12/11/2004,MO 1.2m,18:30,0.96399
Nov 2004,11-12/11/2004,MO 1.2m,18:40,0.96441
Nov 2004,11-12/11/2004,MO 1.2m,18:50,0.95717
Nov 2004,11-12/11/2004,MO 1.2m,5:50,1.10076
Nov 2004,11-12/11/2004,MO 1.2m,6:00,1.10309
Nov 2004,11-12/11/2004,MO 1.2m,6:10,1.10542
Nov 2004,11-12/11/2004,MO 1.2m,6:20,1.10775
Nov 2004,11-12/11/2004,MO 1.2m,6:30,1.06347
Nov 2004,11-12/11/2004,MO 1.2m,6:40,1.08522
Nov 2004,11-12/11/2004,MO 1.2m,6:50,1.10049
Nov 2004,11-12/11/2004,MO 1.2m,7:00,1.13031
Nov 2004,11-12/11/2004,MO 1.2m,7:10,1.14103
Nov 2004,11-12/11/2004,MO 1.2m,7:20,1.15613
Nov 2004,11-12/11/2004,MO 1.2m,7:30,1.16851
Nov 2004,11-12/11/2004,MO 1.2m,7:40,1.17668
Nov 2004,11-12/11/2004,MO 1.2m,7:50,1.14392
Nov 2004,11-12/11/2004,MO 1.2m,8:00,1.13054
Nov 2004,11-12/11/2004,MO 1.2m,8:10,1.08489
Nov 2004,11-12/11/2004,MO 1.2m,8:20,1.1239
Nov 2004,11-12/11/2004,MO 1.2m,8:30,1.10787
Nov 2004,11-12/11/2004,MO 1.2m,8:40,1.0703
Nov 2004,11-12/11/2004,MO 1.2m,8:50,1.07583
Nov 2004,11-12/11/2004,MO 1.2m,9:00,1.07498
Nov 2004,11-12/11/2004,MO 1.2m,9:10,1.05236
Nov 2004,11-12/11/2004,MO 1.2m,9:20,1.07499
Nov 2004,11-12/11/2004,MO 1.2m,9:30,1.09745
Nov 2004,11-12/11/2004,MO 1.2m,9:40,1.10598
Nov 2004,11-12/11/2004,MO 1.2m,9:50,1.11606
Nov 2004,04-05/11/2004,MO 2m,10:00,1.00773
Nov 2004,04-05/11/2004,MO 2m,10:10,1.02126
Nov 2004,04-05/11/2004,MO 2m,10:20,1.03054
Nov 2004,04-05/11/2004,MO 2m,10:30,1.03241
Nov 2004,04-05/11/2004,MO 2m,10:40,0.6407
Nov 2004,04-05/11/2004,MO 2m,10:50,0.67288
Nov 2004,04-05/11/2004,MO 2m,11:00,0.68346
Nov 2004,04-05/11/2004,MO 2m,11:10,0.72252
Nov 2004,04-05/11/2004,MO 2m,11:20,0.7641
Nov 2004,04-05/11/2004,MO 2m,11:30,0.77729
Nov 2004,04-05/11/2004,MO 2m,11:40,1.02021
Nov 2004,04-05/11/2004,MO 2m,11:50,0.9395
Nov 2004,04-05/11/2004,MO 2m,12:00,0.9158
Nov 2004,04-05/11/2004,MO 2m,12:10,0.93624
Nov 2004,04-05/11/2004,MO 2m,12:20,0.9594
Nov 2004,04-05/11/2004,MO 2m,12:30,0.95058
Nov 2004,04-05/11/2004,MO 2m,12:40,0.95244
Nov 2004,04-05/11/2004,MO 2m,12:50,0.95282
Nov 2004,04-05/11/2004,MO 2m,13:00,0.95594
Nov 2004,04-05/11/2004,MO 2m,13:10,0.96195
Nov 2004,04-05/11/2004,MO 2m,13:20,0.96503
Nov 2004,04-05/11/2004,MO 2m,13:30,0.96209
Nov 2004,04-05/11/2004,MO 2m,13:40,0.97406
Nov 2004,04-05/11/2004,MO 2m,13:50,0.97126
Nov 2004,04-05/11/2004,MO 2m,14:00,0.9764
Nov 2004,04-05/11/2004,MO 2m,14:10,0.97165
Nov 2004,04-05/11/2004,MO 2m,14:20,0.97554
Nov 2004,04-05/11/2004,MO 2m,14:30,0.9971
Nov 2004,04-05/11/2004,MO 2m,14:40,0.99424
Nov 2004,04-05/11/2004,MO 2m,14:50,0.96507
Nov 2004,04-05/11/2004,MO 2m,15:00,0.98038
Nov 2004,04-05/11/2004,MO 2m,15:10,1.00787
Nov 2004,04-05/11/2004,MO 2m,15:20,1.00202
Nov 2004,04-05/11/2004,MO 2m,15:30,1.02418
Nov 2004,04-05/11/2004,MO 2m,15:40,1.04982
Nov 2004,04-05/11/2004,MO 2m,15:50,1.05111
Nov 2004,04-05/11/2004,MO 2m,16:00,1.05333
Nov 2004,04-05/11/2004,MO 2m,16:10,1.01292
Nov 2004,04-05/11/2004,MO 2m,16:20,1.05601
Nov 2004,04-05/11/2004,MO 2m,16:30,1.04844
Nov 2004,04-05/11/2004,MO 2m,16:40,1.03582
Nov 2004,04-05/11/2004,MO 2m,16:50,1.05195
Nov 2004,04-05/11/2004,MO 2m,17:00,1.0692
Nov 2004,04-05/11/2004,MO 2m,17:10,1.0847
Nov 2004,04-05/11/2004,MO 2m,17:20,1.07398
Nov 2004,04-05/11/2004,MO 2m,17:30,1.14903
Nov 2004,04-05/11/2004,MO 2m,17:40,1.15536
Nov 2004,04-05/11/2004,MO 2m,17:50,1.18551
Nov 2004,04-05/11/2004,MO 2m,18:00,1.18193
Nov 2004,04-05/11/2004,MO 2m,18:10,1.12454
Nov 2004,04-05/11/2004,MO 2m,18:20,1.05388
Nov 2004,04-05/11/2004,MO 2m,18:30,0.98272
Nov 2004,04-05/11/2004,MO 2m,18:40,1.0693
Nov 2004,04-05/11/2004,MO 2m,18:50,1.06112
Nov 2004,04-05/11/2004,MO 2m,5:50,0.91184
Nov 2004,04-05/11/2004,MO 2m,6:00,0.91775
Nov 2004,04-05/11/2004,MO 2m,6:10,0.92366
Nov 2004,04-05/11/2004,MO 2m,6:20,0.92957
Nov 2004,04-05/11/2004,MO 2m,6:30,0.89928
Nov 2004,04-05/11/2004,MO 2m,6:40,0.95307
Nov 2004,04-05/11/2004,MO 2m,6:50,0.95529
Nov 2004,04-05/11/2004,MO 2m,7:00,0.95774
Nov 2004,04-05/11/2004,MO 2m,7:10,0.96669
Nov 2004,04-05/11/2004,MO 2m,7:20,0.96678
Nov 2004,04-05/11/2004,MO 2m,7:30,0.97748
Nov 2004,04-05/11/2004,MO 2m,7:40,0.98724
Nov 2004,04-05/11/2004,MO 2m,7:50,0.99032
Nov 2004,04-05/11/2004,MO 2m,8:00,0.99054
Nov 2004,04-05/11/2004,MO 2m,8:10,0.99095
Nov 2004,04-05/11/2004,MO 2m,8:20,0.99344
Nov 2004,04-05/11/2004,MO 2m,8:30,0.99344
Nov 2004,04-05/11/2004,MO 2m,8:40,0.99386
Nov 2004,04-05/11/2004,MO 2m,8:50,0.99618
Nov 2004,04-05/11/2004,MO 2m,9:00,1.00795
Nov 2004,04-05/11/2004,MO 2m,9:10,1.00974
Nov 2004,04-05/11/2004,MO 2m,9:20,1.005
Nov 2004,04-05/11/2004,MO 2m,9:30,1.01142
Nov 2004,04-05/11/2004,MO 2m,9:40,1.02474
Nov 2004,04-05/11/2004,MO 2m,9:50,1.00482
Nov 2004,9-10/11/2004,MO 2m,10:00,1.12841
Nov 2004,9-10/11/2004,MO 2m,10:10,1.12353
Nov 2004,9-10/11/2004,MO 2m,10:20,1.12709
Nov 2004,9-10/11/2004,MO 2m,10:30,1.11388
Nov 2004,9-10/11/2004,MO 2m,10:40,0.90358
Nov 2004,9-10/11/2004,MO 2m,10:50,0.97589
Nov 2004,9-10/11/2004,MO 2m,11:00,1.02102
Nov 2004,9-10/11/2004,MO 2m,11:10,1.03831
Nov 2004,9-10/11/2004,MO 2m,11:20,1.00031
Nov 2004,9-10/11/2004,MO 2m,11:30,0.99111
Nov 2004,9-10/11/2004,MO 2m,11:40,1.15175
Nov 2004,9-10/11/2004,MO 2m,11:50,1.15783
Nov 2004,9-10/11/2004,MO 2m,12:00,1.15784
Nov 2004,9-10/11/2004,MO 2m,12:10,1.17655
Nov 2004,9-10/11/2004,MO 2m,12:20,1.1516
Nov 2004,9-10/11/2004,MO 2m,12:30,1.11809
Nov 2004,9-10/11/2004,MO 2m,12:40,1.12945
Nov 2004,9-10/11/2004,MO 2m,12:50,1.12892
Nov 2004,9-10/11/2004,MO 2m,13:00,1.12867
Nov 2004,9-10/11/2004,MO 2m,13:10,1.12493
Nov 2004,9-10/11/2004,MO 2m,13:20,1.10152
Nov 2004,9-10/11/2004,MO 2m,13:30,1.09154
Nov 2004,9-10/11/2004,MO 2m,13:40,1.09104
Nov 2004,9-10/11/2004,MO 2m,13:50,1.09418
Nov 2004,9-10/11/2004,MO 2m,14:00,1.09111
Nov 2004,9-10/11/2004,MO 2m,14:10,1.10535
Nov 2004,9-10/11/2004,MO 2m,14:20,1.12678
Nov 2004,9-10/11/2004,MO 2m,14:30,1.10719
Nov 2004,9-10/11/2004,MO 2m,14:40,1.09305
Nov 2004,9-10/11/2004,MO 2m,14:50,1.09459
Nov 2004,9-10/11/2004,MO 2m,15:00,1.09821
Nov 2004,9-10/11/2004,MO 2m,15:10,1.10849
Nov 2004,9-10/11/2004,MO 2m,15:20,1.1149
Nov 2004,9-10/11/2004,MO 2m,15:30,1.12054
Nov 2004,9-10/11/2004,MO 2m,15:40,1.1176
Nov 2004,9-10/11/2004,MO 2m,15:50,1.11111
Nov 2004,9-10/11/2004,MO 2m,16:00,1.11111
Nov 2004,9-10/11/2004,MO 2m,16:10,1.09528
Nov 2004,9-10/11/2004,MO 2m,16:20,1.09963
Nov 2004,9-10/11/2004,MO 2m,16:30,1.1099
Nov 2004,9-10/11/2004,MO 2m,16:40,1.11747
Nov 2004,9-10/11/2004,MO 2m,16:50,1.11951
Nov 2004,9-10/11/2004,MO 2m,17:00,1.11121
Nov 2004,9-10/11/2004,MO 2m,17:10,1.11827
Nov 2004,9-10/11/2004,MO 2m,17:20,1.11009
Nov 2004,9-10/11/2004,MO 2m,17:30,1.13164
Nov 2004,9-10/11/2004,MO 2m,17:40,1.13235
Nov 2004,9-10/11/2004,MO 2m,17:50,1.10761
Nov 2004,9-10/11/2004,MO 2m,18:00,1.08259
Nov 2004,9-10/11/2004,MO 2m,18:10,1.01431
Nov 2004,9-10/11/2004,MO 2m,18:20,1.05706
Nov 2004,9-10/11/2004,MO 2m,18:30,1.07205
Nov 2004,9-10/11/2004,MO 2m,18:40,1.03941
Nov 2004,9-10/11/2004,MO 2m,18:50,1.02893
Nov 2004,9-10/11/2004,MO 2m,5:50,0.93014
Nov 2004,9-10/11/2004,MO 2m,6:00,0.95093
Nov 2004,9-10/11/2004,MO 2m,6:10,0.97172
Nov 2004,9-10/11/2004,MO 2m,6:20,0.99251
Nov 2004,9-10/11/2004,MO 2m,6:30,0.84653
Nov 2004,9-10/11/2004,MO 2m,6:40,1.06347
Nov 2004,9-10/11/2004,MO 2m,6:50,1.10497
Nov 2004,9-10/11/2004,MO 2m,7:00,1.13589
Nov 2004,9-10/11/2004,MO 2m,7:10,1.13869
Nov 2004,9-10/11/2004,MO 2m,7:20,1.13501
Nov 2004,9-10/11/2004,MO 2m,7:30,1.14201
Nov 2004,9-10/11/2004,MO 2m,7:40,1.17837
Nov 2004,9-10/11/2004,MO 2m,7:50,1.17998
Nov 2004,9-10/11/2004,MO 2m,8:00,1.20734
Nov 2004,9-10/11/2004,MO 2m,8:10,1.20295
Nov 2004,9-10/11/2004,MO 2m,8:20,1.20739
Nov 2004,9-10/11/2004,MO 2m,8:30,1.20181
Nov 2004,9-10/11/2004,MO 2m,8:40,1.16846
Nov 2004,9-10/11/2004,MO 2m,8:50,1.1777
Nov 2004,9-10/11/2004,MO 2m,9:00,1.16691
Nov 2004,9-10/11/2004,MO 2m,9:10,1.16911
Nov 2004,9-10/11/2004,MO 2m,9:20,1.17339
Nov 2004,9-10/11/2004,MO 2m,9:30,1.16919
Nov 2004,9-10/11/2004,MO 2m,9:40,1.14962
Nov 2004,9-10/11/2004,MO 2m,9:50,1.14205
Nov 2004,07-08/11/2004,Open area 2m,10:00,1.15956
Nov 2004,07-08/11/2004,Open area 2m,10:10,1.1612
Nov 2004,07-08/11/2004,Open area 2m,10:20,1.16248
Nov 2004,07-08/11/2004,Open area 2m,10:30,1.16162
Nov 2004,07-08/11/2004,Open area 2m,10:40,1.16046
Nov 2004,07-08/11/2004,Open area 2m,10:50,1.16155
Nov 2004,07-08/11/2004,Open area 2m,11:00,1.16667
Nov 2004,07-08/11/2004,Open area 2m,11:10,1.16503
Nov 2004,07-08/11/2004,Open area 2m,11:20,1.16783
Nov 2004,07-08/11/2004,Open area 2m,11:30,1.17067
Nov 2004,07-08/11/2004,Open area 2m,11:40,1.15512
Nov 2004,07-08/11/2004,Open area 2m,11:50,1.15745
Nov 2004,07-08/11/2004,Open area 2m,12:00,1.16167
Nov 2004,07-08/11/2004,Open area 2m,12:10,1.15855
Nov 2004,07-08/11/2004,Open area 2m,12:20,1.16164
Nov 2004,07-08/11/2004,Open area 2m,12:30,1.16307
Nov 2004,07-08/11/2004,Open area 2m,12:40,1.16635
Nov 2004,07-08/11/2004,Open area 2m,12:50,1.16898
Nov 2004,07-08/11/2004,Open area 2m,13:00,1.16708
Nov 2004,07-08/11/2004,Open area 2m,13:10,1.16715
Nov 2004,07-08/11/2004,Open area 2m,13:20,1.1681
Nov 2004,07-08/11/2004,Open area 2m,13:30,1.1618
Nov 2004,07-08/11/2004,Open area 2m,13:40,1.15714
Nov 2004,07-08/11/2004,Open area 2m,13:50,1.14554
Nov 2004,07-08/11/2004,Open area 2m,14:00,1.15395
Nov 2004,07-08/11/2004,Open area 2m,14:10,1.16177
Nov 2004,07-08/11/2004,Open area 2m,14:20,1.14715
Nov 2004,07-08/11/2004,Open area 2m,14:30,1.14653
Nov 2004,07-08/11/2004,Open area 2m,14:40,1.1258
Nov 2004,07-08/11/2004,Open area 2m,14:50,1.15387
Nov 2004,07-08/11/2004,Open area 2m,15:00,1.17282
Nov 2004,07-08/11/2004,Open area 2m,15:10,1.18346
Nov 2004,07-08/11/2004,Open area 2m,15:20,1.17446
Nov 2004,07-08/11/2004,Open area 2m,15:30,1.17049
Nov 2004,07-08/11/2004,Open area 2m,15:40,1.16782
Nov 2004,07-08/11/2004,Open area 2m,15:50,1.17239
Nov 2004,07-08/11/2004,Open area 2m,16:00,1.18576
Nov 2004,07-08/11/2004,Open area 2m,16:10,1.18322
Nov 2004,07-08/11/2004,Open area 2m,16:20,1.167
Nov 2004,07-08/11/2004,Open area 2m,16:30,1.18503
Nov 2004,07-08/11/2004,Open area 2m,16:40,1.19035
Nov 2004,07-08/11/2004,Open area 2m,16:50,1.1835
Nov 2004,07-08/11/2004,Open area 2m,17:00,1.16525
Nov 2004,07-08/11/2004,Open area 2m,17:10,1.14824
Nov 2004,07-08/11/2004,Open area 2m,17:20,1.15518
Nov 2004,07-08/11/2004,Open area 2m,17:30,1.17088
Nov 2004,07-08/11/2004,Open area 2m,17:40,1.15903
Nov 2004,07-08/11/2004,Open area 2m,17:50,1.16023
Nov 2004,07-08/11/2004,Open area 2m,18:00,1.16443
Nov 2004,07-08/11/2004,Open area 2m,18:10,1.15635
Nov 2004,07-08/11/2004,Open area 2m,18:20,1.14574
Nov 2004,07-08/11/2004,Open area 2m,18:30,1.20511
Nov 2004,07-08/11/2004,Open area 2m,18:40,1.18187
Nov 2004,07-08/11/2004,Open area 2m,18:50,1.18546
Nov 2004,07-08/11/2004,Open area 2m,5:50,1.15132
Nov 2004,07-08/11/2004,Open area 2m,6:00,1.14881
Nov 2004,07-08/11/2004,Open area 2m,6:10,1.14629
Nov 2004,07-08/11/2004,Open area 2m,6:20,1.14377
Nov 2004,07-08/11/2004,Open area 2m,6:30,1.15591
Nov 2004,07-08/11/2004,Open area 2m,6:40,1.0588
Nov 2004,07-08/11/2004,Open area 2m,6:50,1.07071
Nov 2004,07-08/11/2004,Open area 2m,7:00,1.08174
Nov 2004,07-08/11/2004,Open area 2m,7:10,1.09193
Nov 2004,07-08/11/2004,Open area 2m,7:20,1.10136
Nov 2004,07-08/11/2004,Open area 2m,7:30,1.10956
Nov 2004,07-08/11/2004,Open area 2m,7:40,1.11525
Nov 2004,07-08/11/2004,Open area 2m,7:50,1.11991
Nov 2004,07-08/11/2004,Open area 2m,8:00,1.12653
Nov 2004,07-08/11/2004,Open area 2m,8:10,1.13157
Nov 2004,07-08/11/2004,Open area 2m,8:20,1.13596
Nov 2004,07-08/11/2004,Open area 2m,8:30,1.14063
Nov 2004,07-08/11/2004,Open area 2m,8:40,1.14582
Nov 2004,07-08/11/2004,Open area 2m,8:50,1.1497
Nov 2004,07-08/11/2004,Open area 2m,9:00,1.14917
Nov 2004,07-08/11/2004,Open area 2m,9:10,1.15074
Nov 2004,07-08/11/2004,Open area 2m,9:20,1.15372
Nov 2004,07-08/11/2004,Open area 2m,9:30,1.15435
Nov 2004,07-08/11/2004,Open area 2m,9:40,1.15571
Nov 2004,07-08/11/2004,Open area 2m,9:50,1.1575
Nov 2004,08-09/11/2004,Open area 2m,10:00,1.16844
Nov 2004,08-09/11/2004,Open area 2m,10:10,1.16655
Nov 2004,08-09/11/2004,Open area 2m,10:20,1.15363
Nov 2004,08-09/11/2004,Open area 2m,10:30,1.14739
Nov 2004,08-09/11/2004,Open area 2m,10:40,1.13932
Nov 2004,08-09/11/2004,Open area 2m,10:50,1.15455
Nov 2004,08-09/11/2004,Open area 2m,11:00,1.07574
Nov 2004,08-09/11/2004,Open area 2m,11:10,1.04696
Nov 2004,08-09/11/2004,Open area 2m,11:20,1.05081
Nov 2004,08-09/11/2004,Open area 2m,11:30,1.04672
Nov 2004,08-09/11/2004,Open area 2m,11:40,1.16791
Nov 2004,08-09/11/2004,Open area 2m,11:50,1.16214
Nov 2004,08-09/11/2004,Open area 2m,12:00,1.1654
Nov 2004,08-09/11/2004,Open area 2m,12:10,1.16313
Nov 2004,08-09/11/2004,Open area 2m,12:20,1.15723
Nov 2004,08-09/11/2004,Open area 2m,12:30,1.15682
Nov 2004,08-09/11/2004,Open area 2m,12:40,1.15344
Nov 2004,08-09/11/2004,Open area 2m,12:50,1.16207
Nov 2004,08-09/11/2004,Open area 2m,13:00,1.16997
Nov 2004,08-09/11/2004,Open area 2m,13:10,1.16007
Nov 2004,08-09/11/2004,Open area 2m,13:20,1.15043
Nov 2004,08-09/11/2004,Open area 2m,13:30,1.17021
Nov 2004,08-09/11/2004,Open area 2m,13:40,1.16728
Nov 2004,08-09/11/2004,Open area 2m,13:50,1.16417
Nov 2004,08-09/11/2004,Open area 2m,14:00,1.14972
Nov 2004,08-09/11/2004,Open area 2m,14:10,1.15838
Nov 2004,08-09/11/2004,Open area 2m,14:20,1.1675
Nov 2004,08-09/11/2004,Open area 2m,14:30,1.17344
Nov 2004,08-09/11/2004,Open area 2m,14:40,1.17154
Nov 2004,08-09/11/2004,Open area 2m,14:50,1.17113
Nov 2004,08-09/11/2004,Open area 2m,15:00,1.15674
Nov 2004,08-09/11/2004,Open area 2m,15:10,1.16586
Nov 2004,08-09/11/2004,Open area 2m,15:20,1.17057
Nov 2004,08-09/11/2004,Open area 2m,15:30,1.17228
Nov 2004,08-09/11/2004,Open area 2m,15:40,1.17064
Nov 2004,08-09/11/2004,Open area 2m,15:50,1.16373
Nov 2004,08-09/11/2004,Open area 2m,16:00,1.17188
Nov 2004,08-09/11/2004,Open area 2m,16:10,1.18228
Nov 2004,08-09/11/2004,Open area 2m,16:20,1.1809
Nov 2004,08-09/11/2004,Open area 2m,16:30,1.17928
Nov 2004,08-09/11/2004,Open area 2m,16:40,1.18404
Nov 2004,08-09/11/2004,Open area 2m,16:50,1.18591
Nov 2004,08-09/11/2004,Open area 2m,17:00,1.18808
Nov 2004,08-09/11/2004,Open area 2m,17:10,1.18852
Nov 2004,08-09/11/2004,Open area 2m,17:20,1.18579
Nov 2004,08-09/11/2004,Open area 2m,17:30,1.1894
Nov 2004,08-09/11/2004,Open area 2m,17:40,1.19738
Nov 2004,08-09/11/2004,Open area 2m,17:50,1.20702
Nov 2004,08-09/11/2004,Open area 2m,18:00,1.2004
Nov 2004,08-09/11/2004,Open area 2m,18:10,1.2042
Nov 2004,08-09/11/2004,Open area 2m,18:20,1.20995
Nov 2004,08-09/11/2004,Open area 2m,18:30,1.18787
Nov 2004,08-09/11/2004,Open area 2m,18:40,1.18724
Nov 2004,08-09/11/2004,Open area 2m,18:50,1.10225
Nov 2004,08-09/11/2004,Open area 2m,5:50,1.15704
Nov 2004,08-09/11/2004,Open area 2m,6:00,1.10895
Nov 2004,08-09/11/2004,Open area 2m,6:10,1.20219
Nov 2004,08-09/11/2004,Open area 2m,6:20,1.19544
Nov 2004,08-09/11/2004,Open area 2m,6:30,1.14839
Nov 2004,08-09/11/2004,Open area 2m,6:40,1.08827
Nov 2004,08-09/11/2004,Open area 2m,6:50,1.09692
Nov 2004,08-09/11/2004,Open area 2m,7:00,1.10334
Nov 2004,08-09/11/2004,Open area 2m,7:10,1.1179
Nov 2004,08-09/11/2004,Open area 2m,7:20,1.11671
Nov 2004,08-09/11/2004,Open area 2m,7:30,1.12662
Nov 2004,08-09/11/2004,Open area 2m,7:40,1.11981
Nov 2004,08-09/11/2004,Open area 2m,7:50,1.13651
Nov 2004,08-09/11/2004,Open area 2m,8:00,1.13708
Nov 2004,08-09/11/2004,Open area 2m,8:10,1.15782
Nov 2004,08-09/11/2004,Open area 2m,8:20,1.14262
Nov 2004,08-09/11/2004,Open area 2m,8:30,1.13401
Nov 2004,08-09/11/2004,Open area 2m,8:40,1.13871
Nov 2004,08-09/11/2004,Open area 2m,8:50,1.16208
Nov 2004,08-09/11/2004,Open area 2m,9:00,1.1753
Nov 2004,08-09/11/2004,Open area 2m,9:10,1.16367
Nov 2004,08-09/11/2004,Open area 2m,9:20,1.15551
Nov 2004,08-09/11/2004,Open area 2m,9:30,1.15643
Nov 2004,08-09/11/2004,Open area 2m,9:40,1.16285
Nov 2004,08-09/11/2004,Open area 2m,9:50,1.17123
Jan 2005,07-8/01/2005,AFS 1.2m,10:00,0.61964
Jan 2005,07-8/01/2005,AFS 1.2m,10:10,0.3936
Jan 2005,07-8/01/2005,AFS 1.2m,10:20,0.86827
Jan 2005,07-8/01/2005,AFS 1.2m,10:30,0.9157
Jan 2005,07-8/01/2005,AFS 1.2m,10:40,0.43404
Jan 2005,07-8/01/2005,AFS 1.2m,10:50,0.22541
Jan 2005,07-8/01/2005,AFS 1.2m,11:00,0.43177
Jan 2005,07-8/01/2005,AFS 1.2m,11:10,0.3358
Jan 2005,07-8/01/2005,AFS 1.2m,11:20,0.28428
Jan 2005,07-8/01/2005,AFS 1.2m,11:30,0.30421
Jan 2005,07-8/01/2005,AFS 1.2m,11:40,0.25567
Jan 2005,07-8/01/2005,AFS 1.2m,11:50,0.42745
Jan 2005,07-8/01/2005,AFS 1.2m,12:00,0.33087
Jan 2005,07-8/01/2005,AFS 1.2m,12:10,0.3358
Jan 2005,07-8/01/2005,AFS 1.2m,12:20,0.30134
Jan 2005,07-8/01/2005,AFS 1.2m,12:30,0.42842
Jan 2005,07-8/01/2005,AFS 1.2m,12:40,0.22973
Jan 2005,07-8/01/2005,AFS 1.2m,12:50,0.32
Jan 2005,07-8/01/2005,AFS 1.2m,13:00,0.50544
Jan 2005,07-8/01/2005,AFS 1.2m,13:10,0.70741
Jan 2005,07-8/01/2005,AFS 1.2m,13:20,0.58987
Jan 2005,07-8/01/2005,AFS 1.2m,13:30,0.52311
Jan 2005,07-8/01/2005,AFS 1.2m,13:40,0.57846
Jan 2005,07-8/01/2005,AFS 1.2m,13:50,0.79527
Jan 2005,07-8/01/2005,AFS 1.2m,14:00,0.9942
Jan 2005,07-8/01/2005,AFS 1.2m,14:10,0.81607
Jan 2005,07-8/01/2005,AFS 1.2m,14:20,0.56971
Jan 2005,07-8/01/2005,AFS 1.2m,14:30,0.48411
Jan 2005,07-8/01/2005,AFS 1.2m,14:40,0.57626
Jan 2005,07-8/01/2005,AFS 1.2m,14:50,0.66699
Jan 2005,07-8/01/2005,AFS 1.2m,15:00,0.94909
Jan 2005,07-8/01/2005,AFS 1.2m,15:10,0.8263
Jan 2005,07-8/01/2005,AFS 1.2m,15:20,0.69037
Jan 2005,07-8/01/2005,AFS 1.2m,15:30,0.74712
Jan 2005,07-8/01/2005,AFS 1.2m,15:40,0.61217
Jan 2005,07-8/01/2005,AFS 1.2m,15:50,0.77723
Jan 2005,07-8/01/2005,AFS 1.2m,16:00,0.86257
Jan 2005,07-8/01/2005,AFS 1.2m,16:10,0.88981
Jan 2005,07-8/01/2005,AFS 1.2m,16:20,1.05513
Jan 2005,07-8/01/2005,AFS 1.2m,16:30,1.08321
Jan 2005,07-8/01/2005,AFS 1.2m,16:40,1.05941
Jan 2005,07-8/01/2005,AFS 1.2m,16:50,1.05264
Jan 2005,07-8/01/2005,AFS 1.2m,17:00,0.42451
Jan 2005,07-8/01/2005,AFS 1.2m,17:10,0.48115
Jan 2005,07-8/01/2005,AFS 1.2m,17:20,0.48556
Jan 2005,07-8/01/2005,AFS 1.2m,17:30,0.78128
Jan 2005,07-8/01/2005,AFS 1.2m,17:40,0.78815
Jan 2005,07-8/01/2005,AFS 1.2m,17:50,0.67208
Jan 2005,07-8/01/2005,AFS 1.2m,18:00,0.65069
Jan 2005,07-8/01/2005,AFS 1.2m,18:10,0.68919
Jan 2005,07-8/01/2005,AFS 1.2m,18:20,0.67144
Jan 2005,07-8/01/2005,AFS 1.2m,18:30,0.66606
Jan 2005,07-8/01/2005,AFS 1.2m,18:40,0.66388
Jan 2005,07-8/01/2005,AFS 1.2m,18:50,0.66297
Jan 2005,07-8/01/2005,AFS 1.2m,19:00,0.66207
Jan 2005,07-8/01/2005,AFS 1.2m,19:10,0.66116
Jan 2005,07-8/01/2005,AFS 1.2m,19:20,0.66025
Jan 2005,07-8/01/2005,AFS 1.2m,5:40,0.76594
Jan 2005,07-8/01/2005,AFS 1.2m,5:50,0.74215
Jan 2005,07-8/01/2005,AFS 1.2m,6:00,0.71836
Jan 2005,07-8/01/2005,AFS 1.2m,6:10,0.69458
Jan 2005,07-8/01/2005,AFS 1.2m,6:20,0.67079
Jan 2005,07-8/01/2005,AFS 1.2m,6:30,0.46393
Jan 2005,07-8/01/2005,AFS 1.2m,6:40,0.60212
Jan 2005,07-8/01/2005,AFS 1.2m,6:50,0.65845
Jan 2005,07-8/01/2005,AFS 1.2m,7:00,0.65314
Jan 2005,07-8/01/2005,AFS 1.2m,7:10,0.78287
Jan 2005,07-8/01/2005,AFS 1.2m,7:20,0.41326
Jan 2005,07-8/01/2005,AFS 1.2m,7:30,0.37892
Jan 2005,07-8/01/2005,AFS 1.2m,7:40,0.61515
Jan 2005,07-8/01/2005,AFS 1.2m,7:50,0.60775
Jan 2005,07-8/01/2005,AFS 1.2m,8:00,0.31839
Jan 2005,07-8/01/2005,AFS 1.2m,8:10,0.41784
Jan 2005,07-8/01/2005,AFS 1.2m,8:20,0.28208
Jan 2005,07-8/01/2005,AFS 1.2m,8:30,0.57714
Jan 2005,07-8/01/2005,AFS 1.2m,8:40,0.26903
Jan 2005,07-8/01/2005,AFS 1.2m,8:50,0.36502
Jan 2005,07-8/01/2005,AFS 1.2m,9:00,0.56828
Jan 2005,07-8/01/2005,AFS 1.2m,9:10,0.57187
Jan 2005,07-8/01/2005,AFS 1.2m,9:20,0.23958
Jan 2005,07-8/01/2005,AFS 1.2m,9:30,0.20586
Jan 2005,07-8/01/2005,AFS 1.2m,9:40,0.79315
Jan 2005,07-8/01/2005,AFS 1.2m,9:50,0.87113
Jan 2005,08-09/01/2005,AFS 1.2m,10:00,0.65135
Jan 2005,08-09/01/2005,AFS 1.2m,10:10,0.67846
Jan 2005,08-09/01/2005,AFS 1.2m,10:20,0.69523
Jan 2005,08-09/01/2005,AFS 1.2m,10:30,0.59471
Jan 2005,08-09/01/2005,AFS 1.2m,10:40,0.54018
Jan 2005,08-09/01/2005,AFS 1.2m,10:50,0.6721
Jan 2005,08-09/01/2005,AFS 1.2m,11:00,0.67239
Jan 2005,08-09/01/2005,AFS 1.2m,11:10,0.6428
Jan 2005,08-09/01/2005,AFS 1.2m,11:20,0.48452
Jan 2005,08-09/01/2005,AFS 1.2m,11:30,0.4888
Jan 2005,08-09/01/2005,AFS 1.2m,11:40,0.28944
Jan 2005,08-09/01/2005,AFS 1.2m,11:50,0.25518
Jan 2005,08-09/01/2005,AFS 1.2m,12:00,0.23694
Jan 2005,08-09/01/2005,AFS 1.2m,12:10,0.26302
Jan 2005,08-09/01/2005,AFS 1.2m,12:20,0.3524
Jan 2005,08-09/01/2005,AFS 1.2m,12:30,0.60203
Jan 2005,08-09/01/2005,AFS 1.2m,12:40,0.55536
Jan 2005,08-09/01/2005,AFS 1.2m,12:50,0.61253
Jan 2005,08-09/01/2005,AFS 1.2m,13:00,0.46529
Jan 2005,08-09/01/2005,AFS 1.2m,13:10,0.41987
Jan 2005,08-09/01/2005,AFS 1.2m,13:20,0.26941
Jan 2005,08-09/01/2005,AFS 1.2m,13:30,0.51368
Jan 2005,08-09/01/2005,AFS 1.2m,13:40,0.53076
Jan 2005,08-09/01/2005,AFS 1.2m,13:50,0.72175
Jan 2005,08-09/01/2005,AFS 1.2m,14:00,0.85126
Jan 2005,08-09/01/2005,AFS 1.2m,14:10,0.87467
Jan 2005,08-09/01/2005,AFS 1.2m,14:20,0.47267
Jan 2005,08-09/01/2005,AFS 1.2m,14:30,0.58405
Jan 2005,08-09/01/2005,AFS 1.2m,14:40,0.60155
Jan 2005,08-09/01/2005,AFS 1.2m,14:50,0.63676
Jan 2005,08-09/01/2005,AFS 1.2m,15:00,0.91438
Jan 2005,08-09/01/2005,AFS 1.2m,15:10,0.85454
Jan 2005,08-09/01/2005,AFS 1.2m,15:20,0.6997
Jan 2005,08-09/01/2005,AFS 1.2m,15:30,0.77799
Jan 2005,08-09/01/2005,AFS 1.2m,15:40,0.79244
Jan 2005,08-09/01/2005,AFS 1.2m,15:50,0.70481
Jan 2005,08-09/01/2005,AFS 1.2m,16:00,0.72193
Jan 2005,08-09/01/2005,AFS 1.2m,16:10,0.68189
Jan 2005,08-09/01/2005,AFS 1.2m,16:20,0.67446
Jan 2005,08-09/01/2005,AFS 1.2m,16:30,1.04695
Jan 2005,08-09/01/2005,AFS 1.2m,16:40,0.89539
Jan 2005,08-09/01/2005,AFS 1.2m,16:50,0.71176
Jan 2005,08-09/01/2005,AFS 1.2m,17:00,0.70198
Jan 2005,08-09/01/2005,AFS 1.2m,17:10,0.72652
Jan 2005,08-09/01/2005,AFS 1.2m,17:20,0.73755
Jan 2005,08-09/01/2005,AFS 1.2m,17:30,0.74345
Jan 2005,08-09/01/2005,AFS 1.2m,17:40,0.67495
Jan 2005,08-09/01/2005,AFS 1.2m,17:50,0.66984
Jan 2005,08-09/01/2005,AFS 1.2m,18:00,0.63484
Jan 2005,08-09/01/2005,AFS 1.2m,18:10,0.6381
Jan 2005,08-09/01/2005,AFS 1.2m,18:20,0.65828
Jan 2005,08-09/01/2005,AFS 1.2m,18:30,0.60292
Jan 2005,08-09/01/2005,AFS 1.2m,18:40,0.61293
Jan 2005,08-09/01/2005,AFS 1.2m,18:50,0.60144
Jan 2005,08-09/01/2005,AFS 1.2m,19:00,0.58996
Jan 2005,08-09/01/2005,AFS 1.2m,19:10,0.57847
Jan 2005,08-09/01/2005,AFS 1.2m,19:20,0.56699
Jan 2005,08-09/01/2005,AFS 1.2m,5:40,0.37537
Jan 2005,08-09/01/2005,AFS 1.2m,5:50,0.36682
Jan 2005,08-09/01/2005,AFS 1.2m,6:00,0.35828
Jan 2005,08-09/01/2005,AFS 1.2m,6:10,0.34974
Jan 2005,08-09/01/2005,AFS 1.2m,6:20,0.27057
Jan 2005,08-09/01/2005,AFS 1.2m,6:30,0.36921
Jan 2005,08-09/01/2005,AFS 1.2m,6:40,0.38628
Jan 2005,08-09/01/2005,AFS 1.2m,6:50,0.29903
Jan 2005,08-09/01/2005,AFS 1.2m,7:00,0.3606
Jan 2005,08-09/01/2005,AFS 1.2m,7:10,0.23339
Jan 2005,08-09/01/2005,AFS 1.2m,7:20,0.61705
Jan 2005,08-09/01/2005,AFS 1.2m,7:30,1.05455
Jan 2005,08-09/01/2005,AFS 1.2m,7:40,1.03855
Jan 2005,08-09/01/2005,AFS 1.2m,7:50,0.26561
Jan 2005,08-09/01/2005,AFS 1.2m,8:00,0.40699
Jan 2005,08-09/01/2005,AFS 1.2m,8:10,0.92875
Jan 2005,08-09/01/2005,AFS 1.2m,8:20,0.81732
Jan 2005,08-09/01/2005,AFS 1.2m,8:30,0.19563
Jan 2005,08-09/01/2005,AFS 1.2m,8:40,0.26023
Jan 2005,08-09/01/2005,AFS 1.2m,8:50,0.66111
Jan 2005,08-09/01/2005,AFS 1.2m,9:00,0.41366
Jan 2005,08-09/01/2005,AFS 1.2m,9:10,0.31052
Jan 2005,08-09/01/2005,AFS 1.2m,9:20,0.37399
Jan 2005,08-09/01/2005,AFS 1.2m,9:30,0.63388
Jan 2005,08-09/01/2005,AFS 1.2m,9:40,0.35747
Jan 2005,08-09/01/2005,AFS 1.2m,9:50,0.64769
Jan 2005,09-10/01/2005,AFS 2m,10:00,0.8372
Jan 2005,09-10/01/2005,AFS 2m,10:10,0.78016
Jan 2005,09-10/01/2005,AFS 2m,10:20,0.78878
Jan 2005,09-10/01/2005,AFS 2m,10:30,0.8095
Jan 2005,09-10/01/2005,AFS 2m,10:40,0.82549
Jan 2005,09-10/01/2005,AFS 2m,10:50,0.84277
Jan 2005,09-10/01/2005,AFS 2m,11:00,0.86034
Jan 2005,09-10/01/2005,AFS 2m,11:10,0.87584
Jan 2005,09-10/01/2005,AFS 2m,11:20,0.85485
Jan 2005,09-10/01/2005,AFS 2m,11:30,0.83155
Jan 2005,09-10/01/2005,AFS 2m,11:40,0.34204
Jan 2005,09-10/01/2005,AFS 2m,11:50,0.51749
Jan 2005,09-10/01/2005,AFS 2m,12:00,0.50402
Jan 2005,09-10/01/2005,AFS 2m,12:10,0.50213
Jan 2005,09-10/01/2005,AFS 2m,12:20,0.40254
Jan 2005,09-10/01/2005,AFS 2m,12:30,0.55742
Jan 2005,09-10/01/2005,AFS 2m,12:40,0.51335
Jan 2005,09-10/01/2005,AFS 2m,12:50,0.6186
Jan 2005,09-10/01/2005,AFS 2m,13:00,0.65461
Jan 2005,09-10/01/2005,AFS 2m,13:10,0.50068
Jan 2005,09-10/01/2005,AFS 2m,13:20,0.62426
Jan 2005,09-10/01/2005,AFS 2m,13:30,0.57294
Jan 2005,09-10/01/2005,AFS 2m,13:40,0.59031
Jan 2005,09-10/01/2005,AFS 2m,13:50,0.74396
Jan 2005,09-10/01/2005,AFS 2m,14:00,0.74104
Jan 2005,09-10/01/2005,AFS 2m,14:10,0.59767
Jan 2005,09-10/01/2005,AFS 2m,14:20,0.62127
Jan 2005,09-10/01/2005,AFS 2m,14:30,0.65544
Jan 2005,09-10/01/2005,AFS 2m,14:40,0.68453
Jan 2005,09-10/01/2005,AFS 2m,14:50,0.70994
Jan 2005,09-10/01/2005,AFS 2m,15:00,0.75743
Jan 2005,09-10/01/2005,AFS 2m,15:10,0.76821
Jan 2005,09-10/01/2005,AFS 2m,15:20,0.79407
Jan 2005,09-10/01/2005,AFS 2m,15:30,0.77704
Jan 2005,09-10/01/2005,AFS 2m,15:40,0.76003
Jan 2005,09-10/01/2005,AFS 2m,15:50,0.77402
Jan 2005,09-10/01/2005,AFS 2m,16:00,0.79279
Jan 2005,09-10/01/2005,AFS 2m,16:10,0.77655
Jan 2005,09-10/01/2005,AFS 2m,16:20,0.81136
Jan 2005,09-10/01/2005,AFS 2m,16:30,0.7636
Jan 2005,09-10/01/2005,AFS 2m,16:40,0.70732
Jan 2005,09-10/01/2005,AFS 2m,16:50,0.5146
Jan 2005,09-10/01/2005,AFS 2m,17:00,0.53238
Jan 2005,09-10/01/2005,AFS 2m,17:10,0.61217
Jan 2005,09-10/01/2005,AFS 2m,17:20,0.63846
Jan 2005,09-10/01/2005,AFS 2m,17:30,0.7948
Jan 2005,09-10/01/2005,AFS 2m,17:40,0.78117
Jan 2005,09-10/01/2005,AFS 2m,17:50,0.63091
Jan 2005,09-10/01/2005,AFS 2m,18:00,0.61317
Jan 2005,09-10/01/2005,AFS 2m,18:10,0.65441
Jan 2005,09-10/01/2005,AFS 2m,18:20,0.70367
Jan 2005,09-10/01/2005,AFS 2m,18:30,0.67232
Jan 2005,09-10/01/2005,AFS 2m,18:40,0.72543
Jan 2005,09-10/01/2005,AFS 2m,18:50,0.73803
Jan 2005,09-10/01/2005,AFS 2m,19:00,0.75063
Jan 2005,09-10/01/2005,AFS 2m,19:10,0.76323
Jan 2005,09-10/01/2005,AFS 2m,19:20,0.77583
Jan 2005,09-10/01/2005,AFS 2m,5:40,0.54185
Jan 2005,09-10/01/2005,AFS 2m,5:50,0.55641
Jan 2005,09-10/01/2005,AFS 2m,6:00,0.57098
Jan 2005,09-10/01/2005,AFS 2m,6:10,0.58555
Jan 2005,09-10/01/2005,AFS 2m,6:20,0.60011
Jan 2005,09-10/01/2005,AFS 2m,6:30,0.7541
Jan 2005,09-10/01/2005,AFS 2m,6:40,0.56864
Jan 2005,09-10/01/2005,AFS 2m,6:50,0.55268
Jan 2005,09-10/01/2005,AFS 2m,7:00,0.625
Jan 2005,09-10/01/2005,AFS 2m,7:10,0.68648
Jan 2005,09-10/01/2005,AFS 2m,7:20,0.70222
Jan 2005,09-10/01/2005,AFS 2m,7:30,0.71338
Jan 2005,09-10/01/2005,AFS 2m,7:40,0.66311
Jan 2005,09-10/01/2005,AFS 2m,7:50,0.74374
Jan 2005,09-10/01/2005,AFS 2m,8:00,0.78061
Jan 2005,09-10/01/2005,AFS 2m,8:10,0.7875
Jan 2005,09-10/01/2005,AFS 2m,8:20,0.7601
Jan 2005,09-10/01/2005,AFS 2m,8:30,0.75545
Jan 2005,09-10/01/2005,AFS 2m,8:40,0.75928
Jan 2005,09-10/01/2005,AFS 2m,8:50,0.79899
Jan 2005,09-10/01/2005,AFS 2m,9:00,0.80278
Jan 2005,09-10/01/2005,AFS 2m,9:10,0.79293
Jan 2005,09-10/01/2005,AFS 2m,9:20,0.78868
Jan 2005,09-10/01/2005,AFS 2m,9:30,0.79938
Jan 2005,09-10/01/2005,AFS 2m,9:40,0.81919
Jan 2005,09-10/01/2005,AFS 2m,9:50,0.82655
Jan 2005,14-15/01/2005,AFS 2m,10:00,0.70137
Jan 2005,14-15/01/2005,AFS 2m,10:10,0.71846
Jan 2005,14-15/01/2005,AFS 2m,10:20,0.52645
Jan 2005,14-15/01/2005,AFS 2m,10:30,0.77145
Jan 2005,14-15/01/2005,AFS 2m,10:40,0.78714
Jan 2005,14-15/01/2005,AFS 2m,10:50,0.41867
Jan 2005,14-15/01/2005,AFS 2m,11:00,0.44586
Jan 2005,14-15/01/2005,AFS 2m,11:10,0.26941
Jan 2005,14-15/01/2005,AFS 2m,11:20,0.22282
Jan 2005,14-15/01/2005,AFS 2m,11:30,0.17744
Jan 2005,14-15/01/2005,AFS 2m,11:40,0.43736
Jan 2005,14-15/01/2005,AFS 2m,11:50,0.42061
Jan 2005,14-15/01/2005,AFS 2m,12:00,0.48004
Jan 2005,14-15/01/2005,AFS 2m,12:10,0.53577
Jan 2005,14-15/01/2005,AFS 2m,12:20,0.54392
Jan 2005,14-15/01/2005,AFS 2m,12:30,0.58656
Jan 2005,14-15/01/2005,AFS 2m,12:40,0.55993
Jan 2005,14-15/01/2005,AFS 2m,12:50,0.53766
Jan 2005,14-15/01/2005,AFS 2m,13:00,0.41074
Jan 2005,14-15/01/2005,AFS 2m,13:10,0.41081
Jan 2005,14-15/01/2005,AFS 2m,13:20,0.50834
Jan 2005,14-15/01/2005,AFS 2m,13:30,0.54579
Jan 2005,14-15/01/2005,AFS 2m,13:40,0.68593
Jan 2005,14-15/01/2005,AFS 2m,13:50,0.71507
Jan 2005,14-15/01/2005,AFS 2m,14:00,0.69257
Jan 2005,14-15/01/2005,AFS 2m,14:10,0.94518
Jan 2005,14-15/01/2005,AFS 2m,14:20,0.34464
Jan 2005,14-15/01/2005,AFS 2m,14:30,0.88864
Jan 2005,14-15/01/2005,AFS 2m,14:40,0.53587
Jan 2005,14-15/01/2005,AFS 2m,14:50,0.52165
Jan 2005,14-15/01/2005,AFS 2m,15:00,0.52539
Jan 2005,14-15/01/2005,AFS 2m,15:10,0.50683
Jan 2005,14-15/01/2005,AFS 2m,15:20,0.69139
Jan 2005,14-15/01/2005,AFS 2m,15:30,0.64207
Jan 2005,14-15/01/2005,AFS 2m,15:40,0.82694
Jan 2005,14-15/01/2005,AFS 2m,15:50,0.80839
Jan 2005,14-15/01/2005,AFS 2m,16:00,0.77868
Jan 2005,14-15/01/2005,AFS 2m,16:10,0.80963
Jan 2005,14-15/01/2005,AFS 2m,16:20,0.67661
Jan 2005,14-15/01/2005,AFS 2m,16:30,0.97897
Jan 2005,14-15/01/2005,AFS 2m,16:40,0.84416
Jan 2005,14-15/01/2005,AFS 2m,16:50,0.57447
Jan 2005,14-15/01/2005,AFS 2m,17:00,0.88692
Jan 2005,14-15/01/2005,AFS 2m,17:10,0.38969
Jan 2005,14-15/01/2005,AFS 2m,17:20,0.48582
Jan 2005,14-15/01/2005,AFS 2m,17:30,0.37385
Jan 2005,14-15/01/2005,AFS 2m,17:40,0.71506
Jan 2005,14-15/01/2005,AFS 2m,17:50,0.58922
Jan 2005,14-15/01/2005,AFS 2m,18:00,0.49531
Jan 2005,14-15/01/2005,AFS 2m,18:10,0.79866
Jan 2005,14-15/01/2005,AFS 2m,18:20,0.84536
Jan 2005,14-15/01/2005,AFS 2m,18:30,0.73337
Jan 2005,14-15/01/2005,AFS 2m,18:40,0.74013
Jan 2005,14-15/01/2005,AFS 2m,18:50,0.75913
Jan 2005,14-15/01/2005,AFS 2m,19:00,0.77812
Jan 2005,14-15/01/2005,AFS 2m,19:10,0.79712
Jan 2005,14-15/01/2005,AFS 2m,19:20,0.81611
Jan 2005,14-15/01/2005,AFS 2m,5:40,0.56172
Jan 2005,14-15/01/2005,AFS 2m,5:50,0.56834
Jan 2005,14-15/01/2005,AFS 2m,6:00,0.57496
Jan 2005,14-15/01/2005,AFS 2m,6:10,0.58158
Jan 2005,14-15/01/2005,AFS 2m,6:20,0.5882
Jan 2005,14-15/01/2005,AFS 2m,6:30,0.47407
Jan 2005,14-15/01/2005,AFS 2m,6:40,0.57277
Jan 2005,14-15/01/2005,AFS 2m,6:50,0.69329
Jan 2005,14-15/01/2005,AFS 2m,7:00,0.7527
Jan 2005,14-15/01/2005,AFS 2m,7:10,0.54133
Jan 2005,14-15/01/2005,AFS 2m,7:20,0.61007
Jan 2005,14-15/01/2005,AFS 2m,7:30,0.64783
Jan 2005,14-15/01/2005,AFS 2m,7:40,0.70461
Jan 2005,14-15/01/2005,AFS 2m,7:50,0.62315
Jan 2005,14-15/01/2005,AFS 2m,8:00,0.71583
Jan 2005,14-15/01/2005,AFS 2m,8:10,0.70287
Jan 2005,14-15/01/2005,AFS 2m,8:20,0.53635
Jan 2005,14-15/01/2005,AFS 2m,8:30,0.67317
Jan 2005,14-15/01/2005,AFS 2m,8:40,0.89616
Jan 2005,14-15/01/2005,AFS 2m,8:50,0.64894
Jan 2005,14-15/01/2005,AFS 2m,9:00,0.52934
Jan 2005,14-15/01/2005,AFS 2m,9:10,0.3801
Jan 2005,14-15/01/2005,AFS 2m,9:20,0.5482
Jan 2005,14-15/01/2005,AFS 2m,9:30,0.57823
Jan 2005,14-15/01/2005,AFS 2m,9:40,0.52409
Jan 2005,14-15/01/2005,AFS 2m,9:50,0.35954
Jan 2005,18-19/01/2005,AFS 2m,10:00,0.43317
Jan 2005,18-19/01/2005,AFS 2m,10:10,0.45823
Jan 2005,18-19/01/2005,AFS 2m,10:20,0.56832
Jan 2005,18-19/01/2005,AFS 2m,10:30,0.7205
Jan 2005,18-19/01/2005,AFS 2m,10:40,0.65248
Jan 2005,18-19/01/2005,AFS 2m,10:50,0.60024
Jan 2005,18-19/01/2005,AFS 2m,11:00,0.62028
Jan 2005,18-19/01/2005,AFS 2m,11:10,0.67666
Jan 2005,18-19/01/2005,AFS 2m,11:20,0.71525
Jan 2005,18-19/01/2005,AFS 2m,11:30,0.78558
Jan 2005,18-19/01/2005,AFS 2m,11:40,0.33777
Jan 2005,18-19/01/2005,AFS 2m,11:50,0.50369
Jan 2005,18-19/01/2005,AFS 2m,12:00,0.63879
Jan 2005,18-19/01/2005,AFS 2m,12:10,0.58999
Jan 2005,18-19/01/2005,AFS 2m,12:20,0.56982
Jan 2005,18-19/01/2005,AFS 2m,12:30,0.58013
Jan 2005,18-19/01/2005,AFS 2m,12:40,0.45604
Jan 2005,18-19/01/2005,AFS 2m,12:50,0.40832
Jan 2005,18-19/01/2005,AFS 2m,13:00,0.40122
Jan 2005,18-19/01/2005,AFS 2m,13:10,0.55322
Jan 2005,18-19/01/2005,AFS 2m,13:20,0.46992
Jan 2005,18-19/01/2005,AFS 2m,13:30,0.42027
Jan 2005,18-19/01/2005,AFS 2m,13:40,0.33309
Jan 2005,18-19/01/2005,AFS 2m,13:50,0.50271
Jan 2005,18-19/01/2005,AFS 2m,14:00,0.29195
Jan 2005,18-19/01/2005,AFS 2m,14:10,0.28826
Jan 2005,18-19/01/2005,AFS 2m,14:20,0.47055
Jan 2005,18-19/01/2005,AFS 2m,14:30,0.29279
Jan 2005,18-19/01/2005,AFS 2m,14:40,0.5369
Jan 2005,18-19/01/2005,AFS 2m,14:50,0.71309
Jan 2005,18-19/01/2005,AFS 2m,15:00,0.65536
Jan 2005,18-19/01/2005,AFS 2m,15:10,0.7223
Jan 2005,18-19/01/2005,AFS 2m,15:20,0.87638
Jan 2005,18-19/01/2005,AFS 2m,15:30,0.67303
Jan 2005,18-19/01/2005,AFS 2m,15:40,0.71811
Jan 2005,18-19/01/2005,AFS 2m,15:50,0.89416
Jan 2005,18-19/01/2005,AFS 2m,16:00,0.55958
Jan 2005,18-19/01/2005,AFS 2m,16:10,0.4938
Jan 2005,18-19/01/2005,AFS 2m,16:20,0.56772
Jan 2005,18-19/01/2005,AFS 2m,16:30,1.01705
Jan 2005,18-19/01/2005,AFS 2m,16:40,1.11973
Jan 2005,18-19/01/2005,AFS 2m,16:50,1.06017
Jan 2005,18-19/01/2005,AFS 2m,17:00,0.77478
Jan 2005,18-19/01/2005,AFS 2m,17:10,0.73162
Jan 2005,18-19/01/2005,AFS 2m,17:20,0.68285
Jan 2005,18-19/01/2005,AFS 2m,17:30,0.86511
Jan 2005,18-19/01/2005,AFS 2m,17:40,0.63173
Jan 2005,18-19/01/2005,AFS 2m,17:50,0.39449
Jan 2005,18-19/01/2005,AFS 2m,18:00,0.53829
Jan 2005,18-19/01/2005,AFS 2m,18:10,0.82213
Jan 2005,18-19/01/2005,AFS 2m,18:20,0.74104
Jan 2005,18-19/01/2005,AFS 2m,18:30,0.65884
Jan 2005,18-19/01/2005,AFS 2m,18:40,0.57483
Jan 2005,18-19/01/2005,AFS 2m,18:50,0.55093
Jan 2005,18-19/01/2005,AFS 2m,19:00,0.52702
Jan 2005,18-19/01/2005,AFS 2m,19:10,0.50311
Jan 2005,18-19/01/2005,AFS 2m,19:20,0.4792
Jan 2005,18-19/01/2005,AFS 2m,5:40,0.49324
Jan 2005,18-19/01/2005,AFS 2m,5:50,0.50282
Jan 2005,18-19/01/2005,AFS 2m,6:00,0.51239
Jan 2005,18-19/01/2005,AFS 2m,6:10,0.52197
Jan 2005,18-19/01/2005,AFS 2m,6:20,0.53155
Jan 2005,18-19/01/2005,AFS 2m,6:30,0.49546
Jan 2005,18-19/01/2005,AFS 2m,6:40,0.49237
Jan 2005,18-19/01/2005,AFS 2m,6:50,0.59813
Jan 2005,18-19/01/2005,AFS 2m,7:00,0.66533
Jan 2005,18-19/01/2005,AFS 2m,7:10,0.55912
Jan 2005,18-19/01/2005,AFS 2m,7:20,0.54798
Jan 2005,18-19/01/2005,AFS 2m,7:30,0.59936
Jan 2005,18-19/01/2005,AFS 2m,7:40,0.60619
Jan 2005,18-19/01/2005,AFS 2m,7:50,0.64617
Jan 2005,18-19/01/2005,AFS 2m,8:00,0.67119
Jan 2005,18-19/01/2005,AFS 2m,8:10,0.68588
Jan 2005,18-19/01/2005,AFS 2m,8:20,0.6517
Jan 2005,18-19/01/2005,AFS 2m,8:30,0.62085
Jan 2005,18-19/01/2005,AFS 2m,8:40,0.60752
Jan 2005,18-19/01/2005,AFS 2m,8:50,0.65319
Jan 2005,18-19/01/2005,AFS 2m,9:00,0.66323
Jan 2005,18-19/01/2005,AFS 2m,9:10,0.71543
Jan 2005,18-19/01/2005,AFS 2m,9:20,0.67126
Jan 2005,18-19/01/2005,AFS 2m,9:30,0.64832
Jan 2005,18-19/01/2005,AFS 2m,9:40,0.5915
Jan 2005,18-19/01/2005,AFS 2m,9:50,0.56986
Jan 2005,11-12/01/2005,MO 1.2m,10:00,0.35819
Jan 2005,11-12/01/2005,MO 1.2m,10:10,0.24829
Jan 2005,11-12/01/2005,MO 1.2m,10:20,0.2532
Jan 2005,11-12/01/2005,MO 1.2m,10:30,0.23909
Jan 2005,11-12/01/2005,MO 1.2m,10:40,0.23076
Jan 2005,11-12/01/2005,MO 1.2m,10:50,0.22137
Jan 2005,11-12/01/2005,MO 1.2m,11:00,0.21873
Jan 2005,11-12/01/2005,MO 1.2m,11:10,0.22059
Jan 2005,11-12/01/2005,MO 1.2m,11:20,0.95792
Jan 2005,11-12/01/2005,MO 1.2m,11:30,1.09301
Jan 2005,11-12/01/2005,MO 1.2m,11:40,0.54375
Jan 2005,11-12/01/2005,MO 1.2m,11:50,0.55968
Jan 2005,11-12/01/2005,MO 1.2m,12:00,0.73014
Jan 2005,11-12/01/2005,MO 1.2m,12:10,0.78125
Jan 2005,11-12/01/2005,MO 1.2m,12:20,0.77195
Jan 2005,11-12/01/2005,MO 1.2m,12:30,0.74647
Jan 2005,11-12/01/2005,MO 1.2m,12:40,0.7616
Jan 2005,11-12/01/2005,MO 1.2m,12:50,0.76622
Jan 2005,11-12/01/2005,MO 1.2m,13:00,0.75654
Jan 2005,11-12/01/2005,MO 1.2m,13:10,0.6192
Jan 2005,11-12/01/2005,MO 1.2m,13:20,0.57244
Jan 2005,11-12/01/2005,MO 1.2m,13:30,0.47841
Jan 2005,11-12/01/2005,MO 1.2m,13:40,0.55281
Jan 2005,11-12/01/2005,MO 1.2m,13:50,0.5888
Jan 2005,11-12/01/2005,MO 1.2m,14:00,0.61496
Jan 2005,11-12/01/2005,MO 1.2m,14:10,0.53436
Jan 2005,11-12/01/2005,MO 1.2m,14:20,0.62594
Jan 2005,11-12/01/2005,MO 1.2m,14:30,0.71278
Jan 2005,11-12/01/2005,MO 1.2m,14:40,0.70267
Jan 2005,11-12/01/2005,MO 1.2m,14:50,0.41365
Jan 2005,11-12/01/2005,MO 1.2m,15:00,0.45186
Jan 2005,11-12/01/2005,MO 1.2m,15:10,0.54051
Jan 2005,11-12/01/2005,MO 1.2m,15:20,0.44751
Jan 2005,11-12/01/2005,MO 1.2m,15:30,0.49695
Jan 2005,11-12/01/2005,MO 1.2m,15:40,0.40311
Jan 2005,11-12/01/2005,MO 1.2m,15:50,0.4802
Jan 2005,11-12/01/2005,MO 1.2m,16:00,0.84479
Jan 2005,11-12/01/2005,MO 1.2m,16:10,0.58421
Jan 2005,11-12/01/2005,MO 1.2m,16:20,0.37653
Jan 2005,11-12/01/2005,MO 1.2m,16:30,0.3139
Jan 2005,11-12/01/2005,MO 1.2m,16:40,0.92196
Jan 2005,11-12/01/2005,MO 1.2m,16:50,0.96598
Jan 2005,11-12/01/2005,MO 1.2m,17:00,0.47233
Jan 2005,11-12/01/2005,MO 1.2m,17:10,0.43642
Jan 2005,11-12/01/2005,MO 1.2m,17:20,0.33149
Jan 2005,11-12/01/2005,MO 1.2m,17:30,0.38189
Jan 2005,11-12/01/2005,MO 1.2m,17:40,0.46814
Jan 2005,11-12/01/2005,MO 1.2m,17:50,0.59973
Jan 2005,11-12/01/2005,MO 1.2m,18:00,0.79039
Jan 2005,11-12/01/2005,MO 1.2m,18:10,0.72875
Jan 2005,11-12/01/2005,MO 1.2m,18:20,1.017
Jan 2005,11-12/01/2005,MO 1.2m,18:30,0.69193
Jan 2005,11-12/01/2005,MO 1.2m,18:40,0.7797
Jan 2005,11-12/01/2005,MO 1.2m,18:50,0.80534
Jan 2005,11-12/01/2005,MO 1.2m,19:00,0.83099
Jan 2005,11-12/01/2005,MO 1.2m,19:10,0.85664
Jan 2005,11-12/01/2005,MO 1.2m,19:20,0.88228
Jan 2005,11-12/01/2005,MO 1.2m,5:40,0.62326
Jan 2005,11-12/01/2005,MO 1.2m,5:50,0.61256
Jan 2005,11-12/01/2005,MO 1.2m,6:00,0.60186
Jan 2005,11-12/01/2005,MO 1.2m,6:10,0.59117
Jan 2005,11-12/01/2005,MO 1.2m,6:20,0.58047
Jan 2005,11-12/01/2005,MO 1.2m,6:30,0.45952
Jan 2005,11-12/01/2005,MO 1.2m,6:40,0.58614
Jan 2005,11-12/01/2005,MO 1.2m,6:50,0.72622
Jan 2005,11-12/01/2005,MO 1.2m,7:00,0.67982
Jan 2005,11-12/01/2005,MO 1.2m,7:10,0.54991
Jan 2005,11-12/01/2005,MO 1.2m,7:20,0.55207
Jan 2005,11-12/01/2005,MO 1.2m,7:30,0.42171
Jan 2005,11-12/01/2005,MO 1.2m,7:40,0.39738
Jan 2005,11-12/01/2005,MO 1.2m,7:50,0.37983
Jan 2005,11-12/01/2005,MO 1.2m,8:00,0.37139
Jan 2005,11-12/01/2005,MO 1.2m,8:10,0.4195
Jan 2005,11-12/01/2005,MO 1.2m,8:20,0.34617
Jan 2005,11-12/01/2005,MO 1.2m,8:30,0.32923
Jan 2005,11-12/01/2005,MO 1.2m,8:40,0.57986
Jan 2005,11-12/01/2005,MO 1.2m,8:50,0.62478
Jan 2005,11-12/01/2005,MO 1.2m,9:00,0.73765
Jan 2005,11-12/01/2005,MO 1.2m,9:10,0.37158
Jan 2005,11-12/01/2005,MO 1.2m,9:20,0.79505
Jan 2005,11-12/01/2005,MO 1.2m,9:30,1.02193
Jan 2005,11-12/01/2005,MO 1.2m,9:40,0.95706
Jan 2005,11-12/01/2005,MO 1.2m,9:50,0.42961
Jan 2005,19-20/01/2005,MO 1.2m,10:00,0.43317
Jan 2005,19-20/01/2005,MO 1.2m,10:10,0.45823
Jan 2005,19-20/01/2005,MO 1.2m,10:20,0.56832
Jan 2005,19-20/01/2005,MO 1.2m,10:30,0.7205
Jan 2005,19-20/01/2005,MO 1.2m,10:40,0.65248
Jan 2005,19-20/01/2005,MO 1.2m,10:50,0.60024
Jan 2005,19-20/01/2005,MO 1.2m,11:00,0.62028
Jan 2005,19-20/01/2005,MO 1.2m,11:10,0.67666
Jan 2005,19-20/01/2005,MO 1.2m,11:20,0.71525
Jan 2005,19-20/01/2005,MO 1.2m,11:30,0.78558
Jan 2005,19-20/01/2005,MO 1.2m,11:40,0.33777
Jan 2005,19-20/01/2005,MO 1.2m,11:50,0.50369
Jan 2005,19-20/01/2005,MO 1.2m,12:00,0.63879
Jan 2005,19-20/01/2005,MO 1.2m,12:10,0.58999
Jan 2005,19-20/01/2005,MO 1.2m,12:20,0.56982
Jan 2005,19-20/01/2005,MO 1.2m,12:30,0.58013
Jan 2005,19-20/01/2005,MO 1.2m,12:40,0.45604
Jan 2005,19-20/01/2005,MO 1.2m,12:50,0.40832
Jan 2005,19-20/01/2005,MO 1.2m,13:00,0.40122
Jan 2005,19-20/01/2005,MO 1.2m,13:10,0.55322
Jan 2005,19-20/01/2005,MO 1.2m,13:20,0.46992
Jan 2005,19-20/01/2005,MO 1.2m,13:30,0.42027
Jan 2005,19-20/01/2005,MO 1.2m,13:40,0.33309
Jan 2005,19-20/01/2005,MO 1.2m,13:50,0.50271
Jan 2005,19-20/01/2005,MO 1.2m,14:00,0.29195
Jan 2005,19-20/01/2005,MO 1.2m,14:10,0.28826
Jan 2005,19-20/01/2005,MO 1.2m,14:20,0.47055
Jan 2005,19-20/01/2005,MO 1.2m,14:30,0.29279
Jan 2005,19-20/01/2005,MO 1.2m,14:40,0.5369
Jan 2005,19-20/01/2005,MO 1.2m,14:50,0.71309
Jan 2005,19-20/01/2005,MO 1.2m,15:00,0.65536
Jan 2005,19-20/01/2005,MO 1.2m,15:10,0.7223
Jan 2005,19-20/01/2005,MO 1.2m,15:20,0.87638
Jan 2005,19-20/01/2005,MO 1.2m,15:30,0.67303
Jan 2005,19-20/01/2005,MO 1.2m,15:40,0.71811
Jan 2005,19-20/01/2005,MO 1.2m,15:50,0.89416
Jan 2005,19-20/01/2005,MO 1.2m,16:00,0.55958
Jan 2005,19-20/01/2005,MO 1.2m,16:10,0.4938
Jan 2005,19-20/01/2005,MO 1.2m,16:20,0.56772
Jan 2005,19-20/01/2005,MO 1.2m,16:30,1.01705
Jan 2005,19-20/01/2005,MO 1.2m,16:40,1.11973
Jan 2005,19-20/01/2005,MO 1.2m,16:50,1.06017
Jan 2005,19-20/01/2005,MO 1.2m,17:00,0.77478
Jan 2005,19-20/01/2005,MO 1.2m,17:10,0.73162
Jan 2005,19-20/01/2005,MO 1.2m,17:20,0.68285
Jan 2005,19-20/01/2005,MO 1.2m,17:30,0.86511
Jan 2005,19-20/01/2005,MO 1.2m,17:40,0.63173
Jan 2005,19-20/01/2005,MO 1.2m,17:50,0.39449
Jan 2005,19-20/01/2005,MO 1.2m,18:00,0.53829
Jan 2005,19-20/01/2005,MO 1.2m,18:10,0.82213
Jan 2005,19-20/01/2005,MO 1.2m,18:20,0.74104
Jan 2005,19-20/01/2005,MO 1.2m,18:30,0.65884
Jan 2005,19-20/01/2005,MO 1.2m,18:40,0.57483
Jan 2005,19-20/01/2005,MO 1.2m,18:50,0.55093
Jan 2005,19-20/01/2005,MO 1.2m,19:00,0.52702
Jan 2005,19-20/01/2005,MO 1.2m,19:10,0.50311
Jan 2005,19-20/01/2005,MO 1.2m,19:20,0.4792
Jan 2005,19-20/01/2005,MO 1.2m,5:40,0.49838
Jan 2005,19-20/01/2005,MO 1.2m,5:50,0.5074
Jan 2005,19-20/01/2005,MO 1.2m,6:00,0.51643
Jan 2005,19-20/01/2005,MO 1.2m,6:10,0.52546
Jan 2005,19-20/01/2005,MO 1.2m,6:20,0.53448
Jan 2005,19-20/01/2005,MO 1.2m,6:30,0.49546
Jan 2005,19-20/01/2005,MO 1.2m,6:40,0.49237
Jan 2005,19-20/01/2005,MO 1.2m,6:50,0.59813
Jan 2005,19-20/01/2005,MO 1.2m,7:00,0.66533
Jan 2005,19-20/01/2005,MO 1.2m,7:10,0.55912
Jan 2005,19-20/01/2005,MO 1.2m,7:20,0.54798
Jan 2005,19-20/01/2005,MO 1.2m,7:30,0.59936
Jan 2005,19-20/01/2005,MO 1.2m,7:40,0.60619
Jan 2005,19-20/01/2005,MO 1.2m,7:50,0.64617
Jan 2005,19-20/01/2005,MO 1.2m,8:00,0.67119
Jan 2005,19-20/01/2005,MO 1.2m,8:10,0.68588
Jan 2005,19-20/01/2005,MO 1.2m,8:20,0.6517
Jan 2005,19-20/01/2005,MO 1.2m,8:30,0.62085
Jan 2005,19-20/01/2005,MO 1.2m,8:40,0.60752
Jan 2005,19-20/01/2005,MO 1.2m,8:50,0.65319
Jan 2005,19-20/01/2005,MO 1.2m,9:00,0.66323
Jan 2005,19-20/01/2005,MO 1.2m,9:10,0.71543
Jan 2005,19-20/01/2005,MO 1.2m,9:20,0.67126
Jan 2005,19-20/01/2005,MO 1.2m,9:30,0.64832
Jan 2005,19-20/01/2005,MO 1.2m,9:40,0.5915
Jan 2005,19-20/01/2005,MO 1.2m,9:50,0.56986
Jan 2005,10-11/01/2005,MO 2m,10:00,0.86657
Jan 2005,10-11/01/2005,MO 2m,10:10,0.72579
Jan 2005,10-11/01/2005,MO 2m,10:20,1.0355
Jan 2005,10-11/01/2005,MO 2m,10:30,1.0014
Jan 2005,10-11/01/2005,MO 2m,10:40,1.01979
Jan 2005,10-11/01/2005,MO 2m,10:50,1.07368
Jan 2005,10-11/01/2005,MO 2m,11:00,1.06863
Jan 2005,10-11/01/2005,MO 2m,11:10,1.0671
Jan 2005,10-11/01/2005,MO 2m,11:20,1.06356
Jan 2005,10-11/01/2005,MO 2m,11:30,0.9855
Jan 2005,10-11/01/2005,MO 2m,11:40,0.99261
Jan 2005,10-11/01/2005,MO 2m,11:50,1.09366
Jan 2005,10-11/01/2005,MO 2m,12:00,1.08159
Jan 2005,10-11/01/2005,MO 2m,12:10,1.03863
Jan 2005,10-11/01/2005,MO 2m,12:20,1.0387
Jan 2005,10-11/01/2005,MO 2m,12:30,1.03929
Jan 2005,10-11/01/2005,MO 2m,12:40,1.02261
Jan 2005,10-11/01/2005,MO 2m,12:50,1.01957
Jan 2005,10-11/01/2005,MO 2m,13:00,1.05734
Jan 2005,10-11/01/2005,MO 2m,13:10,1.02426
Jan 2005,10-11/01/2005,MO 2m,13:20,1.01555
Jan 2005,10-11/01/2005,MO 2m,13:30,1.0231
Jan 2005,10-11/01/2005,MO 2m,13:40,0.97666
Jan 2005,10-11/01/2005,MO 2m,13:50,0.99335
Jan 2005,10-11/01/2005,MO 2m,14:00,1.00212
Jan 2005,10-11/01/2005,MO 2m,14:10,1.0258
Jan 2005,10-11/01/2005,MO 2m,14:20,0.99984
Jan 2005,10-11/01/2005,MO 2m,14:30,0.9561
Jan 2005,10-11/01/2005,MO 2m,14:40,1.02236
Jan 2005,10-11/01/2005,MO 2m,14:50,1.03833
Jan 2005,10-11/01/2005,MO 2m,15:00,1.06118
Jan 2005,10-11/01/2005,MO 2m,15:10,1.05429
Jan 2005,10-11/01/2005,MO 2m,15:20,1.01515
Jan 2005,10-11/01/2005,MO 2m,15:30,0.8936
Jan 2005,10-11/01/2005,MO 2m,15:40,1.07201
Jan 2005,10-11/01/2005,MO 2m,15:50,0.9998
Jan 2005,10-11/01/2005,MO 2m,16:00,1.05255
Jan 2005,10-11/01/2005,MO 2m,16:10,1.0608
Jan 2005,10-11/01/2005,MO 2m,16:20,1.0594
Jan 2005,10-11/01/2005,MO 2m,16:30,1.06122
Jan 2005,10-11/01/2005,MO 2m,16:40,1.08097
Jan 2005,10-11/01/2005,MO 2m,16:50,1.07993
Jan 2005,10-11/01/2005,MO 2m,17:00,0.99347
Jan 2005,10-11/01/2005,MO 2m,17:10,0.9761
Jan 2005,10-11/01/2005,MO 2m,17:20,1.06587
Jan 2005,10-11/01/2005,MO 2m,17:30,0.98957
Jan 2005,10-11/01/2005,MO 2m,17:40,0.80265
Jan 2005,10-11/01/2005,MO 2m,17:50,1.08231
Jan 2005,10-11/01/2005,MO 2m,18:00,1.09612
Jan 2005,10-11/01/2005,MO 2m,18:10,1.09208
Jan 2005,10-11/01/2005,MO 2m,18:20,1.10166
Jan 2005,10-11/01/2005,MO 2m,18:30,1.02931
Jan 2005,10-11/01/2005,MO 2m,18:40,1.06523
Jan 2005,10-11/01/2005,MO 2m,18:50,1.07142
Jan 2005,10-11/01/2005,MO 2m,19:00,1.07761
Jan 2005,10-11/01/2005,MO 2m,19:10,1.0838
Jan 2005,10-11/01/2005,MO 2m,19:20,1.08999
Jan 2005,10-11/01/2005,MO 2m,5:40,0.52859
Jan 2005,10-11/01/2005,MO 2m,5:50,0.56119
Jan 2005,10-11/01/2005,MO 2m,6:00,0.59378
Jan 2005,10-11/01/2005,MO 2m,6:10,0.62638
Jan 2005,10-11/01/2005,MO 2m,6:20,0.65897
Jan 2005,10-11/01/2005,MO 2m,6:30,0.47231
Jan 2005,10-11/01/2005,MO 2m,6:40,0.57624
Jan 2005,10-11/01/2005,MO 2m,6:50,0.86031
Jan 2005,10-11/01/2005,MO 2m,7:00,0.93163
Jan 2005,10-11/01/2005,MO 2m,7:10,0.9028
Jan 2005,10-11/01/2005,MO 2m,7:20,0.96862
Jan 2005,10-11/01/2005,MO 2m,7:30,0.9977
Jan 2005,10-11/01/2005,MO 2m,7:40,0.99903
Jan 2005,10-11/01/2005,MO 2m,7:50,0.9059
Jan 2005,10-11/01/2005,MO 2m,8:00,0.93375
Jan 2005,10-11/01/2005,MO 2m,8:10,0.95927
Jan 2005,10-11/01/2005,MO 2m,8:20,0.94246
Jan 2005,10-11/01/2005,MO 2m,8:30,0.88039
Jan 2005,10-11/01/2005,MO 2m,8:40,0.93074
Jan 2005,10-11/01/2005,MO 2m,8:50,1.06008
Jan 2005,10-11/01/2005,MO 2m,9:00,1.07003
Jan 2005,10-11/01/2005,MO 2m,9:10,1.00811
Jan 2005,10-11/01/2005,MO 2m,9:20,1.00021
Jan 2005,10-11/01/2005,MO 2m,9:30,0.92544
Jan 2005,10-11/01/2005,MO 2m,9:40,0.88405
Jan 2005,10-11/01/2005,MO 2m,9:50,0.88344
Jan 2005,20-21/01/2005,MO 2m,10:00,0.57636
Jan 2005,20-21/01/2005,MO 2m,10:10,0.447
Jan 2005,20-21/01/2005,MO 2m,10:20,0.48844
Jan 2005,20-21/01/2005,MO 2m,10:30,0.87951
Jan 2005,20-21/01/2005,MO 2m,10:40,1.04882
Jan 2005,20-21/01/2005,MO 2m,10:50,1.04248
Jan 2005,20-21/01/2005,MO 2m,11:00,1.03894
Jan 2005,20-21/01/2005,MO 2m,11:10,1.04013
Jan 2005,20-21/01/2005,MO 2m,11:20,1.04126
Jan 2005,20-21/01/2005,MO 2m,11:30,1.03935
Jan 2005,20-21/01/2005,MO 2m,11:40,1.0278
Jan 2005,20-21/01/2005,MO 2m,11:50,1.05521
Jan 2005,20-21/01/2005,MO 2m,12:00,1.03896
Jan 2005,20-21/01/2005,MO 2m,12:10,1.02834
Jan 2005,20-21/01/2005,MO 2m,12:20,1.03872
Jan 2005,20-21/01/2005,MO 2m,12:30,1.05345
Jan 2005,20-21/01/2005,MO 2m,12:40,1.05744
Jan 2005,20-21/01/2005,MO 2m,12:50,1.05612
Jan 2005,20-21/01/2005,MO 2m,13:00,0.96855
Jan 2005,20-21/01/2005,MO 2m,13:10,0.78951
Jan 2005,20-21/01/2005,MO 2m,13:20,0.5678
Jan 2005,20-21/01/2005,MO 2m,13:30,0.69916
Jan 2005,20-21/01/2005,MO 2m,13:40,0.78217
Jan 2005,20-21/01/2005,MO 2m,13:50,0.81538
Jan 2005,20-21/01/2005,MO 2m,14:00,0.58818
Jan 2005,20-21/01/2005,MO 2m,14:10,0.51625
Jan 2005,20-21/01/2005,MO 2m,14:20,0.85686
Jan 2005,20-21/01/2005,MO 2m,14:30,0.55119
Jan 2005,20-21/01/2005,MO 2m,14:40,0.85029
Jan 2005,20-21/01/2005,MO 2m,14:50,0.8608
Jan 2005,20-21/01/2005,MO 2m,15:00,0.84023
Jan 2005,20-21/01/2005,MO 2m,15:10,0.6933
Jan 2005,20-21/01/2005,MO 2m,15:20,1.02198
Jan 2005,20-21/01/2005,MO 2m,15:30,1.01884
Jan 2005,20-21/01/2005,MO 2m,15:40,1.06804
Jan 2005,20-21/01/2005,MO 2m,15:50,1.06476
Jan 2005,20-21/01/2005,MO 2m,16:00,1.06082
Jan 2005,20-21/01/2005,MO 2m,16:10,1.05488
Jan 2005,20-21/01/2005,MO 2m,16:20,1.05344
Jan 2005,20-21/01/2005,MO 2m,16:30,1.04364
Jan 2005,20-21/01/2005,MO 2m,16:40,1.04439
Jan 2005,20-21/01/2005,MO 2m,16:50,1.05291
Jan 2005,20-21/01/2005,MO 2m,17:00,1.04448
Jan 2005,20-21/01/2005,MO 2m,17:10,1.03994
Jan 2005,20-21/01/2005,MO 2m,17:20,1.03592
Jan 2005,20-21/01/2005,MO 2m,17:30,1.02964
Jan 2005,20-21/01/2005,MO 2m,17:40,1.02576
Jan 2005,20-21/01/2005,MO 2m,17:50,1.01953
Jan 2005,20-21/01/2005,MO 2m,18:00,1.01474
Jan 2005,20-21/01/2005,MO 2m,18:10,1.01018
Jan 2005,20-21/01/2005,MO 2m,18:20,1.0026
Jan 2005,20-21/01/2005,MO 2m,18:30,0.99794
Jan 2005,20-21/01/2005,MO 2m,18:40,0.99301
Jan 2005,20-21/01/2005,MO 2m,18:50,0.9877
Jan 2005,20-21/01/2005,MO 2m,19:00,0.98239
Jan 2005,20-21/01/2005,MO 2m,19:10,0.97708
Jan 2005,20-21/01/2005,MO 2m,19:20,0.97177
Jan 2005,20-21/01/2005,MO 2m,5:40,0.81443
Jan 2005,20-21/01/2005,MO 2m,5:50,0.80032
Jan 2005,20-21/01/2005,MO 2m,6:00,0.7862
Jan 2005,20-21/01/2005,MO 2m,6:10,0.77208
Jan 2005,20-21/01/2005,MO 2m,6:20,0.75796
Jan 2005,20-21/01/2005,MO 2m,6:30,0.56618
Jan 2005,20-21/01/2005,MO 2m,6:40,0.62638
Jan 2005,20-21/01/2005,MO 2m,6:50,0.78438
Jan 2005,20-21/01/2005,MO 2m,7:00,0.93359
Jan 2005,20-21/01/2005,MO 2m,7:10,0.72058
Jan 2005,20-21/01/2005,MO 2m,7:20,0.78927
Jan 2005,20-21/01/2005,MO 2m,7:30,0.65889
Jan 2005,20-21/01/2005,MO 2m,7:40,0.58077
Jan 2005,20-21/01/2005,MO 2m,7:50,0.59822
Jan 2005,20-21/01/2005,MO 2m,8:00,0.58097
Jan 2005,20-21/01/2005,MO 2m,8:10,0.61317
Jan 2005,20-21/01/2005,MO 2m,8:20,0.54175
Jan 2005,20-21/01/2005,MO 2m,8:30,0.91711
Jan 2005,20-21/01/2005,MO 2m,8:40,0.84228
Jan 2005,20-21/01/2005,MO 2m,8:50,0.54262
Jan 2005,20-21/01/2005,MO 2m,9:00,0.5183
Jan 2005,20-21/01/2005,MO 2m,9:10,0.82619
Jan 2005,20-21/01/2005,MO 2m,9:20,0.82429
Jan 2005,20-21/01/2005,MO 2m,9:30,0.7555
Jan 2005,20-21/01/2005,MO 2m,9:40,0.77285
Jan 2005,20-21/01/2005,MO 2m,9:50,0.8292
Jan 2005,12-13/01/2005,Open area 2m,10:00,1.1474
Jan 2005,12-13/01/2005,Open area 2m,10:10,1.1496
Jan 2005,12-13/01/2005,Open area 2m,10:20,1.1515
Jan 2005,12-13/01/2005,Open area 2m,10:30,1.149
Jan 2005,12-13/01/2005,Open area 2m,10:40,1.1499
Jan 2005,12-13/01/2005,Open area 2m,10:50,1.1501
Jan 2005,12-13/01/2005,Open area 2m,11:00,1.1507
Jan 2005,12-13/01/2005,Open area 2m,11:10,1.153
Jan 2005,12-13/01/2005,Open area 2m,11:20,1.1562
Jan 2005,12-13/01/2005,Open area 2m,11:30,1.1587
Jan 2005,12-13/01/2005,Open area 2m,11:40,1.1045
Jan 2005,12-13/01/2005,Open area 2m,11:50,1.1639
Jan 2005,12-13/01/2005,Open area 2m,12:00,1.1669
Jan 2005,12-13/01/2005,Open area 2m,12:10,1.1665
Jan 2005,12-13/01/2005,Open area 2m,12:20,1.1671
Jan 2005,12-13/01/2005,Open area 2m,12:30,1.1678
Jan 2005,12-13/01/2005,Open area 2m,12:40,1.1673
Jan 2005,12-13/01/2005,Open area 2m,12:50,1.1675
Jan 2005,12-13/01/2005,Open area 2m,13:00,1.1685
Jan 2005,12-13/01/2005,Open area 2m,13:10,1.1686
Jan 2005,12-13/01/2005,Open area 2m,13:20,1.1681
Jan 2005,12-13/01/2005,Open area 2m,13:30,1.1689
Jan 2005,12-13/01/2005,Open area 2m,13:40,1.1694
Jan 2005,12-13/01/2005,Open area 2m,13:50,1.1702
Jan 2005,12-13/01/2005,Open area 2m,14:00,1.169
Jan 2005,12-13/01/2005,Open area 2m,14:10,1.1704
Jan 2005,12-13/01/2005,Open area 2m,14:20,1.1666
Jan 2005,12-13/01/2005,Open area 2m,14:30,1.1651
Jan 2005,12-13/01/2005,Open area 2m,14:40,1.1629
Jan 2005,12-13/01/2005,Open area 2m,14:50,1.1642
Jan 2005,12-13/01/2005,Open area 2m,15:00,1.1548
Jan 2005,12-13/01/2005,Open area 2m,15:10,1.1434
Jan 2005,12-13/01/2005,Open area 2m,15:20,1.1736
Jan 2005,12-13/01/2005,Open area 2m,15:30,1.1639
Jan 2005,12-13/01/2005,Open area 2m,15:40,1.1562
Jan 2005,12-13/01/2005,Open area 2m,15:50,1.1489
Jan 2005,12-13/01/2005,Open area 2m,16:00,1.1611
Jan 2005,12-13/01/2005,Open area 2m,16:10,1.1668
Jan 2005,12-13/01/2005,Open area 2m,16:20,1.1632
Jan 2005,12-13/01/2005,Open area 2m,16:30,1.1593
Jan 2005,12-13/01/2005,Open area 2m,16:40,1.1697
Jan 2005,12-13/01/2005,Open area 2m,16:50,1.1701
Jan 2005,12-13/01/2005,Open area 2m,17:00,1.1719
Jan 2005,12-13/01/2005,Open area 2m,17:10,1.1698
Jan 2005,12-13/01/2005,Open area 2m,17:20,1.1757
Jan 2005,12-13/01/2005,Open area 2m,17:30,1.1677
Jan 2005,12-13/01/2005,Open area 2m,17:40,1.1582
Jan 2005,12-13/01/2005,Open area 2m,17:50,1.153
Jan 2005,12-13/01/2005,Open area 2m,18:00,1.1685
Jan 2005,12-13/01/2005,Open area 2m,18:10,1.1702
Jan 2005,12-13/01/2005,Open area 2m,18:20,1.201
Jan 2005,12-13/01/2005,Open area 2m,18:30,1.1405
Jan 2005,12-13/01/2005,Open area 2m,18:40,1.1646
Jan 2005,12-13/01/2005,Open area 2m,18:50,1.1641
Jan 2005,12-13/01/2005,Open area 2m,19:00,1.1635
Jan 2005,12-13/01/2005,Open area 2m,19:10,1.163
Jan 2005,12-13/01/2005,Open area 2m,19:20,1.1624
Jan 2005,12-13/01/2005,Open area 2m,5:40,0.8591
Jan 2005,12-13/01/2005,Open area 2m,5:50,0.8772
Jan 2005,12-13/01/2005,Open area 2m,6:00,0.8954
Jan 2005,12-13/01/2005,Open area 2m,6:10,0.9136
Jan 2005,12-13/01/2005,Open area 2m,6:20,0.9318
Jan 2005,12-13/01/2005,Open area 2m,6:30,0.8092
Jan 2005,12-13/01/2005,Open area 2m,6:40,0.9508
Jan 2005,12-13/01/2005,Open area 2m,6:50,1.0153
Jan 2005,12-13/01/2005,Open area 2m,7:00,1.0901
Jan 2005,12-13/01/2005,Open area 2m,7:10,1.1003
Jan 2005,12-13/01/2005,Open area 2m,7:20,1.0926
Jan 2005,12-13/01/2005,Open area 2m,7:30,1.0571
Jan 2005,12-13/01/2005,Open area 2m,7:40,1.0695
Jan 2005,12-13/01/2005,Open area 2m,7:50,1.1014
Jan 2005,12-13/01/2005,Open area 2m,8:00,1.099
Jan 2005,12-13/01/2005,Open area 2m,8:10,1.1038
Jan 2005,12-13/01/2005,Open area 2m,8:20,1.1099
Jan 2005,12-13/01/2005,Open area 2m,8:30,1.1149
Jan 2005,12-13/01/2005,Open area 2m,8:40,1.1182
Jan 2005,12-13/01/2005,Open area 2m,8:50,1.1237
Jan 2005,12-13/01/2005,Open area 2m,9:00,1.13
Jan 2005,12-13/01/2005,Open area 2m,9:10,1.1352
Jan 2005,12-13/01/2005,Open area 2m,9:20,1.1377
Jan 2005,12-13/01/2005,Open area 2m,9:30,1.1425
Jan 2005,12-13/01/2005,Open area 2m,9:40,1.1442
Jan 2005,12-13/01/2005,Open area 2m,9:50,1.1462
Jan 2005,13-14/01/2005,Open area 2m,10:00,1.14502
Jan 2005,13-14/01/2005,Open area 2m,10:10,1.14632
Jan 2005,13-14/01/2005,Open area 2m,10:20,1.14799
Jan 2005,13-14/01/2005,Open area 2m,10:30,1.14988
Jan 2005,13-14/01/2005,Open area 2m,10:40,1.15016
Jan 2005,13-14/01/2005,Open area 2m,10:50,1.15064
Jan 2005,13-14/01/2005,Open area 2m,11:00,1.15076
Jan 2005,13-14/01/2005,Open area 2m,11:10,1.15211
Jan 2005,13-14/01/2005,Open area 2m,11:20,1.15034
Jan 2005,13-14/01/2005,Open area 2m,11:30,0.98719
Jan 2005,13-14/01/2005,Open area 2m,11:40,1.15439
Jan 2005,13-14/01/2005,Open area 2m,11:50,1.15519
Jan 2005,13-14/01/2005,Open area 2m,12:00,1.1534
Jan 2005,13-14/01/2005,Open area 2m,12:10,1.15419
Jan 2005,13-14/01/2005,Open area 2m,12:20,1.14538
Jan 2005,13-14/01/2005,Open area 2m,12:30,1.14345
Jan 2005,13-14/01/2005,Open area 2m,12:40,1.13591
Jan 2005,13-14/01/2005,Open area 2m,12:50,1.15416
Jan 2005,13-14/01/2005,Open area 2m,13:00,1.15153
Jan 2005,13-14/01/2005,Open area 2m,13:10,1.15394
Jan 2005,13-14/01/2005,Open area 2m,13:20,1.14989
Jan 2005,13-14/01/2005,Open area 2m,13:30,1.15025
Jan 2005,13-14/01/2005,Open area 2m,13:40,1.15043
Jan 2005,13-14/01/2005,Open area 2m,13:50,1.15728
Jan 2005,13-14/01/2005,Open area 2m,14:00,1.15888
Jan 2005,13-14/01/2005,Open area 2m,14:10,1.15339
Jan 2005,13-14/01/2005,Open area 2m,14:20,1.14273
Jan 2005,13-14/01/2005,Open area 2m,14:30,1.14534
Jan 2005,13-14/01/2005,Open area 2m,14:40,1.10412
Jan 2005,13-14/01/2005,Open area 2m,14:50,1.1602
Jan 2005,13-14/01/2005,Open area 2m,15:00,1.15852
Jan 2005,13-14/01/2005,Open area 2m,15:10,1.1466
Jan 2005,13-14/01/2005,Open area 2m,15:20,1.13389
Jan 2005,13-14/01/2005,Open area 2m,15:30,1.14308
Jan 2005,13-14/01/2005,Open area 2m,15:40,1.14223
Jan 2005,13-14/01/2005,Open area 2m,15:50,1.14741
Jan 2005,13-14/01/2005,Open area 2m,16:00,1.14644
Jan 2005,13-14/01/2005,Open area 2m,16:10,1.13194
Jan 2005,13-14/01/2005,Open area 2m,16:20,1.11614
Jan 2005,13-14/01/2005,Open area 2m,16:30,1.10661
Jan 2005,13-14/01/2005,Open area 2m,16:40,1.09127
Jan 2005,13-14/01/2005,Open area 2m,16:50,1.11274
Jan 2005,13-14/01/2005,Open area 2m,17:00,1.14688
Jan 2005,13-14/01/2005,Open area 2m,17:10,1.15064
Jan 2005,13-14/01/2005,Open area 2m,17:20,1.15417
Jan 2005,13-14/01/2005,Open area 2m,17:30,1.15771
Jan 2005,13-14/01/2005,Open area 2m,17:40,1.15744
Jan 2005,13-14/01/2005,Open area 2m,17:50,1.15867
Jan 2005,13-14/01/2005,Open area 2m,18:00,1.15867
Jan 2005,13-14/01/2005,Open area 2m,18:10,1.15283
Jan 2005,13-14/01/2005,Open area 2m,18:20,1.14603
Jan 2005,13-14/01/2005,Open area 2m,18:30,1.15832
Jan 2005,13-14/01/2005,Open area 2m,18:40,1.16352
Jan 2005,13-14/01/2005,Open area 2m,18:50,1.16571
Jan 2005,13-14/01/2005,Open area 2m,19:00,1.1679
Jan 2005,13-14/01/2005,Open area 2m,19:10,1.17009
Jan 2005,13-14/01/2005,Open area 2m,19:20,1.17228
Jan 2005,13-14/01/2005,Open area 2m,5:40,0.96398
Jan 2005,13-14/01/2005,Open area 2m,5:50,0.9724
Jan 2005,13-14/01/2005,Open area 2m,6:00,0.98082
Jan 2005,13-14/01/2005,Open area 2m,6:10,0.98924
Jan 2005,13-14/01/2005,Open area 2m,6:20,0.99766
Jan 2005,13-14/01/2005,Open area 2m,6:30,0.84299
Jan 2005,13-14/01/2005,Open area 2m,6:40,0.84106
Jan 2005,13-14/01/2005,Open area 2m,6:50,1.05574
Jan 2005,13-14/01/2005,Open area 2m,7:00,1.1186
Jan 2005,13-14/01/2005,Open area 2m,7:10,1.18124
Jan 2005,13-14/01/2005,Open area 2m,7:20,1.09562
Jan 2005,13-14/01/2005,Open area 2m,7:30,1.07429
Jan 2005,13-14/01/2005,Open area 2m,7:40,1.08286
Jan 2005,13-14/01/2005,Open area 2m,7:50,1.09402
Jan 2005,13-14/01/2005,Open area 2m,8:00,1.10361
Jan 2005,13-14/01/2005,Open area 2m,8:10,1.11139
Jan 2005,13-14/01/2005,Open area 2m,8:20,1.11759
Jan 2005,13-14/01/2005,Open area 2m,8:30,1.12175
Jan 2005,13-14/01/2005,Open area 2m,8:40,1.12581
Jan 2005,13-14/01/2005,Open area 2m,8:50,1.1284
Jan 2005,13-14/01/2005,Open area 2m,9:00,1.13333
Jan 2005,13-14/01/2005,Open area 2m,9:10,1.1371
Jan 2005,13-14/01/2005,Open area 2m,9:20,1.13973
Jan 2005,13-14/01/2005,Open area 2m,9:30,1.14175
Jan 2005,13-14/01/2005,Open area 2m,9:40,1.14198
Jan 2005,13-14/01/2005,Open area 2m,9:50,1.14463
Mar 2005,12-13/03/2005,AFS 1.2m,10:00,0.85189
Mar 2005,12-13/03/2005,AFS 1.2m,10:10,0.86791
Mar 2005,12-13/03/2005,AFS 1.2m,10:20,0.87248
Mar 2005,12-13/03/2005,AFS 1.2m,10:30,0.88468
Mar 2005,12-13/03/2005,AFS 1.2m,10:40,0.89497
Mar 2005,12-13/03/2005,AFS 1.2m,10:50,0.80526
Mar 2005,12-13/03/2005,AFS 1.2m,11:00,0.81555
Mar 2005,12-13/03/2005,AFS 1.2m,11:10,0.82584
Mar 2005,12-13/03/2005,AFS 1.2m,11:20,0.83614
Mar 2005,12-13/03/2005,AFS 1.2m,11:30,0.74643
Mar 2005,12-13/03/2005,AFS 1.2m,11:40,0.72193
Mar 2005,12-13/03/2005,AFS 1.2m,11:50,0.38312
Mar 2005,12-13/03/2005,AFS 1.2m,12:00,0.47259
Mar 2005,12-13/03/2005,AFS 1.2m,12:10,0.38268
Mar 2005,12-13/03/2005,AFS 1.2m,12:20,0.39568
Mar 2005,12-13/03/2005,AFS 1.2m,12:30,0.84768
Mar 2005,12-13/03/2005,AFS 1.2m,12:40,0.61813
Mar 2005,12-13/03/2005,AFS 1.2m,12:50,0.88019
Mar 2005,12-13/03/2005,AFS 1.2m,13:00,0.40207
Mar 2005,12-13/03/2005,AFS 1.2m,13:10,0.46254
Mar 2005,12-13/03/2005,AFS 1.2m,13:20,0.33901
Mar 2005,12-13/03/2005,AFS 1.2m,13:30,0.40252
Mar 2005,12-13/03/2005,AFS 1.2m,13:40,0.37611
Mar 2005,12-13/03/2005,AFS 1.2m,13:50,0.81496
Mar 2005,12-13/03/2005,AFS 1.2m,14:00,0.63575
Mar 2005,12-13/03/2005,AFS 1.2m,14:10,0.59872
Mar 2005,12-13/03/2005,AFS 1.2m,14:20,0.64488
Mar 2005,12-13/03/2005,AFS 1.2m,14:30,0.65614
Mar 2005,12-13/03/2005,AFS 1.2m,14:40,0.71258
Mar 2005,12-13/03/2005,AFS 1.2m,14:50,0.3732
Mar 2005,12-13/03/2005,AFS 1.2m,15:00,0.32632
Mar 2005,12-13/03/2005,AFS 1.2m,15:10,0.4882
Mar 2005,12-13/03/2005,AFS 1.2m,15:20,0.31477
Mar 2005,12-13/03/2005,AFS 1.2m,15:30,0.39508
Mar 2005,12-13/03/2005,AFS 1.2m,15:40,0.71609
Mar 2005,12-13/03/2005,AFS 1.2m,15:50,0.74339
Mar 2005,12-13/03/2005,AFS 1.2m,16:00,0.67112
Mar 2005,12-13/03/2005,AFS 1.2m,16:10,0.55109
Mar 2005,12-13/03/2005,AFS 1.2m,16:20,0.84926
Mar 2005,12-13/03/2005,AFS 1.2m,16:30,0.51029
Mar 2005,12-13/03/2005,AFS 1.2m,16:40,0.49944
Mar 2005,12-13/03/2005,AFS 1.2m,16:50,0.27542
Mar 2005,12-13/03/2005,AFS 1.2m,17:00,0.32785
Mar 2005,12-13/03/2005,AFS 1.2m,17:10,0.37496
Mar 2005,12-13/03/2005,AFS 1.2m,17:20,0.66713
Mar 2005,12-13/03/2005,AFS 1.2m,17:30,0.94885
Mar 2005,12-13/03/2005,AFS 1.2m,17:40,0.47421
Mar 2005,12-13/03/2005,AFS 1.2m,17:50,0.57404
Mar 2005,12-13/03/2005,AFS 1.2m,18:00,0.55397
Mar 2005,12-13/03/2005,AFS 1.2m,18:10,0.57526
Mar 2005,12-13/03/2005,AFS 1.2m,18:20,0.45527
Mar 2005,12-13/03/2005,AFS 1.2m,18:30,0.60234
Mar 2005,12-13/03/2005,AFS 1.2m,6:30,0.28686
Mar 2005,12-13/03/2005,AFS 1.2m,6:40,0.33121
Mar 2005,12-13/03/2005,AFS 1.2m,6:50,0.50886
Mar 2005,12-13/03/2005,AFS 1.2m,7:00,0.79841
Mar 2005,12-13/03/2005,AFS 1.2m,7:10,0.62566
Mar 2005,12-13/03/2005,AFS 1.2m,7:20,0.65356
Mar 2005,12-13/03/2005,AFS 1.2m,7:30,0.84772
Mar 2005,12-13/03/2005,AFS 1.2m,7:40,0.74497
Mar 2005,12-13/03/2005,AFS 1.2m,7:50,0.69221
Mar 2005,12-13/03/2005,AFS 1.2m,8:00,0.73186
Mar 2005,12-13/03/2005,AFS 1.2m,8:10,0.77729
Mar 2005,12-13/03/2005,AFS 1.2m,8:20,0.82852
Mar 2005,12-13/03/2005,AFS 1.2m,8:30,0.81849
Mar 2005,12-13/03/2005,AFS 1.2m,8:40,0.87861
Mar 2005,12-13/03/2005,AFS 1.2m,8:50,0.95209
Mar 2005,12-13/03/2005,AFS 1.2m,9:00,0.94276
Mar 2005,12-13/03/2005,AFS 1.2m,9:10,0.85921
Mar 2005,12-13/03/2005,AFS 1.2m,9:20,0.96909
Mar 2005,12-13/03/2005,AFS 1.2m,9:30,0.94505
Mar 2005,12-13/03/2005,AFS 1.2m,9:40,0.86982
Mar 2005,12-13/03/2005,AFS 1.2m,9:50,0.87138
Mar 2005,13-14/03/2005,AFS 1.2m,10:00,0.61649
Mar 2005,13-14/03/2005,AFS 1.2m,10:10,0.48886
Mar 2005,13-14/03/2005,AFS 1.2m,10:20,0.51166
Mar 2005,13-14/03/2005,AFS 1.2m,10:30,0.42941
Mar 2005,13-14/03/2005,AFS 1.2m,10:40,0.57728
Mar 2005,13-14/03/2005,AFS 1.2m,10:50,0.58512
Mar 2005,13-14/03/2005,AFS 1.2m,11:00,0.3977
Mar 2005,13-14/03/2005,AFS 1.2m,11:10,1.07149
Mar 2005,13-14/03/2005,AFS 1.2m,11:20,0.56096
Mar 2005,13-14/03/2005,AFS 1.2m,11:30,0.59586
Mar 2005,13-14/03/2005,AFS 1.2m,11:40,0.66856
Mar 2005,13-14/03/2005,AFS 1.2m,11:50,0.68273
Mar 2005,13-14/03/2005,AFS 1.2m,12:00,0.52642
Mar 2005,13-14/03/2005,AFS 1.2m,12:10,0.77849
Mar 2005,13-14/03/2005,AFS 1.2m,12:20,0.44675
Mar 2005,13-14/03/2005,AFS 1.2m,12:30,0.63077
Mar 2005,13-14/03/2005,AFS 1.2m,12:40,0.85331
Mar 2005,13-14/03/2005,AFS 1.2m,12:50,0.7819
Mar 2005,13-14/03/2005,AFS 1.2m,13:00,0.82461
Mar 2005,13-14/03/2005,AFS 1.2m,13:10,0.83139
Mar 2005,13-14/03/2005,AFS 1.2m,13:20,0.77409
Mar 2005,13-14/03/2005,AFS 1.2m,13:30,0.70767
Mar 2005,13-14/03/2005,AFS 1.2m,13:40,0.43335
Mar 2005,13-14/03/2005,AFS 1.2m,13:50,0.74161
Mar 2005,13-14/03/2005,AFS 1.2m,14:00,0.84707
Mar 2005,13-14/03/2005,AFS 1.2m,14:10,0.80019
Mar 2005,13-14/03/2005,AFS 1.2m,14:20,0.4837
Mar 2005,13-14/03/2005,AFS 1.2m,14:30,0.37503
Mar 2005,13-14/03/2005,AFS 1.2m,14:40,0.58009
Mar 2005,13-14/03/2005,AFS 1.2m,14:50,0.54734
Mar 2005,13-14/03/2005,AFS 1.2m,15:00,0.65691
Mar 2005,13-14/03/2005,AFS 1.2m,15:10,0.94045
Mar 2005,13-14/03/2005,AFS 1.2m,15:20,0.64619
Mar 2005,13-14/03/2005,AFS 1.2m,15:30,0.62398
Mar 2005,13-14/03/2005,AFS 1.2m,15:40,0.73165
Mar 2005,13-14/03/2005,AFS 1.2m,15:50,0.48924
Mar 2005,13-14/03/2005,AFS 1.2m,16:00,0.58875
Mar 2005,13-14/03/2005,AFS 1.2m,16:10,0.76028
Mar 2005,13-14/03/2005,AFS 1.2m,16:20,0.57551
Mar 2005,13-14/03/2005,AFS 1.2m,16:30,0.60929
Mar 2005,13-14/03/2005,AFS 1.2m,16:40,0.39555
Mar 2005,13-14/03/2005,AFS 1.2m,16:50,0.88427
Mar 2005,13-14/03/2005,AFS 1.2m,17:00,0.8712
Mar 2005,13-14/03/2005,AFS 1.2m,17:10,0.64393
Mar 2005,13-14/03/2005,AFS 1.2m,17:20,0.5498
Mar 2005,13-14/03/2005,AFS 1.2m,17:30,0.39641
Mar 2005,13-14/03/2005,AFS 1.2m,17:40,0.53915
Mar 2005,13-14/03/2005,AFS 1.2m,17:50,0.72683
Mar 2005,13-14/03/2005,AFS 1.2m,18:00,0.33953
Mar 2005,13-14/03/2005,AFS 1.2m,18:10,0.42621
Mar 2005,13-14/03/2005,AFS 1.2m,18:20,0.47836
Mar 2005,13-14/03/2005,AFS 1.2m,18:30,0.4802
Mar 2005,13-14/03/2005,AFS 1.2m,6:30,0.10151
Mar 2005,13-14/03/2005,AFS 1.2m,6:40,0.80471
Mar 2005,13-14/03/2005,AFS 1.2m,6:50,0.31825
Mar 2005,13-14/03/2005,AFS 1.2m,7:00,0.36846
Mar 2005,13-14/03/2005,AFS 1.2m,7:10,0.34871
Mar 2005,13-14/03/2005,AFS 1.2m,7:20,0.59447
Mar 2005,13-14/03/2005,AFS 1.2m,7:30,0.53195
Mar 2005,13-14/03/2005,AFS 1.2m,7:40,0.77932
Mar 2005,13-14/03/2005,AFS 1.2m,7:50,0.73442
Mar 2005,13-14/03/2005,AFS 1.2m,8:00,0.78826
Mar 2005,13-14/03/2005,AFS 1.2m,8:10,0.65974
Mar 2005,13-14/03/2005,AFS 1.2m,8:20,0.34048
Mar 2005,13-14/03/2005,AFS 1.2m,8:30,0.60658
Mar 2005,13-14/03/2005,AFS 1.2m,8:40,0.65501
Mar 2005,13-14/03/2005,AFS 1.2m,8:50,0.77341
Mar 2005,13-14/03/2005,AFS 1.2m,9:00,0.44859
Mar 2005,13-14/03/2005,AFS 1.2m,9:10,0.86181
Mar 2005,13-14/03/2005,AFS 1.2m,9:20,0.81212
Mar 2005,13-14/03/2005,AFS 1.2m,9:30,0.68483
Mar 2005,13-14/03/2005,AFS 1.2m,9:40,0.53765
Mar 2005,13-14/03/2005,AFS 1.2m,9:50,0.49056
Mar 2005,14-15/03/2005,AFS 2m,10:00,0.57935
Mar 2005,14-15/03/2005,AFS 2m,10:10,0.63429
Mar 2005,14-15/03/2005,AFS 2m,10:20,0.65211
Mar 2005,14-15/03/2005,AFS 2m,10:30,0.63436
Mar 2005,14-15/03/2005,AFS 2m,10:40,0.65704
Mar 2005,14-15/03/2005,AFS 2m,10:50,0.68991
Mar 2005,14-15/03/2005,AFS 2m,11:00,0.67514
Mar 2005,14-15/03/2005,AFS 2m,11:10,0.6876
Mar 2005,14-15/03/2005,AFS 2m,11:20,0.64739
Mar 2005,14-15/03/2005,AFS 2m,11:30,0.65716
Mar 2005,14-15/03/2005,AFS 2m,11:40,0.62744
Mar 2005,14-15/03/2005,AFS 2m,11:50,0.6795
Mar 2005,14-15/03/2005,AFS 2m,12:00,0.62293
Mar 2005,14-15/03/2005,AFS 2m,12:10,0.68957
Mar 2005,14-15/03/2005,AFS 2m,12:20,0.71874
Mar 2005,14-15/03/2005,AFS 2m,12:30,0.73626
Mar 2005,14-15/03/2005,AFS 2m,12:40,0.70493
Mar 2005,14-15/03/2005,AFS 2m,12:50,0.7256
Mar 2005,14-15/03/2005,AFS 2m,13:00,0.71709
Mar 2005,14-15/03/2005,AFS 2m,13:10,0.71988
Mar 2005,14-15/03/2005,AFS 2m,13:20,0.74375
Mar 2005,14-15/03/2005,AFS 2m,13:30,0.74509
Mar 2005,14-15/03/2005,AFS 2m,13:40,0.71785
Mar 2005,14-15/03/2005,AFS 2m,13:50,0.72059
Mar 2005,14-15/03/2005,AFS 2m,14:00,0.74828
Mar 2005,14-15/03/2005,AFS 2m,14:10,0.72699
Mar 2005,14-15/03/2005,AFS 2m,14:20,0.73009
Mar 2005,14-15/03/2005,AFS 2m,14:30,0.73683
Mar 2005,14-15/03/2005,AFS 2m,14:40,0.72628
Mar 2005,14-15/03/2005,AFS 2m,14:50,0.72986
Mar 2005,14-15/03/2005,AFS 2m,15:00,0.71215
Mar 2005,14-15/03/2005,AFS 2m,15:10,0.71814
Mar 2005,14-15/03/2005,AFS 2m,15:20,0.72378
Mar 2005,14-15/03/2005,AFS 2m,15:30,0.74385
Mar 2005,14-15/03/2005,AFS 2m,15:40,0.76695
Mar 2005,14-15/03/2005,AFS 2m,15:50,0.77446
Mar 2005,14-15/03/2005,AFS 2m,16:00,0.73295
Mar 2005,14-15/03/2005,AFS 2m,16:10,0.7454
Mar 2005,14-15/03/2005,AFS 2m,16:20,0.71398
Mar 2005,14-15/03/2005,AFS 2m,16:30,0.69319
Mar 2005,14-15/03/2005,AFS 2m,16:40,0.70682
Mar 2005,14-15/03/2005,AFS 2m,16:50,0.68759
Mar 2005,14-15/03/2005,AFS 2m,17:00,0.68988
Mar 2005,14-15/03/2005,AFS 2m,17:10,0.72626
Mar 2005,14-15/03/2005,AFS 2m,17:20,0.72083
Mar 2005,14-15/03/2005,AFS 2m,17:30,0.72467
Mar 2005,14-15/03/2005,AFS 2m,17:40,0.71623
Mar 2005,14-15/03/2005,AFS 2m,17:50,0.72152
Mar 2005,14-15/03/2005,AFS 2m,18:00,0.72669
Mar 2005,14-15/03/2005,AFS 2m,18:10,0.71327
Mar 2005,14-15/03/2005,AFS 2m,18:20,0.71555
Mar 2005,14-15/03/2005,AFS 2m,18:30,0.55211
Mar 2005,14-15/03/2005,AFS 2m,6:30,0.1346
Mar 2005,14-15/03/2005,AFS 2m,6:40,0.71766
Mar 2005,14-15/03/2005,AFS 2m,6:50,0.13275
Mar 2005,14-15/03/2005,AFS 2m,7:00,0.51315
Mar 2005,14-15/03/2005,AFS 2m,7:10,0.27535
Mar 2005,14-15/03/2005,AFS 2m,7:20,0.59334
Mar 2005,14-15/03/2005,AFS 2m,7:30,0.60035
Mar 2005,14-15/03/2005,AFS 2m,7:40,0.55754
Mar 2005,14-15/03/2005,AFS 2m,7:50,0.59642
Mar 2005,14-15/03/2005,AFS 2m,8:00,0.69949
Mar 2005,14-15/03/2005,AFS 2m,8:10,0.69162
Mar 2005,14-15/03/2005,AFS 2m,8:20,0.68451
Mar 2005,14-15/03/2005,AFS 2m,8:30,0.71191
Mar 2005,14-15/03/2005,AFS 2m,8:40,0.66799
Mar 2005,14-15/03/2005,AFS 2m,8:50,0.6819
Mar 2005,14-15/03/2005,AFS 2m,9:00,0.66449
Mar 2005,14-15/03/2005,AFS 2m,9:10,0.69085
Mar 2005,14-15/03/2005,AFS 2m,9:20,0.64835
Mar 2005,14-15/03/2005,AFS 2m,9:30,0.55701
Mar 2005,14-15/03/2005,AFS 2m,9:40,0.62149
Mar 2005,14-15/03/2005,AFS 2m,9:50,0.59505
Mar 2005,15-16/03/2005,AFS 2m,10:00,0.685
Mar 2005,15-16/03/2005,AFS 2m,10:10,0.66673
Mar 2005,15-16/03/2005,AFS 2m,10:20,0.66684
Mar 2005,15-16/03/2005,AFS 2m,10:30,0.65911
Mar 2005,15-16/03/2005,AFS 2m,10:40,0.57032
Mar 2005,15-16/03/2005,AFS 2m,10:50,0.54048
Mar 2005,15-16/03/2005,AFS 2m,11:00,0.55288
Mar 2005,15-16/03/2005,AFS 2m,11:10,0.66399
Mar 2005,15-16/03/2005,AFS 2m,11:20,0.57905
Mar 2005,15-16/03/2005,AFS 2m,11:30,0.64949
Mar 2005,15-16/03/2005,AFS 2m,11:40,0.62979
Mar 2005,15-16/03/2005,AFS 2m,11:50,0.62382
Mar 2005,15-16/03/2005,AFS 2m,12:00,0.64126
Mar 2005,15-16/03/2005,AFS 2m,12:10,0.61731
Mar 2005,15-16/03/2005,AFS 2m,12:20,0.61337
Mar 2005,15-16/03/2005,AFS 2m,12:30,0.57063
Mar 2005,15-16/03/2005,AFS 2m,12:40,0.35451
Mar 2005,15-16/03/2005,AFS 2m,12:50,0.48537
Mar 2005,15-16/03/2005,AFS 2m,13:00,0.62129
Mar 2005,15-16/03/2005,AFS 2m,13:10,0.632
Mar 2005,15-16/03/2005,AFS 2m,13:20,0.67154
Mar 2005,15-16/03/2005,AFS 2m,13:30,0.62557
Mar 2005,15-16/03/2005,AFS 2m,13:40,0.68087
Mar 2005,15-16/03/2005,AFS 2m,13:50,0.68539
Mar 2005,15-16/03/2005,AFS 2m,14:00,0.68681
Mar 2005,15-16/03/2005,AFS 2m,14:10,0.67939
Mar 2005,15-16/03/2005,AFS 2m,14:20,0.64005
Mar 2005,15-16/03/2005,AFS 2m,14:30,0.62089
Mar 2005,15-16/03/2005,AFS 2m,14:40,0.64753
Mar 2005,15-16/03/2005,AFS 2m,14:50,0.65826
Mar 2005,15-16/03/2005,AFS 2m,15:00,0.56442
Mar 2005,15-16/03/2005,AFS 2m,15:10,0.66138
Mar 2005,15-16/03/2005,AFS 2m,15:20,0.6371
Mar 2005,15-16/03/2005,AFS 2m,15:30,0.5951
Mar 2005,15-16/03/2005,AFS 2m,15:40,0.68044
Mar 2005,15-16/03/2005,AFS 2m,15:50,0.67508
Mar 2005,15-16/03/2005,AFS 2m,16:00,0.62399
Mar 2005,15-16/03/2005,AFS 2m,16:10,0.69457
Mar 2005,15-16/03/2005,AFS 2m,16:20,0.70462
Mar 2005,15-16/03/2005,AFS 2m,16:30,0.73494
Mar 2005,15-16/03/2005,AFS 2m,16:40,0.72323
Mar 2005,15-16/03/2005,AFS 2m,16:50,0.72315
Mar 2005,15-16/03/2005,AFS 2m,17:00,0.7663
Mar 2005,15-16/03/2005,AFS 2m,17:10,0.7027
Mar 2005,15-16/03/2005,AFS 2m,17:20,0.69563
Mar 2005,15-16/03/2005,AFS 2m,17:30,0.72952
Mar 2005,15-16/03/2005,AFS 2m,17:40,0.71259
Mar 2005,15-16/03/2005,AFS 2m,17:50,0.72252
Mar 2005,15-16/03/2005,AFS 2m,18:00,0.73299
Mar 2005,15-16/03/2005,AFS 2m,18:10,0.75746
Mar 2005,15-16/03/2005,AFS 2m,18:20,0.7421
Mar 2005,15-16/03/2005,AFS 2m,18:30,0.722
Mar 2005,15-16/03/2005,AFS 2m,6:30,0.6915
Mar 2005,15-16/03/2005,AFS 2m,6:40,0.47211
Mar 2005,15-16/03/2005,AFS 2m,6:50,0.1853
Mar 2005,15-16/03/2005,AFS 2m,7:00,0.47794
Mar 2005,15-16/03/2005,AFS 2m,7:10,0.62875
Mar 2005,15-16/03/2005,AFS 2m,7:20,0.56689
Mar 2005,15-16/03/2005,AFS 2m,7:30,0.6565
Mar 2005,15-16/03/2005,AFS 2m,7:40,0.78419
Mar 2005,15-16/03/2005,AFS 2m,7:50,0.63889
Mar 2005,15-16/03/2005,AFS 2m,8:00,0.58623
Mar 2005,15-16/03/2005,AFS 2m,8:10,0.72455
Mar 2005,15-16/03/2005,AFS 2m,8:20,0.60016
Mar 2005,15-16/03/2005,AFS 2m,8:30,0.74197
Mar 2005,15-16/03/2005,AFS 2m,8:40,0.74767
Mar 2005,15-16/03/2005,AFS 2m,8:50,0.72673
Mar 2005,15-16/03/2005,AFS 2m,9:00,0.71936
Mar 2005,15-16/03/2005,AFS 2m,9:10,0.72063
Mar 2005,15-16/03/2005,AFS 2m,9:20,0.72071
Mar 2005,15-16/03/2005,AFS 2m,9:30,0.71476
Mar 2005,15-16/03/2005,AFS 2m,9:40,0.70879
Mar 2005,15-16/03/2005,AFS 2m,9:50,0.70022
Mar 2005,10-11/03/2005,MO 1.2m,10:00,0.33
Mar 2005,10-11/03/2005,MO 1.2m,10:10,0.32396
Mar 2005,10-11/03/2005,MO 1.2m,10:20,0.31347
Mar 2005,10-11/03/2005,MO 1.2m,10:30,0.31146
Mar 2005,10-11/03/2005,MO 1.2m,10:40,0.30117
Mar 2005,10-11/03/2005,MO 1.2m,10:50,0.29484
Mar 2005,10-11/03/2005,MO 1.2m,11:00,0.29042
Mar 2005,10-11/03/2005,MO 1.2m,11:10,0.28506
Mar 2005,10-11/03/2005,MO 1.2m,11:20,0.27596
Mar 2005,10-11/03/2005,MO 1.2m,11:30,0.27417
Mar 2005,10-11/03/2005,MO 1.2m,11:40,0.28394
Mar 2005,10-11/03/2005,MO 1.2m,11:50,0.28681
Mar 2005,10-11/03/2005,MO 1.2m,12:00,0.28688
Mar 2005,10-11/03/2005,MO 1.2m,12:10,0.31456
Mar 2005,10-11/03/2005,MO 1.2m,12:20,0.36506
Mar 2005,10-11/03/2005,MO 1.2m,12:30,0.38631
Mar 2005,10-11/03/2005,MO 1.2m,12:40,0.42865
Mar 2005,10-11/03/2005,MO 1.2m,12:50,0.52081
Mar 2005,10-11/03/2005,MO 1.2m,13:00,0.49431
Mar 2005,10-11/03/2005,MO 1.2m,13:10,0.70935
Mar 2005,10-11/03/2005,MO 1.2m,13:20,0.73402
Mar 2005,10-11/03/2005,MO 1.2m,13:30,0.66059
Mar 2005,10-11/03/2005,MO 1.2m,13:40,0.65686
Mar 2005,10-11/03/2005,MO 1.2m,13:50,0.56017
Mar 2005,10-11/03/2005,MO 1.2m,14:00,0.62023
Mar 2005,10-11/03/2005,MO 1.2m,14:10,0.51486
Mar 2005,10-11/03/2005,MO 1.2m,14:20,0.596
Mar 2005,10-11/03/2005,MO 1.2m,14:30,0.71982
Mar 2005,10-11/03/2005,MO 1.2m,14:40,0.74576
Mar 2005,10-11/03/2005,MO 1.2m,14:50,0.73085
Mar 2005,10-11/03/2005,MO 1.2m,15:00,0.72503
Mar 2005,10-11/03/2005,MO 1.2m,15:10,0.79552
Mar 2005,10-11/03/2005,MO 1.2m,15:20,0.87507
Mar 2005,10-11/03/2005,MO 1.2m,15:30,0.75123
Mar 2005,10-11/03/2005,MO 1.2m,15:40,0.73631
Mar 2005,10-11/03/2005,MO 1.2m,15:50,0.71828
Mar 2005,10-11/03/2005,MO 1.2m,16:00,0.62218
Mar 2005,10-11/03/2005,MO 1.2m,16:10,0.89722
Mar 2005,10-11/03/2005,MO 1.2m,16:20,0.67223
Mar 2005,10-11/03/2005,MO 1.2m,16:30,0.69701
Mar 2005,10-11/03/2005,MO 1.2m,16:40,0.74813
Mar 2005,10-11/03/2005,MO 1.2m,16:50,0.65579
Mar 2005,10-11/03/2005,MO 1.2m,17:00,0.72642
Mar 2005,10-11/03/2005,MO 1.2m,17:10,0.58687
Mar 2005,10-11/03/2005,MO 1.2m,17:20,0.50123
Mar 2005,10-11/03/2005,MO 1.2m,17:30,0.53166
Mar 2005,10-11/03/2005,MO 1.2m,17:40,0.69808
Mar 2005,10-11/03/2005,MO 1.2m,17:50,0.60737
Mar 2005,10-11/03/2005,MO 1.2m,18:00,0.51962
Mar 2005,10-11/03/2005,MO 1.2m,18:10,0.54311
Mar 2005,10-11/03/2005,MO 1.2m,18:20,0.58696
Mar 2005,10-11/03/2005,MO 1.2m,18:30,0.64935
Mar 2005,10-11/03/2005,MO 1.2m,6:30,0.65898
Mar 2005,10-11/03/2005,MO 1.2m,6:40,0.85779
Mar 2005,10-11/03/2005,MO 1.2m,6:50,0.64826
Mar 2005,10-11/03/2005,MO 1.2m,7:00,0.73476
Mar 2005,10-11/03/2005,MO 1.2m,7:10,0.44066
Mar 2005,10-11/03/2005,MO 1.2m,7:20,0.5489
Mar 2005,10-11/03/2005,MO 1.2m,7:30,0.70958
Mar 2005,10-11/03/2005,MO 1.2m,7:40,0.78375
Mar 2005,10-11/03/2005,MO 1.2m,7:50,0.7247
Mar 2005,10-11/03/2005,MO 1.2m,8:00,0.76647
Mar 2005,10-11/03/2005,MO 1.2m,8:10,0.78659
Mar 2005,10-11/03/2005,MO 1.2m,8:20,0.77038
Mar 2005,10-11/03/2005,MO 1.2m,8:30,0.68818
Mar 2005,10-11/03/2005,MO 1.2m,8:40,0.55901
Mar 2005,10-11/03/2005,MO 1.2m,8:50,0.44331
Mar 2005,10-11/03/2005,MO 1.2m,9:00,0.39152
Mar 2005,10-11/03/2005,MO 1.2m,9:10,0.3703
Mar 2005,10-11/03/2005,MO 1.2m,9:20,0.40959
Mar 2005,10-11/03/2005,MO 1.2m,9:30,0.3542
Mar 2005,10-11/03/2005,MO 1.2m,9:40,0.34789
Mar 2005,10-11/03/2005,MO 1.2m,9:50,0.3421
Mar 2005,11-12/03/2005,MO 1.2m,10:00,0.59173
Mar 2005,11-12/03/2005,MO 1.2m,10:10,0.35902
Mar 2005,11-12/03/2005,MO 1.2m,10:20,0.56501
Mar 2005,11-12/03/2005,MO 1.2m,10:30,0.6983
Mar 2005,11-12/03/2005,MO 1.2m,10:40,0.56749
Mar 2005,11-12/03/2005,MO 1.2m,10:50,0.56938
Mar 2005,11-12/03/2005,MO 1.2m,11:00,0.88349
Mar 2005,11-12/03/2005,MO 1.2m,11:10,0.47705
Mar 2005,11-12/03/2005,MO 1.2m,11:20,0.44183
Mar 2005,11-12/03/2005,MO 1.2m,11:30,0.4352
Mar 2005,11-12/03/2005,MO 1.2m,11:40,0.3027
Mar 2005,11-12/03/2005,MO 1.2m,11:50,0.32342
Mar 2005,11-12/03/2005,MO 1.2m,12:00,0.49002
Mar 2005,11-12/03/2005,MO 1.2m,12:10,0.3305
Mar 2005,11-12/03/2005,MO 1.2m,12:20,0.33896
Mar 2005,11-12/03/2005,MO 1.2m,12:30,0.84134
Mar 2005,11-12/03/2005,MO 1.2m,12:40,0.55238
Mar 2005,11-12/03/2005,MO 1.2m,12:50,0.65705
Mar 2005,11-12/03/2005,MO 1.2m,13:00,0.52374
Mar 2005,11-12/03/2005,MO 1.2m,13:10,0.54923
Mar 2005,11-12/03/2005,MO 1.2m,13:20,0.62243
Mar 2005,11-12/03/2005,MO 1.2m,13:30,0.90912
Mar 2005,11-12/03/2005,MO 1.2m,13:40,0.59461
Mar 2005,11-12/03/2005,MO 1.2m,13:50,0.63013
Mar 2005,11-12/03/2005,MO 1.2m,14:00,0.65283
Mar 2005,11-12/03/2005,MO 1.2m,14:10,0.61725
Mar 2005,11-12/03/2005,MO 1.2m,14:20,0.61555
Mar 2005,11-12/03/2005,MO 1.2m,14:30,0.86207
Mar 2005,11-12/03/2005,MO 1.2m,14:40,0.72782
Mar 2005,11-12/03/2005,MO 1.2m,14:50,0.8042
Mar 2005,11-12/03/2005,MO 1.2m,15:00,0.6355
Mar 2005,11-12/03/2005,MO 1.2m,15:10,0.72748
Mar 2005,11-12/03/2005,MO 1.2m,15:20,0.73668
Mar 2005,11-12/03/2005,MO 1.2m,15:30,0.72415
Mar 2005,11-12/03/2005,MO 1.2m,15:40,0.7335
Mar 2005,11-12/03/2005,MO 1.2m,15:50,0.66281
Mar 2005,11-12/03/2005,MO 1.2m,16:00,0.8394
Mar 2005,11-12/03/2005,MO 1.2m,16:10,1.01992
Mar 2005,11-12/03/2005,MO 1.2m,16:20,1.02503
Mar 2005,11-12/03/2005,MO 1.2m,16:30,1.00342
Mar 2005,11-12/03/2005,MO 1.2m,16:40,1.03191
Mar 2005,11-12/03/2005,MO 1.2m,16:50,1.02969
Mar 2005,11-12/03/2005,MO 1.2m,17:00,1.02319
Mar 2005,11-12/03/2005,MO 1.2m,17:10,1.02054
Mar 2005,11-12/03/2005,MO 1.2m,17:20,0.99214
Mar 2005,11-12/03/2005,MO 1.2m,17:30,0.5951
Mar 2005,11-12/03/2005,MO 1.2m,17:40,0.73246
Mar 2005,11-12/03/2005,MO 1.2m,17:50,0.68594
Mar 2005,11-12/03/2005,MO 1.2m,18:00,0.5855
Mar 2005,11-12/03/2005,MO 1.2m,18:10,0.61254
Mar 2005,11-12/03/2005,MO 1.2m,18:20,0.75732
Mar 2005,11-12/03/2005,MO 1.2m,18:30,0.87009
Mar 2005,11-12/03/2005,MO 1.2m,6:30,0.44011
Mar 2005,11-12/03/2005,MO 1.2m,6:40,0.22232
Mar 2005,11-12/03/2005,MO 1.2m,6:50,0.41617
Mar 2005,11-12/03/2005,MO 1.2m,7:00,0.5712
Mar 2005,11-12/03/2005,MO 1.2m,7:10,0.44947
Mar 2005,11-12/03/2005,MO 1.2m,7:20,0.40475
Mar 2005,11-12/03/2005,MO 1.2m,7:30,0.60159
Mar 2005,11-12/03/2005,MO 1.2m,7:40,0.69612
Mar 2005,11-12/03/2005,MO 1.2m,7:50,0.70755
Mar 2005,11-12/03/2005,MO 1.2m,8:00,0.76612
Mar 2005,11-12/03/2005,MO 1.2m,8:10,0.78804
Mar 2005,11-12/03/2005,MO 1.2m,8:20,0.79206
Mar 2005,11-12/03/2005,MO 1.2m,8:30,0.65991
Mar 2005,11-12/03/2005,MO 1.2m,8:40,0.59305
Mar 2005,11-12/03/2005,MO 1.2m,8:50,0.52382
Mar 2005,11-12/03/2005,MO 1.2m,9:00,0.50723
Mar 2005,11-12/03/2005,MO 1.2m,9:10,0.46979
Mar 2005,11-12/03/2005,MO 1.2m,9:20,0.46312
Mar 2005,11-12/03/2005,MO 1.2m,9:30,0.65222
Mar 2005,11-12/03/2005,MO 1.2m,9:40,0.70369
Mar 2005,11-12/03/2005,MO 1.2m,9:50,0.65686
Mar 2005,26-27/03/2005,MO 2m,10:00,0.83722
Mar 2005,26-27/03/2005,MO 2m,10:10,0.83801
Mar 2005,26-27/03/2005,MO 2m,10:20,0.83599
Mar 2005,26-27/03/2005,MO 2m,10:30,0.82886
Mar 2005,26-27/03/2005,MO 2m,10:40,0.82184
Mar 2005,26-27/03/2005,MO 2m,10:50,0.81707
Mar 2005,26-27/03/2005,MO 2m,11:00,0.86657
Mar 2005,26-27/03/2005,MO 2m,11:10,0.82901
Mar 2005,26-27/03/2005,MO 2m,11:20,0.75631
Mar 2005,26-27/03/2005,MO 2m,11:30,0.67923
Mar 2005,26-27/03/2005,MO 2m,11:40,0.62455
Mar 2005,26-27/03/2005,MO 2m,11:50,0.81323
Mar 2005,26-27/03/2005,MO 2m,12:00,0.85058
Mar 2005,26-27/03/2005,MO 2m,12:10,0.85391
Mar 2005,26-27/03/2005,MO 2m,12:20,0.85663
Mar 2005,26-27/03/2005,MO 2m,12:30,0.88423
Mar 2005,26-27/03/2005,MO 2m,12:40,0.8649
Mar 2005,26-27/03/2005,MO 2m,12:50,0.87107
Mar 2005,26-27/03/2005,MO 2m,13:00,0.91233
Mar 2005,26-27/03/2005,MO 2m,13:10,0.88378
Mar 2005,26-27/03/2005,MO 2m,13:20,0.86741
Mar 2005,26-27/03/2005,MO 2m,13:30,0.76095
Mar 2005,26-27/03/2005,MO 2m,13:40,0.62488
Mar 2005,26-27/03/2005,MO 2m,13:50,0.73453
Mar 2005,26-27/03/2005,MO 2m,14:00,0.66022
Mar 2005,26-27/03/2005,MO 2m,14:10,0.65153
Mar 2005,26-27/03/2005,MO 2m,14:20,0.6525
Mar 2005,26-27/03/2005,MO 2m,14:30,0.68768
Mar 2005,26-27/03/2005,MO 2m,14:40,0.58637
Mar 2005,26-27/03/2005,MO 2m,14:50,0.99904
Mar 2005,26-27/03/2005,MO 2m,15:00,1.03263
Mar 2005,26-27/03/2005,MO 2m,15:10,1.02591
Mar 2005,26-27/03/2005,MO 2m,15:20,1.02223
Mar 2005,26-27/03/2005,MO 2m,15:30,0.80174
Mar 2005,26-27/03/2005,MO 2m,15:40,0.63362
Mar 2005,26-27/03/2005,MO 2m,15:50,0.44059
Mar 2005,26-27/03/2005,MO 2m,16:00,0.50528
Mar 2005,26-27/03/2005,MO 2m,16:10,0.62261
Mar 2005,26-27/03/2005,MO 2m,16:20,0.44692
Mar 2005,26-27/03/2005,MO 2m,16:30,0.51947
Mar 2005,26-27/03/2005,MO 2m,16:40,0.51372
Mar 2005,26-27/03/2005,MO 2m,16:50,0.51369
Mar 2005,26-27/03/2005,MO 2m,17:00,0.40463
Mar 2005,26-27/03/2005,MO 2m,17:10,0.51641
Mar 2005,26-27/03/2005,MO 2m,17:20,0.5157
Mar 2005,26-27/03/2005,MO 2m,17:30,0.65704
Mar 2005,26-27/03/2005,MO 2m,17:40,1.00538
Mar 2005,26-27/03/2005,MO 2m,17:50,1.06922
Mar 2005,26-27/03/2005,MO 2m,18:00,1.0659
Mar 2005,26-27/03/2005,MO 2m,18:10,1.04401
Mar 2005,26-27/03/2005,MO 2m,18:20,1.03019
Mar 2005,26-27/03/2005,MO 2m,18:30,1.0041
Mar 2005,26-27/03/2005,MO 2m,6:30,0.60787
Mar 2005,26-27/03/2005,MO 2m,6:40,0.72463
Mar 2005,26-27/03/2005,MO 2m,6:50,0.7
Mar 2005,26-27/03/2005,MO 2m,7:00,0.64736
Mar 2005,26-27/03/2005,MO 2m,7:10,0.60846
Mar 2005,26-27/03/2005,MO 2m,7:20,0.64988
Mar 2005,26-27/03/2005,MO 2m,7:30,0.77543
Mar 2005,26-27/03/2005,MO 2m,7:40,0.6307
Mar 2005,26-27/03/2005,MO 2m,7:50,0.66389
Mar 2005,26-27/03/2005,MO 2m,8:00,0.70409
Mar 2005,26-27/03/2005,MO 2m,8:10,0.77183
Mar 2005,26-27/03/2005,MO 2m,8:20,0.53143
Mar 2005,26-27/03/2005,MO 2m,8:30,0.53432
Mar 2005,26-27/03/2005,MO 2m,8:40,0.67756
Mar 2005,26-27/03/2005,MO 2m,8:50,0.68564
Mar 2005,26-27/03/2005,MO 2m,9:00,0.80628
Mar 2005,26-27/03/2005,MO 2m,9:10,0.59238
Mar 2005,26-27/03/2005,MO 2m,9:20,0.75759
Mar 2005,26-27/03/2005,MO 2m,9:30,0.69268
Mar 2005,26-27/03/2005,MO 2m,9:40,0.71709
Mar 2005,26-27/03/2005,MO 2m,9:50,0.84385
Mar 2005,24-25/03/2005,Open area 2m,10:00,1.17946
Mar 2005,24-25/03/2005,Open area 2m,10:10,1.18044
Mar 2005,24-25/03/2005,Open area 2m,10:20,1.17918
Mar 2005,24-25/03/2005,Open area 2m,10:30,1.17845
Mar 2005,24-25/03/2005,Open area 2m,10:40,1.17914
Mar 2005,24-25/03/2005,Open area 2m,10:50,1.18154
Mar 2005,24-25/03/2005,Open area 2m,11:00,1.18092
Mar 2005,24-25/03/2005,Open area 2m,11:10,1.18108
Mar 2005,24-25/03/2005,Open area 2m,11:20,1.17952
Mar 2005,24-25/03/2005,Open area 2m,11:30,1.17907
Mar 2005,24-25/03/2005,Open area 2m,11:40,0.3146
Mar 2005,24-25/03/2005,Open area 2m,11:50,1.13016
Mar 2005,24-25/03/2005,Open area 2m,12:00,1.1654
Mar 2005,24-25/03/2005,Open area 2m,12:10,1.11766
Mar 2005,24-25/03/2005,Open area 2m,12:20,1.13195
Mar 2005,24-25/03/2005,Open area 2m,12:30,1.14087
Mar 2005,24-25/03/2005,Open area 2m,12:40,1.12269
Mar 2005,24-25/03/2005,Open area 2m,12:50,1.11739
Mar 2005,24-25/03/2005,Open area 2m,13:00,1.12967
Mar 2005,24-25/03/2005,Open area 2m,13:10,1.12565
Mar 2005,24-25/03/2005,Open area 2m,13:20,1.07596
Mar 2005,24-25/03/2005,Open area 2m,13:30,1.14797
Mar 2005,24-25/03/2005,Open area 2m,13:40,1.15398
Mar 2005,24-25/03/2005,Open area 2m,13:50,1.14725
Mar 2005,24-25/03/2005,Open area 2m,14:00,1.1236
Mar 2005,24-25/03/2005,Open area 2m,14:10,1.12557
Mar 2005,24-25/03/2005,Open area 2m,14:20,1.11084
Mar 2005,24-25/03/2005,Open area 2m,14:30,1.1058
Mar 2005,24-25/03/2005,Open area 2m,14:40,1.14213
Mar 2005,24-25/03/2005,Open area 2m,14:50,1.15184
Mar 2005,24-25/03/2005,Open area 2m,15:00,1.14916
Mar 2005,24-25/03/2005,Open area 2m,15:10,1.15547
Mar 2005,24-25/03/2005,Open area 2m,15:20,1.16452
Mar 2005,24-25/03/2005,Open area 2m,15:30,1.17833
Mar 2005,24-25/03/2005,Open area 2m,15:40,1.17625
Mar 2005,24-25/03/2005,Open area 2m,15:50,1.18429
Mar 2005,24-25/03/2005,Open area 2m,16:00,1.2001
Mar 2005,24-25/03/2005,Open area 2m,16:10,1.2061
Mar 2005,24-25/03/2005,Open area 2m,16:20,1.18275
Mar 2005,24-25/03/2005,Open area 2m,16:30,1.18974
Mar 2005,24-25/03/2005,Open area 2m,16:40,1.19058
Mar 2005,24-25/03/2005,Open area 2m,16:50,1.17801
Mar 2005,24-25/03/2005,Open area 2m,17:00,1.17772
Mar 2005,24-25/03/2005,Open area 2m,17:10,1.20644
Mar 2005,24-25/03/2005,Open area 2m,17:20,1.13655
Mar 2005,24-25/03/2005,Open area 2m,17:30,1.16252
Mar 2005,24-25/03/2005,Open area 2m,17:40,1.16383
Mar 2005,24-25/03/2005,Open area 2m,17:50,1.16476
Mar 2005,24-25/03/2005,Open area 2m,18:00,1.19348
Mar 2005,24-25/03/2005,Open area 2m,18:10,1.12671
Mar 2005,24-25/03/2005,Open area 2m,18:20,1.16014
Mar 2005,24-25/03/2005,Open area 2m,18:30,1.1636
Mar 2005,24-25/03/2005,Open area 2m,6:30,0.87372
Mar 2005,24-25/03/2005,Open area 2m,6:40,1.08828
Mar 2005,24-25/03/2005,Open area 2m,6:50,1.10021
Mar 2005,24-25/03/2005,Open area 2m,7:00,1.08175
Mar 2005,24-25/03/2005,Open area 2m,7:10,1.10688
Mar 2005,24-25/03/2005,Open area 2m,7:20,1.12837
Mar 2005,24-25/03/2005,Open area 2m,7:30,1.14129
Mar 2005,24-25/03/2005,Open area 2m,7:40,1.151
Mar 2005,24-25/03/2005,Open area 2m,7:50,1.15929
Mar 2005,24-25/03/2005,Open area 2m,8:00,1.16345
Mar 2005,24-25/03/2005,Open area 2m,8:10,1.16792
Mar 2005,24-25/03/2005,Open area 2m,8:20,1.17326
Mar 2005,24-25/03/2005,Open area 2m,8:30,1.17463
Mar 2005,24-25/03/2005,Open area 2m,8:40,1.17944
Mar 2005,24-25/03/2005,Open area 2m,8:50,1.18192
Mar 2005,24-25/03/2005,Open area 2m,9:00,1.1833
Mar 2005,24-25/03/2005,Open area 2m,9:10,1.18241
Mar 2005,24-25/03/2005,Open area 2m,9:20,1.18176
Mar 2005,24-25/03/2005,Open area 2m,9:30,1.18054
Mar 2005,24-25/03/2005,Open area 2m,9:40,1.18165
Mar 2005,24-25/03/2005,Open area 2m,9:50,1.18058
Mar 2005,25-26/03/2005,Open area 2m,10:00,1.17292
Mar 2005,25-26/03/2005,Open area 2m,10:10,1.17281
Mar 2005,25-26/03/2005,Open area 2m,10:20,1.173
Mar 2005,25-26/03/2005,Open area 2m,10:30,1.17292
Mar 2005,25-26/03/2005,Open area 2m,10:40,1.1722
Mar 2005,25-26/03/2005,Open area 2m,10:50,1.17345
Mar 2005,25-26/03/2005,Open area 2m,11:00,1.17139
Mar 2005,25-26/03/2005,Open area 2m,11:10,1.17055
Mar 2005,25-26/03/2005,Open area 2m,11:20,1.16988
Mar 2005,25-26/03/2005,Open area 2m,11:30,1.11913
Mar 2005,25-26/03/2005,Open area 2m,11:40,1.17727
Mar 2005,25-26/03/2005,Open area 2m,11:50,1.18052
Mar 2005,25-26/03/2005,Open area 2m,12:00,1.17929
Mar 2005,25-26/03/2005,Open area 2m,12:10,1.17038
Mar 2005,25-26/03/2005,Open area 2m,12:20,1.16049
Mar 2005,25-26/03/2005,Open area 2m,12:30,1.16347
Mar 2005,25-26/03/2005,Open area 2m,12:40,1.12765
Mar 2005,25-26/03/2005,Open area 2m,12:50,1.07933
Mar 2005,25-26/03/2005,Open area 2m,13:00,1.11809
Mar 2005,25-26/03/2005,Open area 2m,13:10,1.12297
Mar 2005,25-26/03/2005,Open area 2m,13:20,1.12942
Mar 2005,25-26/03/2005,Open area 2m,13:30,1.14642
Mar 2005,25-26/03/2005,Open area 2m,13:40,1.13381
Mar 2005,25-26/03/2005,Open area 2m,13:50,1.16334
Mar 2005,25-26/03/2005,Open area 2m,14:00,1.17238
Mar 2005,25-26/03/2005,Open area 2m,14:10,1.17355
Mar 2005,25-26/03/2005,Open area 2m,14:20,1.17471
Mar 2005,25-26/03/2005,Open area 2m,14:30,1.16586
Mar 2005,25-26/03/2005,Open area 2m,14:40,1.16118
Mar 2005,25-26/03/2005,Open area 2m,14:50,1.16403
Mar 2005,25-26/03/2005,Open area 2m,15:00,1.16268
Mar 2005,25-26/03/2005,Open area 2m,15:10,1.17278
Mar 2005,25-26/03/2005,Open area 2m,15:20,1.17027
Mar 2005,25-26/03/2005,Open area 2m,15:30,1.15648
Mar 2005,25-26/03/2005,Open area 2m,15:40,1.15533
Mar 2005,25-26/03/2005,Open area 2m,15:50,1.17577
Mar 2005,25-26/03/2005,Open area 2m,16:00,1.17284
Mar 2005,25-26/03/2005,Open area 2m,16:10,1.16811
Mar 2005,25-26/03/2005,Open area 2m,16:20,1.17061
Mar 2005,25-26/03/2005,Open area 2m,16:30,1.17198
Mar 2005,25-26/03/2005,Open area 2m,16:40,1.17063
Mar 2005,25-26/03/2005,Open area 2m,16:50,1.17098
Mar 2005,25-26/03/2005,Open area 2m,17:00,1.1677
Mar 2005,25-26/03/2005,Open area 2m,17:10,1.20082
Mar 2005,25-26/03/2005,Open area 2m,17:20,1.17911
Mar 2005,25-26/03/2005,Open area 2m,17:30,1.15386
Mar 2005,25-26/03/2005,Open area 2m,17:40,1.12118
Mar 2005,25-26/03/2005,Open area 2m,17:50,1.12021
Mar 2005,25-26/03/2005,Open area 2m,18:00,1.1606
Mar 2005,25-26/03/2005,Open area 2m,18:10,1.16668
Mar 2005,25-26/03/2005,Open area 2m,18:20,1.19508
Mar 2005,25-26/03/2005,Open area 2m,18:30,1.17419
Mar 2005,25-26/03/2005,Open area 2m,6:30,0.83795
Mar 2005,25-26/03/2005,Open area 2m,6:40,1.01753
Mar 2005,25-26/03/2005,Open area 2m,6:50,1.01827
Mar 2005,25-26/03/2005,Open area 2m,7:00,1.05216
Mar 2005,25-26/03/2005,Open area 2m,7:10,1.06646
Mar 2005,25-26/03/2005,Open area 2m,7:20,1.12539
Mar 2005,25-26/03/2005,Open area 2m,7:30,1.17886
Mar 2005,25-26/03/2005,Open area 2m,7:40,1.16137
Mar 2005,25-26/03/2005,Open area 2m,7:50,1.16014
Mar 2005,25-26/03/2005,Open area 2m,8:00,1.16994
Mar 2005,25-26/03/2005,Open area 2m,8:10,1.20048
Mar 2005,25-26/03/2005,Open area 2m,8:20,1.18131
Mar 2005,25-26/03/2005,Open area 2m,8:30,1.17951
Mar 2005,25-26/03/2005,Open area 2m,8:40,1.18093
Mar 2005,25-26/03/2005,Open area 2m,8:50,1.1799
Mar 2005,25-26/03/2005,Open area 2m,9:00,1.17781
Mar 2005,25-26/03/2005,Open area 2m,9:10,1.17679
Mar 2005,25-26/03/2005,Open area 2m,9:20,1.17774
Mar 2005,25-26/03/2005,Open area 2m,9:30,1.17691
Mar 2005,25-26/03/2005,Open area 2m,9:40,1.17617
Mar 2005,25-26/03/2005,Open area 2m,9:50,1.17466
May 2005,11-12/05/2005,AFS 1.2m,10:00,1.03962
May 2005,11-12/05/2005,AFS 1.2m,10:10,1.03253
May 2005,11-12/05/2005,AFS 1.2m,10:20,0.99944
May 2005,11-12/05/2005,AFS 1.2m,10:30,0.53323
May 2005,11-12/05/2005,AFS 1.2m,10:40,0.25142
May 2005,11-12/05/2005,AFS 1.2m,10:50,0.24653
May 2005,11-12/05/2005,AFS 1.2m,11:00,0.23048
May 2005,11-12/05/2005,AFS 1.2m,11:10,0.25369
May 2005,11-12/05/2005,AFS 1.2m,11:20,0.42205
May 2005,11-12/05/2005,AFS 1.2m,11:30,0.24871
May 2005,11-12/05/2005,AFS 1.2m,11:40,0.22802
May 2005,11-12/05/2005,AFS 1.2m,11:50,0.80085
May 2005,11-12/05/2005,AFS 1.2m,12:00,0.92593
May 2005,11-12/05/2005,AFS 1.2m,12:10,0.90376
May 2005,11-12/05/2005,AFS 1.2m,12:20,0.99807
May 2005,11-12/05/2005,AFS 1.2m,12:30,0.83775
May 2005,11-12/05/2005,AFS 1.2m,12:40,0.83402
May 2005,11-12/05/2005,AFS 1.2m,12:50,0.74206
May 2005,11-12/05/2005,AFS 1.2m,13:00,0.64213
May 2005,11-12/05/2005,AFS 1.2m,13:10,0.96699
May 2005,11-12/05/2005,AFS 1.2m,13:20,0.67795
May 2005,11-12/05/2005,AFS 1.2m,13:30,0.70445
May 2005,11-12/05/2005,AFS 1.2m,13:40,0.70272
May 2005,11-12/05/2005,AFS 1.2m,13:50,0.69189
May 2005,11-12/05/2005,AFS 1.2m,14:00,0.68814
May 2005,11-12/05/2005,AFS 1.2m,14:10,0.76495
May 2005,11-12/05/2005,AFS 1.2m,14:20,0.75856
May 2005,11-12/05/2005,AFS 1.2m,14:30,0.76304
May 2005,11-12/05/2005,AFS 1.2m,14:40,0.7578
May 2005,11-12/05/2005,AFS 1.2m,14:50,0.75894
May 2005,11-12/05/2005,AFS 1.2m,15:00,0.76288
May 2005,11-12/05/2005,AFS 1.2m,15:10,0.75151
May 2005,11-12/05/2005,AFS 1.2m,15:20,0.74083
May 2005,11-12/05/2005,AFS 1.2m,15:30,0.72954
May 2005,11-12/05/2005,AFS 1.2m,15:40,0.77206
May 2005,11-12/05/2005,AFS 1.2m,15:50,0.76332
May 2005,11-12/05/2005,AFS 1.2m,16:00,0.738
May 2005,11-12/05/2005,AFS 1.2m,16:10,0.78986
May 2005,11-12/05/2005,AFS 1.2m,16:20,0.76284
May 2005,11-12/05/2005,AFS 1.2m,16:30,0.75371
May 2005,11-12/05/2005,AFS 1.2m,16:40,0.73925
May 2005,11-12/05/2005,AFS 1.2m,16:50,0.73148
May 2005,11-12/05/2005,AFS 1.2m,17:00,0.70724
May 2005,11-12/05/2005,AFS 1.2m,17:10,0.68947
May 2005,11-12/05/2005,AFS 1.2m,17:20,0.72543
May 2005,11-12/05/2005,AFS 1.2m,17:30,0.72106
May 2005,11-12/05/2005,AFS 1.2m,17:40,0.74462
May 2005,11-12/05/2005,AFS 1.2m,17:50,0.74685
May 2005,11-12/05/2005,AFS 1.2m,18:00,0.73617
May 2005,11-12/05/2005,AFS 1.2m,18:10,0.67415
May 2005,11-12/05/2005,AFS 1.2m,18:20,0.57239
May 2005,11-12/05/2005,AFS 1.2m,7:20,0.60172
May 2005,11-12/05/2005,AFS 1.2m,7:30,0.69298
May 2005,11-12/05/2005,AFS 1.2m,7:40,0.6046
May 2005,11-12/05/2005,AFS 1.2m,7:50,0.52453
May 2005,11-12/05/2005,AFS 1.2m,8:00,0.48156
May 2005,11-12/05/2005,AFS 1.2m,8:10,0.44821
May 2005,11-12/05/2005,AFS 1.2m,8:20,0.42167
May 2005,11-12/05/2005,AFS 1.2m,8:30,0.39606
May 2005,11-12/05/2005,AFS 1.2m,8:40,0.36988
May 2005,11-12/05/2005,AFS 1.2m,8:50,0.34626
May 2005,11-12/05/2005,AFS 1.2m,9:00,0.3232
May 2005,11-12/05/2005,AFS 1.2m,9:10,0.30458
May 2005,11-12/05/2005,AFS 1.2m,9:20,0.29227
May 2005,11-12/05/2005,AFS 1.2m,9:30,0.28127
May 2005,11-12/05/2005,AFS 1.2m,9:40,0.28273
May 2005,11-12/05/2005,AFS 1.2m,9:50,0.90283
May 2005,12-13/05/2005,AFS 1.2m,10:00,1.09595
May 2005,12-13/05/2005,AFS 1.2m,10:10,1.04844
May 2005,12-13/05/2005,AFS 1.2m,10:20,1.05228
May 2005,12-13/05/2005,AFS 1.2m,10:30,0.88168
May 2005,12-13/05/2005,AFS 1.2m,10:40,0.94895
May 2005,12-13/05/2005,AFS 1.2m,10:50,0.47823
May 2005,12-13/05/2005,AFS 1.2m,11:00,0.45042
May 2005,12-13/05/2005,AFS 1.2m,11:10,0.49892
May 2005,12-13/05/2005,AFS 1.2m,11:20,0.55399
May 2005,12-13/05/2005,AFS 1.2m,11:30,0.61799
May 2005,12-13/05/2005,AFS 1.2m,11:40,0.69869
May 2005,12-13/05/2005,AFS 1.2m,11:50,0.75567
May 2005,12-13/05/2005,AFS 1.2m,12:00,0.72256
May 2005,12-13/05/2005,AFS 1.2m,12:10,0.8118
May 2005,12-13/05/2005,AFS 1.2m,12:20,0.74981
May 2005,12-13/05/2005,AFS 1.2m,12:30,0.68536
May 2005,12-13/05/2005,AFS 1.2m,12:40,0.82556
May 2005,12-13/05/2005,AFS 1.2m,12:50,1.00492
May 2005,12-13/05/2005,AFS 1.2m,13:00,0.62671
May 2005,12-13/05/2005,AFS 1.2m,13:10,0.64316
May 2005,12-13/05/2005,AFS 1.2m,13:20,0.6129
May 2005,12-13/05/2005,AFS 1.2m,13:30,0.48755
May 2005,12-13/05/2005,AFS 1.2m,13:40,0.34793
May 2005,12-13/05/2005,AFS 1.2m,13:50,0.28904
May 2005,12-13/05/2005,AFS 1.2m,14:00,0.34779
May 2005,12-13/05/2005,AFS 1.2m,14:10,0.5257
May 2005,12-13/05/2005,AFS 1.2m,14:20,0.93019
May 2005,12-13/05/2005,AFS 1.2m,14:30,0.6755
May 2005,12-13/05/2005,AFS 1.2m,14:40,0.43163
May 2005,12-13/05/2005,AFS 1.2m,14:50,0.7669
May 2005,12-13/05/2005,AFS 1.2m,15:00,0.61459
May 2005,12-13/05/2005,AFS 1.2m,15:10,0.29201
May 2005,12-13/05/2005,AFS 1.2m,15:20,0.33621
May 2005,12-13/05/2005,AFS 1.2m,15:30,0.40371
May 2005,12-13/05/2005,AFS 1.2m,15:40,0.36579
May 2005,12-13/05/2005,AFS 1.2m,15:50,0.50855
May 2005,12-13/05/2005,AFS 1.2m,16:00,0.73902
May 2005,12-13/05/2005,AFS 1.2m,16:10,0.50077
May 2005,12-13/05/2005,AFS 1.2m,16:20,0.41516
May 2005,12-13/05/2005,AFS 1.2m,16:30,0.52042
May 2005,12-13/05/2005,AFS 1.2m,16:40,0.58411
May 2005,12-13/05/2005,AFS 1.2m,16:50,0.86921
May 2005,12-13/05/2005,AFS 1.2m,17:00,0.54489
May 2005,12-13/05/2005,AFS 1.2m,17:10,0.61068
May 2005,12-13/05/2005,AFS 1.2m,17:20,0.69206
May 2005,12-13/05/2005,AFS 1.2m,17:30,0.74418
May 2005,12-13/05/2005,AFS 1.2m,17:40,0.75145
May 2005,12-13/05/2005,AFS 1.2m,17:50,0.77016
May 2005,12-13/05/2005,AFS 1.2m,18:00,0.7586
May 2005,12-13/05/2005,AFS 1.2m,18:10,0.74156
May 2005,12-13/05/2005,AFS 1.2m,18:20,0.72703
May 2005,12-13/05/2005,AFS 1.2m,7:20,0.42568
May 2005,12-13/05/2005,AFS 1.2m,7:30,0.62471
May 2005,12-13/05/2005,AFS 1.2m,7:40,0.66039
May 2005,12-13/05/2005,AFS 1.2m,7:50,0.67019
May 2005,12-13/05/2005,AFS 1.2m,8:00,0.67223
May 2005,12-13/05/2005,AFS 1.2m,8:10,0.68616
May 2005,12-13/05/2005,AFS 1.2m,8:20,0.65466
May 2005,12-13/05/2005,AFS 1.2m,8:30,0.7178
May 2005,12-13/05/2005,AFS 1.2m,8:40,0.61157
May 2005,12-13/05/2005,AFS 1.2m,8:50,0.59495
May 2005,12-13/05/2005,AFS 1.2m,9:00,0.58392
May 2005,12-13/05/2005,AFS 1.2m,9:10,0.618
May 2005,12-13/05/2005,AFS 1.2m,9:20,0.65981
May 2005,12-13/05/2005,AFS 1.2m,9:30,0.69913
May 2005,12-13/05/2005,AFS 1.2m,9:40,0.72022
May 2005,12-13/05/2005,AFS 1.2m,9:50,0.86578
May 2005,09-10/05/2005,AFS 2m,10:00,1.07045
May 2005,09-10/05/2005,AFS 2m,10:10,1.05728
May 2005,09-10/05/2005,AFS 2m,10:20,1.07445
May 2005,09-10/05/2005,AFS 2m,10:30,0.76515
May 2005,09-10/05/2005,AFS 2m,10:40,0.62474
May 2005,09-10/05/2005,AFS 2m,10:50,0.58709
May 2005,09-10/05/2005,AFS 2m,11:00,0.57724
May 2005,09-10/05/2005,AFS 2m,11:10,0.54549
May 2005,09-10/05/2005,AFS 2m,11:20,0.54767
May 2005,09-10/05/2005,AFS 2m,11:30,0.60328
May 2005,09-10/05/2005,AFS 2m,11:40,0.65486
May 2005,09-10/05/2005,AFS 2m,11:50,0.74351
May 2005,09-10/05/2005,AFS 2m,12:00,0.718
May 2005,09-10/05/2005,AFS 2m,12:10,0.71968
May 2005,09-10/05/2005,AFS 2m,12:20,0.73607
May 2005,09-10/05/2005,AFS 2m,12:30,0.7184
May 2005,09-10/05/2005,AFS 2m,12:40,0.85043
May 2005,09-10/05/2005,AFS 2m,12:50,0.83323
May 2005,09-10/05/2005,AFS 2m,13:00,0.72703
May 2005,09-10/05/2005,AFS 2m,13:10,0.67124
May 2005,09-10/05/2005,AFS 2m,13:20,0.76251
May 2005,09-10/05/2005,AFS 2m,13:30,0.77911
May 2005,09-10/05/2005,AFS 2m,13:40,0.77041
May 2005,09-10/05/2005,AFS 2m,13:50,0.77672
May 2005,09-10/05/2005,AFS 2m,14:00,0.77422
May 2005,09-10/05/2005,AFS 2m,14:10,0.77216
May 2005,09-10/05/2005,AFS 2m,14:20,0.76735
May 2005,09-10/05/2005,AFS 2m,14:30,0.7698
May 2005,09-10/05/2005,AFS 2m,14:40,0.76098
May 2005,09-10/05/2005,AFS 2m,14:50,0.77583
May 2005,09-10/05/2005,AFS 2m,15:00,0.75718
May 2005,09-10/05/2005,AFS 2m,15:10,0.75282
May 2005,09-10/05/2005,AFS 2m,15:20,0.77111
May 2005,09-10/05/2005,AFS 2m,15:30,0.74171
May 2005,09-10/05/2005,AFS 2m,15:40,0.693
May 2005,09-10/05/2005,AFS 2m,15:50,0.55074
May 2005,09-10/05/2005,AFS 2m,16:00,0.78778
May 2005,09-10/05/2005,AFS 2m,16:10,0.76637
May 2005,09-10/05/2005,AFS 2m,16:20,0.81198
May 2005,09-10/05/2005,AFS 2m,16:30,0.75535
May 2005,09-10/05/2005,AFS 2m,16:40,0.74566
May 2005,09-10/05/2005,AFS 2m,16:50,0.71524
May 2005,09-10/05/2005,AFS 2m,17:00,0.78438
May 2005,09-10/05/2005,AFS 2m,17:10,0.756
May 2005,09-10/05/2005,AFS 2m,17:20,0.74035
May 2005,09-10/05/2005,AFS 2m,17:30,0.90672
May 2005,09-10/05/2005,AFS 2m,17:40,0.94853
May 2005,09-10/05/2005,AFS 2m,17:50,0.90056
May 2005,09-10/05/2005,AFS 2m,18:00,0.88129
May 2005,09-10/05/2005,AFS 2m,18:10,0.82681
May 2005,09-10/05/2005,AFS 2m,18:20,0.82158
May 2005,09-10/05/2005,AFS 2m,7:20,0.65541
May 2005,09-10/05/2005,AFS 2m,7:30,0.77619
May 2005,09-10/05/2005,AFS 2m,7:40,0.83301
May 2005,09-10/05/2005,AFS 2m,7:50,0.8031
May 2005,09-10/05/2005,AFS 2m,8:00,0.63202
May 2005,09-10/05/2005,AFS 2m,8:10,0.63841
May 2005,09-10/05/2005,AFS 2m,8:20,0.54008
May 2005,09-10/05/2005,AFS 2m,8:30,0.56972
May 2005,09-10/05/2005,AFS 2m,8:40,0.47901
May 2005,09-10/05/2005,AFS 2m,8:50,0.44146
May 2005,09-10/05/2005,AFS 2m,9:00,0.4472
May 2005,09-10/05/2005,AFS 2m,9:10,0.38226
May 2005,09-10/05/2005,AFS 2m,9:20,0.45969
May 2005,09-10/05/2005,AFS 2m,9:30,0.58005
May 2005,09-10/05/2005,AFS 2m,9:40,0.43861
May 2005,09-10/05/2005,AFS 2m,9:50,0.67653
May 2005,10-11/05/2005,AFS 2m,10:00,1.03577
May 2005,10-11/05/2005,AFS 2m,10:10,1.03292
May 2005,10-11/05/2005,AFS 2m,10:20,0.99129
May 2005,10-11/05/2005,AFS 2m,10:30,0.58416
May 2005,10-11/05/2005,AFS 2m,10:40,0.63926
May 2005,10-11/05/2005,AFS 2m,10:50,0.47154
May 2005,10-11/05/2005,AFS 2m,11:00,0.51271
May 2005,10-11/05/2005,AFS 2m,11:10,0.31959
May 2005,10-11/05/2005,AFS 2m,11:20,0.36661
May 2005,10-11/05/2005,AFS 2m,11:30,0.39663
May 2005,10-11/05/2005,AFS 2m,11:40,0.55349
May 2005,10-11/05/2005,AFS 2m,11:50,0.79472
May 2005,10-11/05/2005,AFS 2m,12:00,0.75877
May 2005,10-11/05/2005,AFS 2m,12:10,0.784
May 2005,10-11/05/2005,AFS 2m,12:20,0.75661
May 2005,10-11/05/2005,AFS 2m,12:30,0.73837
May 2005,10-11/05/2005,AFS 2m,12:40,0.75353
May 2005,10-11/05/2005,AFS 2m,12:50,0.78372
May 2005,10-11/05/2005,AFS 2m,13:00,0.73079
May 2005,10-11/05/2005,AFS 2m,13:10,0.75407
May 2005,10-11/05/2005,AFS 2m,13:20,0.75354
May 2005,10-11/05/2005,AFS 2m,13:30,0.80202
May 2005,10-11/05/2005,AFS 2m,13:40,0.77632
May 2005,10-11/05/2005,AFS 2m,13:50,0.79148
May 2005,10-11/05/2005,AFS 2m,14:00,0.91493
May 2005,10-11/05/2005,AFS 2m,14:10,0.97148
May 2005,10-11/05/2005,AFS 2m,14:20,0.84571
May 2005,10-11/05/2005,AFS 2m,14:30,0.85453
May 2005,10-11/05/2005,AFS 2m,14:40,0.83204
May 2005,10-11/05/2005,AFS 2m,14:50,0.82564
May 2005,10-11/05/2005,AFS 2m,15:00,0.7883
May 2005,10-11/05/2005,AFS 2m,15:10,0.76442
May 2005,10-11/05/2005,AFS 2m,15:20,0.79253
May 2005,10-11/05/2005,AFS 2m,15:30,0.81222
May 2005,10-11/05/2005,AFS 2m,15:40,0.8091
May 2005,10-11/05/2005,AFS 2m,15:50,0.8034
May 2005,10-11/05/2005,AFS 2m,16:00,0.85634
May 2005,10-11/05/2005,AFS 2m,16:10,0.87758
May 2005,10-11/05/2005,AFS 2m,16:20,0.94517
May 2005,10-11/05/2005,AFS 2m,16:30,1.07825
May 2005,10-11/05/2005,AFS 2m,16:40,0.90061
May 2005,10-11/05/2005,AFS 2m,16:50,0.86084
May 2005,10-11/05/2005,AFS 2m,17:00,0.85131
May 2005,10-11/05/2005,AFS 2m,17:10,0.83474
May 2005,10-11/05/2005,AFS 2m,17:20,0.78852
May 2005,10-11/05/2005,AFS 2m,17:30,0.80475
May 2005,10-11/05/2005,AFS 2m,17:40,0.80459
May 2005,10-11/05/2005,AFS 2m,17:50,1.04701
May 2005,10-11/05/2005,AFS 2m,18:00,0.83092
May 2005,10-11/05/2005,AFS 2m,18:10,0.77517
May 2005,10-11/05/2005,AFS 2m,18:20,0.87702
May 2005,10-11/05/2005,AFS 2m,7:20,0.53531
May 2005,10-11/05/2005,AFS 2m,7:30,0.59046
May 2005,10-11/05/2005,AFS 2m,7:40,0.64212
May 2005,10-11/05/2005,AFS 2m,7:50,0.66455
May 2005,10-11/05/2005,AFS 2m,8:00,0.73846
May 2005,10-11/05/2005,AFS 2m,8:10,0.7237
May 2005,10-11/05/2005,AFS 2m,8:20,0.72886
May 2005,10-11/05/2005,AFS 2m,8:30,0.68463
May 2005,10-11/05/2005,AFS 2m,8:40,0.63537
May 2005,10-11/05/2005,AFS 2m,8:50,0.64836
May 2005,10-11/05/2005,AFS 2m,9:00,0.70746
May 2005,10-11/05/2005,AFS 2m,9:10,0.51918
May 2005,10-11/05/2005,AFS 2m,9:20,0.54858
May 2005,10-11/05/2005,AFS 2m,9:30,0.74858
May 2005,10-11/05/2005,AFS 2m,9:40,0.76614
May 2005,10-11/05/2005,AFS 2m,9:50,0.82158
May 2005,07-08/05/2005,MO 1.2m,10:00,0.86498
May 2005,07-08/05/2005,MO 1.2m,10:10,0.82227
May 2005,07-08/05/2005,MO 1.2m,10:20,0.86443
May 2005,07-08/05/2005,MO 1.2m,10:30,0.88639
May 2005,07-08/05/2005,MO 1.2m,10:40,0.87144
May 2005,07-08/05/2005,MO 1.2m,10:50,0.8708
May 2005,07-08/05/2005,MO 1.2m,11:00,0.87581
May 2005,07-08/05/2005,MO 1.2m,11:10,0.88358
May 2005,07-08/05/2005,MO 1.2m,11:20,0.87613
May 2005,07-08/05/2005,MO 1.2m,11:30,0.87207
May 2005,07-08/05/2005,MO 1.2m,11:40,0.86108
May 2005,07-08/05/2005,MO 1.2m,11:50,0.85627
May 2005,07-08/05/2005,MO 1.2m,12:00,0.88433
May 2005,07-08/05/2005,MO 1.2m,12:10,0.65308
May 2005,07-08/05/2005,MO 1.2m,12:20,0.50011
May 2005,07-08/05/2005,MO 1.2m,12:30,0.30895
May 2005,07-08/05/2005,MO 1.2m,12:40,0.21693
May 2005,07-08/05/2005,MO 1.2m,12:50,0.30765
May 2005,07-08/05/2005,MO 1.2m,13:00,0.20762
May 2005,07-08/05/2005,MO 1.2m,13:10,0.20928
May 2005,07-08/05/2005,MO 1.2m,13:20,0.20768
May 2005,07-08/05/2005,MO 1.2m,13:30,0.2104
May 2005,07-08/05/2005,MO 1.2m,13:40,0.6812
May 2005,07-08/05/2005,MO 1.2m,13:50,0.52587
May 2005,07-08/05/2005,MO 1.2m,14:00,0.22956
May 2005,07-08/05/2005,MO 1.2m,14:10,0.8595
May 2005,07-08/05/2005,MO 1.2m,14:20,0.87013
May 2005,07-08/05/2005,MO 1.2m,14:30,0.24543
May 2005,07-08/05/2005,MO 1.2m,14:40,0.21632
May 2005,07-08/05/2005,MO 1.2m,14:50,0.4132
May 2005,07-08/05/2005,MO 1.2m,15:00,0.80008
May 2005,07-08/05/2005,MO 1.2m,15:10,0.27077
May 2005,07-08/05/2005,MO 1.2m,15:20,0.27483
May 2005,07-08/05/2005,MO 1.2m,15:30,0.62389
May 2005,07-08/05/2005,MO 1.2m,15:40,0.28897
May 2005,07-08/05/2005,MO 1.2m,15:50,0.28685
May 2005,07-08/05/2005,MO 1.2m,16:00,0.31828
May 2005,07-08/05/2005,MO 1.2m,16:10,0.70898
May 2005,07-08/05/2005,MO 1.2m,16:20,0.40932
May 2005,07-08/05/2005,MO 1.2m,16:30,0.38366
May 2005,07-08/05/2005,MO 1.2m,16:40,0.39653
May 2005,07-08/05/2005,MO 1.2m,16:50,0.52434
May 2005,07-08/05/2005,MO 1.2m,17:00,0.81163
May 2005,07-08/05/2005,MO 1.2m,17:10,0.92516
May 2005,07-08/05/2005,MO 1.2m,17:20,0.94332
May 2005,07-08/05/2005,MO 1.2m,17:30,0.93999
May 2005,07-08/05/2005,MO 1.2m,17:40,0.93026
May 2005,07-08/05/2005,MO 1.2m,17:50,0.91752
May 2005,07-08/05/2005,MO 1.2m,18:00,0.89419
May 2005,07-08/05/2005,MO 1.2m,18:10,0.85191
May 2005,07-08/05/2005,MO 1.2m,18:20,0.75317
May 2005,07-08/05/2005,MO 1.2m,7:20,0.82673
May 2005,07-08/05/2005,MO 1.2m,7:30,0.79768
May 2005,07-08/05/2005,MO 1.2m,7:40,0.77711
May 2005,07-08/05/2005,MO 1.2m,7:50,0.79014
May 2005,07-08/05/2005,MO 1.2m,8:00,0.79619
May 2005,07-08/05/2005,MO 1.2m,8:10,0.81202
May 2005,07-08/05/2005,MO 1.2m,8:20,0.8327
May 2005,07-08/05/2005,MO 1.2m,8:30,0.82225
May 2005,07-08/05/2005,MO 1.2m,8:40,0.82496
May 2005,07-08/05/2005,MO 1.2m,8:50,0.84241
May 2005,07-08/05/2005,MO 1.2m,9:00,0.84683
May 2005,07-08/05/2005,MO 1.2m,9:10,0.8552
May 2005,07-08/05/2005,MO 1.2m,9:20,0.84534
May 2005,07-08/05/2005,MO 1.2m,9:30,0.87178
May 2005,07-08/05/2005,MO 1.2m,9:40,0.88715
May 2005,07-08/05/2005,MO 1.2m,9:50,0.8618
May 2005,08-09/05/2005,MO 1.2m,10:00,0.81115
May 2005,08-09/05/2005,MO 1.2m,10:10,0.81641
May 2005,08-09/05/2005,MO 1.2m,10:20,0.80031
May 2005,08-09/05/2005,MO 1.2m,10:30,0.80597
May 2005,08-09/05/2005,MO 1.2m,10:40,0.79535
May 2005,08-09/05/2005,MO 1.2m,10:50,0.83034
May 2005,08-09/05/2005,MO 1.2m,11:00,0.8255
May 2005,08-09/05/2005,MO 1.2m,11:10,0.82375
May 2005,08-09/05/2005,MO 1.2m,11:20,0.83267
May 2005,08-09/05/2005,MO 1.2m,11:30,0.81746
May 2005,08-09/05/2005,MO 1.2m,11:40,0.8265
May 2005,08-09/05/2005,MO 1.2m,11:50,0.89945
May 2005,08-09/05/2005,MO 1.2m,12:00,0.87216
May 2005,08-09/05/2005,MO 1.2m,12:10,0.86173
May 2005,08-09/05/2005,MO 1.2m,12:20,0.84888
May 2005,08-09/05/2005,MO 1.2m,12:30,0.85927
May 2005,08-09/05/2005,MO 1.2m,12:40,0.86247
May 2005,08-09/05/2005,MO 1.2m,12:50,0.85124
May 2005,08-09/05/2005,MO 1.2m,13:00,0.85596
May 2005,08-09/05/2005,MO 1.2m,13:10,0.84404
May 2005,08-09/05/2005,MO 1.2m,13:20,0.83461
May 2005,08-09/05/2005,MO 1.2m,13:30,0.84172
May 2005,08-09/05/2005,MO 1.2m,13:40,0.84453
May 2005,08-09/05/2005,MO 1.2m,13:50,0.82676
May 2005,08-09/05/2005,MO 1.2m,14:00,0.82737
May 2005,08-09/05/2005,MO 1.2m,14:10,0.82928
May 2005,08-09/05/2005,MO 1.2m,14:20,0.82073
May 2005,08-09/05/2005,MO 1.2m,14:30,0.83613
May 2005,08-09/05/2005,MO 1.2m,14:40,0.84257
May 2005,08-09/05/2005,MO 1.2m,14:50,0.85036
May 2005,08-09/05/2005,MO 1.2m,15:00,0.83384
May 2005,08-09/05/2005,MO 1.2m,15:10,0.83829
May 2005,08-09/05/2005,MO 1.2m,15:20,0.85067
May 2005,08-09/05/2005,MO 1.2m,15:30,0.84777
May 2005,08-09/05/2005,MO 1.2m,15:40,0.8472
May 2005,08-09/05/2005,MO 1.2m,15:50,0.86719
May 2005,08-09/05/2005,MO 1.2m,16:00,0.89096
May 2005,08-09/05/2005,MO 1.2m,16:10,0.90615
May 2005,08-09/05/2005,MO 1.2m,16:20,0.88928
May 2005,08-09/05/2005,MO 1.2m,16:30,0.87955
May 2005,08-09/05/2005,MO 1.2m,16:40,0.9061
May 2005,08-09/05/2005,MO 1.2m,16:50,0.90694
May 2005,08-09/05/2005,MO 1.2m,17:00,0.86822
May 2005,08-09/05/2005,MO 1.2m,17:10,0.84013
May 2005,08-09/05/2005,MO 1.2m,17:20,0.83857
May 2005,08-09/05/2005,MO 1.2m,17:30,0.83619
May 2005,08-09/05/2005,MO 1.2m,17:40,0.82203
May 2005,08-09/05/2005,MO 1.2m,17:50,0.8014
May 2005,08-09/05/2005,MO 1.2m,18:00,0.82498
May 2005,08-09/05/2005,MO 1.2m,18:10,0.7941
May 2005,08-09/05/2005,MO 1.2m,18:20,0.93599
May 2005,08-09/05/2005,MO 1.2m,7:20,0.74973
May 2005,08-09/05/2005,MO 1.2m,7:30,0.87264
May 2005,08-09/05/2005,MO 1.2m,7:40,0.96854
May 2005,08-09/05/2005,MO 1.2m,7:50,0.95804
May 2005,08-09/05/2005,MO 1.2m,8:00,0.94638
May 2005,08-09/05/2005,MO 1.2m,8:10,0.84816
May 2005,08-09/05/2005,MO 1.2m,8:20,0.78016
May 2005,08-09/05/2005,MO 1.2m,8:30,0.67523
May 2005,08-09/05/2005,MO 1.2m,8:40,0.51847
May 2005,08-09/05/2005,MO 1.2m,8:50,0.47158
May 2005,08-09/05/2005,MO 1.2m,9:00,0.43976
May 2005,08-09/05/2005,MO 1.2m,9:10,0.43723
May 2005,08-09/05/2005,MO 1.2m,9:20,0.36621
May 2005,08-09/05/2005,MO 1.2m,9:30,0.39876
May 2005,08-09/05/2005,MO 1.2m,9:40,0.62218
May 2005,08-09/05/2005,MO 1.2m,9:50,0.78898
May 2005,05-06/05/2005,MO 2m,10:00,0.84841
May 2005,05-06/05/2005,MO 2m,10:10,0.8404
May 2005,05-06/05/2005,MO 2m,10:20,0.83665
May 2005,05-06/05/2005,MO 2m,10:30,0.8203
May 2005,05-06/05/2005,MO 2m,10:40,0.80383
May 2005,05-06/05/2005,MO 2m,10:50,0.80898
May 2005,05-06/05/2005,MO 2m,11:00,0.81872
May 2005,05-06/05/2005,MO 2m,11:10,0.81221
May 2005,05-06/05/2005,MO 2m,11:20,0.8097
May 2005,05-06/05/2005,MO 2m,11:30,0.80137
May 2005,05-06/05/2005,MO 2m,11:40,0.76071
May 2005,05-06/05/2005,MO 2m,11:50,0.75271
May 2005,05-06/05/2005,MO 2m,12:00,1.175
May 2005,05-06/05/2005,MO 2m,12:10,0.89022
May 2005,05-06/05/2005,MO 2m,12:20,0.89914
May 2005,05-06/05/2005,MO 2m,12:30,0.90108
May 2005,05-06/05/2005,MO 2m,12:40,0.89991
May 2005,05-06/05/2005,MO 2m,12:50,0.91378
May 2005,05-06/05/2005,MO 2m,13:00,0.89812
May 2005,05-06/05/2005,MO 2m,13:10,0.86435
May 2005,05-06/05/2005,MO 2m,13:20,0.85586
May 2005,05-06/05/2005,MO 2m,13:30,0.86414
May 2005,05-06/05/2005,MO 2m,13:40,0.87814
May 2005,05-06/05/2005,MO 2m,13:50,0.86118
May 2005,05-06/05/2005,MO 2m,14:00,0.8669
May 2005,05-06/05/2005,MO 2m,14:10,0.69449
May 2005,05-06/05/2005,MO 2m,14:20,1.04915
May 2005,05-06/05/2005,MO 2m,14:30,0.86836
May 2005,05-06/05/2005,MO 2m,14:40,0.88745
May 2005,05-06/05/2005,MO 2m,14:50,0.87229
May 2005,05-06/05/2005,MO 2m,15:00,0.88497
May 2005,05-06/05/2005,MO 2m,15:10,0.87538
May 2005,05-06/05/2005,MO 2m,15:20,0.8714
May 2005,05-06/05/2005,MO 2m,15:30,0.8545
May 2005,05-06/05/2005,MO 2m,15:40,0.86374
May 2005,05-06/05/2005,MO 2m,15:50,0.86638
May 2005,05-06/05/2005,MO 2m,16:00,0.84245
May 2005,05-06/05/2005,MO 2m,16:10,0.84851
May 2005,05-06/05/2005,MO 2m,16:20,0.85313
May 2005,05-06/05/2005,MO 2m,16:30,0.85486
May 2005,05-06/05/2005,MO 2m,16:40,0.87019
May 2005,05-06/05/2005,MO 2m,16:50,0.87379
May 2005,05-06/05/2005,MO 2m,17:00,0.86676
May 2005,05-06/05/2005,MO 2m,17:10,0.8556
May 2005,05-06/05/2005,MO 2m,17:20,0.82778
May 2005,05-06/05/2005,MO 2m,17:30,0.82328
May 2005,05-06/05/2005,MO 2m,17:40,0.80939
May 2005,05-06/05/2005,MO 2m,17:50,0.77756
May 2005,05-06/05/2005,MO 2m,18:00,0.75505
May 2005,05-06/05/2005,MO 2m,18:10,0.75121
May 2005,05-06/05/2005,MO 2m,18:20,0.83151
May 2005,05-06/05/2005,MO 2m,7:20,0.69598
May 2005,05-06/05/2005,MO 2m,7:30,0.65301
May 2005,05-06/05/2005,MO 2m,7:40,0.71349
May 2005,05-06/05/2005,MO 2m,7:50,0.7474
May 2005,05-06/05/2005,MO 2m,8:00,0.77255
May 2005,05-06/05/2005,MO 2m,8:10,0.79718
May 2005,05-06/05/2005,MO 2m,8:20,0.80611
May 2005,05-06/05/2005,MO 2m,8:30,0.80932
May 2005,05-06/05/2005,MO 2m,8:40,0.81335
May 2005,05-06/05/2005,MO 2m,8:50,0.81389
May 2005,05-06/05/2005,MO 2m,9:00,0.82426
May 2005,05-06/05/2005,MO 2m,9:10,0.83403
May 2005,05-06/05/2005,MO 2m,9:20,0.83993
May 2005,05-06/05/2005,MO 2m,9:30,0.83968
May 2005,05-06/05/2005,MO 2m,9:40,0.8428
May 2005,05-06/05/2005,MO 2m,9:50,0.84101
May 2005,06-07/05/2005,MO 2m,10:00,0.92378
May 2005,06-07/05/2005,MO 2m,10:10,0.91789
May 2005,06-07/05/2005,MO 2m,10:20,0.92525
May 2005,06-07/05/2005,MO 2m,10:30,0.9338
May 2005,06-07/05/2005,MO 2m,10:40,0.93401
May 2005,06-07/05/2005,MO 2m,10:50,0.9337
May 2005,06-07/05/2005,MO 2m,11:00,0.9344
May 2005,06-07/05/2005,MO 2m,11:10,0.93106
May 2005,06-07/05/2005,MO 2m,11:20,0.93248
May 2005,06-07/05/2005,MO 2m,11:30,0.93827
May 2005,06-07/05/2005,MO 2m,11:40,0.92775
May 2005,06-07/05/2005,MO 2m,11:50,0.8891
May 2005,06-07/05/2005,MO 2m,12:00,0.74383
May 2005,06-07/05/2005,MO 2m,12:10,0.7513
May 2005,06-07/05/2005,MO 2m,12:20,0.77296
May 2005,06-07/05/2005,MO 2m,12:30,0.78293
May 2005,06-07/05/2005,MO 2m,12:40,0.7771
May 2005,06-07/05/2005,MO 2m,12:50,0.75097
May 2005,06-07/05/2005,MO 2m,13:00,0.73122
May 2005,06-07/05/2005,MO 2m,13:10,0.7219
May 2005,06-07/05/2005,MO 2m,13:20,0.74218
May 2005,06-07/05/2005,MO 2m,13:30,0.75094
May 2005,06-07/05/2005,MO 2m,13:40,0.77969
May 2005,06-07/05/2005,MO 2m,13:50,0.71885
May 2005,06-07/05/2005,MO 2m,14:00,0.69835
May 2005,06-07/05/2005,MO 2m,14:10,0.86628
May 2005,06-07/05/2005,MO 2m,14:20,0.90017
May 2005,06-07/05/2005,MO 2m,14:30,0.69107
May 2005,06-07/05/2005,MO 2m,14:40,0.82202
May 2005,06-07/05/2005,MO 2m,14:50,0.80869
May 2005,06-07/05/2005,MO 2m,15:00,0.82511
May 2005,06-07/05/2005,MO 2m,15:10,0.77391
May 2005,06-07/05/2005,MO 2m,15:20,0.79292
May 2005,06-07/05/2005,MO 2m,15:30,0.81128
May 2005,06-07/05/2005,MO 2m,15:40,0.82575
May 2005,06-07/05/2005,MO 2m,15:50,0.80283
May 2005,06-07/05/2005,MO 2m,16:00,0.78951
May 2005,06-07/05/2005,MO 2m,16:10,0.83071
May 2005,06-07/05/2005,MO 2m,16:20,0.76882
May 2005,06-07/05/2005,MO 2m,16:30,0.8122
May 2005,06-07/05/2005,MO 2m,16:40,0.84318
May 2005,06-07/05/2005,MO 2m,16:50,0.84108
May 2005,06-07/05/2005,MO 2m,17:00,0.83351
May 2005,06-07/05/2005,MO 2m,17:10,0.83998
May 2005,06-07/05/2005,MO 2m,17:20,0.82457
May 2005,06-07/05/2005,MO 2m,17:30,0.81844
May 2005,06-07/05/2005,MO 2m,17:40,0.81337
May 2005,06-07/05/2005,MO 2m,17:50,0.80425
May 2005,06-07/05/2005,MO 2m,18:00,0.78904
May 2005,06-07/05/2005,MO 2m,18:10,0.7717
May 2005,06-07/05/2005,MO 2m,18:20,0.7792
May 2005,06-07/05/2005,MO 2m,7:20,0.97674
May 2005,06-07/05/2005,MO 2m,7:30,1.01187
May 2005,06-07/05/2005,MO 2m,7:40,0.9308
May 2005,06-07/05/2005,MO 2m,7:50,0.94309
May 2005,06-07/05/2005,MO 2m,8:00,0.94611
May 2005,06-07/05/2005,MO 2m,8:10,0.9471
May 2005,06-07/05/2005,MO 2m,8:20,0.94913
May 2005,06-07/05/2005,MO 2m,8:30,0.94799
May 2005,06-07/05/2005,MO 2m,8:40,0.9296
May 2005,06-07/05/2005,MO 2m,8:50,0.93904
May 2005,06-07/05/2005,MO 2m,9:00,0.91632
May 2005,06-07/05/2005,MO 2m,9:10,0.92893
May 2005,06-07/05/2005,MO 2m,9:20,0.91564
May 2005,06-07/05/2005,MO 2m,9:30,0.93152
May 2005,06-07/05/2005,MO 2m,9:40,0.92534
May 2005,06-07/05/2005,MO 2m,9:50,0.92857
May 2005,15-16/05/2005,Open area 2m,10:00,1.13859
May 2005,15-16/05/2005,Open area 2m,10:10,1.13579
May 2005,15-16/05/2005,Open area 2m,10:20,1.15197
May 2005,15-16/05/2005,Open area 2m,10:30,1.16463
May 2005,15-16/05/2005,Open area 2m,10:40,1.17438
May 2005,15-16/05/2005,Open area 2m,10:50,1.16932
May 2005,15-16/05/2005,Open area 2m,11:00,1.16931
May 2005,15-16/05/2005,Open area 2m,11:10,1.15648
May 2005,15-16/05/2005,Open area 2m,11:20,1.15778
May 2005,15-16/05/2005,Open area 2m,11:30,1.16512
May 2005,15-16/05/2005,Open area 2m,11:40,1.16025
May 2005,15-16/05/2005,Open area 2m,11:50,1.14932
May 2005,15-16/05/2005,Open area 2m,12:00,1.13622
May 2005,15-16/05/2005,Open area 2m,12:10,1.15229
May 2005,15-16/05/2005,Open area 2m,12:20,1.15154
May 2005,15-16/05/2005,Open area 2m,12:30,1.15349
May 2005,15-16/05/2005,Open area 2m,12:40,1.16159
May 2005,15-16/05/2005,Open area 2m,12:50,1.16879
May 2005,15-16/05/2005,Open area 2m,13:00,1.1806
May 2005,15-16/05/2005,Open area 2m,13:10,1.18333
May 2005,15-16/05/2005,Open area 2m,13:20,1.18467
May 2005,15-16/05/2005,Open area 2m,13:30,1.17858
May 2005,15-16/05/2005,Open area 2m,13:40,1.18619
May 2005,15-16/05/2005,Open area 2m,13:50,1.18573
May 2005,15-16/05/2005,Open area 2m,14:00,1.18242
May 2005,15-16/05/2005,Open area 2m,14:10,1.16993
May 2005,15-16/05/2005,Open area 2m,14:20,1.15323
May 2005,15-16/05/2005,Open area 2m,14:30,1.13333
May 2005,15-16/05/2005,Open area 2m,14:40,1.11825
May 2005,15-16/05/2005,Open area 2m,14:50,1.14083
May 2005,15-16/05/2005,Open area 2m,15:00,1.13924
May 2005,15-16/05/2005,Open area 2m,15:10,1.12741
May 2005,15-16/05/2005,Open area 2m,15:20,1.14015
May 2005,15-16/05/2005,Open area 2m,15:30,1.15207
May 2005,15-16/05/2005,Open area 2m,15:40,1.14394
May 2005,15-16/05/2005,Open area 2m,15:50,1.13435
May 2005,15-16/05/2005,Open area 2m,16:00,1.12168
May 2005,15-16/05/2005,Open area 2m,16:10,1.11975
May 2005,15-16/05/2005,Open area 2m,16:20,1.1205
May 2005,15-16/05/2005,Open area 2m,16:30,1.11345
May 2005,15-16/05/2005,Open area 2m,16:40,1.10751
May 2005,15-16/05/2005,Open area 2m,16:50,1.09516
May 2005,15-16/05/2005,Open area 2m,17:00,1.08144
May 2005,15-16/05/2005,Open area 2m,17:10,1.07663
May 2005,15-16/05/2005,Open area 2m,17:20,1.07297
May 2005,15-16/05/2005,Open area 2m,17:30,1.06477
May 2005,15-16/05/2005,Open area 2m,17:40,1.06073
May 2005,15-16/05/2005,Open area 2m,17:50,1.05422
May 2005,15-16/05/2005,Open area 2m,18:00,1.03651
May 2005,15-16/05/2005,Open area 2m,18:10,1.06327
May 2005,15-16/05/2005,Open area 2m,18:20,1.12726
May 2005,15-16/05/2005,Open area 2m,7:20,1.09037
May 2005,15-16/05/2005,Open area 2m,7:30,1.20726
May 2005,15-16/05/2005,Open area 2m,7:40,1.14034
May 2005,15-16/05/2005,Open area 2m,7:50,1.08372
May 2005,15-16/05/2005,Open area 2m,8:00,1.06851
May 2005,15-16/05/2005,Open area 2m,8:10,1.0827
May 2005,15-16/05/2005,Open area 2m,8:20,1.10766
May 2005,15-16/05/2005,Open area 2m,8:30,1.11869
May 2005,15-16/05/2005,Open area 2m,8:40,1.1149
May 2005,15-16/05/2005,Open area 2m,8:50,1.12145
May 2005,15-16/05/2005,Open area 2m,9:00,1.12372
May 2005,15-16/05/2005,Open area 2m,9:10,1.13554
May 2005,15-16/05/2005,Open area 2m,9:20,1.14027
May 2005,15-16/05/2005,Open area 2m,9:30,1.14361
May 2005,15-16/05/2005,Open area 2m,9:40,1.14767
May 2005,15-16/05/2005,Open area 2m,9:50,1.14195
May 2005,16-17/05/2005,Open area 2m,10:00,1.1709
May 2005,16-17/05/2005,Open area 2m,10:10,1.18566
May 2005,16-17/05/2005,Open area 2m,10:20,1.19058
May 2005,16-17/05/2005,Open area 2m,10:30,1.19368
May 2005,16-17/05/2005,Open area 2m,10:40,1.20407
May 2005,16-17/05/2005,Open area 2m,10:50,1.18509
May 2005,16-17/05/2005,Open area 2m,11:00,1.18098
May 2005,16-17/05/2005,Open area 2m,11:10,1.17507
May 2005,16-17/05/2005,Open area 2m,11:20,1.17961
May 2005,16-17/05/2005,Open area 2m,11:30,1.20706
May 2005,16-17/05/2005,Open area 2m,11:40,1.20602
May 2005,16-17/05/2005,Open area 2m,11:50,1.19255
May 2005,16-17/05/2005,Open area 2m,12:00,1.16433
May 2005,16-17/05/2005,Open area 2m,12:10,1.17237
May 2005,16-17/05/2005,Open area 2m,12:20,1.18224
May 2005,16-17/05/2005,Open area 2m,12:30,1.19848
May 2005,16-17/05/2005,Open area 2m,12:40,1.20542
May 2005,16-17/05/2005,Open area 2m,12:50,1.20071
May 2005,16-17/05/2005,Open area 2m,13:00,1.20644
May 2005,16-17/05/2005,Open area 2m,13:10,1.2008
May 2005,16-17/05/2005,Open area 2m,13:20,1.2001
May 2005,16-17/05/2005,Open area 2m,13:30,1.20498
May 2005,16-17/05/2005,Open area 2m,13:40,1.20633
May 2005,16-17/05/2005,Open area 2m,13:50,1.20418
May 2005,16-17/05/2005,Open area 2m,14:00,1.18737
May 2005,16-17/05/2005,Open area 2m,14:10,1.1848
May 2005,16-17/05/2005,Open area 2m,14:20,1.18587
May 2005,16-17/05/2005,Open area 2m,14:30,1.19796
May 2005,16-17/05/2005,Open area 2m,14:40,1.20313
May 2005,16-17/05/2005,Open area 2m,14:50,1.20647
May 2005,16-17/05/2005,Open area 2m,15:00,1.17498
May 2005,16-17/05/2005,Open area 2m,15:10,1.15969
May 2005,16-17/05/2005,Open area 2m,15:20,1.14685
May 2005,16-17/05/2005,Open area 2m,15:30,1.15755
May 2005,16-17/05/2005,Open area 2m,15:40,1.16536
May 2005,16-17/05/2005,Open area 2m,15:50,1.17285
May 2005,16-17/05/2005,Open area 2m,16:00,1.16737
May 2005,16-17/05/2005,Open area 2m,16:10,1.16332
May 2005,16-17/05/2005,Open area 2m,16:20,1.14806
May 2005,16-17/05/2005,Open area 2m,16:30,1.14545
May 2005,16-17/05/2005,Open area 2m,16:40,1.15357
May 2005,16-17/05/2005,Open area 2m,16:50,1.16439
May 2005,16-17/05/2005,Open area 2m,17:00,1.17235
May 2005,16-17/05/2005,Open area 2m,17:10,1.19987
May 2005,16-17/05/2005,Open area 2m,17:20,1.20727
May 2005,16-17/05/2005,Open area 2m,17:30,1.2026
May 2005,16-17/05/2005,Open area 2m,17:40,1.20749
May 2005,16-17/05/2005,Open area 2m,17:50,1.11415
May 2005,16-17/05/2005,Open area 2m,18:00,1.0677
May 2005,16-17/05/2005,Open area 2m,18:10,1.07884
May 2005,16-17/05/2005,Open area 2m,18:20,1.0761
May 2005,16-17/05/2005,Open area 2m,7:20,0.97506
May 2005,16-17/05/2005,Open area 2m,7:30,0.98653
May 2005,16-17/05/2005,Open area 2m,7:40,1.07795
May 2005,16-17/05/2005,Open area 2m,7:50,1.07977
May 2005,16-17/05/2005,Open area 2m,8:00,1.10711
May 2005,16-17/05/2005,Open area 2m,8:10,1.14236
May 2005,16-17/05/2005,Open area 2m,8:20,1.2002
May 2005,16-17/05/2005,Open area 2m,8:30,1.20668
May 2005,16-17/05/2005,Open area 2m,8:40,1.19728
May 2005,16-17/05/2005,Open area 2m,8:50,1.18763
May 2005,16-17/05/2005,Open area 2m,9:00,1.18969
May 2005,16-17/05/2005,Open area 2m,9:10,1.19079
May 2005,16-17/05/2005,Open area 2m,9:20,1.19498
May 2005,16-17/05/2005,Open area 2m,9:30,1.18127
May 2005,16-17/05/2005,Open area 2m,9:40,1.18549
May 2005,16-17/05/2005,Open area 2m,9:50,1.18939
