plant_id,axis_id,environment,sex,obs,time_idx,year,GDD,Tmax,Tmin,night_hours,precip_monthly,DTR,PAR_midday,DLI,RFR_midday,PAR_morning,PAR_afternoon,RFR_morning,RFR_afternoon,is_cresc,phase_3class,phase_label,elongation,metamer_emission,leaf_increase,leaf_area_increase,leaf_shed,is_male,is_MO
1,P1_MO_G1,MO,F,O1,0,1,254.5,19.57,12.57,13.576666666666666,124.8,7.6,1474.3933333333332,39.508891999999996,1.1070321666666667,402.03898550724637,562.2480303030303,1.0804234782608695,1.1195831818181818,0,0,Rest,0.0,0.0,0.0,0.0,0.0,0,1
1,P1_MO_G2,MO,F,O1,0,1,254.5,19.57,12.57,13.576666666666666,124.8,7.6,1474.3933333333332,39.508891999999996,1.1070321666666667,402.03898550724637,562.2480303030303,1.0804234782608695,1.1195831818181818,0,0,Rest,0.0,0.0,0.0,0.0,0.0,0,1
1,P1_MO_G3,MO,F,O1,0,1,254.5,19.57,12.57,13.576666666666666,124.8,7.6,1474.3933333333332,39.508891999999996,1.1070321666666667,402.03898550724637,562.2480303030303,1.0804234782608695,1.1195831818181818,0,0,Rest,0.0,0.0,0.0,0.0,0.0,0,1
1,P1_FUS_G1,FUS,M,O1,0,1,254.5,19.57,12.57,13.576666666666666,124.8,7.6,168.69500000000002,5.280435,0.6713425555555556,47.088913043478264,120.765,0.7038765217391305,0.7234356060606061,0,0,Rest,0.0,0.0,0.0,0.0,0.0,1,0
1,P1_FUS_G2,FUS,M,O1,0,1,254.5,19.57,12.57,13.576666666666666,124.8,7.6,168.69500000000002,5.280435,0.6713425555555556,47.088913043478264,120.765,0.7038765217391305,0.7234356060606061,0,0,Rest,0.0,0.0,0.0,0.0,0.0,1,0
1,P1_FUS_G3,FUS,M,O1,0,1,254.5,19.57,12.57,13.576666666666666,124.8,7.6,168.69500000000002,5.280435,0.6713425555555556,47.088913043478264,120.765,0.7038765217391305,0.7234356060606061,0,0,Rest,0.0,0.0,0.0,0.0,0.0,1,0
1,P1_MO_G1,MO,F,O2,1,1,282.1,18.87,9.94,13.418279569892475,92.9,9.058064516129035,1474.3933333333332,39.508891999999996,1.1070321666666667,402.03898550724637,562.2480303030303,1.0804234782608695,1.1195831818181818,0,0,Rest,0.0,0.0,0.0,0.0,0.0,0,1
1,P1_MO_G2,MO,F,O2,1,1,282.1,18.87,9.94,13.418279569892475,92.9,9.058064516129035,1474.3933333333332,39.508891999999996,1.1070321666666667,402.03898550724637,562.2480303030303,1.0804234782608695,1.1195831818181818,0,0,Rest,0.0,0.0,0.0,0.0,0.0,0,1
1,P1_MO_G3,MO,F,O2,1,1,282.1,18.87,9.94,13.418279569892475,92.9,9.058064516129035,1474.3933333333332,39.508891999999996,1.1070321666666667,402.03898550724637,562.2480303030303,1.0804234782608695,1.1195831818181818,0,0,Rest,0.0,0.0,0.0,0.0,0.0,0,1
1,P1_FUS_G1,FUS,M,O2,1,1,282.1,18.87,9.94,13.418279569892475,92.9,9.058064516129035,168.69500000000002,5.280435,0.6713425555555556,47.088913043478264,120.765,0.7038765217391305,0.7234356060606061,0,0,Rest,0.5,3.0,3.0,2.21,0.0,1,0
1,P1_FUS_G2,FUS,M,O2,1,1,282.1,18.87,9.94,13.418279569892475,92.9,9.058064516129035,168.69500000000002,5.280435,0.6713425555555556,47.088913043478264,120.765,0.7038765217391305,0.7234356060606061,0,0,Rest,0.0,0.0,0.0,0.0,0.0,1,0
1,P1_FUS_G3,FUS,M,O2,1,1,282.1,18.87,9.94,13.418279569892475,92.9,9.058064516129035,168.69500000000002,5.280435,0.6713425555555556,47.088913043478264,120.765,0.7038765217391305,0.7234356060606061,0,0,Rest,0.0,0.0,0.0,0.0,0.0,1,0
1,P1_MO_G1,MO,F,O3,2,1,326.2,21.57,10.18,12.839247311827956,73.7,11.245161290322581,1474.3933333333332,39.508891999999996,1.1070321666666667,402.03898550724637,562.2480303030303,1.0804234782608695,1.1195831818181818,0,0,Rest,0.0,0.0,0.0,0.0,0.0,0,1
1,P1_MO_G2,MO,F,O3,2,1,326.2,21.57,10.18,12.839247311827956,73.7,11.245161290322581,1474.3933333333332,39.508891999999996,1.1070321666666667,402.03898550724637,562.2480303030303,1.0804234782608695,1.1195831818181818,0,0,Rest,0.0,0.0,0.0,0.0,0.0,0,1
1,P1_MO_G3,MO,F,O3,2,1,326.2,21.57,10.18,12.839247311827956,73.7,11.245161290322581,1474.3933333333332,39.508891999999996,1.1070321666666667,402.03898550724637,562.2480303030303,1.0804234782608695,1.1195831818181818,0,0,Rest,0.0,0.0,0.0,0.0,0.0,0,1
1,P1_FUS_G1,FUS,M,O3,2,1,326.2,21.57,10.18,12.839247311827956,73.7,11.245161290322581,168.69500000000002,5.280435,0.6713425555555556,47.088913043478264,120.765,0.7038765217391305,0.7234356060606061,0,0,Rest,1.1,4.0,0.0,0.0,6.0,1,0
1,P1_FUS_G2,FUS,M,O3,2,1,326.2,21.57,10.18,12.839247311827956,73.7,11.245161290322581,168.69500000000002,5.280435,0.6713425555555556,47.088913043478264,120.765,0.7038765217391305,0.7234356060606061,0,0,Rest,0.0,0.0,0.0,0.0,0.0,1,0
1,P1_FUS_G3,FUS,M,O3,2,1,326.2,21.57,10.18,12.839247311827956,73.7,11.245161290322581,168.69500000000002,5.280435,0.6713425555555556,47.088913043478264,120.765,0.7038765217391305,0.7234356060606061,0,0,Rest,0.0,0.0,0.0,0.0,0.0,1,0
1,P1_MO_G1,MO,F,O5,3,1,281.7,20.17,8.61,12.069444444444445,31.5,11.493333333333336,1474.3933333333332,39.508891999999996,1.1070321666666667,402.03898550724637,562.2480303030303,1.0804234782608695,1.1195831818181818,0,0,Rest,5.9,22.0,5.0,19.8,17.0,0,1
1,P1_MO_G2,MO,F,O5,3,1,281.7,20.17,8.61,12.069444444444445,31.5,11.493333333333336,1474.3933333333332,39.508891999999996,1.1070321666666667,402.03898550724637,562.2480303030303,1.0804234782608695,1.1195831818181818,0,0,Rest,9.3,24.0,8.0,72.55,16.0,0,1
1,P1_MO_G3,MO,F,O5,3,1,281.7,20.17,8.61,12.069444444444445,31.5,11.493333333333336,1474.3933333333332,39.508891999999996,1.1070321666666667,402.03898550724637,562.2480303030303,1.0804234782608695,1.1195831818181818,0,0,Rest,4.3,19.0,5.0,14.78,14.0,0,1
1,P1_FUS_G1,FUS,M,O5,3,1,281.7,20.17,8.61,12.069444444444445,31.5,11.493333333333336,168.69500000000002,5.280435,0.6713425555555556,47.088913043478264,120.765,0.7038765217391305,0.7234356060606061,0,0,Rest,0.5,2.0,0.0,0.0,3.0,1,0
1,P1_FUS_G2,FUS,M,O5,3,1,281.7,20.17,8.61,12.069444444444445,31.5,11.493333333333336,168.69500000000002,5.280435,0.6713425555555556,47.088913043478264,120.765,0.7038765217391305,0.7234356060606061,0,0,Rest,10.1,29.0,6.0,70.65,23.0,1,0
1,P1_FUS_G3,FUS,M,O5,3,1,281.7,20.17,8.61,12.069444444444445,31.5,11.493333333333336,168.69500000000002,5.280435,0.6713425555555556,47.088913043478264,120.765,0.7038765217391305,0.7234356060606061,0,0,Rest,6.8,11.0,9.0,208.9,2.0,1,0
1,P1_MO_G1,MO,F,O7,4,1,460.1,24.84,14.85,11.248924731182797,173.1,10.503225806451614,1653.4391666666666,47.820049149999996,1.1107365277777776,647.6092844202899,636.3643276515152,1.0865897946859904,1.1215947159090909,1,2,Transition,28.3,16.0,16.0,598.93,0.0,0,1
1,P1_MO_G2,MO,F,O7,4,1,460.1,24.84,14.85,11.248924731182797,173.1,10.503225806451614,1653.4391666666666,47.820049149999996,1.1107365277777776,647.6092844202899,636.3643276515152,1.0865897946859904,1.1215947159090909,1,2,Transition,32.5,15.0,15.0,798.5,0.0,0,1
1,P1_MO_G3,MO,F,O7,4,1,460.1,24.84,14.85,11.248924731182797,173.1,10.503225806451614,1653.4391666666666,47.820049149999996,1.1107365277777776,647.6092844202899,636.3643276515152,1.0865897946859904,1.1215947159090909,1,2,Transition,22.2,11.0,10.0,441.86,1.0,0,1
1,P1_FUS_G1,FUS,M,O7,4,1,460.1,24.84,14.85,11.248924731182797,173.1,10.503225806451614,125.61441666666667,3.834195,0.6907866944444445,40.06020652173913,74.78767708333334,0.5979687817028986,0.6854532196969697,1,2,Transition,0.0,0.0,0.0,0.0,0.0,1,0
1,P1_FUS_G2,FUS,M,O7,4,1,460.1,24.84,14.85,11.248924731182797,173.1,10.503225806451614,125.61441666666667,3.834195,0.6907866944444445,40.06020652173913,74.78767708333334,0.5979687817028986,0.6854532196969697,1,2,Transition,18.2,8.0,8.0,477.1,0.0,1,0
1,P1_FUS_G3,FUS,M,O7,4,1,460.1,24.84,14.85,11.248924731182797,173.1,10.503225806451614,125.61441666666667,3.834195,0.6907866944444445,40.06020652173913,74.78767708333334,0.5979687817028986,0.6854532196969697,1,2,Transition,2.3,0.0,0.0,83.95,0.0,1,0
1,P1_MO_G1,MO,F,O9,5,1,444.8,24.43,15.22,10.520555555555555,188.2,8.726666666666668,1832.4850000000001,56.131206299999995,1.1144408888888888,893.1795833333334,710.480625,1.092756111111111,1.12360625,1,1,Growth,34.1,17.0,15.0,765.31,2.0,0,1
1,P1_MO_G2,MO,F,O9,5,1,444.8,24.43,15.22,10.520555555555555,188.2,8.726666666666668,1832.4850000000001,56.131206299999995,1.1144408888888888,893.1795833333334,710.480625,1.092756111111111,1.12360625,1,1,Growth,38.9,20.0,16.0,1056.8,4.0,0,1
1,P1_MO_G3,MO,F,O9,5,1,444.8,24.43,15.22,10.520555555555555,188.2,8.726666666666668,1832.4850000000001,56.131206299999995,1.1144408888888888,893.1795833333334,710.480625,1.092756111111111,1.12360625,1,1,Growth,27.2,17.0,16.0,641.84,1.0,0,1
1,P1_FUS_G1,FUS,M,O9,5,1,444.8,24.43,15.22,10.520555555555555,188.2,8.726666666666668,82.53383333333333,2.387955,0.7102308333333334,33.0315,28.810354166666666,0.49206104166666664,0.6474708333333333,1,1,Growth,2.9,4.0,4.0,167.5,0.0,1,0
1,P1_FUS_G2,FUS,M,O9,5,1,444.8,24.43,15.22,10.520555555555555,188.2,8.726666666666668,82.53383333333333,2.387955,0.7102308333333334,33.0315,28.810354166666666,0.49206104166666664,0.6474708333333333,1,1,Growth,2.6,1.0,1.0,247.25,0.0,1,0
1,P1_FUS_G3,FUS,M,O9,5,1,444.8,24.43,15.22,10.520555555555555,188.2,8.726666666666668,82.53383333333333,2.387955,0.7102308333333334,33.0315,28.810354166666666,0.49206104166666664,0.6474708333333333,1,1,Growth,12.3,16.0,7.0,184.25,9.0,1,0
1,P1_MO_G1,MO,F,O10,6,1,398.8,27.7,16.98,10.141935483870967,288.8,11.29032258064516,1705.0033333333336,53.21982704999999,1.0832638694444445,781.453125,779.0920833333333,1.0856867534722223,1.1087103333333332,1,1,Growth,10.6,13.0,6.0,201.76,7.0,0,1
1,P1_MO_G2,MO,F,O10,6,1,398.8,27.7,16.98,10.141935483870967,288.8,11.29032258064516,1705.0033333333336,53.21982704999999,1.0832638694444445,781.453125,779.0920833333333,1.0856867534722223,1.1087103333333332,1,1,Growth,17.2,10.0,8.0,463.18,2.0,0,1
1,P1_MO_G3,MO,F,O10,6,1,398.8,27.7,16.98,10.141935483870967,288.8,11.29032258064516,1705.0033333333336,53.21982704999999,1.0832638694444445,781.453125,779.0920833333333,1.0856867534722223,1.1087103333333332,1,1,Growth,6.4,10.0,7.0,242.39,3.0,0,1
1,P1_FUS_G1,FUS,M,O10,6,1,398.8,27.7,16.98,10.141935483870967,288.8,11.29032258064516,77.3835,2.9195848799999995,0.67345475,29.1351875,76.275625,0.5281754166666666,0.6392845833333334,1,1,Growth,0.0,0.0,0.0,0.0,0.0,1,0
1,P1_FUS_G2,FUS,M,O10,6,1,398.8,27.7,16.98,10.141935483870967,288.8,11.29032258064516,77.3835,2.9195848799999995,0.67345475,29.1351875,76.275625,0.5281754166666666,0.6392845833333334,1,1,Growth,0.5,1.0,1.0,13.75,0.0,1,0
1,P1_FUS_G3,FUS,M,O10,6,1,398.8,27.7,16.98,10.141935483870967,288.8,11.29032258064516,77.3835,2.9195848799999995,0.67345475,29.1351875,76.275625,0.5281754166666666,0.6392845833333334,1,1,Growth,0.0,1.0,1.0,76.55,0.0,1,0
1,P1_MO_G1,MO,F,O12,7,1,625.4,28.29,17.45,10.341397849462364,127.9,10.077419354838707,1577.5216666666668,50.308447799999996,1.05208685,669.7266666666667,847.7035416666666,1.0786173958333334,1.0938144166666668,1,1,Growth,23.2,18.0,12.0,393.3,6.0,0,1
1,P1_MO_G2,MO,F,O12,7,1,625.4,28.29,17.45,10.341397849462364,127.9,10.077419354838707,1577.5216666666668,50.308447799999996,1.05208685,669.7266666666667,847.7035416666666,1.0786173958333334,1.0938144166666668,1,1,Growth,44.2,28.0,18.0,570.02,10.0,0,1
1,P1_MO_G3,MO,F,O12,7,1,625.4,28.29,17.45,10.341397849462364,127.9,10.077419354838707,1577.5216666666668,50.308447799999996,1.05208685,669.7266666666667,847.7035416666666,1.0786173958333334,1.0938144166666668,1,1,Growth,13.9,15.0,14.0,247.05,1.0,0,1
1,P1_FUS_G1,FUS,M,O12,7,1,625.4,28.29,17.45,10.341397849462364,127.9,10.077419354838707,72.23316666666666,3.4512147599999996,0.6366786666666666,25.238874999999997,123.74089583333334,0.5642897916666666,0.6310983333333333,1,1,Growth,0.0,0.0,0.0,0.0,0.0,1,0
1,P1_FUS_G2,FUS,M,O12,7,1,625.4,28.29,17.45,10.341397849462364,127.9,10.077419354838707,72.23316666666666,3.4512147599999996,0.6366786666666666,25.238874999999997,123.74089583333334,0.5642897916666666,0.6310983333333333,1,1,Growth,1.2,0.0,0.0,71.0,0.0,1,0
1,P1_FUS_G3,FUS,M,O12,7,1,625.4,28.29,17.45,10.341397849462364,127.9,10.077419354838707,72.23316666666666,3.4512147599999996,0.6366786666666666,25.238874999999997,123.74089583333334,0.5642897916666666,0.6310983333333333,1,1,Growth,0.9,0.0,0.0,4.7,0.0,1,0
1,P1_MO_G1,MO,F,O13,8,1,384.6,28.3,18.44,10.964880952380952,82.2,10.859605911330046,1319.2091666666668,38.4755949,1.0561539249999998,486.70427083333334,549.7655803571429,1.0952947395833332,1.0710186369047618,1,1,Growth,27.0,21.0,14.0,259.1,7.0,0,1
1,P1_MO_G2,MO,F,O13,8,1,384.6,28.3,18.44,10.964880952380952,82.2,10.859605911330046,1319.2091666666668,38.4755949,1.0561539249999998,486.70427083333334,549.7655803571429,1.0952947395833332,1.0710186369047618,1,1,Growth,15.1,14.0,13.0,501.55,1.0,0,1
1,P1_MO_G3,MO,F,O13,8,1,384.6,28.3,18.44,10.964880952380952,82.2,10.859605911330046,1319.2091666666668,38.4755949,1.0561539249999998,486.70427083333334,549.7655803571429,1.0952947395833332,1.0710186369047618,1,1,Growth,13.1,17.0,13.0,199.75,4.0,0,1
1,P1_FUS_G1,FUS,M,O13,8,1,384.6,28.3,18.44,10.964880952380952,82.2,10.859605911330046,74.65858333333333,2.7920893799999997,0.6385324583333333,25.111104166666664,77.17282886904762,0.5553263541666666,0.6394401190476191,1,1,Growth,0.0,0.0,0.0,0.0,0.0,1,0
1,P1_FUS_G2,FUS,M,O13,8,1,384.6,28.3,18.44,10.964880952380952,82.2,10.859605911330046,74.65858333333333,2.7920893799999997,0.6385324583333333,25.111104166666664,77.17282886904762,0.5553263541666666,0.6394401190476191,1,1,Growth,0.4,1.0,1.0,16.8,0.0,1,0
1,P1_FUS_G3,FUS,M,O13,8,1,384.6,28.3,18.44,10.964880952380952,82.2,10.859605911330046,74.65858333333333,2.7920893799999997,0.6385324583333333,25.111104166666664,77.17282886904762,0.5553263541666666,0.6394401190476191,1,1,Growth,0.0,0.0,0.0,0.0,0.0,1,0
1,P1_MO_G1,MO,F,O15,9,1,699.6,27.02,16.29,11.759677419354839,95.3,11.606451612903225,1060.8966666666668,26.642742,1.0602209999999999,303.681875,251.82761904761907,1.1119720833333333,1.0482228571428571,1,1,Growth,35.0,25.0,18.0,424.25,7.0,0,1
1,P1_MO_G2,MO,F,O15,9,1,699.6,27.02,16.29,11.759677419354839,95.3,11.606451612903225,1060.8966666666668,26.642742,1.0602209999999999,303.681875,251.82761904761907,1.1119720833333333,1.0482228571428571,1,1,Growth,29.0,21.0,18.0,418.35,3.0,0,1
1,P1_MO_G3,MO,F,O15,9,1,699.6,27.02,16.29,11.759677419354839,95.3,11.606451612903225,1060.8966666666668,26.642742,1.0602209999999999,303.681875,251.82761904761907,1.1119720833333333,1.0482228571428571,1,1,Growth,9.0,7.0,6.0,210.07,1.0,0,1
1,P1_FUS_G1,FUS,M,O15,9,1,699.6,27.02,16.29,11.759677419354839,95.3,11.606451612903225,77.084,2.132964,0.6403862499999999,24.983333333333334,30.604761904761908,0.5463629166666667,0.6477819047619048,1,1,Growth,31.0,19.0,7.0,543.0,12.0,1,0
1,P1_FUS_G2,FUS,M,O15,9,1,699.6,27.02,16.29,11.759677419354839,95.3,11.606451612903225,77.084,2.132964,0.6403862499999999,24.983333333333334,30.604761904761908,0.5463629166666667,0.6477819047619048,1,1,Growth,14.7,10.0,8.0,275.7,2.0,1,0
1,P1_FUS_G3,FUS,M,O15,9,1,699.6,27.02,16.29,11.759677419354839,95.3,11.606451612903225,77.084,2.132964,0.6403862499999999,24.983333333333334,30.604761904761908,0.5463629166666667,0.6477819047619048,1,1,Growth,0.0,0.0,0.0,0.0,0.0,1,0
1,P1_MO_G1,MO,F,O17,10,1,508.8,27.73,16.19,12.576111111111112,163.9,10.340000000000002,799.5080222222223,19.434765328999998,1.0889678333333332,204.41720614583332,186.67474206349206,1.0415594791666667,1.058017619047619,1,1,Growth,0.0,7.0,6.0,0.0,1.0,0,1
1,P1_MO_G2,MO,F,O17,10,1,508.8,27.73,16.19,12.576111111111112,163.9,10.340000000000002,799.5080222222223,19.434765328999998,1.0889678333333332,204.41720614583332,186.67474206349206,1.0415594791666667,1.058017619047619,1,1,Growth,0.0,8.0,5.0,0.0,3.0,0,1
1,P1_MO_G3,MO,F,O17,10,1,508.8,27.73,16.19,12.576111111111112,163.9,10.340000000000002,799.5080222222223,19.434765328999998,1.0889678333333332,204.41720614583332,186.67474206349206,1.0415594791666667,1.058017619047619,1,1,Growth,0.4,0.0,0.0,4.18,0.0,0,1
1,P1_FUS_G1,FUS,M,O17,10,1,508.8,27.73,16.19,12.576111111111112,163.9,10.340000000000002,53.55433888888889,1.4964096199999999,0.6967120694444444,15.62109375,25.593096825396827,0.5926528125,0.6640030952380953,1,1,Growth,1.5,3.0,2.0,110.15,1.0,1,0
1,P1_FUS_G2,FUS,M,O17,10,1,508.8,27.73,16.19,12.576111111111112,163.9,10.340000000000002,53.55433888888889,1.4964096199999999,0.6967120694444444,15.62109375,25.593096825396827,0.5926528125,0.6640030952380953,1,1,Growth,1.1,0.0,0.0,19.85,0.0,1,0
1,P1_FUS_G3,FUS,M,O17,10,1,508.8,27.73,16.19,12.576111111111112,163.9,10.340000000000002,53.55433888888889,1.4964096199999999,0.6967120694444444,15.62109375,25.593096825396827,0.5926528125,0.6640030952380953,1,1,Growth,0.0,0.0,0.0,0.0,0.0,1,0
1,P1_MO_G1,MO,F,O18,11,1,257.35,20.67,12.78,13.238888888888889,111.4,6.282795698924733,538.1193777777778,12.226788657999998,1.1177146666666666,105.15253729166666,121.52186507936507,0.971146875,1.067812380952381,0,2,Transition,0.0,0.0,0.0,0.0,0.0,0,1
1,P1_MO_G2,MO,F,O18,11,1,257.35,20.67,12.78,13.238888888888889,111.4,6.282795698924733,538.1193777777778,12.226788657999998,1.1177146666666666,105.15253729166666,121.52186507936507,0.971146875,1.067812380952381,0,2,Transition,0.0,0.0,0.0,0.0,0.0,0,1
1,P1_MO_G3,MO,F,O18,11,1,257.35,20.67,12.78,13.238888888888889,111.4,6.282795698924733,538.1193777777778,12.226788657999998,1.1177146666666666,105.15253729166666,121.52186507936507,0.971146875,1.067812380952381,0,2,Transition,0.0,0.0,0.0,0.0,0.0,0,1
1,P1_FUS_G1,FUS,M,O18,11,1,257.35,20.67,12.78,13.238888888888889,111.4,6.282795698924733,30.02467777777778,0.8598552399999999,0.7530378888888889,6.258854166666667,20.581431746031747,0.6389427083333333,0.6802242857142857,0,2,Transition,0.0,0.0,0.0,0.0,0.0,1,0
1,P1_FUS_G2,FUS,M,O18,11,1,257.35,20.67,12.78,13.238888888888889,111.4,6.282795698924733,30.02467777777778,0.8598552399999999,0.7530378888888889,6.258854166666667,20.581431746031747,0.6389427083333333,0.6802242857142857,0,2,Transition,0.0,0.0,0.0,0.0,0.0,1,0
1,P1_FUS_G3,FUS,M,O18,11,1,257.35,20.67,12.78,13.238888888888889,111.4,6.282795698924733,30.02467777777778,0.8598552399999999,0.7530378888888889,6.258854166666667,20.581431746031747,0.6389427083333333,0.6802242857142857,0,2,Transition,0.0,0.0,0.0,0.0,0.0,1,0
1,P1_MO_G1,MO,F,O19,12,2,268.5,16.82,9.45,13.573333333333332,52.8,8.499999999999998,756.7875222222222,18.398935829,1.100986,216.80204989583336,213.92545634920634,1.0080453125,1.086895,0,0,Rest,0.0,0.0,0.0,0.0,0.0,0,1
1,P1_MO_G2,MO,F,O19,12,2,268.5,16.82,9.45,13.573333333333332,52.8,8.499999999999998,756.7875222222222,18.398935829,1.100986,216.80204989583336,213.92545634920634,1.0080453125,1.086895,0,0,Rest,0.0,0.0,0.0,0.0,30.0,0,1
1,P1_MO_G3,MO,F,O19,12,2,268.5,16.82,9.45,13.573333333333332,52.8,8.499999999999998,756.7875222222222,18.398935829,1.100986,216.80204989583336,213.92545634920634,1.0080453125,1.086895,0,0,Rest,0.0,0.0,0.0,0.0,0.0,0,1
1,P1_FUS_G1,FUS,M,O19,12,2,268.5,16.82,9.45,13.573333333333332,52.8,8.499999999999998,51.55939444444445,1.4373516199999998,0.7899986944444444,29.544947916666665,17.908811111111113,0.7436183854166667,0.7313225000000001,0,0,Rest,0.0,0.0,0.0,0.0,0.0,1,0
1,P1_FUS_G2,FUS,M,O19,12,2,268.5,16.82,9.45,13.573333333333332,52.8,8.499999999999998,51.55939444444445,1.4373516199999998,0.7899986944444444,29.544947916666665,17.908811111111113,0.7436183854166667,0.7313225000000001,0,0,Rest,0.0,0.0,0.0,0.0,10.0,1,0
1,P1_FUS_G3,FUS,M,O19,12,2,268.5,16.82,9.45,13.573333333333332,52.8,8.499999999999998,51.55939444444445,1.4373516199999998,0.7899986944444444,29.544947916666665,17.908811111111113,0.7436183854166667,0.7313225000000001,0,0,Rest,0.0,0.0,0.0,0.0,0.0,1,0
1,P1_MO_G1,MO,F,O20,13,2,332.9,20.05,12.15,13.431182795698925,128.5,6.55247311827957,975.4556666666666,24.571082999999998,1.0842573333333334,328.4515625,306.3290476190476,1.04494375,1.105977619047619,0,0,Rest,0.0,0.0,0.0,0.0,33.0,0,1
1,P1_MO_G2,MO,F,O20,13,2,332.9,20.05,12.15,13.431182795698925,128.5,6.55247311827957,975.4556666666666,24.571082999999998,1.0842573333333334,328.4515625,306.3290476190476,1.04494375,1.105977619047619,0,0,Rest,0.0,0.0,0.0,0.0,14.0,0,1
1,P1_MO_G3,MO,F,O20,13,2,332.9,20.05,12.15,13.431182795698925,128.5,6.55247311827957,975.4556666666666,24.571082999999998,1.0842573333333334,328.4515625,306.3290476190476,1.04494375,1.105977619047619,0,0,Rest,0.0,0.0,0.0,0.0,0.0,0,1
1,P1_FUS_G1,FUS,M,O20,13,2,332.9,20.05,12.15,13.431182795698925,128.5,6.55247311827957,73.09411111111112,2.0148479999999998,0.8269595,52.831041666666664,15.236190476190476,0.8482940625,0.7824207142857144,0,0,Rest,0.0,0.0,0.0,0.0,0.0,1,0
1,P1_FUS_G2,FUS,M,O20,13,2,332.9,20.05,12.15,13.431182795698925,128.5,6.55247311827957,73.09411111111112,2.0148479999999998,0.8269595,52.831041666666664,15.236190476190476,0.8482940625,0.7824207142857144,0,0,Rest,0.0,0.0,0.0,0.0,1.0,1,0
1,P1_FUS_G3,FUS,M,O20,13,2,332.9,20.05,12.15,13.431182795698925,128.5,6.55247311827957,73.09411111111112,2.0148479999999998,0.8269595,52.831041666666664,15.236190476190476,0.8482940625,0.7824207142857144,0,0,Rest,0.0,0.0,0.0,0.0,4.0,1,0
1,P1_MO_G1,MO,F,O21,14,2,254.2,17.54,8.85,12.861827956989247,55.4,11.245161290322583,869.3336666666667,23.399452124999996,1.0151901666666667,337.36972767857145,309.48209199134203,0.9661597321428572,1.065224604978355,0,0,Rest,0.0,0.0,0.0,0.0,0.0,0,1
1,P1_MO_G2,MO,F,O21,14,2,254.2,17.54,8.85,12.861827956989247,55.4,11.245161290322583,869.3336666666667,23.399452124999996,1.0151901666666667,337.36972767857145,309.48209199134203,0.9661597321428572,1.065224604978355,0,0,Rest,0.0,0.0,0.0,0.0,0.0,0,1
1,P1_MO_G3,MO,F,O21,14,2,254.2,17.54,8.85,12.861827956989247,55.4,11.245161290322583,869.3336666666667,23.399452124999996,1.0151901666666667,337.36972767857145,309.48209199134203,0.9661597321428572,1.065224604978355,0,0,Rest,0.0,0.0,0.0,0.0,0.0,0,1
1,P1_FUS_G1,FUS,M,O21,14,2,254.2,17.54,8.85,12.861827956989247,55.4,11.245161290322583,98.39322222222222,2.7628546049999994,0.8015988333333333,40.36328511904762,42.95580546536797,0.8185490550595238,0.8055517207792209,0,0,Rest,0.0,0.0,0.0,0.0,0.0,1,0
1,P1_FUS_G2,FUS,M,O21,14,2,254.2,17.54,8.85,12.861827956989247,55.4,11.245161290322583,98.39322222222222,2.7628546049999994,0.8015988333333333,40.36328511904762,42.95580546536797,0.8185490550595238,0.8055517207792209,0,0,Rest,0.0,0.0,0.0,0.0,0.0,1,0
1,P1_FUS_G3,FUS,M,O21,14,2,254.2,17.54,8.85,12.861827956989247,55.4,11.245161290322583,98.39322222222222,2.7628546049999994,0.8015988333333333,40.36328511904762,42.95580546536797,0.8185490550595238,0.8055517207792209,0,0,Rest,0.0,0.0,0.0,0.0,0.0,1,0
1,P1_MO_G1,MO,F,O22,15,2,359.8,22.05,11.17,12.09611111111111,135.4,10.541935483870969,763.2116666666666,22.227821249999998,0.946123,346.2878928571429,312.6351363636364,0.8873757142857143,1.024471590909091,0,0,Rest,0.0,16.0,7.0,0.0,9.0,0,1
1,P1_MO_G2,MO,F,O22,15,2,359.8,22.05,11.17,12.09611111111111,135.4,10.541935483870969,763.2116666666666,22.227821249999998,0.946123,346.2878928571429,312.6351363636364,0.8873757142857143,1.024471590909091,0,0,Rest,0.0,19.0,11.0,0.0,8.0,0,1
1,P1_MO_G3,MO,F,O22,15,2,359.8,22.05,11.17,12.09611111111111,135.4,10.541935483870969,763.2116666666666,22.227821249999998,0.946123,346.2878928571429,312.6351363636364,0.8873757142857143,1.024471590909091,0,0,Rest,1.3,7.0,7.0,13.13,0.0,0,1
1,P1_FUS_G1,FUS,M,O22,15,2,359.8,22.05,11.17,12.09611111111111,135.4,10.541935483870969,123.69233333333334,3.5108612099999994,0.7762381666666667,27.89552857142857,70.67542045454546,0.7888040476190477,0.8286827272727273,0,0,Rest,1.6,7.0,2.0,0.0,5.0,1,0
1,P1_FUS_G2,FUS,M,O22,15,2,359.8,22.05,11.17,12.09611111111111,135.4,10.541935483870969,123.69233333333334,3.5108612099999994,0.7762381666666667,27.89552857142857,70.67542045454546,0.7888040476190477,0.8286827272727273,0,0,Rest,0.0,0.0,0.0,0.0,7.0,1,0
1,P1_FUS_G3,FUS,M,O22,15,2,359.8,22.05,11.17,12.09611111111111,135.4,10.541935483870969,123.69233333333334,3.5108612099999994,0.7762381666666667,27.89552857142857,70.67542045454546,0.7888040476190477,0.8286827272727273,0,0,Rest,3.0,9.0,0.0,0.0,9.0,1,0
1,P1_MO_G1,MO,F,O24,16,2,456.0,23.82,13.0,11.275268817204301,168.5,11.658064516129032,653.3528333333334,18.470978024999997,0.9771891666666667,256.1499776785714,244.4850056818182,0.9689269196428572,1.0528023579545454,1,2,Transition,0.0,11.0,10.0,0.0,1.0,0,1
1,P1_MO_G2,MO,F,O24,16,2,456.0,23.82,13.0,11.275268817204301,168.5,11.658064516129032,653.3528333333334,18.470978024999997,0.9771891666666667,256.1499776785714,244.4850056818182,0.9689269196428572,1.0528023579545454,1,2,Transition,0.0,10.0,10.0,0.0,0.0,0,1
1,P1_MO_G3,MO,F,O24,16,2,456.0,23.82,13.0,11.275268817204301,168.5,11.658064516129032,653.3528333333334,18.470978024999997,0.9771891666666667,256.1499776785714,244.4850056818182,0.9689269196428572,1.0528023579545454,1,2,Transition,17.8,14.0,14.0,0.0,0.0,0,1
1,P1_FUS_G1,FUS,M,O24,16,2,456.0,23.82,13.0,11.275268817204301,168.5,11.658064516129032,113.35729166666667,3.2460577499999994,0.6530068333333333,24.833476785714282,63.56088731060606,0.5984275446428572,0.7441341761363636,1,2,Transition,7.1,4.0,3.0,0.0,1.0,1,0
1,P1_FUS_G2,FUS,M,O24,16,2,456.0,23.82,13.0,11.275268817204301,168.5,11.658064516129032,113.35729166666667,3.2460577499999994,0.6530068333333333,24.833476785714282,63.56088731060606,0.5984275446428572,0.7441341761363636,1,2,Transition,14.2,15.0,12.0,152.05,3.0,1,0
1,P1_FUS_G3,FUS,M,O24,16,2,456.0,23.82,13.0,11.275268817204301,168.5,11.658064516129032,113.35729166666667,3.2460577499999994,0.6530068333333333,24.833476785714282,63.56088731060606,0.5984275446428572,0.7441341761363636,1,2,Transition,10.0,7.0,6.0,83.34,1.0,1,0
1,P1_MO_G1,MO,F,O26,17,2,388.05,22.97,12.9,10.541111111111112,95.9,9.483333333333333,543.494,14.714134799999998,1.0082553333333333,166.01206249999998,176.334875,1.050478125,1.081133125,1,1,Growth,0.0,0.0,0.0,0.0,5.0,0,1
1,P1_MO_G2,MO,F,O26,17,2,388.05,22.97,12.9,10.541111111111112,95.9,9.483333333333333,543.494,14.714134799999998,1.0082553333333333,166.01206249999998,176.334875,1.050478125,1.081133125,1,1,Growth,0.0,2.0,2.0,0.0,0.0,0,1
1,P1_MO_G3,MO,F,O26,17,2,388.05,22.97,12.9,10.541111111111112,95.9,9.483333333333333,543.494,14.714134799999998,1.0082553333333333,166.01206249999998,176.334875,1.050478125,1.081133125,1,1,Growth,23.8,11.0,5.0,305.0,6.0,0,1
1,P1_FUS_G1,FUS,M,O26,17,2,388.05,22.97,12.9,10.541111111111112,95.9,9.483333333333333,103.02225,2.98125429,0.5297755,21.771424999999997,56.44635416666667,0.40805104166666667,0.659585625,1,1,Growth,1.3,0.0,0.0,54.75,0.0,1,0
1,P1_FUS_G2,FUS,M,O26,17,2,388.05,22.97,12.9,10.541111111111112,95.9,9.483333333333333,103.02225,2.98125429,0.5297755,21.771424999999997,56.44635416666667,0.40805104166666667,0.659585625,1,1,Growth,6.1,1.0,0.0,374.51,1.0,1,0
1,P1_FUS_G3,FUS,M,O26,17,2,388.05,22.97,12.9,10.541111111111112,95.9,9.483333333333333,103.02225,2.98125429,0.5297755,21.771424999999997,56.44635416666667,0.40805104166666667,0.659585625,1,1,Growth,9.7,3.0,2.0,190.08,1.0,1,0
1,P1_MO_G1,MO,F,O27,18,2,322.5,27.26,16.68,10.145698924731182,23.3,10.490322580645163,588.9449166666667,20.34104046,0.9725731666666666,234.0997395833333,440.4505625,0.9222220833333333,1.0517682291666666,0,2,Transition,0.0,5.0,5.0,0.0,0.0,0,1
1,P1_MO_G2,MO,F,O27,18,2,322.5,27.26,16.68,10.145698924731182,23.3,10.490322580645163,588.9449166666667,20.34104046,0.9725731666666666,234.0997395833333,440.4505625,0.9222220833333333,1.0517682291666666,0,2,Transition,0.0,2.0,2.0,0.0,0.0,0,1
1,P1_MO_G3,MO,F,O27,18,2,322.5,27.26,16.68,10.145698924731182,23.3,10.490322580645163,588.9449166666667,20.34104046,0.9725731666666666,234.0997395833333,440.4505625,0.9222220833333333,1.0517682291666666,0,2,Transition,2.0,0.0,0.0,46.43,0.0,0,1
1,P1_FUS_G1,FUS,M,O27,18,2,322.5,27.26,16.68,10.145698924731182,23.3,10.490322580645163,89.20676388888889,3.0331109649999997,0.5531994166666666,26.88743125,71.78180902777778,0.5250030208333333,0.6832235069444443,0,2,Transition,0.5,1.0,1.0,0.0,0.0,1,0
1,P1_FUS_G2,FUS,M,O27,18,2,322.5,27.26,16.68,10.145698924731182,23.3,10.490322580645163,89.20676388888889,3.0331109649999997,0.5531994166666666,26.88743125,71.78180902777778,0.5250030208333333,0.6832235069444443,0,2,Transition,0.5,0.0,0.0,0.0,1.0,1,0
1,P1_FUS_G3,FUS,M,O27,18,2,322.5,27.26,16.68,10.145698924731182,23.3,10.490322580645163,89.20676388888889,3.0331109649999997,0.5531994166666666,26.88743125,71.78180902777778,0.5250030208333333,0.6832235069444443,0,2,Transition,0.4,0.0,0.0,49.53,1.0,1,0
1,P1_MO_G1,MO,F,O29,19,2,779.8,28.02,17.42,10.325806451612904,187.5,9.98709677419355,634.3958333333334,25.96794612,0.9368909999999999,302.18741666666665,704.56625,0.7939660416666667,1.0224033333333333,0,0,Rest,0.0,0.0,0.0,0.0,0.0,0,1
1,P1_MO_G2,MO,F,O29,19,2,779.8,28.02,17.42,10.325806451612904,187.5,9.98709677419355,634.3958333333334,25.96794612,0.9368909999999999,302.18741666666665,704.56625,0.7939660416666667,1.0224033333333333,0,0,Rest,0.0,0.0,0.0,0.0,0.0,0,1
1,P1_MO_G3,MO,F,O29,19,2,779.8,28.02,17.42,10.325806451612904,187.5,9.98709677419355,634.3958333333334,25.96794612,0.9368909999999999,302.18741666666665,704.56625,0.7939660416666667,1.0224033333333333,0,0,Rest,0.0,0.0,0.0,0.0,0.0,0,1
1,P1_FUS_G1,FUS,M,O29,19,2,779.8,28.02,17.42,10.325806451612904,187.5,9.98709677419355,75.39127777777777,3.08496764,0.5766233333333333,32.0034375,87.11726388888889,0.6419549999999999,0.7068613888888888,0,0,Rest,0.2,0.0,0.0,2.2,0.0,1,0
1,P1_FUS_G2,FUS,M,O29,19,2,779.8,28.02,17.42,10.325806451612904,187.5,9.98709677419355,75.39127777777777,3.08496764,0.5766233333333333,32.0034375,87.11726388888889,0.6419549999999999,0.7068613888888888,0,0,Rest,0.5,0.0,0.0,0.0,0.0,1,0
1,P1_FUS_G3,FUS,M,O29,19,2,779.8,28.02,17.42,10.325806451612904,187.5,9.98709677419355,75.39127777777777,3.08496764,0.5766233333333333,32.0034375,87.11726388888889,0.6419549999999999,0.7068613888888888,0,0,Rest,0.0,0.0,0.0,0.0,0.0,1,0
1,P1_MO_G1,MO,F,O31,20,2,643.7,28.42,17.34,10.939880952380951,13.0,11.763178571428575,519.1779166666666,20.25661176,0.864286,244.32847023809524,538.8165113636363,0.7380058779761904,0.8837241666666666,1,2,Transition,0.0,4.0,4.0,0.0,0.0,0,1
1,P1_MO_G2,MO,F,O31,20,2,643.7,28.42,17.34,10.939880952380951,13.0,11.763178571428575,519.1779166666666,20.25661176,0.864286,244.32847023809524,538.8165113636363,0.7380058779761904,0.8837241666666666,1,2,Transition,0.0,1.0,1.0,0.0,0.0,0,1
1,P1_MO_G3,MO,F,O31,20,2,643.7,28.42,17.34,10.939880952380951,13.0,11.763178571428575,519.1779166666666,20.25661176,0.864286,244.32847023809524,538.8165113636363,0.7380058779761904,0.8837241666666666,1,2,Transition,0.0,8.0,8.0,0.7,0.0,0,1
1,P1_FUS_G1,FUS,M,O31,20,2,643.7,28.42,17.34,10.939880952380951,13.0,11.763178571428575,63.33105555555555,2.2653747895,0.616657,21.791160773809523,57.8394273989899,0.625140238095238,0.7060227398989898,1,2,Transition,0.0,0.0,0.0,2.4,0.0,1,0
1,P1_FUS_G2,FUS,M,O31,20,2,643.7,28.42,17.34,10.939880952380951,13.0,11.763178571428575,63.33105555555555,2.2653747895,0.616657,21.791160773809523,57.8394273989899,0.625140238095238,0.7060227398989898,1,2,Transition,0.1,0.0,0.0,0.0,0.0,1,0
1,P1_FUS_G3,FUS,M,O31,20,2,643.7,28.42,17.34,10.939880952380951,13.0,11.763178571428575,63.33105555555555,2.2653747895,0.616657,21.791160773809523,57.8394273989899,0.625140238095238,0.7060227398989898,1,2,Transition,0.2,1.0,1.0,6.09,0.0,1,0
1,P1_MO_G1,MO,F,O33,21,2,509.1,27.9,17.21,11.73225806451613,127.69999999999999,11.061290322580646,403.96,14.5452774,0.7916810000000001,186.46952380952382,373.0667727272727,0.6820457142857143,0.745045,1,1,Growth,0.0,15.0,10.0,0.0,5.0,0,1
1,P1_MO_G2,MO,F,O33,21,2,509.1,27.9,17.21,11.73225806451613,127.69999999999999,11.061290322580646,403.96,14.5452774,0.7916810000000001,186.46952380952382,373.0667727272727,0.6820457142857143,0.745045,1,1,Growth,0.0,20.0,20.0,0.0,0.0,0,1
1,P1_MO_G3,MO,F,O33,21,2,509.1,27.9,17.21,11.73225806451613,127.69999999999999,11.061290322580646,403.96,14.5452774,0.7916810000000001,186.46952380952382,373.0667727272727,0.6820457142857143,0.745045,1,1,Growth,0.0,25.0,14.0,0.0,11.0,0,1
1,P1_FUS_G1,FUS,M,O33,21,2,509.1,27.9,17.21,11.73225806451613,127.69999999999999,11.061290322580646,51.270833333333336,1.4457819389999997,0.6566906666666666,11.578884047619047,28.56159090909091,0.6083254761904762,0.7051840909090908,1,1,Growth,0.0,2.0,0.0,0.0,2.0,1,0
1,P1_FUS_G2,FUS,M,O33,21,2,509.1,27.9,17.21,11.73225806451613,127.69999999999999,11.061290322580646,51.270833333333336,1.4457819389999997,0.6566906666666666,11.578884047619047,28.56159090909091,0.6083254761904762,0.7051840909090908,1,1,Growth,0.0,1.0,0.0,0.0,1.0,1,0
1,P1_FUS_G3,FUS,M,O33,21,2,509.1,27.9,17.21,11.73225806451613,127.69999999999999,11.061290322580646,51.270833333333336,1.4457819389999997,0.6566906666666666,11.578884047619047,28.56159090909091,0.6083254761904762,0.7051840909090908,1,1,Growth,0.0,0.0,0.0,0.0,0.0,1,0
1,P1_MO_G1,MO,F,O35,22,2,501.15,25.0,16.32,12.550555555555555,194.0,7.8100000000000005,294.23741666666666,9.794062845,0.8190529166666667,115.70453221726191,237.7302792207792,0.7740194196428571,0.7850082142857142,1,1,Growth,0.0,0.0,0.0,0.0,0.0,0,1
1,P1_MO_G2,MO,F,O35,22,2,501.15,25.0,16.32,12.550555555555555,194.0,7.8100000000000005,294.23741666666666,9.794062845,0.8190529166666667,115.70453221726191,237.7302792207792,0.7740194196428571,0.7850082142857142,1,1,Growth,0.0,0.0,0.0,0.0,0.0,0,1
1,P1_MO_G3,MO,F,O35,22,2,501.15,25.0,16.32,12.550555555555555,194.0,7.8100000000000005,294.23741666666666,9.794062845,0.8190529166666667,115.70453221726191,237.7302792207792,0.7740194196428571,0.7850082142857142,1,1,Growth,0.0,0.0,0.0,0.0,0.0,0,1
1,P1_FUS_G1,FUS,M,O35,22,2,501.15,25.0,16.32,12.550555555555555,194.0,7.8100000000000005,56.19375,1.4463646094999998,0.7005171666666667,13.583049836309524,22.106589502164503,0.617539144345238,0.7611390692640693,1,1,Growth,0.0,0.0,0.0,0.0,0.0,1,0
1,P1_FUS_G2,FUS,M,O35,22,2,501.15,25.0,16.32,12.550555555555555,194.0,7.8100000000000005,56.19375,1.4463646094999998,0.7005171666666667,13.583049836309524,22.106589502164503,0.617539144345238,0.7611390692640693,1,1,Growth,0.0,0.0,0.0,0.0,0.0,1,0
1,P1_FUS_G3,FUS,M,O35,22,2,501.15,25.0,16.32,12.550555555555555,194.0,7.8100000000000005,56.19375,1.4463646094999998,0.7005171666666667,13.583049836309524,22.106589502164503,0.617539144345238,0.7611390692640693,1,1,Growth,0.0,0.0,0.0,0.0,0.0,1,0
1,P1_MO_G1,MO,F,O37,23,2,338.95,20.16,11.71,13.236979166666666,217.70000000000002,8.432258064516128,184.5148333333333,5.042848289999999,0.8464248333333334,44.939540625,102.39378571428571,0.865993125,0.8249714285714286,0,2,Transition,0.0,0.0,0.0,0.0,1.0,0,1
1,P1_MO_G2,MO,F,O37,23,2,338.95,20.16,11.71,13.236979166666666,217.70000000000002,8.432258064516128,184.5148333333333,5.042848289999999,0.8464248333333334,44.939540625,102.39378571428571,0.865993125,0.8249714285714286,0,2,Transition,0.0,5.0,0.0,0.0,5.0,0,1
1,P1_MO_G3,MO,F,O37,23,2,338.95,20.16,11.71,13.236979166666666,217.70000000000002,8.432258064516128,184.5148333333333,5.042848289999999,0.8464248333333334,44.939540625,102.39378571428571,0.865993125,0.8249714285714286,0,2,Transition,0.0,0.0,0.0,0.0,0.0,0,1
1,P1_FUS_G1,FUS,M,O37,23,2,338.95,20.16,11.71,13.236979166666666,217.70000000000002,8.432258064516128,61.11666666666667,1.4469472799999998,0.7443436666666667,15.587215624999999,15.651588095238097,0.6267528125,0.8170940476190477,0,2,Transition,0.0,0.0,0.0,0.0,0.0,1,0
1,P1_FUS_G2,FUS,M,O37,23,2,338.95,20.16,11.71,13.236979166666666,217.70000000000002,8.432258064516128,61.11666666666667,1.4469472799999998,0.7443436666666667,15.587215624999999,15.651588095238097,0.6267528125,0.8170940476190477,0,2,Transition,0.0,2.0,2.0,0.0,0.0,1,0
1,P1_FUS_G3,FUS,M,O37,23,2,338.95,20.16,11.71,13.236979166666666,217.70000000000002,8.432258064516128,61.11666666666667,1.4469472799999998,0.7443436666666667,15.587215624999999,15.651588095238097,0.6267528125,0.8170940476190477,0,2,Transition,0.0,0.0,0.0,0.0,0.0,1,0
1,P1_MO_G1,MO,F,O38,24,2,194.65,23.29,14.52,13.575,,,184.5148333333333,5.042848289999999,0.8464248333333334,44.939540625,102.39378571428571,0.865993125,0.8249714285714286,0,0,Rest,0.0,0.0,0.0,0.0,0.0,0,1
1,P1_MO_G2,MO,F,O38,24,2,194.65,23.29,14.52,13.575,,,184.5148333333333,5.042848289999999,0.8464248333333334,44.939540625,102.39378571428571,0.865993125,0.8249714285714286,0,0,Rest,0.0,0.0,0.0,0.0,0.0,0,1
1,P1_MO_G3,MO,F,O38,24,2,194.65,23.29,14.52,13.575,,,184.5148333333333,5.042848289999999,0.8464248333333334,44.939540625,102.39378571428571,0.865993125,0.8249714285714286,0,0,Rest,0.0,0.0,0.0,0.0,0.0,0,1
1,P1_FUS_G1,FUS,M,O38,24,2,194.65,23.29,14.52,13.575,,,61.11666666666667,1.4469472799999998,0.7443436666666667,15.587215624999999,15.651588095238097,0.6267528125,0.8170940476190477,0,0,Rest,0.0,0.0,0.0,0.0,0.0,1,0
1,P1_FUS_G2,FUS,M,O38,24,2,194.65,23.29,14.52,13.575,,,61.11666666666667,1.4469472799999998,0.7443436666666667,15.587215624999999,15.651588095238097,0.6267528125,0.8170940476190477,0,0,Rest,0.0,0.0,0.0,0.0,0.0,1,0
1,P1_FUS_G3,FUS,M,O38,24,2,194.65,23.29,14.52,13.575,,,61.11666666666667,1.4469472799999998,0.7443436666666667,15.587215624999999,15.651588095238097,0.6267528125,0.8170940476190477,0,0,Rest,0.0,0.0,0.0,0.0,0.0,1,0
2,P2_MO_G1,MO,F,O1,0,1,254.5,19.57,12.57,13.576666666666666,124.8,7.6,1474.3933333333332,39.508891999999996,1.1070321666666667,402.03898550724637,562.2480303030303,1.0804234782608695,1.1195831818181818,0,0,Rest,0.0,0.0,0.0,0.0,0.0,0,1
2,P2_MO_G2,MO,F,O1,0,1,254.5,19.57,12.57,13.576666666666666,124.8,7.6,1474.3933333333332,39.508891999999996,1.1070321666666667,402.03898550724637,562.2480303030303,1.0804234782608695,1.1195831818181818,0,0,Rest,0.0,0.0,0.0,0.0,0.0,0,1
2,P2_MO_G3,MO,F,O1,0,1,254.5,19.57,12.57,13.576666666666666,124.8,7.6,1474.3933333333332,39.508891999999996,1.1070321666666667,402.03898550724637,562.2480303030303,1.0804234782608695,1.1195831818181818,0,0,Rest,0.0,0.0,0.0,0.0,0.0,0,1
2,P2_FUS_G1,FUS,M,O1,0,1,254.5,19.57,12.57,13.576666666666666,124.8,7.6,168.69500000000002,5.280435,0.6713425555555556,47.088913043478264,120.765,0.7038765217391305,0.7234356060606061,0,0,Rest,0.0,0.0,0.0,0.0,0.0,1,0
2,P2_FUS_G2,FUS,M,O1,0,1,254.5,19.57,12.57,13.576666666666666,124.8,7.6,168.69500000000002,5.280435,0.6713425555555556,47.088913043478264,120.765,0.7038765217391305,0.7234356060606061,0,0,Rest,0.0,0.0,0.0,0.0,0.0,1,0
2,P2_FUS_G3,FUS,M,O1,0,1,254.5,19.57,12.57,13.576666666666666,124.8,7.6,168.69500000000002,5.280435,0.6713425555555556,47.088913043478264,120.765,0.7038765217391305,0.7234356060606061,0,0,Rest,0.0,0.0,0.0,0.0,0.0,1,0
2,P2_MO_G1,MO,F,O2,1,1,282.1,18.87,9.94,13.418279569892475,92.9,9.058064516129035,1474.3933333333332,39.508891999999996,1.1070321666666667,402.03898550724637,562.2480303030303,1.0804234782608695,1.1195831818181818,0,0,Rest,0.0,0.0,0.0,0.0,0.0,0,1
2,P2_MO_G2,MO,F,O2,1,1,282.1,18.87,9.94,13.418279569892475,92.9,9.058064516129035,1474.3933333333332,39.508891999999996,1.1070321666666667,402.03898550724637,562.2480303030303,1.0804234782608695,1.1195831818181818,0,0,Rest,0.0,0.0,0.0,0.0,0.0,0,1
2,P2_MO_G3,MO,F,O2,1,1,282.1,18.87,9.94,13.418279569892475,92.9,9.058064516129035,1474.3933333333332,39.508891999999996,1.1070321666666667,402.03898550724637,562.2480303030303,1.0804234782608695,1.1195831818181818,0,0,Rest,0.0,0.0,0.0,0.0,0.0,0,1
2,P2_FUS_G1,FUS,M,O2,1,1,282.1,18.87,9.94,13.418279569892475,92.9,9.058064516129035,168.69500000000002,5.280435,0.6713425555555556,47.088913043478264,120.765,0.7038765217391305,0.7234356060606061,0,0,Rest,4.1,11.0,1.0,0.4,10.0,1,0
2,P2_FUS_G2,FUS,M,O2,1,1,282.1,18.87,9.94,13.418279569892475,92.9,9.058064516129035,168.69500000000002,5.280435,0.6713425555555556,47.088913043478264,120.765,0.7038765217391305,0.7234356060606061,0,0,Rest,0.0,0.0,0.0,0.0,0.0,1,0
2,P2_FUS_G3,FUS,M,O2,1,1,282.1,18.87,9.94,13.418279569892475,92.9,9.058064516129035,168.69500000000002,5.280435,0.6713425555555556,47.088913043478264,120.765,0.7038765217391305,0.7234356060606061,0,0,Rest,0.0,0.0,0.0,0.0,0.0,1,0
2,P2_MO_G1,MO,F,O3,2,1,326.2,21.57,10.18,12.839247311827956,73.7,11.245161290322581,1474.3933333333332,39.508891999999996,1.1070321666666667,402.03898550724637,562.2480303030303,1.0804234782608695,1.1195831818181818,0,0,Rest,0.0,0.0,0.0,0.0,0.0,0,1
2,P2_MO_G2,MO,F,O3,2,1,326.2,21.57,10.18,12.839247311827956,73.7,11.245161290322581,1474.3933333333332,39.508891999999996,1.1070321666666667,402.03898550724637,562.2480303030303,1.0804234782608695,1.1195831818181818,0,0,Rest,0.0,0.0,0.0,0.0,0.0,0,1
2,P2_MO_G3,MO,F,O3,2,1,326.2,21.57,10.18,12.839247311827956,73.7,11.245161290322581,1474.3933333333332,39.508891999999996,1.1070321666666667,402.03898550724637,562.2480303030303,1.0804234782608695,1.1195831818181818,0,0,Rest,0.0,0.0,0.0,0.0,0.0,0,1
2,P2_FUS_G1,FUS,M,O3,2,1,326.2,21.57,10.18,12.839247311827956,73.7,11.245161290322581,168.69500000000002,5.280435,0.6713425555555556,47.088913043478264,120.765,0.7038765217391305,0.7234356060606061,0,0,Rest,0.0,0.0,0.0,1.6,0.0,1,0
2,P2_FUS_G2,FUS,M,O3,2,1,326.2,21.57,10.18,12.839247311827956,73.7,11.245161290322581,168.69500000000002,5.280435,0.6713425555555556,47.088913043478264,120.765,0.7038765217391305,0.7234356060606061,0,0,Rest,0.0,0.0,0.0,0.0,0.0,1,0
2,P2_FUS_G3,FUS,M,O3,2,1,326.2,21.57,10.18,12.839247311827956,73.7,11.245161290322581,168.69500000000002,5.280435,0.6713425555555556,47.088913043478264,120.765,0.7038765217391305,0.7234356060606061,0,0,Rest,0.0,0.0,0.0,0.0,0.0,1,0
2,P2_MO_G1,MO,F,O5,3,1,281.7,20.17,8.61,12.069444444444445,31.5,11.493333333333336,1474.3933333333332,39.508891999999996,1.1070321666666667,402.03898550724637,562.2480303030303,1.0804234782608695,1.1195831818181818,0,0,Rest,3.2,20.0,5.0,9.14,15.0,0,1
2,P2_MO_G2,MO,F,O5,3,1,281.7,20.17,8.61,12.069444444444445,31.5,11.493333333333336,1474.3933333333332,39.508891999999996,1.1070321666666667,402.03898550724637,562.2480303030303,1.0804234782608695,1.1195831818181818,0,0,Rest,4.2,15.0,1.0,1.5,14.0,0,1
2,P2_MO_G3,MO,F,O5,3,1,281.7,20.17,8.61,12.069444444444445,31.5,11.493333333333336,1474.3933333333332,39.508891999999996,1.1070321666666667,402.03898550724637,562.2480303030303,1.0804234782608695,1.1195831818181818,0,0,Rest,0.0,0.0,0.0,0.0,0.0,0,1
2,P2_FUS_G1,FUS,M,O5,3,1,281.7,20.17,8.61,12.069444444444445,31.5,11.493333333333336,168.69500000000002,5.280435,0.6713425555555556,47.088913043478264,120.765,0.7038765217391305,0.7234356060606061,0,0,Rest,14.9,18.0,10.0,184.74,8.0,1,0
2,P2_FUS_G2,FUS,M,O5,3,1,281.7,20.17,8.61,12.069444444444445,31.5,11.493333333333336,168.69500000000002,5.280435,0.6713425555555556,47.088913043478264,120.765,0.7038765217391305,0.7234356060606061,0,0,Rest,20.8,17.0,6.0,85.75,11.0,1,0
2,P2_FUS_G3,FUS,M,O5,3,1,281.7,20.17,8.61,12.069444444444445,31.5,11.493333333333336,168.69500000000002,5.280435,0.6713425555555556,47.088913043478264,120.765,0.7038765217391305,0.7234356060606061,0,0,Rest,29.3,18.0,12.0,554.81,6.0,1,0
2,P2_MO_G1,MO,F,O7,4,1,460.1,24.84,14.85,11.248924731182797,173.1,10.503225806451614,1653.4391666666666,47.820049149999996,1.1107365277777776,647.6092844202899,636.3643276515152,1.0865897946859904,1.1215947159090909,1,2,Transition,20.5,8.0,7.0,197.81,1.0,0,1
2,P2_MO_G2,MO,F,O7,4,1,460.1,24.84,14.85,11.248924731182797,173.1,10.503225806451614,1653.4391666666666,47.820049149999996,1.1107365277777776,647.6092844202899,636.3643276515152,1.0865897946859904,1.1215947159090909,1,2,Transition,15.2,7.0,7.0,174.08,0.0,0,1
2,P2_MO_G3,MO,F,O7,4,1,460.1,24.84,14.85,11.248924731182797,173.1,10.503225806451614,1653.4391666666666,47.820049149999996,1.1107365277777776,647.6092844202899,636.3643276515152,1.0865897946859904,1.1215947159090909,1,2,Transition,13.0,20.0,6.0,179.23,14.0,0,1
2,P2_FUS_G1,FUS,M,O7,4,1,460.1,24.84,14.85,11.248924731182797,173.1,10.503225806451614,125.61441666666667,3.834195,0.6907866944444445,40.06020652173913,74.78767708333334,0.5979687817028986,0.6854532196969697,1,2,Transition,1.9,10.0,3.0,20.5,7.0,1,0
2,P2_FUS_G2,FUS,M,O7,4,1,460.1,24.84,14.85,11.248924731182797,173.1,10.503225806451614,125.61441666666667,3.834195,0.6907866944444445,40.06020652173913,74.78767708333334,0.5979687817028986,0.6854532196969697,1,2,Transition,0.9,3.0,3.0,27.55,0.0,1,0
2,P2_FUS_G3,FUS,M,O7,4,1,460.1,24.84,14.85,11.248924731182797,173.1,10.503225806451614,125.61441666666667,3.834195,0.6907866944444445,40.06020652173913,74.78767708333334,0.5979687817028986,0.6854532196969697,1,2,Transition,0.0,0.0,0.0,0.0,0.0,1,0
2,P2_MO_G1,MO,F,O9,5,1,444.8,24.43,15.22,10.520555555555555,188.2,8.726666666666668,1832.4850000000001,56.131206299999995,1.1144408888888888,893.1795833333334,710.480625,1.092756111111111,1.12360625,1,1,Growth,19.1,9.0,8.0,353.28,1.0,0,1
2,P2_MO_G2,MO,F,O9,5,1,444.8,24.43,15.22,10.520555555555555,188.2,8.726666666666668,1832.4850000000001,56.131206299999995,1.1144408888888888,893.1795833333334,710.480625,1.092756111111111,1.12360625,1,1,Growth,27.8,7.0,7.0,421.57,0.0,0,1
2,P2_MO_G3,MO,F,O9,5,1,444.8,24.43,15.22,10.520555555555555,188.2,8.726666666666668,1832.4850000000001,56.131206299999995,1.1144408888888888,893.1795833333334,710.480625,1.092756111111111,1.12360625,1,1,Growth,37.4,11.0,8.0,453.52,3.0,0,1
2,P2_FUS_G1,FUS,M,O9,5,1,444.8,24.43,15.22,10.520555555555555,188.2,8.726666666666668,82.53383333333333,2.387955,0.7102308333333334,33.0315,28.810354166666666,0.49206104166666664,0.6474708333333333,1,1,Growth,4.8,3.0,3.0,218.5,0.0,1,0
2,P2_FUS_G2,FUS,M,O9,5,1,444.8,24.43,15.22,10.520555555555555,188.2,8.726666666666668,82.53383333333333,2.387955,0.7102308333333334,33.0315,28.810354166666666,0.49206104166666664,0.6474708333333333,1,1,Growth,20.1,8.0,5.0,272.9,3.0,1,0
2,P2_FUS_G3,FUS,M,O9,5,1,444.8,24.43,15.22,10.520555555555555,188.2,8.726666666666668,82.53383333333333,2.387955,0.7102308333333334,33.0315,28.810354166666666,0.49206104166666664,0.6474708333333333,1,1,Growth,0.0,0.0,0.0,0.0,0.0,1,0
2,P2_MO_G1,MO,F,O10,6,1,398.8,27.7,16.98,10.141935483870967,288.8,11.29032258064516,1705.0033333333336,53.21982704999999,1.0832638694444445,781.453125,779.0920833333333,1.0856867534722223,1.1087103333333332,1,1,Growth,3.7,3.0,2.0,114.47,1.0,0,1
2,P2_MO_G2,MO,F,O10,6,1,398.8,27.7,16.98,10.141935483870967,288.8,11.29032258064516,1705.0033333333336,53.21982704999999,1.0832638694444445,781.453125,779.0920833333333,1.0856867534722223,1.1087103333333332,1,1,Growth,2.6,3.0,1.0,86.42,2.0,0,1
2,P2_MO_G3,MO,F,O10,6,1,398.8,27.7,16.98,10.141935483870967,288.8,11.29032258064516,1705.0033333333336,53.21982704999999,1.0832638694444445,781.453125,779.0920833333333,1.0856867534722223,1.1087103333333332,1,1,Growth,9.5,11.0,3.0,164.76,8.0,0,1
2,P2_FUS_G1,FUS,M,O10,6,1,398.8,27.7,16.98,10.141935483870967,288.8,11.29032258064516,77.3835,2.9195848799999995,0.67345475,29.1351875,76.275625,0.5281754166666666,0.6392845833333334,1,1,Growth,0.7,1.0,1.0,82.4,0.0,1,0
2,P2_FUS_G2,FUS,M,O10,6,1,398.8,27.7,16.98,10.141935483870967,288.8,11.29032258064516,77.3835,2.9195848799999995,0.67345475,29.1351875,76.275625,0.5281754166666666,0.6392845833333334,1,1,Growth,1.5,1.0,1.0,122.05,0.0,1,0
2,P2_FUS_G3,FUS,M,O10,6,1,398.8,27.7,16.98,10.141935483870967,288.8,11.29032258064516,77.3835,2.9195848799999995,0.67345475,29.1351875,76.275625,0.5281754166666666,0.6392845833333334,1,1,Growth,1.0,0.0,0.0,30.79,0.0,1,0
2,P2_MO_G1,MO,F,O12,7,1,625.4,28.29,17.45,10.341397849462364,127.9,10.077419354838707,1577.5216666666668,50.308447799999996,1.05208685,669.7266666666667,847.7035416666666,1.0786173958333334,1.0938144166666668,1,1,Growth,17.7,12.0,6.0,85.7,6.0,0,1
2,P2_MO_G2,MO,F,O12,7,1,625.4,28.29,17.45,10.341397849462364,127.9,10.077419354838707,1577.5216666666668,50.308447799999996,1.05208685,669.7266666666667,847.7035416666666,1.0786173958333334,1.0938144166666668,1,1,Growth,11.1,9.0,3.0,56.43,6.0,0,1
2,P2_MO_G3,MO,F,O12,7,1,625.4,28.29,17.45,10.341397849462364,127.9,10.077419354838707,1577.5216666666668,50.308447799999996,1.05208685,669.7266666666667,847.7035416666666,1.0786173958333334,1.0938144166666668,1,1,Growth,22.0,10.0,8.0,121.31,2.0,0,1
2,P2_FUS_G1,FUS,M,O12,7,1,625.4,28.29,17.45,10.341397849462364,127.9,10.077419354838707,72.23316666666666,3.4512147599999996,0.6366786666666666,25.238874999999997,123.74089583333334,0.5642897916666666,0.6310983333333333,1,1,Growth,0.0,0.0,0.0,0.0,0.0,1,0
2,P2_FUS_G2,FUS,M,O12,7,1,625.4,28.29,17.45,10.341397849462364,127.9,10.077419354838707,72.23316666666666,3.4512147599999996,0.6366786666666666,25.238874999999997,123.74089583333334,0.5642897916666666,0.6310983333333333,1,1,Growth,20.2,22.0,13.0,193.08,9.0,1,0
2,P2_FUS_G3,FUS,M,O12,7,1,625.4,28.29,17.45,10.341397849462364,127.9,10.077419354838707,72.23316666666666,3.4512147599999996,0.6366786666666666,25.238874999999997,123.74089583333334,0.5642897916666666,0.6310983333333333,1,1,Growth,12.1,9.0,4.0,23.5,5.0,1,0
2,P2_MO_G1,MO,F,O13,8,1,384.6,28.3,18.44,10.964880952380952,82.2,10.859605911330046,1319.2091666666668,38.4755949,1.0561539249999998,486.70427083333334,549.7655803571429,1.0952947395833332,1.0710186369047618,1,1,Growth,8.7,6.0,5.0,57.1,1.0,0,1
2,P2_MO_G2,MO,F,O13,8,1,384.6,28.3,18.44,10.964880952380952,82.2,10.859605911330046,1319.2091666666668,38.4755949,1.0561539249999998,486.70427083333334,549.7655803571429,1.0952947395833332,1.0710186369047618,1,1,Growth,14.4,6.0,6.0,160.55,0.0,0,1
2,P2_MO_G3,MO,F,O13,8,1,384.6,28.3,18.44,10.964880952380952,82.2,10.859605911330046,1319.2091666666668,38.4755949,1.0561539249999998,486.70427083333334,549.7655803571429,1.0952947395833332,1.0710186369047618,1,1,Growth,14.2,14.0,4.0,26.0,10.0,0,1
2,P2_FUS_G1,FUS,M,O13,8,1,384.6,28.3,18.44,10.964880952380952,82.2,10.859605911330046,74.65858333333333,2.7920893799999997,0.6385324583333333,25.111104166666664,77.17282886904762,0.5553263541666666,0.6394401190476191,1,1,Growth,8.8,11.0,4.0,184.73,7.0,1,0
2,P2_FUS_G2,FUS,M,O13,8,1,384.6,28.3,18.44,10.964880952380952,82.2,10.859605911330046,74.65858333333333,2.7920893799999997,0.6385324583333333,25.111104166666664,77.17282886904762,0.5553263541666666,0.6394401190476191,1,1,Growth,10.8,5.0,5.0,320.82,0.0,1,0
2,P2_FUS_G3,FUS,M,O13,8,1,384.6,28.3,18.44,10.964880952380952,82.2,10.859605911330046,74.65858333333333,2.7920893799999997,0.6385324583333333,25.111104166666664,77.17282886904762,0.5553263541666666,0.6394401190476191,1,1,Growth,0.0,0.0,0.0,7.0,0.0,1,0
2,P2_MO_G1,MO,F,O15,9,1,699.6,27.02,16.29,11.759677419354839,95.3,11.606451612903225,1060.8966666666668,26.642742,1.0602209999999999,303.681875,251.82761904761907,1.1119720833333333,1.0482228571428571,1,1,Growth,16.5,13.0,0.0,0.3,15.0,0,1
2,P2_MO_G2,MO,F,O15,9,1,699.6,27.02,16.29,11.759677419354839,95.3,11.606451612903225,1060.8966666666668,26.642742,1.0602209999999999,303.681875,251.82761904761907,1.1119720833333333,1.0482228571428571,1,1,Growth,13.9,10.0,6.0,204.51,4.0,0,1
2,P2_MO_G3,MO,F,O15,9,1,699.6,27.02,16.29,11.759677419354839,95.3,11.606451612903225,1060.8966666666668,26.642742,1.0602209999999999,303.681875,251.82761904761907,1.1119720833333333,1.0482228571428571,1,1,Growth,11.4,5.0,0.0,12.1,5.0,0,1
2,P2_FUS_G1,FUS,M,O15,9,1,699.6,27.02,16.29,11.759677419354839,95.3,11.606451612903225,77.084,2.132964,0.6403862499999999,24.983333333333334,30.604761904761908,0.5463629166666667,0.6477819047619048,1,1,Growth,7.8,7.0,5.0,31.2,2.0,1,0
2,P2_FUS_G2,FUS,M,O15,9,1,699.6,27.02,16.29,11.759677419354839,95.3,11.606451612903225,77.084,2.132964,0.6403862499999999,24.983333333333334,30.604761904761908,0.5463629166666667,0.6477819047619048,1,1,Growth,20.0,18.0,15.0,610.23,3.0,1,0
2,P2_FUS_G3,FUS,M,O15,9,1,699.6,27.02,16.29,11.759677419354839,95.3,11.606451612903225,77.084,2.132964,0.6403862499999999,24.983333333333334,30.604761904761908,0.5463629166666667,0.6477819047619048,1,1,Growth,4.9,7.0,6.0,77.5,1.0,1,0
2,P2_MO_G1,MO,F,O17,10,1,508.8,27.73,16.19,12.576111111111112,163.9,10.340000000000002,799.5080222222223,19.434765328999998,1.0889678333333332,204.41720614583332,186.67474206349206,1.0415594791666667,1.058017619047619,1,1,Growth,3.3,8.0,0.0,0.0,8.0,0,1
2,P2_MO_G2,MO,F,O17,10,1,508.8,27.73,16.19,12.576111111111112,163.9,10.340000000000002,799.5080222222223,19.434765328999998,1.0889678333333332,204.41720614583332,186.67474206349206,1.0415594791666667,1.058017619047619,1,1,Growth,4.7,6.0,5.0,63.89,1.0,0,1
2,P2_MO_G3,MO,F,O17,10,1,508.8,27.73,16.19,12.576111111111112,163.9,10.340000000000002,799.5080222222223,19.434765328999998,1.0889678333333332,204.41720614583332,186.67474206349206,1.0415594791666667,1.058017619047619,1,1,Growth,0.0,0.0,0.0,0.0,0.0,0,1
2,P2_FUS_G1,FUS,M,O17,10,1,508.8,27.73,16.19,12.576111111111112,163.9,10.340000000000002,53.55433888888889,1.4964096199999999,0.6967120694444444,15.62109375,25.593096825396827,0.5926528125,0.6640030952380953,1,1,Growth,0.8,1.0,1.0,40.4,0.0,1,0
2,P2_FUS_G2,FUS,M,O17,10,1,508.8,27.73,16.19,12.576111111111112,163.9,10.340000000000002,53.55433888888889,1.4964096199999999,0.6967120694444444,15.62109375,25.593096825396827,0.5926528125,0.6640030952380953,1,1,Growth,2.9,5.0,5.0,272.5,0.0,1,0
2,P2_FUS_G3,FUS,M,O17,10,1,508.8,27.73,16.19,12.576111111111112,163.9,10.340000000000002,53.55433888888889,1.4964096199999999,0.6967120694444444,15.62109375,25.593096825396827,0.5926528125,0.6640030952380953,1,1,Growth,0.9,0.0,0.0,15.0,1.0,1,0
2,P2_MO_G1,MO,F,O18,11,1,257.35,20.67,12.78,13.238888888888889,111.4,6.282795698924733,538.1193777777778,12.226788657999998,1.1177146666666666,105.15253729166666,121.52186507936507,0.971146875,1.067812380952381,0,2,Transition,0.0,0.0,0.0,0.0,0.0,0,1
2,P2_MO_G2,MO,F,O18,11,1,257.35,20.67,12.78,13.238888888888889,111.4,6.282795698924733,538.1193777777778,12.226788657999998,1.1177146666666666,105.15253729166666,121.52186507936507,0.971146875,1.067812380952381,0,2,Transition,0.0,0.0,0.0,0.0,0.0,0,1
2,P2_MO_G3,MO,F,O18,11,1,257.35,20.67,12.78,13.238888888888889,111.4,6.282795698924733,538.1193777777778,12.226788657999998,1.1177146666666666,105.15253729166666,121.52186507936507,0.971146875,1.067812380952381,0,2,Transition,0.0,0.0,0.0,0.0,0.0,0,1
2,P2_FUS_G1,FUS,M,O18,11,1,257.35,20.67,12.78,13.238888888888889,111.4,6.282795698924733,30.02467777777778,0.8598552399999999,0.7530378888888889,6.258854166666667,20.581431746031747,0.6389427083333333,0.6802242857142857,0,2,Transition,0.0,0.0,0.0,0.0,0.0,1,0
2,P2_FUS_G2,FUS,M,O18,11,1,257.35,20.67,12.78,13.238888888888889,111.4,6.282795698924733,30.02467777777778,0.8598552399999999,0.7530378888888889,6.258854166666667,20.581431746031747,0.6389427083333333,0.6802242857142857,0,2,Transition,0.0,0.0,0.0,0.0,0.0,1,0
2,P2_FUS_G3,FUS,M,O18,11,1,257.35,20.67,12.78,13.238888888888889,111.4,6.282795698924733,30.02467777777778,0.8598552399999999,0.7530378888888889,6.258854166666667,20.581431746031747,0.6389427083333333,0.6802242857142857,0,2,Transition,0.0,0.0,0.0,0.0,0.0,1,0
2,P2_MO_G1,MO,F,O19,12,2,268.5,16.82,9.45,13.573333333333332,52.8,8.499999999999998,756.7875222222222,18.398935829,1.100986,216.80204989583336,213.92545634920634,1.0080453125,1.086895,0,0,Rest,0.0,0.0,0.0,0.0,14.0,0,1
2,P2_MO_G2,MO,F,O19,12,2,268.5,16.82,9.45,13.573333333333332,52.8,8.499999999999998,756.7875222222222,18.398935829,1.100986,216.80204989583336,213.92545634920634,1.0080453125,1.086895,0,0,Rest,0.0,0.0,0.0,0.0,13.0,0,1
2,P2_MO_G3,MO,F,O19,12,2,268.5,16.82,9.45,13.573333333333332,52.8,8.499999999999998,756.7875222222222,18.398935829,1.100986,216.80204989583336,213.92545634920634,1.0080453125,1.086895,0,0,Rest,0.0,0.0,0.0,0.0,16.0,0,1
2,P2_FUS_G1,FUS,M,O19,12,2,268.5,16.82,9.45,13.573333333333332,52.8,8.499999999999998,51.55939444444445,1.4373516199999998,0.7899986944444444,29.544947916666665,17.908811111111113,0.7436183854166667,0.7313225000000001,0,0,Rest,0.0,0.0,0.0,0.0,6.0,1,0
2,P2_FUS_G2,FUS,M,O19,12,2,268.5,16.82,9.45,13.573333333333332,52.8,8.499999999999998,51.55939444444445,1.4373516199999998,0.7899986944444444,29.544947916666665,17.908811111111113,0.7436183854166667,0.7313225000000001,0,0,Rest,0.0,0.0,0.0,0.0,7.0,1,0
2,P2_FUS_G3,FUS,M,O19,12,2,268.5,16.82,9.45,13.573333333333332,52.8,8.499999999999998,51.55939444444445,1.4373516199999998,0.7899986944444444,29.544947916666665,17.908811111111113,0.7436183854166667,0.7313225000000001,0,0,Rest,0.0,0.0,0.0,0.0,0.0,1,0
2,P2_MO_G1,MO,F,O20,13,2,332.9,20.05,12.15,13.431182795698925,128.5,6.55247311827957,975.4556666666666,24.571082999999998,1.0842573333333334,328.4515625,306.3290476190476,1.04494375,1.105977619047619,0,0,Rest,0.0,0.0,0.0,0.0,2.0,0,1
2,P2_MO_G2,MO,F,O20,13,2,332.9,20.05,12.15,13.431182795698925,128.5,6.55247311827957,975.4556666666666,24.571082999999998,1.0842573333333334,328.4515625,306.3290476190476,1.04494375,1.105977619047619,0,0,Rest,0.0,0.0,0.0,0.0,1.0,0,1
2,P2_MO_G3,MO,F,O20,13,2,332.9,20.05,12.15,13.431182795698925,128.5,6.55247311827957,975.4556666666666,24.571082999999998,1.0842573333333334,328.4515625,306.3290476190476,1.04494375,1.105977619047619,0,0,Rest,0.0,0.0,0.0,0.0,0.0,0,1
2,P2_FUS_G1,FUS,M,O20,13,2,332.9,20.05,12.15,13.431182795698925,128.5,6.55247311827957,73.09411111111112,2.0148479999999998,0.8269595,52.831041666666664,15.236190476190476,0.8482940625,0.7824207142857144,0,0,Rest,0.0,0.0,0.0,0.0,5.0,1,0
2,P2_FUS_G2,FUS,M,O20,13,2,332.9,20.05,12.15,13.431182795698925,128.5,6.55247311827957,73.09411111111112,2.0148479999999998,0.8269595,52.831041666666664,15.236190476190476,0.8482940625,0.7824207142857144,0,0,Rest,0.0,0.0,0.0,0.0,1.0,1,0
2,P2_FUS_G3,FUS,M,O20,13,2,332.9,20.05,12.15,13.431182795698925,128.5,6.55247311827957,73.09411111111112,2.0148479999999998,0.8269595,52.831041666666664,15.236190476190476,0.8482940625,0.7824207142857144,0,0,Rest,0.0,0.0,0.0,0.0,0.0,1,0
2,P2_MO_G1,MO,F,O21,14,2,254.2,17.54,8.85,12.861827956989247,55.4,11.245161290322583,869.3336666666667,23.399452124999996,1.0151901666666667,337.36972767857145,309.48209199134203,0.9661597321428572,1.065224604978355,0,0,Rest,0.0,0.0,0.0,0.0,0.0,0,1
2,P2_MO_G2,MO,F,O21,14,2,254.2,17.54,8.85,12.861827956989247,55.4,11.245161290322583,869.3336666666667,23.399452124999996,1.0151901666666667,337.36972767857145,309.48209199134203,0.9661597321428572,1.065224604978355,0,0,Rest,0.0,0.0,0.0,0.0,0.0,0,1
2,P2_MO_G3,MO,F,O21,14,2,254.2,17.54,8.85,12.861827956989247,55.4,11.245161290322583,869.3336666666667,23.399452124999996,1.0151901666666667,337.36972767857145,309.48209199134203,0.9661597321428572,1.065224604978355,0,0,Rest,0.0,0.0,0.0,0.0,0.0,0,1
2,P2_FUS_G1,FUS,M,O21,14,2,254.2,17.54,8.85,12.861827956989247,55.4,11.245161290322583,98.39322222222222,2.7628546049999994,0.8015988333333333,40.36328511904762,42.95580546536797,0.8185490550595238,0.8055517207792209,0,0,Rest,0.0,0.0,0.0,0.0,0.0,1,0
2,P2_FUS_G2,FUS,M,O21,14,2,254.2,17.54,8.85,12.861827956989247,55.4,11.245161290322583,98.39322222222222,2.7628546049999994,0.8015988333333333,40.36328511904762,42.95580546536797,0.8185490550595238,0.8055517207792209,0,0,Rest,0.0,0.0,0.0,0.0,0.0,1,0
2,P2_FUS_G3,FUS,M,O21,14,2,254.2,17.54,8.85,12.861827956989247,55.4,11.245161290322583,98.39322222222222,2.7628546049999994,0.8015988333333333,40.36328511904762,42.95580546536797,0.8185490550595238,0.8055517207792209,0,0,Rest,0.0,0.0,0.0,0.0,0.0,1,0
2,P2_MO_G1,MO,F,O22,15,2,359.8,22.05,11.17,12.09611111111111,135.4,10.541935483870969,763.2116666666666,22.227821249999998,0.946123,346.2878928571429,312.6351363636364,0.8873757142857143,1.024471590909091,0,0,Rest,1.4,14.0,1.0,0.25,13.0,0,1
2,P2_MO_G2,MO,F,O22,15,2,359.8,22.05,11.17,12.09611111111111,135.4,10.541935483870969,763.2116666666666,22.227821249999998,0.946123,346.2878928571429,312.6351363636364,0.8873757142857143,1.024471590909091,0,0,Rest,1.1,8.0,3.0,22.67,5.0,0,1
2,P2_MO_G3,MO,F,O22,15,2,359.8,22.05,11.17,12.09611111111111,135.4,10.541935483870969,763.2116666666666,22.227821249999998,0.946123,346.2878928571429,312.6351363636364,0.8873757142857143,1.024471590909091,0,0,Rest,4.1,24.0,7.0,20.91,17.0,0,1
2,P2_FUS_G1,FUS,M,O22,15,2,359.8,22.05,11.17,12.09611111111111,135.4,10.541935483870969,123.69233333333334,3.5108612099999994,0.7762381666666667,27.89552857142857,70.67542045454546,0.7888040476190477,0.8286827272727273,0,0,Rest,4.8,6.0,0.0,0.0,10.0,1,0
2,P2_FUS_G2,FUS,M,O22,15,2,359.8,22.05,11.17,12.09611111111111,135.4,10.541935483870969,123.69233333333334,3.5108612099999994,0.7762381666666667,27.89552857142857,70.67542045454546,0.7888040476190477,0.8286827272727273,0,0,Rest,9.5,13.0,0.0,0.0,25.0,1,0
2,P2_FUS_G3,FUS,M,O22,15,2,359.8,22.05,11.17,12.09611111111111,135.4,10.541935483870969,123.69233333333334,3.5108612099999994,0.7762381666666667,27.89552857142857,70.67542045454546,0.7888040476190477,0.8286827272727273,0,0,Rest,1.4,8.0,5.0,0.0,3.0,1,0
2,P2_MO_G1,MO,F,O24,16,2,456.0,23.82,13.0,11.275268817204301,168.5,11.658064516129032,653.3528333333334,18.470978024999997,0.9771891666666667,256.1499776785714,244.4850056818182,0.9689269196428572,1.0528023579545454,1,2,Transition,0.6,6.0,0.0,0.0,6.0,0,1
2,P2_MO_G2,MO,F,O24,16,2,456.0,23.82,13.0,11.275268817204301,168.5,11.658064516129032,653.3528333333334,18.470978024999997,0.9771891666666667,256.1499776785714,244.4850056818182,0.9689269196428572,1.0528023579545454,1,2,Transition,10.8,13.0,12.0,11.49,1.0,0,1
2,P2_MO_G3,MO,F,O24,16,2,456.0,23.82,13.0,11.275268817204301,168.5,11.658064516129032,653.3528333333334,18.470978024999997,0.9771891666666667,256.1499776785714,244.4850056818182,0.9689269196428572,1.0528023579545454,1,2,Transition,18.0,11.0,11.0,0.0,0.0,0,1
2,P2_FUS_G1,FUS,M,O24,16,2,456.0,23.82,13.0,11.275268817204301,168.5,11.658064516129032,113.35729166666667,3.2460577499999994,0.6530068333333333,24.833476785714282,63.56088731060606,0.5984275446428572,0.7441341761363636,1,2,Transition,4.1,1.0,1.0,220.7,0.0,1,0
2,P2_FUS_G2,FUS,M,O24,16,2,456.0,23.82,13.0,11.275268817204301,168.5,11.658064516129032,113.35729166666667,3.2460577499999994,0.6530068333333333,24.833476785714282,63.56088731060606,0.5984275446428572,0.7441341761363636,1,2,Transition,22.7,13.0,12.0,0.0,1.0,1,0
2,P2_FUS_G3,FUS,M,O24,16,2,456.0,23.82,13.0,11.275268817204301,168.5,11.658064516129032,113.35729166666667,3.2460577499999994,0.6530068333333333,24.833476785714282,63.56088731060606,0.5984275446428572,0.7441341761363636,1,2,Transition,22.6,6.0,0.0,549.57,8.0,1,0
2,P2_MO_G1,MO,F,O26,17,2,388.05,22.97,12.9,10.541111111111112,95.9,9.483333333333333,543.494,14.714134799999998,1.0082553333333333,166.01206249999998,176.334875,1.050478125,1.081133125,1,1,Growth,0.0,0.0,0.0,0.0,0.0,0,1
2,P2_MO_G2,MO,F,O26,17,2,388.05,22.97,12.9,10.541111111111112,95.9,9.483333333333333,543.494,14.714134799999998,1.0082553333333333,166.01206249999998,176.334875,1.050478125,1.081133125,1,1,Growth,10.1,2.0,0.0,170.09,2.0,0,1
2,P2_MO_G3,MO,F,O26,17,2,388.05,22.97,12.9,10.541111111111112,95.9,9.483333333333333,543.494,14.714134799999998,1.0082553333333333,166.01206249999998,176.334875,1.050478125,1.081133125,1,1,Growth,9.2,2.0,2.0,299.07,0.0,0,1
2,P2_FUS_G1,FUS,M,O26,17,2,388.05,22.97,12.9,10.541111111111112,95.9,9.483333333333333,103.02225,2.98125429,0.5297755,21.771424999999997,56.44635416666667,0.40805104166666667,0.659585625,1,1,Growth,3.8,2.0,0.0,104.65,2.0,1,0
2,P2_FUS_G2,FUS,M,O26,17,2,388.05,22.97,12.9,10.541111111111112,95.9,9.483333333333333,103.02225,2.98125429,0.5297755,21.771424999999997,56.44635416666667,0.40805104166666667,0.659585625,1,1,Growth,11.7,1.0,0.0,290.89,2.0,1,0
2,P2_FUS_G3,FUS,M,O26,17,2,388.05,22.97,12.9,10.541111111111112,95.9,9.483333333333333,103.02225,2.98125429,0.5297755,21.771424999999997,56.44635416666667,0.40805104166666667,0.659585625,1,1,Growth,12.7,3.0,1.0,331.81,2.0,1,0
2,P2_MO_G1,MO,F,O27,18,2,322.5,27.26,16.68,10.145698924731182,23.3,10.490322580645163,588.9449166666667,20.34104046,0.9725731666666666,234.0997395833333,440.4505625,0.9222220833333333,1.0517682291666666,0,2,Transition,0.0,0.0,0.0,1.25,0.0,0,1
2,P2_MO_G2,MO,F,O27,18,2,322.5,27.26,16.68,10.145698924731182,23.3,10.490322580645163,588.9449166666667,20.34104046,0.9725731666666666,234.0997395833333,440.4505625,0.9222220833333333,1.0517682291666666,0,2,Transition,0.1,0.0,0.0,0.0,2.0,0,1
2,P2_MO_G3,MO,F,O27,18,2,322.5,27.26,16.68,10.145698924731182,23.3,10.490322580645163,588.9449166666667,20.34104046,0.9725731666666666,234.0997395833333,440.4505625,0.9222220833333333,1.0517682291666666,0,2,Transition,1.0,0.0,0.0,23.55,0.0,0,1
2,P2_FUS_G1,FUS,M,O27,18,2,322.5,27.26,16.68,10.145698924731182,23.3,10.490322580645163,89.20676388888889,3.0331109649999997,0.5531994166666666,26.88743125,71.78180902777778,0.5250030208333333,0.6832235069444443,0,2,Transition,0.3,0.0,0.0,0.0,0.0,1,0
2,P2_FUS_G2,FUS,M,O27,18,2,322.5,27.26,16.68,10.145698924731182,23.3,10.490322580645163,89.20676388888889,3.0331109649999997,0.5531994166666666,26.88743125,71.78180902777778,0.5250030208333333,0.6832235069444443,0,2,Transition,1.2,0.0,0.0,65.13,0.0,1,0
2,P2_FUS_G3,FUS,M,O27,18,2,322.5,27.26,16.68,10.145698924731182,23.3,10.490322580645163,89.20676388888889,3.0331109649999997,0.5531994166666666,26.88743125,71.78180902777778,0.5250030208333333,0.6832235069444443,0,2,Transition,0.7,0.0,0.0,11.26,0.0,1,0
2,P2_MO_G1,MO,F,O29,19,2,779.8,28.02,17.42,10.325806451612904,187.5,9.98709677419355,634.3958333333334,25.96794612,0.9368909999999999,302.18741666666665,704.56625,0.7939660416666667,1.0224033333333333,0,0,Rest,0.0,0.0,0.0,0.0,0.0,0,1
2,P2_MO_G2,MO,F,O29,19,2,779.8,28.02,17.42,10.325806451612904,187.5,9.98709677419355,634.3958333333334,25.96794612,0.9368909999999999,302.18741666666665,704.56625,0.7939660416666667,1.0224033333333333,0,0,Rest,0.0,0.0,0.0,0.0,0.0,0,1
2,P2_MO_G3,MO,F,O29,19,2,779.8,28.02,17.42,10.325806451612904,187.5,9.98709677419355,634.3958333333334,25.96794612,0.9368909999999999,302.18741666666665,704.56625,0.7939660416666667,1.0224033333333333,0,0,Rest,0.0,0.0,0.0,0.0,0.0,0,1
2,P2_FUS_G1,FUS,M,O29,19,2,779.8,28.02,17.42,10.325806451612904,187.5,9.98709677419355,75.39127777777777,3.08496764,0.5766233333333333,32.0034375,87.11726388888889,0.6419549999999999,0.7068613888888888,0,0,Rest,0.0,0.0,0.0,0.0,0.0,1,0
2,P2_FUS_G2,FUS,M,O29,19,2,779.8,28.02,17.42,10.325806451612904,187.5,9.98709677419355,75.39127777777777,3.08496764,0.5766233333333333,32.0034375,87.11726388888889,0.6419549999999999,0.7068613888888888,0,0,Rest,0.0,0.0,0.0,0.0,0.0,1,0
2,P2_FUS_G3,FUS,M,O29,19,2,779.8,28.02,17.42,10.325806451612904,187.5,9.98709677419355,75.39127777777777,3.08496764,0.5766233333333333,32.0034375,87.11726388888889,0.6419549999999999,0.7068613888888888,0,0,Rest,0.0,0.0,0.0,0.0,0.0,1,0
2,P2_MO_G1,MO,F,O31,20,2,643.7,28.42,17.34,10.939880952380951,13.0,11.763178571428575,519.1779166666666,20.25661176,0.864286,244.32847023809524,538.8165113636363,0.7380058779761904,0.8837241666666666,1,2,Transition,0.0,0.0,0.0,0.0,1.0,0,1
2,P2_MO_G2,MO,F,O31,20,2,643.7,28.42,17.34,10.939880952380951,13.0,11.763178571428575,519.1779166666666,20.25661176,0.864286,244.32847023809524,538.8165113636363,0.7380058779761904,0.8837241666666666,1,2,Transition,0.2,0.0,0.0,0.0,1.0,0,1
2,P2_MO_G3,MO,F,O31,20,2,643.7,28.42,17.34,10.939880952380951,13.0,11.763178571428575,519.1779166666666,20.25661176,0.864286,244.32847023809524,538.8165113636363,0.7380058779761904,0.8837241666666666,1,2,Transition,16.5,7.0,6.0,25.63,1.0,0,1
2,P2_FUS_G1,FUS,M,O31,20,2,643.7,28.42,17.34,10.939880952380951,13.0,11.763178571428575,63.33105555555555,2.2653747895,0.616657,21.791160773809523,57.8394273989899,0.625140238095238,0.7060227398989898,1,2,Transition,0.3,0.0,0.0,0.0,0.0,1,0
2,P2_FUS_G2,FUS,M,O31,20,2,643.7,28.42,17.34,10.939880952380951,13.0,11.763178571428575,63.33105555555555,2.2653747895,0.616657,21.791160773809523,57.8394273989899,0.625140238095238,0.7060227398989898,1,2,Transition,16.1,17.0,17.0,166.86,0.0,1,0
2,P2_FUS_G3,FUS,M,O31,20,2,643.7,28.42,17.34,10.939880952380951,13.0,11.763178571428575,63.33105555555555,2.2653747895,0.616657,21.791160773809523,57.8394273989899,0.625140238095238,0.7060227398989898,1,2,Transition,23.9,13.0,13.0,113.07,0.0,1,0
2,P2_MO_G1,MO,F,O33,21,2,509.1,27.9,17.21,11.73225806451613,127.69999999999999,11.061290322580646,403.96,14.5452774,0.7916810000000001,186.46952380952382,373.0667727272727,0.6820457142857143,0.745045,1,1,Growth,0.0,0.0,0.0,0.0,0.0,0,1
2,P2_MO_G2,MO,F,O33,21,2,509.1,27.9,17.21,11.73225806451613,127.69999999999999,11.061290322580646,403.96,14.5452774,0.7916810000000001,186.46952380952382,373.0667727272727,0.6820457142857143,0.745045,1,1,Growth,0.0,0.0,0.0,0.0,0.0,0,1
2,P2_MO_G3,MO,F,O33,21,2,509.1,27.9,17.21,11.73225806451613,127.69999999999999,11.061290322580646,403.96,14.5452774,0.7916810000000001,186.46952380952382,373.0667727272727,0.6820457142857143,0.745045,1,1,Growth,15.5,9.0,3.0,25.76,6.0,0,1
2,P2_FUS_G1,FUS,M,O33,21,2,509.1,27.9,17.21,11.73225806451613,127.69999999999999,11.061290322580646,51.270833333333336,1.4457819389999997,0.6566906666666666,11.578884047619047,28.56159090909091,0.6083254761904762,0.7051840909090908,1,1,Growth,0.0,0.0,0.0,0.0,0.0,1,0
2,P2_FUS_G2,FUS,M,O33,21,2,509.1,27.9,17.21,11.73225806451613,127.69999999999999,11.061290322580646,51.270833333333336,1.4457819389999997,0.6566906666666666,11.578884047619047,28.56159090909091,0.6083254761904762,0.7051840909090908,1,1,Growth,9.8,3.0,3.0,184.0,0.0,1,0
2,P2_FUS_G3,FUS,M,O33,21,2,509.1,27.9,17.21,11.73225806451613,127.69999999999999,11.061290322580646,51.270833333333336,1.4457819389999997,0.6566906666666666,11.578884047619047,28.56159090909091,0.6083254761904762,0.7051840909090908,1,1,Growth,25.9,13.0,3.0,404.95,10.0,1,0
2,P2_MO_G1,MO,F,O35,22,2,501.15,25.0,16.32,12.550555555555555,194.0,7.8100000000000005,294.23741666666666,9.794062845,0.8190529166666667,115.70453221726191,237.7302792207792,0.7740194196428571,0.7850082142857142,1,1,Growth,0.0,0.0,0.0,0.0,0.0,0,1
2,P2_MO_G2,MO,F,O35,22,2,501.15,25.0,16.32,12.550555555555555,194.0,7.8100000000000005,294.23741666666666,9.794062845,0.8190529166666667,115.70453221726191,237.7302792207792,0.7740194196428571,0.7850082142857142,1,1,Growth,0.0,0.0,0.0,0.0,0.0,0,1
2,P2_MO_G3,MO,F,O35,22,2,501.15,25.0,16.32,12.550555555555555,194.0,7.8100000000000005,294.23741666666666,9.794062845,0.8190529166666667,115.70453221726191,237.7302792207792,0.7740194196428571,0.7850082142857142,1,1,Growth,0.0,7.0,2.0,0.0,5.0,0,1
2,P2_FUS_G1,FUS,M,O35,22,2,501.15,25.0,16.32,12.550555555555555,194.0,7.8100000000000005,56.19375,1.4463646094999998,0.7005171666666667,13.583049836309524,22.106589502164503,0.617539144345238,0.7611390692640693,1,1,Growth,0.0,0.0,0.0,0.0,0.0,1,0
2,P2_FUS_G2,FUS,M,O35,22,2,501.15,25.0,16.32,12.550555555555555,194.0,7.8100000000000005,56.19375,1.4463646094999998,0.7005171666666667,13.583049836309524,22.106589502164503,0.617539144345238,0.7611390692640693,1,1,Growth,0.0,8.0,1.0,0.0,7.0,1,0
2,P2_FUS_G3,FUS,M,O35,22,2,501.15,25.0,16.32,12.550555555555555,194.0,7.8100000000000005,56.19375,1.4463646094999998,0.7005171666666667,13.583049836309524,22.106589502164503,0.617539144345238,0.7611390692640693,1,1,Growth,4.7,1.0,1.0,239.44,0.0,1,0
2,P2_MO_G1,MO,F,O37,23,2,338.95,20.16,11.71,13.236979166666666,217.70000000000002,8.432258064516128,184.5148333333333,5.042848289999999,0.8464248333333334,44.939540625,102.39378571428571,0.865993125,0.8249714285714286,0,2,Transition,0.0,0.0,0.0,0.0,0.0,0,1
2,P2_MO_G2,MO,F,O37,23,2,338.95,20.16,11.71,13.236979166666666,217.70000000000002,8.432258064516128,184.5148333333333,5.042848289999999,0.8464248333333334,44.939540625,102.39378571428571,0.865993125,0.8249714285714286,0,2,Transition,15.2,16.0,0.0,197.8,16.0,0,1
2,P2_MO_G3,MO,F,O37,23,2,338.95,20.16,11.71,13.236979166666666,217.70000000000002,8.432258064516128,184.5148333333333,5.042848289999999,0.8464248333333334,44.939540625,102.39378571428571,0.865993125,0.8249714285714286,0,2,Transition,0.0,11.0,9.0,0.0,2.0,0,1
2,P2_FUS_G1,FUS,M,O37,23,2,338.95,20.16,11.71,13.236979166666666,217.70000000000002,8.432258064516128,61.11666666666667,1.4469472799999998,0.7443436666666667,15.587215624999999,15.651588095238097,0.6267528125,0.8170940476190477,0,2,Transition,0.0,0.0,0.0,0.0,0.0,1,0
2,P2_FUS_G2,FUS,M,O37,23,2,338.95,20.16,11.71,13.236979166666666,217.70000000000002,8.432258064516128,61.11666666666667,1.4469472799999998,0.7443436666666667,15.587215624999999,15.651588095238097,0.6267528125,0.8170940476190477,0,2,Transition,0.0,30.0,30.0,0.0,0.0,1,0
2,P2_FUS_G3,FUS,M,O37,23,2,338.95,20.16,11.71,13.236979166666666,217.70000000000002,8.432258064516128,61.11666666666667,1.4469472799999998,0.7443436666666667,15.587215624999999,15.651588095238097,0.6267528125,0.8170940476190477,0,2,Transition,0.0,0.0,0.0,0.0,0.0,1,0
2,P2_MO_G1,MO,F,O38,24,2,194.65,23.29,14.52,13.575,,,184.5148333333333,5.042848289999999,0.8464248333333334,44.939540625,102.39378571428571,0.865993125,0.8249714285714286,0,0,Rest,0.0,0.0,0.0,0.0,0.0,0,1
2,P2_MO_G2,MO,F,O38,24,2,194.65,23.29,14.52,13.575,,,184.5148333333333,5.042848289999999,0.8464248333333334,44.939540625,102.39378571428571,0.865993125,0.8249714285714286,0,0,Rest,0.0,0.0,0.0,0.0,0.0,0,1
2,P2_MO_G3,MO,F,O38,24,2,194.65,23.29,14.52,13.575,,,184.5148333333333,5.042848289999999,0.8464248333333334,44.939540625,102.39378571428571,0.865993125,0.8249714285714286,0,0,Rest,0.0,0.0,0.0,0.0,0.0,0,1
2,P2_FUS_G1,FUS,M,O38,24,2,194.65,23.29,14.52,13.575,,,61.11666666666667,1.4469472799999998,0.7443436666666667,15.587215624999999,15.651588095238097,0.6267528125,0.8170940476190477,0,0,Rest,0.0,0.0,0.0,0.0,0.0,1,0
2,P2_FUS_G2,FUS,M,O38,24,2,194.65,23.29,14.52,13.575,,,61.11666666666667,1.4469472799999998,0.7443436666666667,15.587215624999999,15.651588095238097,0.6267528125,0.8170940476190477,0,0,Rest,0.0,0.0,0.0,0.0,0.0,1,0
2,P2_FUS_G3,FUS,M,O38,24,2,194.65,23.29,14.52,13.575,,,61.11666666666667,1.4469472799999998,0.7443436666666667,15.587215624999999,15.651588095238097,0.6267528125,0.8170940476190477,0,0,Rest,0.0,0.0,0.0,0.0,0.0,1,0
3,P3_MO_G1,MO,F,O1,0,1,254.5,19.57,12.57,13.576666666666666,124.8,7.6,1474.3933333333332,39.508891999999996,1.1070321666666667,402.03898550724637,562.2480303030303,1.0804234782608695,1.1195831818181818,0,0,Rest,0.0,0.0,0.0,0.0,0.0,0,1
3,P3_MO_G2,MO,F,O1,0,1,254.5,19.57,12.57,13.576666666666666,124.8,7.6,1474.3933333333332,39.508891999999996,1.1070321666666667,402.03898550724637,562.2480303030303,1.0804234782608695,1.1195831818181818,0,0,Rest,0.0,0.0,0.0,0.0,0.0,0,1
3,P3_MO_G3,MO,F,O1,0,1,254.5,19.57,12.57,13.576666666666666,124.8,7.6,1474.3933333333332,39.508891999999996,1.1070321666666667,402.03898550724637,562.2480303030303,1.0804234782608695,1.1195831818181818,0,0,Rest,0.0,0.0,0.0,0.0,0.0,0,1
3,P3_FUS_G1,FUS,M,O1,0,1,254.5,19.57,12.57,13.576666666666666,124.8,7.6,168.69500000000002,5.280435,0.6713425555555556,47.088913043478264,120.765,0.7038765217391305,0.7234356060606061,0,0,Rest,0.0,0.0,0.0,0.0,0.0,1,0
3,P3_FUS_G2,FUS,M,O1,0,1,254.5,19.57,12.57,13.576666666666666,124.8,7.6,168.69500000000002,5.280435,0.6713425555555556,47.088913043478264,120.765,0.7038765217391305,0.7234356060606061,0,0,Rest,0.0,0.0,0.0,0.0,0.0,1,0
3,P3_FUS_G3,FUS,M,O1,0,1,254.5,19.57,12.57,13.576666666666666,124.8,7.6,168.69500000000002,5.280435,0.6713425555555556,47.088913043478264,120.765,0.7038765217391305,0.7234356060606061,0,0,Rest,0.0,0.0,0.0,0.0,0.0,1,0
3,P3_MO_G1,MO,F,O2,1,1,282.1,18.87,9.94,13.418279569892475,92.9,9.058064516129035,1474.3933333333332,39.508891999999996,1.1070321666666667,402.03898550724637,562.2480303030303,1.0804234782608695,1.1195831818181818,0,0,Rest,0.0,0.0,0.0,0.0,0.0,0,1
3,P3_MO_G2,MO,F,O2,1,1,282.1,18.87,9.94,13.418279569892475,92.9,9.058064516129035,1474.3933333333332,39.508891999999996,1.1070321666666667,402.03898550724637,562.2480303030303,1.0804234782608695,1.1195831818181818,0,0,Rest,0.0,0.0,0.0,0.0,0.0,0,1
3,P3_MO_G3,MO,F,O2,1,1,282.1,18.87,9.94,13.418279569892475,92.9,9.058064516129035,1474.3933333333332,39.508891999999996,1.1070321666666667,402.03898550724637,562.2480303030303,1.0804234782608695,1.1195831818181818,0,0,Rest,0.0,0.0,0.0,0.0,0.0,0,1
3,P3_FUS_G1,FUS,M,O2,1,1,282.1,18.87,9.94,13.418279569892475,92.9,9.058064516129035,168.69500000000002,5.280435,0.6713425555555556,47.088913043478264,120.765,0.7038765217391305,0.7234356060606061,0,0,Rest,0.0,0.0,0.0,0.0,0.0,1,0
3,P3_FUS_G2,FUS,M,O2,1,1,282.1,18.87,9.94,13.418279569892475,92.9,9.058064516129035,168.69500000000002,5.280435,0.6713425555555556,47.088913043478264,120.765,0.7038765217391305,0.7234356060606061,0,0,Rest,0.0,0.0,0.0,0.0,0.0,1,0
3,P3_FUS_G3,FUS,M,O2,1,1,282.1,18.87,9.94,13.418279569892475,92.9,9.058064516129035,168.69500000000002,5.280435,0.6713425555555556,47.088913043478264,120.765,0.7038765217391305,0.7234356060606061,0,0,Rest,0.0,0.0,0.0,0.0,0.0,1,0
3,P3_MO_G1,MO,F,O3,2,1,326.2,21.57,10.18,12.839247311827956,73.7,11.245161290322581,1474.3933333333332,39.508891999999996,1.1070321666666667,402.03898550724637,562.2480303030303,1.0804234782608695,1.1195831818181818,0,0,Rest,0.0,0.0,0.0,0.0,0.0,0,1
3,P3_MO_G2,MO,F,O3,2,1,326.2,21.57,10.18,12.839247311827956,73.7,11.245161290322581,1474.3933333333332,39.508891999999996,1.1070321666666667,402.03898550724637,562.2480303030303,1.0804234782608695,1.1195831818181818,0,0,Rest,0.0,0.0,0.0,0.0,0.0,0,1
3,P3_MO_G3,MO,F,O3,2,1,326.2,21.57,10.18,12.839247311827956,73.7,11.245161290322581,1474.3933333333332,39.508891999999996,1.1070321666666667,402.03898550724637,562.2480303030303,1.0804234782608695,1.1195831818181818,0,0,Rest,0.0,0.0,0.0,0.0,0.0,0,1
3,P3_FUS_G1,FUS,M,O3,2,1,326.2,21.57,10.18,12.839247311827956,73.7,11.245161290322581,168.69500000000002,5.280435,0.6713425555555556,47.088913043478264,120.765,0.7038765217391305,0.7234356060606061,0,0,Rest,0.0,0.0,0.0,0.0,0.0,1,0
3,P3_FUS_G2,FUS,M,O3,2,1,326.2,21.57,10.18,12.839247311827956,73.7,11.245161290322581,168.69500000000002,5.280435,0.6713425555555556,47.088913043478264,120.765,0.7038765217391305,0.7234356060606061,0,0,Rest,0.0,0.0,0.0,0.0,0.0,1,0
3,P3_FUS_G3,FUS,M,O3,2,1,326.2,21.57,10.18,12.839247311827956,73.7,11.245161290322581,168.69500000000002,5.280435,0.6713425555555556,47.088913043478264,120.765,0.7038765217391305,0.7234356060606061,0,0,Rest,0.0,0.0,0.0,0.0,0.0,1,0
3,P3_MO_G1,MO,F,O5,3,1,281.7,20.17,8.61,12.069444444444445,31.5,11.493333333333336,1474.3933333333332,39.508891999999996,1.1070321666666667,402.03898550724637,562.2480303030303,1.0804234782608695,1.1195831818181818,0,0,Rest,0.0,0.0,0.0,0.0,0.0,0,1
3,P3_MO_G2,MO,F,O5,3,1,281.7,20.17,8.61,12.069444444444445,31.5,11.493333333333336,1474.3933333333332,39.508891999999996,1.1070321666666667,402.03898550724637,562.2480303030303,1.0804234782608695,1.1195831818181818,0,0,Rest,0.0,0.0,0.0,0.0,0.0,0,1
3,P3_MO_G3,MO,F,O5,3,1,281.7,20.17,8.61,12.069444444444445,31.5,11.493333333333336,1474.3933333333332,39.508891999999996,1.1070321666666667,402.03898550724637,562.2480303030303,1.0804234782608695,1.1195831818181818,0,0,Rest,0.0,0.0,0.0,0.0,0.0,0,1
3,P3_FUS_G1,FUS,M,O5,3,1,281.7,20.17,8.61,12.069444444444445,31.5,11.493333333333336,168.69500000000002,5.280435,0.6713425555555556,47.088913043478264,120.765,0.7038765217391305,0.7234356060606061,0,0,Rest,0.0,0.0,0.0,0.0,0.0,1,0
3,P3_FUS_G2,FUS,M,O5,3,1,281.7,20.17,8.61,12.069444444444445,31.5,11.493333333333336,168.69500000000002,5.280435,0.6713425555555556,47.088913043478264,120.765,0.7038765217391305,0.7234356060606061,0,0,Rest,0.0,0.0,0.0,0.0,0.0,1,0
3,P3_FUS_G3,FUS,M,O5,3,1,281.7,20.17,8.61,12.069444444444445,31.5,11.493333333333336,168.69500000000002,5.280435,0.6713425555555556,47.088913043478264,120.765,0.7038765217391305,0.7234356060606061,0,0,Rest,0.0,0.0,0.0,0.0,0.0,1,0
3,P3_MO_G1,MO,F,O7,4,1,460.1,24.84,14.85,11.248924731182797,173.1,10.503225806451614,1653.4391666666666,47.820049149999996,1.1107365277777776,647.6092844202899,636.3643276515152,1.0865897946859904,1.1215947159090909,1,2,Transition,27.1,33.0,17.0,718.5,16.0,0,1
3,P3_MO_G2,MO,F,O7,4,1,460.1,24.84,14.85,11.248924731182797,173.1,10.503225806451614,1653.4391666666666,47.820049149999996,1.1107365277777776,647.6092844202899,636.3643276515152,1.0865897946859904,1.1215947159090909,1,2,Transition,31.4,32.0,15.0,582.15,17.0,0,1
3,P3_MO_G3,MO,F,O7,4,1,460.1,24.84,14.85,11.248924731182797,173.1,10.503225806451614,1653.4391666666666,47.820049149999996,1.1107365277777776,647.6092844202899,636.3643276515152,1.0865897946859904,1.1215947159090909,1,2,Transition,11.9,16.0,7.0,98.32,9.0,0,1
3,P3_FUS_G1,FUS,M,O7,4,1,460.1,24.84,14.85,11.248924731182797,173.1,10.503225806451614,125.61441666666667,3.834195,0.6907866944444445,40.06020652173913,74.78767708333334,0.5979687817028986,0.6854532196969697,1,2,Transition,1.8,14.0,6.0,49.1,8.0,1,0
3,P3_FUS_G2,FUS,M,O7,4,1,460.1,24.84,14.85,11.248924731182797,173.1,10.503225806451614,125.61441666666667,3.834195,0.6907866944444445,40.06020652173913,74.78767708333334,0.5979687817028986,0.6854532196969697,1,2,Transition,5.7,25.0,11.0,76.65,14.0,1,0
3,P3_FUS_G3,FUS,M,O7,4,1,460.1,24.84,14.85,11.248924731182797,173.1,10.503225806451614,125.61441666666667,3.834195,0.6907866944444445,40.06020652173913,74.78767708333334,0.5979687817028986,0.6854532196969697,1,2,Transition,0.0,0.0,0.0,0.0,0.0,1,0
3,P3_MO_G1,MO,F,O9,5,1,444.8,24.43,15.22,10.520555555555555,188.2,8.726666666666668,1832.4850000000001,56.131206299999995,1.1144408888888888,893.1795833333334,710.480625,1.092756111111111,1.12360625,1,1,Growth,23.7,11.0,11.0,708.83,0.0,0,1
3,P3_MO_G2,MO,F,O9,5,1,444.8,24.43,15.22,10.520555555555555,188.2,8.726666666666668,1832.4850000000001,56.131206299999995,1.1144408888888888,893.1795833333334,710.480625,1.092756111111111,1.12360625,1,1,Growth,13.6,5.0,5.0,562.1,0.0,0,1
3,P3_MO_G3,MO,F,O9,5,1,444.8,24.43,15.22,10.520555555555555,188.2,8.726666666666668,1832.4850000000001,56.131206299999995,1.1144408888888888,893.1795833333334,710.480625,1.092756111111111,1.12360625,1,1,Growth,39.1,16.0,16.0,839.38,0.0,0,1
3,P3_FUS_G1,FUS,M,O9,5,1,444.8,24.43,15.22,10.520555555555555,188.2,8.726666666666668,82.53383333333333,2.387955,0.7102308333333334,33.0315,28.810354166666666,0.49206104166666664,0.6474708333333333,1,1,Growth,3.4,6.0,2.0,100.25,4.0,1,0
3,P3_FUS_G2,FUS,M,O9,5,1,444.8,24.43,15.22,10.520555555555555,188.2,8.726666666666668,82.53383333333333,2.387955,0.7102308333333334,33.0315,28.810354166666666,0.49206104166666664,0.6474708333333333,1,1,Growth,10.3,6.0,6.0,410.6,0.0,1,0
3,P3_FUS_G3,FUS,M,O9,5,1,444.8,24.43,15.22,10.520555555555555,188.2,8.726666666666668,82.53383333333333,2.387955,0.7102308333333334,33.0315,28.810354166666666,0.49206104166666664,0.6474708333333333,1,1,Growth,6.4,17.0,7.0,346.3,10.0,1,0
3,P3_MO_G1,MO,F,O10,6,1,398.8,27.7,16.98,10.141935483870967,288.8,11.29032258064516,1705.0033333333336,53.21982704999999,1.0832638694444445,781.453125,779.0920833333333,1.0856867534722223,1.1087103333333332,1,1,Growth,5.7,5.0,2.0,104.7,3.0,0,1
3,P3_MO_G2,MO,F,O10,6,1,398.8,27.7,16.98,10.141935483870967,288.8,11.29032258064516,1705.0033333333336,53.21982704999999,1.0832638694444445,781.453125,779.0920833333333,1.0856867534722223,1.1087103333333332,1,1,Growth,0.0,0.0,0.0,20.3,0.0,0,1
3,P3_MO_G3,MO,F,O10,6,1,398.8,27.7,16.98,10.141935483870967,288.8,11.29032258064516,1705.0033333333336,53.21982704999999,1.0832638694444445,781.453125,779.0920833333333,1.0856867534722223,1.1087103333333332,1,1,Growth,0.3,1.0,1.0,75.82,0.0,0,1
3,P3_FUS_G1,FUS,M,O10,6,1,398.8,27.7,16.98,10.141935483870967,288.8,11.29032258064516,77.3835,2.9195848799999995,0.67345475,29.1351875,76.275625,0.5281754166666666,0.6392845833333334,1,1,Growth,0.1,1.0,1.0,63.1,0.0,1,0
3,P3_FUS_G2,FUS,M,O10,6,1,398.8,27.7,16.98,10.141935483870967,288.8,11.29032258064516,77.3835,2.9195848799999995,0.67345475,29.1351875,76.275625,0.5281754166666666,0.6392845833333334,1,1,Growth,0.8,0.0,0.0,60.8,0.0,1,0
3,P3_FUS_G3,FUS,M,O10,6,1,398.8,27.7,16.98,10.141935483870967,288.8,11.29032258064516,77.3835,2.9195848799999995,0.67345475,29.1351875,76.275625,0.5281754166666666,0.6392845833333334,1,1,Growth,2.0,1.0,1.0,133.6,0.0,1,0
3,P3_MO_G1,MO,F,O12,7,1,625.4,28.29,17.45,10.341397849462364,127.9,10.077419354838707,1577.5216666666668,50.308447799999996,1.05208685,669.7266666666667,847.7035416666666,1.0786173958333334,1.0938144166666668,1,1,Growth,2.3,3.0,1.0,3.0,2.0,0,1
3,P3_MO_G2,MO,F,O12,7,1,625.4,28.29,17.45,10.341397849462364,127.9,10.077419354838707,1577.5216666666668,50.308447799999996,1.05208685,669.7266666666667,847.7035416666666,1.0786173958333334,1.0938144166666668,1,1,Growth,0.0,0.0,0.0,0.0,0.0,0,1
3,P3_MO_G3,MO,F,O12,7,1,625.4,28.29,17.45,10.341397849462364,127.9,10.077419354838707,1577.5216666666668,50.308447799999996,1.05208685,669.7266666666667,847.7035416666666,1.0786173958333334,1.0938144166666668,1,1,Growth,0.8,0.0,0.0,13.95,0.0,0,1
3,P3_FUS_G1,FUS,M,O12,7,1,625.4,28.29,17.45,10.341397849462364,127.9,10.077419354838707,72.23316666666666,3.4512147599999996,0.6366786666666666,25.238874999999997,123.74089583333334,0.5642897916666666,0.6310983333333333,1,1,Growth,0.0,0.0,0.0,0.0,1.0,1,0
3,P3_FUS_G2,FUS,M,O12,7,1,625.4,28.29,17.45,10.341397849462364,127.9,10.077419354838707,72.23316666666666,3.4512147599999996,0.6366786666666666,25.238874999999997,123.74089583333334,0.5642897916666666,0.6310983333333333,1,1,Growth,0.3,0.0,0.0,4.2,0.0,1,0
3,P3_FUS_G3,FUS,M,O12,7,1,625.4,28.29,17.45,10.341397849462364,127.9,10.077419354838707,72.23316666666666,3.4512147599999996,0.6366786666666666,25.238874999999997,123.74089583333334,0.5642897916666666,0.6310983333333333,1,1,Growth,0.0,0.0,0.0,0.0,0.0,1,0
3,P3_MO_G1,MO,F,O13,8,1,384.6,28.3,18.44,10.964880952380952,82.2,10.859605911330046,1319.2091666666668,38.4755949,1.0561539249999998,486.70427083333334,549.7655803571429,1.0952947395833332,1.0710186369047618,1,1,Growth,0.0,0.0,0.0,0.0,0.0,0,1
3,P3_MO_G2,MO,F,O13,8,1,384.6,28.3,18.44,10.964880952380952,82.2,10.859605911330046,1319.2091666666668,38.4755949,1.0561539249999998,486.70427083333334,549.7655803571429,1.0952947395833332,1.0710186369047618,1,1,Growth,0.0,0.0,0.0,0.0,0.0,0,1
3,P3_MO_G3,MO,F,O13,8,1,384.6,28.3,18.44,10.964880952380952,82.2,10.859605911330046,1319.2091666666668,38.4755949,1.0561539249999998,486.70427083333334,549.7655803571429,1.0952947395833332,1.0710186369047618,1,1,Growth,0.0,0.0,0.0,0.0,0.0,0,1
3,P3_FUS_G1,FUS,M,O13,8,1,384.6,28.3,18.44,10.964880952380952,82.2,10.859605911330046,74.65858333333333,2.7920893799999997,0.6385324583333333,25.111104166666664,77.17282886904762,0.5553263541666666,0.6394401190476191,1,1,Growth,0.0,0.0,0.0,0.0,0.0,1,0
3,P3_FUS_G2,FUS,M,O13,8,1,384.6,28.3,18.44,10.964880952380952,82.2,10.859605911330046,74.65858333333333,2.7920893799999997,0.6385324583333333,25.111104166666664,77.17282886904762,0.5553263541666666,0.6394401190476191,1,1,Growth,0.0,0.0,0.0,0.0,0.0,1,0
3,P3_FUS_G3,FUS,M,O13,8,1,384.6,28.3,18.44,10.964880952380952,82.2,10.859605911330046,74.65858333333333,2.7920893799999997,0.6385324583333333,25.111104166666664,77.17282886904762,0.5553263541666666,0.6394401190476191,1,1,Growth,0.0,0.0,0.0,0.0,0.0,1,0
3,P3_MO_G1,MO,F,O15,9,1,699.6,27.02,16.29,11.759677419354839,95.3,11.606451612903225,1060.8966666666668,26.642742,1.0602209999999999,303.681875,251.82761904761907,1.1119720833333333,1.0482228571428571,1,1,Growth,32.8,24.0,23.0,266.33,1.0,0,1
3,P3_MO_G2,MO,F,O15,9,1,699.6,27.02,16.29,11.759677419354839,95.3,11.606451612903225,1060.8966666666668,26.642742,1.0602209999999999,303.681875,251.82761904761907,1.1119720833333333,1.0482228571428571,1,1,Growth,49.7,23.0,17.0,717.9,6.0,0,1
3,P3_MO_G3,MO,F,O15,9,1,699.6,27.02,16.29,11.759677419354839,95.3,11.606451612903225,1060.8966666666668,26.642742,1.0602209999999999,303.681875,251.82761904761907,1.1119720833333333,1.0482228571428571,1,1,Growth,14.8,13.0,9.0,218.99,4.0,0,1
3,P3_FUS_G1,FUS,M,O15,9,1,699.6,27.02,16.29,11.759677419354839,95.3,11.606451612903225,77.084,2.132964,0.6403862499999999,24.983333333333334,30.604761904761908,0.5463629166666667,0.6477819047619048,1,1,Growth,16.4,14.0,12.0,565.0,2.0,1,0
3,P3_FUS_G2,FUS,M,O15,9,1,699.6,27.02,16.29,11.759677419354839,95.3,11.606451612903225,77.084,2.132964,0.6403862499999999,24.983333333333334,30.604761904761908,0.5463629166666667,0.6477819047619048,1,1,Growth,0.0,0.0,0.0,0.0,0.0,1,0
3,P3_FUS_G3,FUS,M,O15,9,1,699.6,27.02,16.29,11.759677419354839,95.3,11.606451612903225,77.084,2.132964,0.6403862499999999,24.983333333333334,30.604761904761908,0.5463629166666667,0.6477819047619048,1,1,Growth,5.0,8.0,2.0,101.45,6.0,1,0
3,P3_MO_G1,MO,F,O17,10,1,508.8,27.73,16.19,12.576111111111112,163.9,10.340000000000002,799.5080222222223,19.434765328999998,1.0889678333333332,204.41720614583332,186.67474206349206,1.0415594791666667,1.058017619047619,1,1,Growth,3.5,8.0,8.0,114.71,0.0,0,1
3,P3_MO_G2,MO,F,O17,10,1,508.8,27.73,16.19,12.576111111111112,163.9,10.340000000000002,799.5080222222223,19.434765328999998,1.0889678333333332,204.41720614583332,186.67474206349206,1.0415594791666667,1.058017619047619,1,1,Growth,3.6,4.0,2.0,73.1,2.0,0,1
3,P3_MO_G3,MO,F,O17,10,1,508.8,27.73,16.19,12.576111111111112,163.9,10.340000000000002,799.5080222222223,19.434765328999998,1.0889678333333332,204.41720614583332,186.67474206349206,1.0415594791666667,1.058017619047619,1,1,Growth,0.7,0.0,0.0,27.0,0.0,0,1
3,P3_FUS_G1,FUS,M,O17,10,1,508.8,27.73,16.19,12.576111111111112,163.9,10.340000000000002,53.55433888888889,1.4964096199999999,0.6967120694444444,15.62109375,25.593096825396827,0.5926528125,0.6640030952380953,1,1,Growth,0.9,0.0,0.0,57.35,0.0,1,0
3,P3_FUS_G2,FUS,M,O17,10,1,508.8,27.73,16.19,12.576111111111112,163.9,10.340000000000002,53.55433888888889,1.4964096199999999,0.6967120694444444,15.62109375,25.593096825396827,0.5926528125,0.6640030952380953,1,1,Growth,0.0,0.0,0.0,10.5,0.0,1,0
3,P3_FUS_G3,FUS,M,O17,10,1,508.8,27.73,16.19,12.576111111111112,163.9,10.340000000000002,53.55433888888889,1.4964096199999999,0.6967120694444444,15.62109375,25.593096825396827,0.5926528125,0.6640030952380953,1,1,Growth,0.2,1.0,1.0,36.25,0.0,1,0
3,P3_MO_G1,MO,F,O18,11,1,257.35,20.67,12.78,13.238888888888889,111.4,6.282795698924733,538.1193777777778,12.226788657999998,1.1177146666666666,105.15253729166666,121.52186507936507,0.971146875,1.067812380952381,0,2,Transition,0.0,0.0,0.0,0.0,0.0,0,1
3,P3_MO_G2,MO,F,O18,11,1,257.35,20.67,12.78,13.238888888888889,111.4,6.282795698924733,538.1193777777778,12.226788657999998,1.1177146666666666,105.15253729166666,121.52186507936507,0.971146875,1.067812380952381,0,2,Transition,0.0,0.0,0.0,0.0,0.0,0,1
3,P3_MO_G3,MO,F,O18,11,1,257.35,20.67,12.78,13.238888888888889,111.4,6.282795698924733,538.1193777777778,12.226788657999998,1.1177146666666666,105.15253729166666,121.52186507936507,0.971146875,1.067812380952381,0,2,Transition,0.0,0.0,0.0,0.0,0.0,0,1
3,P3_FUS_G1,FUS,M,O18,11,1,257.35,20.67,12.78,13.238888888888889,111.4,6.282795698924733,30.02467777777778,0.8598552399999999,0.7530378888888889,6.258854166666667,20.581431746031747,0.6389427083333333,0.6802242857142857,0,2,Transition,0.0,0.0,0.0,0.0,0.0,1,0
3,P3_FUS_G2,FUS,M,O18,11,1,257.35,20.67,12.78,13.238888888888889,111.4,6.282795698924733,30.02467777777778,0.8598552399999999,0.7530378888888889,6.258854166666667,20.581431746031747,0.6389427083333333,0.6802242857142857,0,2,Transition,0.0,0.0,0.0,0.0,0.0,1,0
3,P3_FUS_G3,FUS,M,O18,11,1,257.35,20.67,12.78,13.238888888888889,111.4,6.282795698924733,30.02467777777778,0.8598552399999999,0.7530378888888889,6.258854166666667,20.581431746031747,0.6389427083333333,0.6802242857142857,0,2,Transition,0.0,0.0,0.0,0.0,0.0,1,0
3,P3_MO_G1,MO,F,O19,12,2,268.5,16.82,9.45,13.573333333333332,52.8,8.499999999999998,756.7875222222222,18.398935829,1.100986,216.80204989583336,213.92545634920634,1.0080453125,1.086895,0,0,Rest,0.0,0.0,0.0,0.0,28.0,0,1
3,P3_MO_G2,MO,F,O19,12,2,268.5,16.82,9.45,13.573333333333332,52.8,8.499999999999998,756.7875222222222,18.398935829,1.100986,216.80204989583336,213.92545634920634,1.0080453125,1.086895,0,0,Rest,0.0,0.0,0.0,0.0,0.0,0,1
3,P3_MO_G3,MO,F,O19,12,2,268.5,16.82,9.45,13.573333333333332,52.8,8.499999999999998,756.7875222222222,18.398935829,1.100986,216.80204989583336,213.92545634920634,1.0080453125,1.086895,0,0,Rest,0.0,0.0,0.0,0.0,0.0,0,1
3,P3_FUS_G1,FUS,M,O19,12,2,268.5,16.82,9.45,13.573333333333332,52.8,8.499999999999998,51.55939444444445,1.4373516199999998,0.7899986944444444,29.544947916666665,17.908811111111113,0.7436183854166667,0.7313225000000001,0,0,Rest,0.0,0.0,0.0,0.0,0.0,1,0
3,P3_FUS_G2,FUS,M,O19,12,2,268.5,16.82,9.45,13.573333333333332,52.8,8.499999999999998,51.55939444444445,1.4373516199999998,0.7899986944444444,29.544947916666665,17.908811111111113,0.7436183854166667,0.7313225000000001,0,0,Rest,0.0,0.0,0.0,0.0,0.0,1,0
3,P3_FUS_G3,FUS,M,O19,12,2,268.5,16.82,9.45,13.573333333333332,52.8,8.499999999999998,51.55939444444445,1.4373516199999998,0.7899986944444444,29.544947916666665,17.908811111111113,0.7436183854166667,0.7313225000000001,0,0,Rest,0.0,0.0,0.0,0.0,0.0,1,0
3,P3_MO_G1,MO,F,O20,13,2,332.9,20.05,12.15,13.431182795698925,128.5,6.55247311827957,975.4556666666666,24.571082999999998,1.0842573333333334,328.4515625,306.3290476190476,1.04494375,1.105977619047619,0,0,Rest,0.0,0.0,0.0,0.0,5.0,0,1
3,P3_MO_G2,MO,F,O20,13,2,332.9,20.05,12.15,13.431182795698925,128.5,6.55247311827957,975.4556666666666,24.571082999999998,1.0842573333333334,328.4515625,306.3290476190476,1.04494375,1.105977619047619,0,0,Rest,0.0,0.0,0.0,0.0,3.0,0,1
3,P3_MO_G3,MO,F,O20,13,2,332.9,20.05,12.15,13.431182795698925,128.5,6.55247311827957,975.4556666666666,24.571082999999998,1.0842573333333334,328.4515625,306.3290476190476,1.04494375,1.105977619047619,0,0,Rest,0.0,0.0,0.0,0.0,4.0,0,1
3,P3_FUS_G1,FUS,M,O20,13,2,332.9,20.05,12.15,13.431182795698925,128.5,6.55247311827957,73.09411111111112,2.0148479999999998,0.8269595,52.831041666666664,15.236190476190476,0.8482940625,0.7824207142857144,0,0,Rest,0.0,0.0,0.0,0.0,0.0,1,0
3,P3_FUS_G2,FUS,M,O20,13,2,332.9,20.05,12.15,13.431182795698925,128.5,6.55247311827957,73.09411111111112,2.0148479999999998,0.8269595,52.831041666666664,15.236190476190476,0.8482940625,0.7824207142857144,0,0,Rest,0.0,0.0,0.0,0.0,0.0,1,0
3,P3_FUS_G3,FUS,M,O20,13,2,332.9,20.05,12.15,13.431182795698925,128.5,6.55247311827957,73.09411111111112,2.0148479999999998,0.8269595,52.831041666666664,15.236190476190476,0.8482940625,0.7824207142857144,0,0,Rest,0.0,0.0,0.0,0.0,0.0,1,0
3,P3_MO_G1,MO,F,O21,14,2,254.2,17.54,8.85,12.861827956989247,55.4,11.245161290322583,869.3336666666667,23.399452124999996,1.0151901666666667,337.36972767857145,309.48209199134203,0.9661597321428572,1.065224604978355,0,0,Rest,0.0,0.0,0.0,0.0,0.0,0,1
3,P3_MO_G2,MO,F,O21,14,2,254.2,17.54,8.85,12.861827956989247,55.4,11.245161290322583,869.3336666666667,23.399452124999996,1.0151901666666667,337.36972767857145,309.48209199134203,0.9661597321428572,1.065224604978355,0,0,Rest,0.0,0.0,0.0,0.0,0.0,0,1
3,P3_MO_G3,MO,F,O21,14,2,254.2,17.54,8.85,12.861827956989247,55.4,11.245161290322583,869.3336666666667,23.399452124999996,1.0151901666666667,337.36972767857145,309.48209199134203,0.9661597321428572,1.065224604978355,0,0,Rest,1.8,0.0,0.0,2.24,0.0,0,1
3,P3_FUS_G1,FUS,M,O21,14,2,254.2,17.54,8.85,12.861827956989247,55.4,11.245161290322583,98.39322222222222,2.7628546049999994,0.8015988333333333,40.36328511904762,42.95580546536797,0.8185490550595238,0.8055517207792209,0,0,Rest,0.0,0.0,0.0,0.0,0.0,1,0
3,P3_FUS_G2,FUS,M,O21,14,2,254.2,17.54,8.85,12.861827956989247,55.4,11.245161290322583,98.39322222222222,2.7628546049999994,0.8015988333333333,40.36328511904762,42.95580546536797,0.8185490550595238,0.8055517207792209,0,0,Rest,0.0,0.0,0.0,0.0,0.0,1,0
3,P3_FUS_G3,FUS,M,O21,14,2,254.2,17.54,8.85,12.861827956989247,55.4,11.245161290322583,98.39322222222222,2.7628546049999994,0.8015988333333333,40.36328511904762,42.95580546536797,0.8185490550595238,0.8055517207792209,0,0,Rest,0.0,0.0,0.0,0.0,0.0,1,0
3,P3_MO_G1,MO,F,O22,15,2,359.8,22.05,11.17,12.09611111111111,135.4,10.541935483870969,763.2116666666666,22.227821249999998,0.946123,346.2878928571429,312.6351363636364,0.8873757142857143,1.024471590909091,0,0,Rest,0.0,0.0,0.0,0.0,0.0,0,1
3,P3_MO_G2,MO,F,O22,15,2,359.8,22.05,11.17,12.09611111111111,135.4,10.541935483870969,763.2116666666666,22.227821249999998,0.946123,346.2878928571429,312.6351363636364,0.8873757142857143,1.024471590909091,0,0,Rest,0.0,0.0,0.0,0.0,0.0,0,1
3,P3_MO_G3,MO,F,O22,15,2,359.8,22.05,11.17,12.09611111111111,135.4,10.541935483870969,763.2116666666666,22.227821249999998,0.946123,346.2878928571429,312.6351363636364,0.8873757142857143,1.024471590909091,0,0,Rest,0.0,14.0,0.0,0.0,14.0,0,1
3,P3_FUS_G1,FUS,M,O22,15,2,359.8,22.05,11.17,12.09611111111111,135.4,10.541935483870969,123.69233333333334,3.5108612099999994,0.7762381666666667,27.89552857142857,70.67542045454546,0.7888040476190477,0.8286827272727273,0,0,Rest,0.0,0.0,0.0,0.0,1.0,1,0
3,P3_FUS_G2,FUS,M,O22,15,2,359.8,22.05,11.17,12.09611111111111,135.4,10.541935483870969,123.69233333333334,3.5108612099999994,0.7762381666666667,27.89552857142857,70.67542045454546,0.7888040476190477,0.8286827272727273,0,0,Rest,0.0,0.0,0.0,0.0,0.0,1,0
3,P3_FUS_G3,FUS,M,O22,15,2,359.8,22.05,11.17,12.09611111111111,135.4,10.541935483870969,123.69233333333334,3.5108612099999994,0.7762381666666667,27.89552857142857,70.67542045454546,0.7888040476190477,0.8286827272727273,0,0,Rest,0.0,1.0,0.0,0.0,1.0,1,0
3,P3_MO_G1,MO,F,O24,16,2,456.0,23.82,13.0,11.275268817204301,168.5,11.658064516129032,653.3528333333334,18.470978024999997,0.9771891666666667,256.1499776785714,244.4850056818182,0.9689269196428572,1.0528023579545454,1,2,Transition,18.0,22.0,15.0,0.0,7.0,0,1
3,P3_MO_G2,MO,F,O24,16,2,456.0,23.82,13.0,11.275268817204301,168.5,11.658064516129032,653.3528333333334,18.470978024999997,0.9771891666666667,256.1499776785714,244.4850056818182,0.9689269196428572,1.0528023579545454,1,2,Transition,15.3,23.0,15.0,0.0,8.0,0,1
3,P3_MO_G3,MO,F,O24,16,2,456.0,23.82,13.0,11.275268817204301,168.5,11.658064516129032,653.3528333333334,18.470978024999997,0.9771891666666667,256.1499776785714,244.4850056818182,0.9689269196428572,1.0528023579545454,1,2,Transition,14.1,13.0,13.0,0.0,0.0,0,1
3,P3_FUS_G1,FUS,M,O24,16,2,456.0,23.82,13.0,11.275268817204301,168.5,11.658064516129032,113.35729166666667,3.2460577499999994,0.6530068333333333,24.833476785714282,63.56088731060606,0.5984275446428572,0.7441341761363636,1,2,Transition,17.9,19.0,10.0,68.75,9.0,1,0
3,P3_FUS_G2,FUS,M,O24,16,2,456.0,23.82,13.0,11.275268817204301,168.5,11.658064516129032,113.35729166666667,3.2460577499999994,0.6530068333333333,24.833476785714282,63.56088731060606,0.5984275446428572,0.7441341761363636,1,2,Transition,28.3,20.0,10.0,0.0,10.0,1,0
3,P3_FUS_G3,FUS,M,O24,16,2,456.0,23.82,13.0,11.275268817204301,168.5,11.658064516129032,113.35729166666667,3.2460577499999994,0.6530068333333333,24.833476785714282,63.56088731060606,0.5984275446428572,0.7441341761363636,1,2,Transition,22.8,12.0,11.0,144.04,1.0,1,0
3,P3_MO_G1,MO,F,O26,17,2,388.05,22.97,12.9,10.541111111111112,95.9,9.483333333333333,543.494,14.714134799999998,1.0082553333333333,166.01206249999998,176.334875,1.050478125,1.081133125,1,1,Growth,8.9,0.0,0.0,133.89,0.0,0,1
3,P3_MO_G2,MO,F,O26,17,2,388.05,22.97,12.9,10.541111111111112,95.9,9.483333333333333,543.494,14.714134799999998,1.0082553333333333,166.01206249999998,176.334875,1.050478125,1.081133125,1,1,Growth,9.2,0.0,0.0,111.7,0.0,0,1
3,P3_MO_G3,MO,F,O26,17,2,388.05,22.97,12.9,10.541111111111112,95.9,9.483333333333333,543.494,14.714134799999998,1.0082553333333333,166.01206249999998,176.334875,1.050478125,1.081133125,1,1,Growth,10.6,0.0,0.0,200.54,0.0,0,1
3,P3_FUS_G1,FUS,M,O26,17,2,388.05,22.97,12.9,10.541111111111112,95.9,9.483333333333333,103.02225,2.98125429,0.5297755,21.771424999999997,56.44635416666667,0.40805104166666667,0.659585625,1,1,Growth,13.9,2.0,2.0,373.88,0.0,1,0
3,P3_FUS_G2,FUS,M,O26,17,2,388.05,22.97,12.9,10.541111111111112,95.9,9.483333333333333,103.02225,2.98125429,0.5297755,21.771424999999997,56.44635416666667,0.40805104166666667,0.659585625,1,1,Growth,23.7,3.0,0.0,384.97,3.0,1,0
3,P3_FUS_G3,FUS,M,O26,17,2,388.05,22.97,12.9,10.541111111111112,95.9,9.483333333333333,103.02225,2.98125429,0.5297755,21.771424999999997,56.44635416666667,0.40805104166666667,0.659585625,1,1,Growth,19.4,3.0,3.0,407.42,0.0,1,0
3,P3_MO_G1,MO,F,O27,18,2,322.5,27.26,16.68,10.145698924731182,23.3,10.490322580645163,588.9449166666667,20.34104046,0.9725731666666666,234.0997395833333,440.4505625,0.9222220833333333,1.0517682291666666,0,2,Transition,0.0,0.0,0.0,5.7,0.0,0,1
3,P3_MO_G2,MO,F,O27,18,2,322.5,27.26,16.68,10.145698924731182,23.3,10.490322580645163,588.9449166666667,20.34104046,0.9725731666666666,234.0997395833333,440.4505625,0.9222220833333333,1.0517682291666666,0,2,Transition,0.0,0.0,0.0,18.55,0.0,0,1
3,P3_MO_G3,MO,F,O27,18,2,322.5,27.26,16.68,10.145698924731182,23.3,10.490322580645163,588.9449166666667,20.34104046,0.9725731666666666,234.0997395833333,440.4505625,0.9222220833333333,1.0517682291666666,0,2,Transition,0.2,0.0,0.0,10.51,0.0,0,1
3,P3_FUS_G1,FUS,M,O27,18,2,322.5,27.26,16.68,10.145698924731182,23.3,10.490322580645163,89.20676388888889,3.0331109649999997,0.5531994166666666,26.88743125,71.78180902777778,0.5250030208333333,0.6832235069444443,0,2,Transition,2.2,1.0,1.0,84.06,0.0,1,0
3,P3_FUS_G2,FUS,M,O27,18,2,322.5,27.26,16.68,10.145698924731182,23.3,10.490322580645163,89.20676388888889,3.0331109649999997,0.5531994166666666,26.88743125,71.78180902777778,0.5250030208333333,0.6832235069444443,0,2,Transition,1.0,0.0,0.0,127.96,0.0,1,0
3,P3_FUS_G3,FUS,M,O27,18,2,322.5,27.26,16.68,10.145698924731182,23.3,10.490322580645163,89.20676388888889,3.0331109649999997,0.5531994166666666,26.88743125,71.78180902777778,0.5250030208333333,0.6832235069444443,0,2,Transition,0.2,0.0,0.0,106.09,0.0,1,0
3,P3_MO_G1,MO,F,O29,19,2,779.8,28.02,17.42,10.325806451612904,187.5,9.98709677419355,634.3958333333334,25.96794612,0.9368909999999999,302.18741666666665,704.56625,0.7939660416666667,1.0224033333333333,0,0,Rest,0.0,0.0,0.0,0.0,0.0,0,1
3,P3_MO_G2,MO,F,O29,19,2,779.8,28.02,17.42,10.325806451612904,187.5,9.98709677419355,634.3958333333334,25.96794612,0.9368909999999999,302.18741666666665,704.56625,0.7939660416666667,1.0224033333333333,0,0,Rest,0.0,0.0,0.0,0.0,0.0,0,1
3,P3_MO_G3,MO,F,O29,19,2,779.8,28.02,17.42,10.325806451612904,187.5,9.98709677419355,634.3958333333334,25.96794612,0.9368909999999999,302.18741666666665,704.56625,0.7939660416666667,1.0224033333333333,0,0,Rest,0.0,0.0,0.0,0.0,0.0,0,1
3,P3_FUS_G1,FUS,M,O29,19,2,779.8,28.02,17.42,10.325806451612904,187.5,9.98709677419355,75.39127777777777,3.08496764,0.5766233333333333,32.0034375,87.11726388888889,0.6419549999999999,0.7068613888888888,0,0,Rest,0.0,0.0,0.0,0.0,0.0,1,0
3,P3_FUS_G2,FUS,M,O29,19,2,779.8,28.02,17.42,10.325806451612904,187.5,9.98709677419355,75.39127777777777,3.08496764,0.5766233333333333,32.0034375,87.11726388888889,0.6419549999999999,0.7068613888888888,0,0,Rest,0.0,0.0,0.0,0.0,0.0,1,0
3,P3_FUS_G3,FUS,M,O29,19,2,779.8,28.02,17.42,10.325806451612904,187.5,9.98709677419355,75.39127777777777,3.08496764,0.5766233333333333,32.0034375,87.11726388888889,0.6419549999999999,0.7068613888888888,0,0,Rest,0.0,0.0,0.0,0.0,0.0,1,0
3,P3_MO_G1,MO,F,O31,20,2,643.7,28.42,17.34,10.939880952380951,13.0,11.763178571428575,519.1779166666666,20.25661176,0.864286,244.32847023809524,538.8165113636363,0.7380058779761904,0.8837241666666666,1,2,Transition,0.0,0.0,0.0,2.36,0.0,0,1
3,P3_MO_G2,MO,F,O31,20,2,643.7,28.42,17.34,10.939880952380951,13.0,11.763178571428575,519.1779166666666,20.25661176,0.864286,244.32847023809524,538.8165113636363,0.7380058779761904,0.8837241666666666,1,2,Transition,0.0,1.0,0.0,0.0,1.0,0,1
3,P3_MO_G3,MO,F,O31,20,2,643.7,28.42,17.34,10.939880952380951,13.0,11.763178571428575,519.1779166666666,20.25661176,0.864286,244.32847023809524,538.8165113636363,0.7380058779761904,0.8837241666666666,1,2,Transition,1.1,0.0,0.0,47.27,0.0,0,1
3,P3_FUS_G1,FUS,M,O31,20,2,643.7,28.42,17.34,10.939880952380951,13.0,11.763178571428575,63.33105555555555,2.2653747895,0.616657,21.791160773809523,57.8394273989899,0.625140238095238,0.7060227398989898,1,2,Transition,3.4,5.0,5.0,62.08,0.0,1,0
3,P3_FUS_G2,FUS,M,O31,20,2,643.7,28.42,17.34,10.939880952380951,13.0,11.763178571428575,63.33105555555555,2.2653747895,0.616657,21.791160773809523,57.8394273989899,0.625140238095238,0.7060227398989898,1,2,Transition,0.0,0.0,0.0,11.0,0.0,1,0
3,P3_FUS_G3,FUS,M,O31,20,2,643.7,28.42,17.34,10.939880952380951,13.0,11.763178571428575,63.33105555555555,2.2653747895,0.616657,21.791160773809523,57.8394273989899,0.625140238095238,0.7060227398989898,1,2,Transition,0.2,0.0,0.0,0.0,0.0,1,0
3,P3_MO_G1,MO,F,O33,21,2,509.1,27.9,17.21,11.73225806451613,127.69999999999999,11.061290322580646,403.96,14.5452774,0.7916810000000001,186.46952380952382,373.0667727272727,0.6820457142857143,0.745045,1,1,Growth,0.0,0.0,0.0,0.0,0.0,0,1
3,P3_MO_G2,MO,F,O33,21,2,509.1,27.9,17.21,11.73225806451613,127.69999999999999,11.061290322580646,403.96,14.5452774,0.7916810000000001,186.46952380952382,373.0667727272727,0.6820457142857143,0.745045,1,1,Growth,0.0,0.0,0.0,0.0,0.0,0,1
3,P3_MO_G3,MO,F,O33,21,2,509.1,27.9,17.21,11.73225806451613,127.69999999999999,11.061290322580646,403.96,14.5452774,0.7916810000000001,186.46952380952382,373.0667727272727,0.6820457142857143,0.745045,1,1,Growth,0.0,0.0,0.0,1.86,0.0,0,1
3,P3_FUS_G1,FUS,M,O33,21,2,509.1,27.9,17.21,11.73225806451613,127.69999999999999,11.061290322580646,51.270833333333336,1.4457819389999997,0.6566906666666666,11.578884047619047,28.56159090909091,0.6083254761904762,0.7051840909090908,1,1,Growth,9.0,9.0,9.0,191.04,0.0,1,0
3,P3_FUS_G2,FUS,M,O33,21,2,509.1,27.9,17.21,11.73225806451613,127.69999999999999,11.061290322580646,51.270833333333336,1.4457819389999997,0.6566906666666666,11.578884047619047,28.56159090909091,0.6083254761904762,0.7051840909090908,1,1,Growth,10.0,10.0,4.0,23.38,6.0,1,0
3,P3_FUS_G3,FUS,M,O33,21,2,509.1,27.9,17.21,11.73225806451613,127.69999999999999,11.061290322580646,51.270833333333336,1.4457819389999997,0.6566906666666666,11.578884047619047,28.56159090909091,0.6083254761904762,0.7051840909090908,1,1,Growth,0.0,20.0,0.0,0.0,20.0,1,0
3,P3_MO_G1,MO,F,O35,22,2,501.15,25.0,16.32,12.550555555555555,194.0,7.8100000000000005,294.23741666666666,9.794062845,0.8190529166666667,115.70453221726191,237.7302792207792,0.7740194196428571,0.7850082142857142,1,1,Growth,0.0,0.0,0.0,0.0,0.0,0,1
3,P3_MO_G2,MO,F,O35,22,2,501.15,25.0,16.32,12.550555555555555,194.0,7.8100000000000005,294.23741666666666,9.794062845,0.8190529166666667,115.70453221726191,237.7302792207792,0.7740194196428571,0.7850082142857142,1,1,Growth,0.0,0.0,0.0,0.0,0.0,0,1
3,P3_MO_G3,MO,F,O35,22,2,501.15,25.0,16.32,12.550555555555555,194.0,7.8100000000000005,294.23741666666666,9.794062845,0.8190529166666667,115.70453221726191,237.7302792207792,0.7740194196428571,0.7850082142857142,1,1,Growth,0.0,0.0,0.0,0.0,0.0,0,1
3,P3_FUS_G1,FUS,M,O35,22,2,501.15,25.0,16.32,12.550555555555555,194.0,7.8100000000000005,56.19375,1.4463646094999998,0.7005171666666667,13.583049836309524,22.106589502164503,0.617539144345238,0.7611390692640693,1,1,Growth,0.4,0.0,0.0,227.65,0.0,1,0
3,P3_FUS_G2,FUS,M,O35,22,2,501.15,25.0,16.32,12.550555555555555,194.0,7.8100000000000005,56.19375,1.4463646094999998,0.7005171666666667,13.583049836309524,22.106589502164503,0.617539144345238,0.7611390692640693,1,1,Growth,1.2,1.0,1.0,80.47,0.0,1,0
3,P3_FUS_G3,FUS,M,O35,22,2,501.15,25.0,16.32,12.550555555555555,194.0,7.8100000000000005,56.19375,1.4463646094999998,0.7005171666666667,13.583049836309524,22.106589502164503,0.617539144345238,0.7611390692640693,1,1,Growth,0.0,0.0,0.0,0.0,0.0,1,0
3,P3_MO_G1,MO,F,O37,23,2,338.95,20.16,11.71,13.236979166666666,217.70000000000002,8.432258064516128,184.5148333333333,5.042848289999999,0.8464248333333334,44.939540625,102.39378571428571,0.865993125,0.8249714285714286,0,2,Transition,0.0,0.0,0.0,0.0,0.0,0,1
3,P3_MO_G2,MO,F,O37,23,2,338.95,20.16,11.71,13.236979166666666,217.70000000000002,8.432258064516128,184.5148333333333,5.042848289999999,0.8464248333333334,44.939540625,102.39378571428571,0.865993125,0.8249714285714286,0,2,Transition,0.0,0.0,0.0,0.0,0.0,0,1
3,P3_MO_G3,MO,F,O37,23,2,338.95,20.16,11.71,13.236979166666666,217.70000000000002,8.432258064516128,184.5148333333333,5.042848289999999,0.8464248333333334,44.939540625,102.39378571428571,0.865993125,0.8249714285714286,0,2,Transition,0.0,0.0,0.0,0.0,0.0,0,1
3,P3_FUS_G1,FUS,M,O37,23,2,338.95,20.16,11.71,13.236979166666666,217.70000000000002,8.432258064516128,61.11666666666667,1.4469472799999998,0.7443436666666667,15.587215624999999,15.651588095238097,0.6267528125,0.8170940476190477,0,2,Transition,0.0,0.0,0.0,0.0,0.0,1,0
3,P3_FUS_G2,FUS,M,O37,23,2,338.95,20.16,11.71,13.236979166666666,217.70000000000002,8.432258064516128,61.11666666666667,1.4469472799999998,0.7443436666666667,15.587215624999999,15.651588095238097,0.6267528125,0.8170940476190477,0,2,Transition,0.0,0.0,0.0,0.0,0.0,1,0
3,P3_FUS_G3,FUS,M,O37,23,2,338.95,20.16,11.71,13.236979166666666,217.70000000000002,8.432258064516128,61.11666666666667,1.4469472799999998,0.7443436666666667,15.587215624999999,15.651588095238097,0.6267528125,0.8170940476190477,0,2,Transition,0.0,0.0,0.0,0.0,0.0,1,0
3,P3_MO_G1,MO,F,O38,24,2,194.65,23.29,14.52,13.575,,,184.5148333333333,5.042848289999999,0.8464248333333334,44.939540625,102.39378571428571,0.865993125,0.8249714285714286,0,0,Rest,0.0,0.0,0.0,0.0,0.0,0,1
3,P3_MO_G2,MO,F,O38,24,2,194.65,23.29,14.52,13.575,,,184.5148333333333,5.042848289999999,0.8464248333333334,44.939540625,102.39378571428571,0.865993125,0.8249714285714286,0,0,Rest,0.0,0.0,0.0,0.0,0.0,0,1
3,P3_MO_G3,MO,F,O38,24,2,194.65,23.29,14.52,13.575,,,184.5148333333333,5.042848289999999,0.8464248333333334,44.939540625,102.39378571428571,0.865993125,0.8249714285714286,0,0,Rest,0.0,0.0,0.0,0.0,0.0,0,1
3,P3_FUS_G1,FUS,M,O38,24,2,194.65,23.29,14.52,13.575,,,61.11666666666667,1.4469472799999998,0.7443436666666667,15.587215624999999,15.651588095238097,0.6267528125,0.8170940476190477,0,0,Rest,0.0,0.0,0.0,0.0,0.0,1,0
3,P3_FUS_G2,FUS,M,O38,24,2,194.65,23.29,14.52,13.575,,,61.11666666666667,1.4469472799999998,0.7443436666666667,15.587215624999999,15.651588095238097,0.6267528125,0.8170940476190477,0,0,Rest,0.0,0.0,0.0,0.0,0.0,1,0
3,P3_FUS_G3,FUS,M,O38,24,2,194.65,23.29,14.52,13.575,,,61.11666666666667,1.4469472799999998,0.7443436666666667,15.587215624999999,15.651588095238097,0.6267528125,0.8170940476190477,0,0,Rest,0.0,0.0,0.0,0.0,0.0,1,0
4,P4_MO_G1,MO,F,O1,0,1,254.5,19.57,12.57,13.576666666666666,124.8,7.6,1474.3933333333332,39.508891999999996,1.1070321666666667,402.03898550724637,562.2480303030303,1.0804234782608695,1.1195831818181818,0,0,Rest,0.0,0.0,0.0,0.0,0.0,0,1
4,P4_MO_G2,MO,F,O1,0,1,254.5,19.57,12.57,13.576666666666666,124.8,7.6,1474.3933333333332,39.508891999999996,1.1070321666666667,402.03898550724637,562.2480303030303,1.0804234782608695,1.1195831818181818,0,0,Rest,0.0,0.0,0.0,0.0,0.0,0,1
4,P4_MO_G3,MO,F,O1,0,1,254.5,19.57,12.57,13.576666666666666,124.8,7.6,1474.3933333333332,39.508891999999996,1.1070321666666667,402.03898550724637,562.2480303030303,1.0804234782608695,1.1195831818181818,0,0,Rest,0.0,0.0,0.0,0.0,0.0,0,1
4,P4_FUS_G1,FUS,M,O1,0,1,254.5,19.57,12.57,13.576666666666666,124.8,7.6,168.69500000000002,5.280435,0.6713425555555556,47.088913043478264,120.765,0.7038765217391305,0.7234356060606061,0,0,Rest,0.0,11.0,8.0,0.0,3.0,1,0
4,P4_FUS_G2,FUS,M,O1,0,1,254.5,19.57,12.57,13.576666666666666,124.8,7.6,168.69500000000002,5.280435,0.6713425555555556,47.088913043478264,120.765,0.7038765217391305,0.7234356060606061,0,0,Rest,0.0,12.0,8.0,0.0,4.0,1,0
4,P4_FUS_G3,FUS,M,O1,0,1,254.5,19.57,12.57,13.576666666666666,124.8,7.6,168.69500000000002,5.280435,0.6713425555555556,47.088913043478264,120.765,0.7038765217391305,0.7234356060606061,0,0,Rest,0.0,12.0,11.0,0.0,1.0,1,0
4,P4_MO_G1,MO,F,O2,1,1,282.1,18.87,9.94,13.418279569892475,92.9,9.058064516129035,1474.3933333333332,39.508891999999996,1.1070321666666667,402.03898550724637,562.2480303030303,1.0804234782608695,1.1195831818181818,0,0,Rest,0.0,0.0,0.0,0.0,0.0,0,1
4,P4_MO_G2,MO,F,O2,1,1,282.1,18.87,9.94,13.418279569892475,92.9,9.058064516129035,1474.3933333333332,39.508891999999996,1.1070321666666667,402.03898550724637,562.2480303030303,1.0804234782608695,1.1195831818181818,0,0,Rest,0.0,0.0,0.0,0.0,0.0,0,1
4,P4_MO_G3,MO,F,O2,1,1,282.1,18.87,9.94,13.418279569892475,92.9,9.058064516129035,1474.3933333333332,39.508891999999996,1.1070321666666667,402.03898550724637,562.2480303030303,1.0804234782608695,1.1195831818181818,0,0,Rest,0.0,0.0,0.0,0.0,0.0,0,1
4,P4_FUS_G1,FUS,M,O2,1,1,282.1,18.87,9.94,13.418279569892475,92.9,9.058064516129035,168.69500000000002,5.280435,0.6713425555555556,47.088913043478264,120.765,0.7038765217391305,0.7234356060606061,0,0,Rest,0.7,1.0,0.0,33.38,1.0,1,0
4,P4_FUS_G2,FUS,M,O2,1,1,282.1,18.87,9.94,13.418279569892475,92.9,9.058064516129035,168.69500000000002,5.280435,0.6713425555555556,47.088913043478264,120.765,0.7038765217391305,0.7234356060606061,0,0,Rest,0.0,2.0,0.0,1.61,2.0,1,0
4,P4_FUS_G3,FUS,M,O2,1,1,282.1,18.87,9.94,13.418279569892475,92.9,9.058064516129035,168.69500000000002,5.280435,0.6713425555555556,47.088913043478264,120.765,0.7038765217391305,0.7234356060606061,0,0,Rest,0.5,0.0,0.0,11.82,0.0,1,0
4,P4_MO_G1,MO,F,O3,2,1,326.2,21.57,10.18,12.839247311827956,73.7,11.245161290322581,1474.3933333333332,39.508891999999996,1.1070321666666667,402.03898550724637,562.2480303030303,1.0804234782608695,1.1195831818181818,0,0,Rest,0.0,0.0,0.0,0.0,0.0,0,1
4,P4_MO_G2,MO,F,O3,2,1,326.2,21.57,10.18,12.839247311827956,73.7,11.245161290322581,1474.3933333333332,39.508891999999996,1.1070321666666667,402.03898550724637,562.2480303030303,1.0804234782608695,1.1195831818181818,0,0,Rest,0.0,0.0,0.0,0.0,0.0,0,1
4,P4_MO_G3,MO,F,O3,2,1,326.2,21.57,10.18,12.839247311827956,73.7,11.245161290322581,1474.3933333333332,39.508891999999996,1.1070321666666667,402.03898550724637,562.2480303030303,1.0804234782608695,1.1195831818181818,0,0,Rest,0.0,0.0,0.0,0.0,0.0,0,1
4,P4_FUS_G1,FUS,M,O3,2,1,326.2,21.57,10.18,12.839247311827956,73.7,11.245161290322581,168.69500000000002,5.280435,0.6713425555555556,47.088913043478264,120.765,0.7038765217391305,0.7234356060606061,0,0,Rest,0.0,0.0,0.0,0.6,0.0,1,0
4,P4_FUS_G2,FUS,M,O3,2,1,326.2,21.57,10.18,12.839247311827956,73.7,11.245161290322581,168.69500000000002,5.280435,0.6713425555555556,47.088913043478264,120.765,0.7038765217391305,0.7234356060606061,0,0,Rest,0.0,0.0,0.0,10.95,1.0,1,0
4,P4_FUS_G3,FUS,M,O3,2,1,326.2,21.57,10.18,12.839247311827956,73.7,11.245161290322581,168.69500000000002,5.280435,0.6713425555555556,47.088913043478264,120.765,0.7038765217391305,0.7234356060606061,0,0,Rest,0.0,0.0,0.0,8.77,0.0,1,0
4,P4_MO_G1,MO,F,O5,3,1,281.7,20.17,8.61,12.069444444444445,31.5,11.493333333333336,1474.3933333333332,39.508891999999996,1.1070321666666667,402.03898550724637,562.2480303030303,1.0804234782608695,1.1195831818181818,0,0,Rest,4.7,23.0,7.0,38.2,16.0,0,1
4,P4_MO_G2,MO,F,O5,3,1,281.7,20.17,8.61,12.069444444444445,31.5,11.493333333333336,1474.3933333333332,39.508891999999996,1.1070321666666667,402.03898550724637,562.2480303030303,1.0804234782608695,1.1195831818181818,0,0,Rest,7.0,18.0,7.0,62.76,11.0,0,1
4,P4_MO_G3,MO,F,O5,3,1,281.7,20.17,8.61,12.069444444444445,31.5,11.493333333333336,1474.3933333333332,39.508891999999996,1.1070321666666667,402.03898550724637,562.2480303030303,1.0804234782608695,1.1195831818181818,0,0,Rest,7.5,23.0,7.0,43.25,16.0,0,1
4,P4_FUS_G1,FUS,M,O5,3,1,281.7,20.17,8.61,12.069444444444445,31.5,11.493333333333336,168.69500000000002,5.280435,0.6713425555555556,47.088913043478264,120.765,0.7038765217391305,0.7234356060606061,0,0,Rest,11.2,6.0,6.0,172.93,0.0,1,0
4,P4_FUS_G2,FUS,M,O5,3,1,281.7,20.17,8.61,12.069444444444445,31.5,11.493333333333336,168.69500000000002,5.280435,0.6713425555555556,47.088913043478264,120.765,0.7038765217391305,0.7234356060606061,0,0,Rest,11.8,10.0,8.0,267.56,2.0,1,0
4,P4_FUS_G3,FUS,M,O5,3,1,281.7,20.17,8.61,12.069444444444445,31.5,11.493333333333336,168.69500000000002,5.280435,0.6713425555555556,47.088913043478264,120.765,0.7038765217391305,0.7234356060606061,0,0,Rest,1.3,2.0,0.0,84.84,3.0,1,0
4,P4_MO_G1,MO,F,O7,4,1,460.1,24.84,14.85,11.248924731182797,173.1,10.503225806451614,1653.4391666666666,47.820049149999996,1.1107365277777776,647.6092844202899,636.3643276515152,1.0865897946859904,1.1215947159090909,1,2,Transition,9.7,9.0,6.0,272.15,3.0,0,1
4,P4_MO_G2,MO,F,O7,4,1,460.1,24.84,14.85,11.248924731182797,173.1,10.503225806451614,1653.4391666666666,47.820049149999996,1.1107365277777776,647.6092844202899,636.3643276515152,1.0865897946859904,1.1215947159090909,1,2,Transition,19.8,8.0,7.0,136.19,1.0,0,1
4,P4_MO_G3,MO,F,O7,4,1,460.1,24.84,14.85,11.248924731182797,173.1,10.503225806451614,1653.4391666666666,47.820049149999996,1.1107365277777776,647.6092844202899,636.3643276515152,1.0865897946859904,1.1215947159090909,1,2,Transition,30.4,12.0,11.0,523.55,1.0,0,1
4,P4_FUS_G1,FUS,M,O7,4,1,460.1,24.84,14.85,11.248924731182797,173.1,10.503225806451614,125.61441666666667,3.834195,0.6907866944444445,40.06020652173913,74.78767708333334,0.5979687817028986,0.6854532196969697,1,2,Transition,22.2,8.0,6.0,628.5,2.0,1,0
4,P4_FUS_G2,FUS,M,O7,4,1,460.1,24.84,14.85,11.248924731182797,173.1,10.503225806451614,125.61441666666667,3.834195,0.6907866944444445,40.06020652173913,74.78767708333334,0.5979687817028986,0.6854532196969697,1,2,Transition,12.0,9.0,9.0,217.88,0.0,1,0
4,P4_FUS_G3,FUS,M,O7,4,1,460.1,24.84,14.85,11.248924731182797,173.1,10.503225806451614,125.61441666666667,3.834195,0.6907866944444445,40.06020652173913,74.78767708333334,0.5979687817028986,0.6854532196969697,1,2,Transition,8.1,7.0,7.0,90.7,0.0,1,0
4,P4_MO_G1,MO,F,O9,5,1,444.8,24.43,15.22,10.520555555555555,188.2,8.726666666666668,1832.4850000000001,56.131206299999995,1.1144408888888888,893.1795833333334,710.480625,1.092756111111111,1.12360625,1,1,Growth,26.9,9.0,9.0,458.88,0.0,0,1
4,P4_MO_G2,MO,F,O9,5,1,444.8,24.43,15.22,10.520555555555555,188.2,8.726666666666668,1832.4850000000001,56.131206299999995,1.1144408888888888,893.1795833333334,710.480625,1.092756111111111,1.12360625,1,1,Growth,14.7,7.0,7.0,353.59,0.0,0,1
4,P4_MO_G3,MO,F,O9,5,1,444.8,24.43,15.22,10.520555555555555,188.2,8.726666666666668,1832.4850000000001,56.131206299999995,1.1144408888888888,893.1795833333334,710.480625,1.092756111111111,1.12360625,1,1,Growth,20.3,11.0,10.0,458.07,1.0,0,1
4,P4_FUS_G1,FUS,M,O9,5,1,444.8,24.43,15.22,10.520555555555555,188.2,8.726666666666668,82.53383333333333,2.387955,0.7102308333333334,33.0315,28.810354166666666,0.49206104166666664,0.6474708333333333,1,1,Growth,13.0,6.0,5.0,406.65,1.0,1,0
4,P4_FUS_G2,FUS,M,O9,5,1,444.8,24.43,15.22,10.520555555555555,188.2,8.726666666666668,82.53383333333333,2.387955,0.7102308333333334,33.0315,28.810354166666666,0.49206104166666664,0.6474708333333333,1,1,Growth,26.2,9.0,4.0,512.65,5.0,1,0
4,P4_FUS_G3,FUS,M,O9,5,1,444.8,24.43,15.22,10.520555555555555,188.2,8.726666666666668,82.53383333333333,2.387955,0.7102308333333334,33.0315,28.810354166666666,0.49206104166666664,0.6474708333333333,1,1,Growth,6.1,3.0,1.0,432.8,2.0,1,0
4,P4_MO_G1,MO,F,O10,6,1,398.8,27.7,16.98,10.141935483870967,288.8,11.29032258064516,1705.0033333333336,53.21982704999999,1.0832638694444445,781.453125,779.0920833333333,1.0856867534722223,1.1087103333333332,1,1,Growth,3.9,4.0,1.0,159.64,3.0,0,1
4,P4_MO_G2,MO,F,O10,6,1,398.8,27.7,16.98,10.141935483870967,288.8,11.29032258064516,1705.0033333333336,53.21982704999999,1.0832638694444445,781.453125,779.0920833333333,1.0856867534722223,1.1087103333333332,1,1,Growth,0.0,0.0,0.0,41.71,0.0,0,1
4,P4_MO_G3,MO,F,O10,6,1,398.8,27.7,16.98,10.141935483870967,288.8,11.29032258064516,1705.0033333333336,53.21982704999999,1.0832638694444445,781.453125,779.0920833333333,1.0856867534722223,1.1087103333333332,1,1,Growth,3.2,4.0,4.0,84.2,0.0,0,1
4,P4_FUS_G1,FUS,M,O10,6,1,398.8,27.7,16.98,10.141935483870967,288.8,11.29032258064516,77.3835,2.9195848799999995,0.67345475,29.1351875,76.275625,0.5281754166666666,0.6392845833333334,1,1,Growth,2.5,1.0,1.0,110.35,0.0,1,0
4,P4_FUS_G2,FUS,M,O10,6,1,398.8,27.7,16.98,10.141935483870967,288.8,11.29032258064516,77.3835,2.9195848799999995,0.67345475,29.1351875,76.275625,0.5281754166666666,0.6392845833333334,1,1,Growth,2.7,1.0,1.0,335.9,0.0,1,0
4,P4_FUS_G3,FUS,M,O10,6,1,398.8,27.7,16.98,10.141935483870967,288.8,11.29032258064516,77.3835,2.9195848799999995,0.67345475,29.1351875,76.275625,0.5281754166666666,0.6392845833333334,1,1,Growth,0.1,1.0,0.0,62.1,1.0,1,0
4,P4_MO_G1,MO,F,O12,7,1,625.4,28.29,17.45,10.341397849462364,127.9,10.077419354838707,1577.5216666666668,50.308447799999996,1.05208685,669.7266666666667,847.7035416666666,1.0786173958333334,1.0938144166666668,1,1,Growth,17.8,20.0,14.0,208.87,6.0,0,1
4,P4_MO_G2,MO,F,O12,7,1,625.4,28.29,17.45,10.341397849462364,127.9,10.077419354838707,1577.5216666666668,50.308447799999996,1.05208685,669.7266666666667,847.7035416666666,1.0786173958333334,1.0938144166666668,1,1,Growth,0.2,0.0,0.0,21.2,0.0,0,1
4,P4_MO_G3,MO,F,O12,7,1,625.4,28.29,17.45,10.341397849462364,127.9,10.077419354838707,1577.5216666666668,50.308447799999996,1.05208685,669.7266666666667,847.7035416666666,1.0786173958333334,1.0938144166666668,1,1,Growth,0.0,0.0,0.0,0.0,0.0,0,1
4,P4_FUS_G1,FUS,M,O12,7,1,625.4,28.29,17.45,10.341397849462364,127.9,10.077419354838707,72.23316666666666,3.4512147599999996,0.6366786666666666,25.238874999999997,123.74089583333334,0.5642897916666666,0.6310983333333333,1,1,Growth,0.0,0.0,0.0,0.0,0.0,1,0
4,P4_FUS_G2,FUS,M,O12,7,1,625.4,28.29,17.45,10.341397849462364,127.9,10.077419354838707,72.23316666666666,3.4512147599999996,0.6366786666666666,25.238874999999997,123.74089583333334,0.5642897916666666,0.6310983333333333,1,1,Growth,16.6,13.0,9.0,116.56,4.0,1,0
4,P4_FUS_G3,FUS,M,O12,7,1,625.4,28.29,17.45,10.341397849462364,127.9,10.077419354838707,72.23316666666666,3.4512147599999996,0.6366786666666666,25.238874999999997,123.74089583333334,0.5642897916666666,0.6310983333333333,1,1,Growth,0.0,0.0,0.0,0.0,0.0,1,0
4,P4_MO_G1,MO,F,O13,8,1,384.6,28.3,18.44,10.964880952380952,82.2,10.859605911330046,1319.2091666666668,38.4755949,1.0561539249999998,486.70427083333334,549.7655803571429,1.0952947395833332,1.0710186369047618,1,1,Growth,1.9,0.0,0.0,143.58,0.0,0,1
4,P4_MO_G2,MO,F,O13,8,1,384.6,28.3,18.44,10.964880952380952,82.2,10.859605911330046,1319.2091666666668,38.4755949,1.0561539249999998,486.70427083333334,549.7655803571429,1.0952947395833332,1.0710186369047618,1,1,Growth,0.0,0.0,0.0,0.0,0.0,0,1
4,P4_MO_G3,MO,F,O13,8,1,384.6,28.3,18.44,10.964880952380952,82.2,10.859605911330046,1319.2091666666668,38.4755949,1.0561539249999998,486.70427083333334,549.7655803571429,1.0952947395833332,1.0710186369047618,1,1,Growth,0.1,1.0,1.0,4.05,0.0,0,1
4,P4_FUS_G1,FUS,M,O13,8,1,384.6,28.3,18.44,10.964880952380952,82.2,10.859605911330046,74.65858333333333,2.7920893799999997,0.6385324583333333,25.111104166666664,77.17282886904762,0.5553263541666666,0.6394401190476191,1,1,Growth,0.0,0.0,0.0,0.0,0.0,1,0
4,P4_FUS_G2,FUS,M,O13,8,1,384.6,28.3,18.44,10.964880952380952,82.2,10.859605911330046,74.65858333333333,2.7920893799999997,0.6385324583333333,25.111104166666664,77.17282886904762,0.5553263541666666,0.6394401190476191,1,1,Growth,4.2,3.0,1.0,97.88,2.0,1,0
4,P4_FUS_G3,FUS,M,O13,8,1,384.6,28.3,18.44,10.964880952380952,82.2,10.859605911330046,74.65858333333333,2.7920893799999997,0.6385324583333333,25.111104166666664,77.17282886904762,0.5553263541666666,0.6394401190476191,1,1,Growth,0.0,0.0,0.0,0.0,0.0,1,0
4,P4_MO_G1,MO,F,O15,9,1,699.6,27.02,16.29,11.759677419354839,95.3,11.606451612903225,1060.8966666666668,26.642742,1.0602209999999999,303.681875,251.82761904761907,1.1119720833333333,1.0482228571428571,1,1,Growth,2.2,2.0,2.0,100.4,0.0,0,1
4,P4_MO_G2,MO,F,O15,9,1,699.6,27.02,16.29,11.759677419354839,95.3,11.606451612903225,1060.8966666666668,26.642742,1.0602209999999999,303.681875,251.82761904761907,1.1119720833333333,1.0482228571428571,1,1,Growth,8.0,9.0,8.0,142.35,1.0,0,1
4,P4_MO_G3,MO,F,O15,9,1,699.6,27.02,16.29,11.759677419354839,95.3,11.606451612903225,1060.8966666666668,26.642742,1.0602209999999999,303.681875,251.82761904761907,1.1119720833333333,1.0482228571428571,1,1,Growth,13.0,9.0,9.0,105.78,0.0,0,1
4,P4_FUS_G1,FUS,M,O15,9,1,699.6,27.02,16.29,11.759677419354839,95.3,11.606451612903225,77.084,2.132964,0.6403862499999999,24.983333333333334,30.604761904761908,0.5463629166666667,0.6477819047619048,1,1,Growth,14.4,7.0,5.0,174.5,2.0,1,0
4,P4_FUS_G2,FUS,M,O15,9,1,699.6,27.02,16.29,11.759677419354839,95.3,11.606451612903225,77.084,2.132964,0.6403862499999999,24.983333333333334,30.604761904761908,0.5463629166666667,0.6477819047619048,1,1,Growth,2.3,5.0,3.0,210.95,2.0,1,0
4,P4_FUS_G3,FUS,M,O15,9,1,699.6,27.02,16.29,11.759677419354839,95.3,11.606451612903225,77.084,2.132964,0.6403862499999999,24.983333333333334,30.604761904761908,0.5463629166666667,0.6477819047619048,1,1,Growth,8.7,11.0,11.0,347.75,0.0,1,0
4,P4_MO_G1,MO,F,O17,10,1,508.8,27.73,16.19,12.576111111111112,163.9,10.340000000000002,799.5080222222223,19.434765328999998,1.0889678333333332,204.41720614583332,186.67474206349206,1.0415594791666667,1.058017619047619,1,1,Growth,0.0,0.0,0.0,0.0,0.0,0,1
4,P4_MO_G2,MO,F,O17,10,1,508.8,27.73,16.19,12.576111111111112,163.9,10.340000000000002,799.5080222222223,19.434765328999998,1.0889678333333332,204.41720614583332,186.67474206349206,1.0415594791666667,1.058017619047619,1,1,Growth,1.9,3.0,2.0,4.0,1.0,0,1
4,P4_MO_G3,MO,F,O17,10,1,508.8,27.73,16.19,12.576111111111112,163.9,10.340000000000002,799.5080222222223,19.434765328999998,1.0889678333333332,204.41720614583332,186.67474206349206,1.0415594791666667,1.058017619047619,1,1,Growth,3.0,5.0,3.0,44.27,2.0,0,1
4,P4_FUS_G1,FUS,M,O17,10,1,508.8,27.73,16.19,12.576111111111112,163.9,10.340000000000002,53.55433888888889,1.4964096199999999,0.6967120694444444,15.62109375,25.593096825396827,0.5926528125,0.6640030952380953,1,1,Growth,0.3,0.0,0.0,5.0,0.0,1,0
4,P4_FUS_G2,FUS,M,O17,10,1,508.8,27.73,16.19,12.576111111111112,163.9,10.340000000000002,53.55433888888889,1.4964096199999999,0.6967120694444444,15.62109375,25.593096825396827,0.5926528125,0.6640030952380953,1,1,Growth,0.0,0.0,0.0,3.15,0.0,1,0
4,P4_FUS_G3,FUS,M,O17,10,1,508.8,27.73,16.19,12.576111111111112,163.9,10.340000000000002,53.55433888888889,1.4964096199999999,0.6967120694444444,15.62109375,25.593096825396827,0.5926528125,0.6640030952380953,1,1,Growth,0.8,0.0,0.0,10.75,0.0,1,0
4,P4_MO_G1,MO,F,O18,11,1,257.35,20.67,12.78,13.238888888888889,111.4,6.282795698924733,538.1193777777778,12.226788657999998,1.1177146666666666,105.15253729166666,121.52186507936507,0.971146875,1.067812380952381,0,2,Transition,0.0,0.0,0.0,0.0,0.0,0,1
4,P4_MO_G2,MO,F,O18,11,1,257.35,20.67,12.78,13.238888888888889,111.4,6.282795698924733,538.1193777777778,12.226788657999998,1.1177146666666666,105.15253729166666,121.52186507936507,0.971146875,1.067812380952381,0,2,Transition,0.0,0.0,0.0,0.0,0.0,0,1
4,P4_MO_G3,MO,F,O18,11,1,257.35,20.67,12.78,13.238888888888889,111.4,6.282795698924733,538.1193777777778,12.226788657999998,1.1177146666666666,105.15253729166666,121.52186507936507,0.971146875,1.067812380952381,0,2,Transition,0.0,0.0,0.0,0.0,0.0,0,1
4,P4_FUS_G1,FUS,M,O18,11,1,257.35,20.67,12.78,13.238888888888889,111.4,6.282795698924733,30.02467777777778,0.8598552399999999,0.7530378888888889,6.258854166666667,20.581431746031747,0.6389427083333333,0.6802242857142857,0,2,Transition,0.0,0.0,0.0,0.0,0.0,1,0
4,P4_FUS_G2,FUS,M,O18,11,1,257.35,20.67,12.78,13.238888888888889,111.4,6.282795698924733,30.02467777777778,0.8598552399999999,0.7530378888888889,6.258854166666667,20.581431746031747,0.6389427083333333,0.6802242857142857,0,2,Transition,0.0,0.0,0.0,0.0,0.0,1,0
4,P4_FUS_G3,FUS,M,O18,11,1,257.35,20.67,12.78,13.238888888888889,111.4,6.282795698924733,30.02467777777778,0.8598552399999999,0.7530378888888889,6.258854166666667,20.581431746031747,0.6389427083333333,0.6802242857142857,0,2,Transition,0.0,0.0,0.0,0.0,0.0,1,0
4,P4_MO_G1,MO,F,O19,12,2,268.5,16.82,9.45,13.573333333333332,52.8,8.499999999999998,756.7875222222222,18.398935829,1.100986,216.80204989583336,213.92545634920634,1.0080453125,1.086895,0,0,Rest,0.0,0.0,0.0,0.0,0.0,0,1
4,P4_MO_G2,MO,F,O19,12,2,268.5,16.82,9.45,13.573333333333332,52.8,8.499999999999998,756.7875222222222,18.398935829,1.100986,216.80204989583336,213.92545634920634,1.0080453125,1.086895,0,0,Rest,0.0,0.0,0.0,0.0,2.0,0,1
4,P4_MO_G3,MO,F,O19,12,2,268.5,16.82,9.45,13.573333333333332,52.8,8.499999999999998,756.7875222222222,18.398935829,1.100986,216.80204989583336,213.92545634920634,1.0080453125,1.086895,0,0,Rest,0.0,0.0,0.0,0.0,7.0,0,1
4,P4_FUS_G1,FUS,M,O19,12,2,268.5,16.82,9.45,13.573333333333332,52.8,8.499999999999998,51.55939444444445,1.4373516199999998,0.7899986944444444,29.544947916666665,17.908811111111113,0.7436183854166667,0.7313225000000001,0,0,Rest,0.0,0.0,0.0,0.0,9.0,1,0
4,P4_FUS_G2,FUS,M,O19,12,2,268.5,16.82,9.45,13.573333333333332,52.8,8.499999999999998,51.55939444444445,1.4373516199999998,0.7899986944444444,29.544947916666665,17.908811111111113,0.7436183854166667,0.7313225000000001,0,0,Rest,0.0,0.0,0.0,0.0,7.0,1,0
4,P4_FUS_G3,FUS,M,O19,12,2,268.5,16.82,9.45,13.573333333333332,52.8,8.499999999999998,51.55939444444445,1.4373516199999998,0.7899986944444444,29.544947916666665,17.908811111111113,0.7436183854166667,0.7313225000000001,0,0,Rest,0.0,0.0,0.0,0.0,0.0,1,0
4,P4_MO_G1,MO,F,O20,13,2,332.9,20.05,12.15,13.431182795698925,128.5,6.55247311827957,975.4556666666666,24.571082999999998,1.0842573333333334,328.4515625,306.3290476190476,1.04494375,1.105977619047619,0,0,Rest,0.0,0.0,0.0,0.0,2.0,0,1
4,P4_MO_G2,MO,F,O20,13,2,332.9,20.05,12.15,13.431182795698925,128.5,6.55247311827957,975.4556666666666,24.571082999999998,1.0842573333333334,328.4515625,306.3290476190476,1.04494375,1.105977619047619,0,0,Rest,0.0,0.0,0.0,0.0,0.0,0,1
4,P4_MO_G3,MO,F,O20,13,2,332.9,20.05,12.15,13.431182795698925,128.5,6.55247311827957,975.4556666666666,24.571082999999998,1.0842573333333334,328.4515625,306.3290476190476,1.04494375,1.105977619047619,0,0,Rest,0.0,0.0,0.0,0.0,0.0,0,1
4,P4_FUS_G1,FUS,M,O20,13,2,332.9,20.05,12.15,13.431182795698925,128.5,6.55247311827957,73.09411111111112,2.0148479999999998,0.8269595,52.831041666666664,15.236190476190476,0.8482940625,0.7824207142857144,0,0,Rest,0.0,0.0,0.0,0.0,3.0,1,0
4,P4_FUS_G2,FUS,M,O20,13,2,332.9,20.05,12.15,13.431182795698925,128.5,6.55247311827957,73.09411111111112,2.0148479999999998,0.8269595,52.831041666666664,15.236190476190476,0.8482940625,0.7824207142857144,0,0,Rest,0.0,0.0,0.0,0.0,0.0,1,0
4,P4_FUS_G3,FUS,M,O20,13,2,332.9,20.05,12.15,13.431182795698925,128.5,6.55247311827957,73.09411111111112,2.0148479999999998,0.8269595,52.831041666666664,15.236190476190476,0.8482940625,0.7824207142857144,0,0,Rest,0.0,0.0,0.0,0.0,0.0,1,0
4,P4_MO_G1,MO,F,O21,14,2,254.2,17.54,8.85,12.861827956989247,55.4,11.245161290322583,869.3336666666667,23.399452124999996,1.0151901666666667,337.36972767857145,309.48209199134203,0.9661597321428572,1.065224604978355,0,0,Rest,0.0,0.0,0.0,0.0,0.0,0,1
4,P4_MO_G2,MO,F,O21,14,2,254.2,17.54,8.85,12.861827956989247,55.4,11.245161290322583,869.3336666666667,23.399452124999996,1.0151901666666667,337.36972767857145,309.48209199134203,0.9661597321428572,1.065224604978355,0,0,Rest,2.9,0.0,0.0,10.8,0.0,0,1
4,P4_MO_G3,MO,F,O21,14,2,254.2,17.54,8.85,12.861827956989247,55.4,11.245161290322583,869.3336666666667,23.399452124999996,1.0151901666666667,337.36972767857145,309.48209199134203,0.9661597321428572,1.065224604978355,0,0,Rest,0.0,0.0,0.0,0.0,0.0,0,1
4,P4_FUS_G1,FUS,M,O21,14,2,254.2,17.54,8.85,12.861827956989247,55.4,11.245161290322583,98.39322222222222,2.7628546049999994,0.8015988333333333,40.36328511904762,42.95580546536797,0.8185490550595238,0.8055517207792209,0,0,Rest,0.0,0.0,0.0,0.0,0.0,1,0
4,P4_FUS_G2,FUS,M,O21,14,2,254.2,17.54,8.85,12.861827956989247,55.4,11.245161290322583,98.39322222222222,2.7628546049999994,0.8015988333333333,40.36328511904762,42.95580546536797,0.8185490550595238,0.8055517207792209,0,0,Rest,0.0,0.0,0.0,0.0,0.0,1,0
4,P4_FUS_G3,FUS,M,O21,14,2,254.2,17.54,8.85,12.861827956989247,55.4,11.245161290322583,98.39322222222222,2.7628546049999994,0.8015988333333333,40.36328511904762,42.95580546536797,0.8185490550595238,0.8055517207792209,0,0,Rest,0.0,0.0,0.0,0.0,0.0,1,0
4,P4_MO_G1,MO,F,O22,15,2,359.8,22.05,11.17,12.09611111111111,135.4,10.541935483870969,763.2116666666666,22.227821249999998,0.946123,346.2878928571429,312.6351363636364,0.8873757142857143,1.024471590909091,0,0,Rest,4.9,13.0,6.0,19.75,7.0,0,1
4,P4_MO_G2,MO,F,O22,15,2,359.8,22.05,11.17,12.09611111111111,135.4,10.541935483870969,763.2116666666666,22.227821249999998,0.946123,346.2878928571429,312.6351363636364,0.8873757142857143,1.024471590909091,0,0,Rest,0.0,11.0,5.0,0.0,6.0,0,1
4,P4_MO_G3,MO,F,O22,15,2,359.8,22.05,11.17,12.09611111111111,135.4,10.541935483870969,763.2116666666666,22.227821249999998,0.946123,346.2878928571429,312.6351363636364,0.8873757142857143,1.024471590909091,0,0,Rest,2.4,15.0,7.0,10.6,8.0,0,1
4,P4_FUS_G1,FUS,M,O22,15,2,359.8,22.05,11.17,12.09611111111111,135.4,10.541935483870969,123.69233333333334,3.5108612099999994,0.7762381666666667,27.89552857142857,70.67542045454546,0.7888040476190477,0.8286827272727273,0,0,Rest,4.8,0.0,0.0,0.0,5.0,1,0
4,P4_FUS_G2,FUS,M,O22,15,2,359.8,22.05,11.17,12.09611111111111,135.4,10.541935483870969,123.69233333333334,3.5108612099999994,0.7762381666666667,27.89552857142857,70.67542045454546,0.7888040476190477,0.8286827272727273,0,0,Rest,8.9,0.0,0.0,0.0,5.0,1,0
4,P4_FUS_G3,FUS,M,O22,15,2,359.8,22.05,11.17,12.09611111111111,135.4,10.541935483870969,123.69233333333334,3.5108612099999994,0.7762381666666667,27.89552857142857,70.67542045454546,0.7888040476190477,0.8286827272727273,0,0,Rest,7.0,3.0,0.0,0.0,8.0,1,0
4,P4_MO_G1,MO,F,O24,16,2,456.0,23.82,13.0,11.275268817204301,168.5,11.658064516129032,653.3528333333334,18.470978024999997,0.9771891666666667,256.1499776785714,244.4850056818182,0.9689269196428572,1.0528023579545454,1,2,Transition,23.5,13.0,12.0,9.22,1.0,0,1
4,P4_MO_G2,MO,F,O24,16,2,456.0,23.82,13.0,11.275268817204301,168.5,11.658064516129032,653.3528333333334,18.470978024999997,0.9771891666666667,256.1499776785714,244.4850056818182,0.9689269196428572,1.0528023579545454,1,2,Transition,11.1,12.0,12.0,0.0,0.0,0,1
4,P4_MO_G3,MO,F,O24,16,2,456.0,23.82,13.0,11.275268817204301,168.5,11.658064516129032,653.3528333333334,18.470978024999997,0.9771891666666667,256.1499776785714,244.4850056818182,0.9689269196428572,1.0528023579545454,1,2,Transition,16.9,10.0,10.0,0.0,0.0,0,1
4,P4_FUS_G1,FUS,M,O24,16,2,456.0,23.82,13.0,11.275268817204301,168.5,11.658064516129032,113.35729166666667,3.2460577499999994,0.6530068333333333,24.833476785714282,63.56088731060606,0.5984275446428572,0.7441341761363636,1,2,Transition,19.5,15.0,10.0,0.0,5.0,1,0
4,P4_FUS_G2,FUS,M,O24,16,2,456.0,23.82,13.0,11.275268817204301,168.5,11.658064516129032,113.35729166666667,3.2460577499999994,0.6530068333333333,24.833476785714282,63.56088731060606,0.5984275446428572,0.7441341761363636,1,2,Transition,24.4,17.0,15.0,188.82,2.0,1,0
4,P4_FUS_G3,FUS,M,O24,16,2,456.0,23.82,13.0,11.275268817204301,168.5,11.658064516129032,113.35729166666667,3.2460577499999994,0.6530068333333333,24.833476785714282,63.56088731060606,0.5984275446428572,0.7441341761363636,1,2,Transition,5.9,6.0,6.0,0.0,0.0,1,0
4,P4_MO_G1,MO,F,O26,17,2,388.05,22.97,12.9,10.541111111111112,95.9,9.483333333333333,543.494,14.714134799999998,1.0082553333333333,166.01206249999998,176.334875,1.050478125,1.081133125,1,1,Growth,7.3,6.0,4.0,241.16,2.0,0,1
4,P4_MO_G2,MO,F,O26,17,2,388.05,22.97,12.9,10.541111111111112,95.9,9.483333333333333,543.494,14.714134799999998,1.0082553333333333,166.01206249999998,176.334875,1.050478125,1.081133125,1,1,Growth,32.8,3.0,1.0,94.32,2.0,0,1
4,P4_MO_G3,MO,F,O26,17,2,388.05,22.97,12.9,10.541111111111112,95.9,9.483333333333333,543.494,14.714134799999998,1.0082553333333333,166.01206249999998,176.334875,1.050478125,1.081133125,1,1,Growth,15.9,3.0,3.0,0.0,0.0,0,1
4,P4_FUS_G1,FUS,M,O26,17,2,388.05,22.97,12.9,10.541111111111112,95.9,9.483333333333333,103.02225,2.98125429,0.5297755,21.771424999999997,56.44635416666667,0.40805104166666667,0.659585625,1,1,Growth,5.6,2.0,2.0,243.21,0.0,1,0
4,P4_FUS_G2,FUS,M,O26,17,2,388.05,22.97,12.9,10.541111111111112,95.9,9.483333333333333,103.02225,2.98125429,0.5297755,21.771424999999997,56.44635416666667,0.40805104166666667,0.659585625,1,1,Growth,11.9,2.0,1.0,354.18,1.0,1,0
4,P4_FUS_G3,FUS,M,O26,17,2,388.05,22.97,12.9,10.541111111111112,95.9,9.483333333333333,103.02225,2.98125429,0.5297755,21.771424999999997,56.44635416666667,0.40805104166666667,0.659585625,1,1,Growth,10.3,6.0,3.0,213.71,3.0,1,0
4,P4_MO_G1,MO,F,O27,18,2,322.5,27.26,16.68,10.145698924731182,23.3,10.490322580645163,588.9449166666667,20.34104046,0.9725731666666666,234.0997395833333,440.4505625,0.9222220833333333,1.0517682291666666,0,2,Transition,0.6,1.0,0.0,26.06,1.0,0,1
4,P4_MO_G2,MO,F,O27,18,2,322.5,27.26,16.68,10.145698924731182,23.3,10.490322580645163,588.9449166666667,20.34104046,0.9725731666666666,234.0997395833333,440.4505625,0.9222220833333333,1.0517682291666666,0,2,Transition,0.0,3.0,3.0,259.8,0.0,0,1
4,P4_MO_G3,MO,F,O27,18,2,322.5,27.26,16.68,10.145698924731182,23.3,10.490322580645163,588.9449166666667,20.34104046,0.9725731666666666,234.0997395833333,440.4505625,0.9222220833333333,1.0517682291666666,0,2,Transition,0.7,0.0,0.0,430.87,0.0,0,1
4,P4_FUS_G1,FUS,M,O27,18,2,322.5,27.26,16.68,10.145698924731182,23.3,10.490322580645163,89.20676388888889,3.0331109649999997,0.5531994166666666,26.88743125,71.78180902777778,0.5250030208333333,0.6832235069444443,0,2,Transition,1.1,0.0,0.0,32.65,0.0,1,0
4,P4_FUS_G2,FUS,M,O27,18,2,322.5,27.26,16.68,10.145698924731182,23.3,10.490322580645163,89.20676388888889,3.0331109649999997,0.5531994166666666,26.88743125,71.78180902777778,0.5250030208333333,0.6832235069444443,0,2,Transition,1.2,0.0,0.0,0.0,0.0,1,0
4,P4_FUS_G3,FUS,M,O27,18,2,322.5,27.26,16.68,10.145698924731182,23.3,10.490322580645163,89.20676388888889,3.0331109649999997,0.5531994166666666,26.88743125,71.78180902777778,0.5250030208333333,0.6832235069444443,0,2,Transition,0.0,0.0,0.0,99.91,0.0,1,0
4,P4_MO_G1,MO,F,O29,19,2,779.8,28.02,17.42,10.325806451612904,187.5,9.98709677419355,634.3958333333334,25.96794612,0.9368909999999999,302.18741666666665,704.56625,0.7939660416666667,1.0224033333333333,0,0,Rest,0.0,0.0,0.0,0.0,0.0,0,1
4,P4_MO_G2,MO,F,O29,19,2,779.8,28.02,17.42,10.325806451612904,187.5,9.98709677419355,634.3958333333334,25.96794612,0.9368909999999999,302.18741666666665,704.56625,0.7939660416666667,1.0224033333333333,0,0,Rest,0.0,0.0,0.0,0.0,0.0,0,1
4,P4_MO_G3,MO,F,O29,19,2,779.8,28.02,17.42,10.325806451612904,187.5,9.98709677419355,634.3958333333334,25.96794612,0.9368909999999999,302.18741666666665,704.56625,0.7939660416666667,1.0224033333333333,0,0,Rest,0.0,0.0,0.0,0.0,0.0,0,1
4,P4_FUS_G1,FUS,M,O29,19,2,779.8,28.02,17.42,10.325806451612904,187.5,9.98709677419355,75.39127777777777,3.08496764,0.5766233333333333,32.0034375,87.11726388888889,0.6419549999999999,0.7068613888888888,0,0,Rest,0.0,0.0,0.0,0.0,0.0,1,0
4,P4_FUS_G2,FUS,M,O29,19,2,779.8,28.02,17.42,10.325806451612904,187.5,9.98709677419355,75.39127777777777,3.08496764,0.5766233333333333,32.0034375,87.11726388888889,0.6419549999999999,0.7068613888888888,0,0,Rest,0.0,0.0,0.0,0.0,0.0,1,0
4,P4_FUS_G3,FUS,M,O29,19,2,779.8,28.02,17.42,10.325806451612904,187.5,9.98709677419355,75.39127777777777,3.08496764,0.5766233333333333,32.0034375,87.11726388888889,0.6419549999999999,0.7068613888888888,0,0,Rest,0.0,0.0,0.0,0.0,0.0,1,0
4,P4_MO_G1,MO,F,O31,20,2,643.7,28.42,17.34,10.939880952380951,13.0,11.763178571428575,519.1779166666666,20.25661176,0.864286,244.32847023809524,538.8165113636363,0.7380058779761904,0.8837241666666666,1,2,Transition,3.0,5.0,5.0,10.77,0.0,0,1
4,P4_MO_G2,MO,F,O31,20,2,643.7,28.42,17.34,10.939880952380951,13.0,11.763178571428575,519.1779166666666,20.25661176,0.864286,244.32847023809524,538.8165113636363,0.7380058779761904,0.8837241666666666,1,2,Transition,5.9,3.0,3.0,0.0,0.0,0,1
4,P4_MO_G3,MO,F,O31,20,2,643.7,28.42,17.34,10.939880952380951,13.0,11.763178571428575,519.1779166666666,20.25661176,0.864286,244.32847023809524,538.8165113636363,0.7380058779761904,0.8837241666666666,1,2,Transition,0.4,0.0,0.0,2.78,0.0,0,1
4,P4_FUS_G1,FUS,M,O31,20,2,643.7,28.42,17.34,10.939880952380951,13.0,11.763178571428575,63.33105555555555,2.2653747895,0.616657,21.791160773809523,57.8394273989899,0.625140238095238,0.7060227398989898,1,2,Transition,4.4,4.0,4.0,6.85,0.0,1,0
4,P4_FUS_G2,FUS,M,O31,20,2,643.7,28.42,17.34,10.939880952380951,13.0,11.763178571428575,63.33105555555555,2.2653747895,0.616657,21.791160773809523,57.8394273989899,0.625140238095238,0.7060227398989898,1,2,Transition,2.7,5.0,5.0,4.61,0.0,1,0
4,P4_FUS_G3,FUS,M,O31,20,2,643.7,28.42,17.34,10.939880952380951,13.0,11.763178571428575,63.33105555555555,2.2653747895,0.616657,21.791160773809523,57.8394273989899,0.625140238095238,0.7060227398989898,1,2,Transition,10.6,11.0,11.0,54.28,0.0,1,0
4,P4_MO_G1,MO,F,O33,21,2,509.1,27.9,17.21,11.73225806451613,127.69999999999999,11.061290322580646,403.96,14.5452774,0.7916810000000001,186.46952380952382,373.0667727272727,0.6820457142857143,0.745045,1,1,Growth,6.1,6.0,5.0,47.44,1.0,0,1
4,P4_MO_G2,MO,F,O33,21,2,509.1,27.9,17.21,11.73225806451613,127.69999999999999,11.061290322580646,403.96,14.5452774,0.7916810000000001,186.46952380952382,373.0667727272727,0.6820457142857143,0.745045,1,1,Growth,8.8,14.0,6.0,112.49,8.0,0,1
4,P4_MO_G3,MO,F,O33,21,2,509.1,27.9,17.21,11.73225806451613,127.69999999999999,11.061290322580646,403.96,14.5452774,0.7916810000000001,186.46952380952382,373.0667727272727,0.6820457142857143,0.745045,1,1,Growth,8.4,19.0,7.0,92.4,12.0,0,1
4,P4_FUS_G1,FUS,M,O33,21,2,509.1,27.9,17.21,11.73225806451613,127.69999999999999,11.061290322580646,51.270833333333336,1.4457819389999997,0.6566906666666666,11.578884047619047,28.56159090909091,0.6083254761904762,0.7051840909090908,1,1,Growth,18.0,14.0,7.0,199.63,7.0,1,0
4,P4_FUS_G2,FUS,M,O33,21,2,509.1,27.9,17.21,11.73225806451613,127.69999999999999,11.061290322580646,51.270833333333336,1.4457819389999997,0.6566906666666666,11.578884047619047,28.56159090909091,0.6083254761904762,0.7051840909090908,1,1,Growth,12.2,9.0,2.0,284.45,7.0,1,0
4,P4_FUS_G3,FUS,M,O33,21,2,509.1,27.9,17.21,11.73225806451613,127.69999999999999,11.061290322580646,51.270833333333336,1.4457819389999997,0.6566906666666666,11.578884047619047,28.56159090909091,0.6083254761904762,0.7051840909090908,1,1,Growth,11.8,8.0,7.0,250.35,1.0,1,0
4,P4_MO_G1,MO,F,O35,22,2,501.15,25.0,16.32,12.550555555555555,194.0,7.8100000000000005,294.23741666666666,9.794062845,0.8190529166666667,115.70453221726191,237.7302792207792,0.7740194196428571,0.7850082142857142,1,1,Growth,7.8,9.0,9.0,210.32,0.0,0,1
4,P4_MO_G2,MO,F,O35,22,2,501.15,25.0,16.32,12.550555555555555,194.0,7.8100000000000005,294.23741666666666,9.794062845,0.8190529166666667,115.70453221726191,237.7302792207792,0.7740194196428571,0.7850082142857142,1,1,Growth,3.5,4.0,3.0,82.18,1.0,0,1
4,P4_MO_G3,MO,F,O35,22,2,501.15,25.0,16.32,12.550555555555555,194.0,7.8100000000000005,294.23741666666666,9.794062845,0.8190529166666667,115.70453221726191,237.7302792207792,0.7740194196428571,0.7850082142857142,1,1,Growth,4.7,6.0,6.0,132.05,0.0,0,1
4,P4_FUS_G1,FUS,M,O35,22,2,501.15,25.0,16.32,12.550555555555555,194.0,7.8100000000000005,56.19375,1.4463646094999998,0.7005171666666667,13.583049836309524,22.106589502164503,0.617539144345238,0.7611390692640693,1,1,Growth,0.4,0.0,0.0,133.51,0.0,1,0
4,P4_FUS_G2,FUS,M,O35,22,2,501.15,25.0,16.32,12.550555555555555,194.0,7.8100000000000005,56.19375,1.4463646094999998,0.7005171666666667,13.583049836309524,22.106589502164503,0.617539144345238,0.7611390692640693,1,1,Growth,1.8,0.0,0.0,180.94,0.0,1,0
4,P4_FUS_G3,FUS,M,O35,22,2,501.15,25.0,16.32,12.550555555555555,194.0,7.8100000000000005,56.19375,1.4463646094999998,0.7005171666666667,13.583049836309524,22.106589502164503,0.617539144345238,0.7611390692640693,1,1,Growth,3.4,0.0,0.0,415.93,0.0,1,0
4,P4_MO_G1,MO,F,O37,23,2,338.95,20.16,11.71,13.236979166666666,217.70000000000002,8.432258064516128,184.5148333333333,5.042848289999999,0.8464248333333334,44.939540625,102.39378571428571,0.865993125,0.8249714285714286,0,2,Transition,0.0,0.0,0.0,0.7,0.0,0,1
4,P4_MO_G2,MO,F,O37,23,2,338.95,20.16,11.71,13.236979166666666,217.70000000000002,8.432258064516128,184.5148333333333,5.042848289999999,0.8464248333333334,44.939540625,102.39378571428571,0.865993125,0.8249714285714286,0,2,Transition,0.0,0.0,0.0,0.0,0.0,0,1
4,P4_MO_G3,MO,F,O37,23,2,338.95,20.16,11.71,13.236979166666666,217.70000000000002,8.432258064516128,184.5148333333333,5.042848289999999,0.8464248333333334,44.939540625,102.39378571428571,0.865993125,0.8249714285714286,0,2,Transition,0.2,0.0,0.0,1.25,0.0,0,1
4,P4_FUS_G1,FUS,M,O37,23,2,338.95,20.16,11.71,13.236979166666666,217.70000000000002,8.432258064516128,61.11666666666667,1.4469472799999998,0.7443436666666667,15.587215624999999,15.651588095238097,0.6267528125,0.8170940476190477,0,2,Transition,0.0,0.0,0.0,0.0,0.0,1,0
4,P4_FUS_G2,FUS,M,O37,23,2,338.95,20.16,11.71,13.236979166666666,217.70000000000002,8.432258064516128,61.11666666666667,1.4469472799999998,0.7443436666666667,15.587215624999999,15.651588095238097,0.6267528125,0.8170940476190477,0,2,Transition,0.0,0.0,0.0,0.0,0.0,1,0
4,P4_FUS_G3,FUS,M,O37,23,2,338.95,20.16,11.71,13.236979166666666,217.70000000000002,8.432258064516128,61.11666666666667,1.4469472799999998,0.7443436666666667,15.587215624999999,15.651588095238097,0.6267528125,0.8170940476190477,0,2,Transition,0.7,0.0,0.0,4.75,0.0,1,0
4,P4_MO_G1,MO,F,O38,24,2,194.65,23.29,14.52,13.575,,,184.5148333333333,5.042848289999999,0.8464248333333334,44.939540625,102.39378571428571,0.865993125,0.8249714285714286,0,0,Rest,0.0,0.0,0.0,0.0,0.0,0,1
4,P4_MO_G2,MO,F,O38,24,2,194.65,23.29,14.52,13.575,,,184.5148333333333,5.042848289999999,0.8464248333333334,44.939540625,102.39378571428571,0.865993125,0.8249714285714286,0,0,Rest,0.0,0.0,0.0,0.0,0.0,0,1
4,P4_MO_G3,MO,F,O38,24,2,194.65,23.29,14.52,13.575,,,184.5148333333333,5.042848289999999,0.8464248333333334,44.939540625,102.39378571428571,0.865993125,0.8249714285714286,0,0,Rest,0.0,0.0,0.0,0.0,0.0,0,1
4,P4_FUS_G1,FUS,M,O38,24,2,194.65,23.29,14.52,13.575,,,61.11666666666667,1.4469472799999998,0.7443436666666667,15.587215624999999,15.651588095238097,0.6267528125,0.8170940476190477,0,0,Rest,0.0,0.0,0.0,0.0,0.0,1,0
4,P4_FUS_G2,FUS,M,O38,24,2,194.65,23.29,14.52,13.575,,,61.11666666666667,1.4469472799999998,0.7443436666666667,15.587215624999999,15.651588095238097,0.6267528125,0.8170940476190477,0,0,Rest,0.0,0.0,0.0,0.0,0.0,1,0
4,P4_FUS_G3,FUS,M,O38,24,2,194.65,23.29,14.52,13.575,,,61.11666666666667,1.4469472799999998,0.7443436666666667,15.587215624999999,15.651588095238097,0.6267528125,0.8170940476190477,0,0,Rest,0.0,0.0,0.0,0.0,0.0,1,0
5,P5_MO_G1,MO,F,O1,0,1,254.5,19.57,12.57,13.576666666666666,124.8,7.6,1474.3933333333332,39.508891999999996,1.1070321666666667,402.03898550724637,562.2480303030303,1.0804234782608695,1.1195831818181818,0,0,Rest,0.0,0.0,0.0,0.0,0.0,0,1
5,P5_MO_G2,MO,F,O1,0,1,254.5,19.57,12.57,13.576666666666666,124.8,7.6,1474.3933333333332,39.508891999999996,1.1070321666666667,402.03898550724637,562.2480303030303,1.0804234782608695,1.1195831818181818,0,0,Rest,0.0,0.0,0.0,0.0,0.0,0,1
5,P5_MO_G3,MO,F,O1,0,1,254.5,19.57,12.57,13.576666666666666,124.8,7.6,1474.3933333333332,39.508891999999996,1.1070321666666667,402.03898550724637,562.2480303030303,1.0804234782608695,1.1195831818181818,0,0,Rest,0.0,0.0,0.0,0.0,0.0,0,1
5,P5_FUS_G1,FUS,M,O1,0,1,254.5,19.57,12.57,13.576666666666666,124.8,7.6,168.69500000000002,5.280435,0.6713425555555556,47.088913043478264,120.765,0.7038765217391305,0.7234356060606061,0,0,Rest,0.0,12.0,4.0,0.0,8.0,1,0
5,P5_FUS_G2,FUS,M,O1,0,1,254.5,19.57,12.57,13.576666666666666,124.8,7.6,168.69500000000002,5.280435,0.6713425555555556,47.088913043478264,120.765,0.7038765217391305,0.7234356060606061,0,0,Rest,0.0,0.0,0.0,0.0,0.0,1,0
5,P5_FUS_G3,FUS,M,O1,0,1,254.5,19.57,12.57,13.576666666666666,124.8,7.6,168.69500000000002,5.280435,0.6713425555555556,47.088913043478264,120.765,0.7038765217391305,0.7234356060606061,0,0,Rest,0.0,0.0,0.0,0.0,0.0,1,0
5,P5_MO_G1,MO,F,O2,1,1,282.1,18.87,9.94,13.418279569892475,92.9,9.058064516129035,1474.3933333333332,39.508891999999996,1.1070321666666667,402.03898550724637,562.2480303030303,1.0804234782608695,1.1195831818181818,0,0,Rest,0.0,0.0,0.0,0.0,0.0,0,1
5,P5_MO_G2,MO,F,O2,1,1,282.1,18.87,9.94,13.418279569892475,92.9,9.058064516129035,1474.3933333333332,39.508891999999996,1.1070321666666667,402.03898550724637,562.2480303030303,1.0804234782608695,1.1195831818181818,0,0,Rest,0.0,0.0,0.0,0.0,0.0,0,1
5,P5_MO_G3,MO,F,O2,1,1,282.1,18.87,9.94,13.418279569892475,92.9,9.058064516129035,1474.3933333333332,39.508891999999996,1.1070321666666667,402.03898550724637,562.2480303030303,1.0804234782608695,1.1195831818181818,0,0,Rest,0.0,0.0,0.0,0.0,0.0,0,1
5,P5_FUS_G1,FUS,M,O2,1,1,282.1,18.87,9.94,13.418279569892475,92.9,9.058064516129035,168.69500000000002,5.280435,0.6713425555555556,47.088913043478264,120.765,0.7038765217391305,0.7234356060606061,0,0,Rest,2.9,10.0,4.0,15.81,6.0,1,0
5,P5_FUS_G2,FUS,M,O2,1,1,282.1,18.87,9.94,13.418279569892475,92.9,9.058064516129035,168.69500000000002,5.280435,0.6713425555555556,47.088913043478264,120.765,0.7038765217391305,0.7234356060606061,0,0,Rest,0.0,0.0,0.0,0.0,0.0,1,0
5,P5_FUS_G3,FUS,M,O2,1,1,282.1,18.87,9.94,13.418279569892475,92.9,9.058064516129035,168.69500000000002,5.280435,0.6713425555555556,47.088913043478264,120.765,0.7038765217391305,0.7234356060606061,0,0,Rest,0.0,0.0,0.0,0.0,0.0,1,0
5,P5_MO_G1,MO,F,O3,2,1,326.2,21.57,10.18,12.839247311827956,73.7,11.245161290322581,1474.3933333333332,39.508891999999996,1.1070321666666667,402.03898550724637,562.2480303030303,1.0804234782608695,1.1195831818181818,0,0,Rest,0.0,0.0,0.0,0.0,0.0,0,1
5,P5_MO_G2,MO,F,O3,2,1,326.2,21.57,10.18,12.839247311827956,73.7,11.245161290322581,1474.3933333333332,39.508891999999996,1.1070321666666667,402.03898550724637,562.2480303030303,1.0804234782608695,1.1195831818181818,0,0,Rest,0.0,0.0,0.0,0.0,0.0,0,1
5,P5_MO_G3,MO,F,O3,2,1,326.2,21.57,10.18,12.839247311827956,73.7,11.245161290322581,1474.3933333333332,39.508891999999996,1.1070321666666667,402.03898550724637,562.2480303030303,1.0804234782608695,1.1195831818181818,0,0,Rest,0.0,0.0,0.0,0.0,0.0,0,1
5,P5_FUS_G1,FUS,M,O3,2,1,326.2,21.57,10.18,12.839247311827956,73.7,11.245161290322581,168.69500000000002,5.280435,0.6713425555555556,47.088913043478264,120.765,0.7038765217391305,0.7234356060606061,0,0,Rest,0.0,4.0,4.0,15.96,0.0,1,0
5,P5_FUS_G2,FUS,M,O3,2,1,326.2,21.57,10.18,12.839247311827956,73.7,11.245161290322581,168.69500000000002,5.280435,0.6713425555555556,47.088913043478264,120.765,0.7038765217391305,0.7234356060606061,0,0,Rest,0.0,0.0,0.0,0.0,0.0,1,0
5,P5_FUS_G3,FUS,M,O3,2,1,326.2,21.57,10.18,12.839247311827956,73.7,11.245161290322581,168.69500000000002,5.280435,0.6713425555555556,47.088913043478264,120.765,0.7038765217391305,0.7234356060606061,0,0,Rest,0.0,0.0,0.0,0.0,0.0,1,0
5,P5_MO_G1,MO,F,O5,3,1,281.7,20.17,8.61,12.069444444444445,31.5,11.493333333333336,1474.3933333333332,39.508891999999996,1.1070321666666667,402.03898550724637,562.2480303030303,1.0804234782608695,1.1195831818181818,0,0,Rest,3.7,18.0,6.0,39.9,12.0,0,1
5,P5_MO_G2,MO,F,O5,3,1,281.7,20.17,8.61,12.069444444444445,31.5,11.493333333333336,1474.3933333333332,39.508891999999996,1.1070321666666667,402.03898550724637,562.2480303030303,1.0804234782608695,1.1195831818181818,0,0,Rest,3.4,10.0,6.0,60.04,4.0,0,1
5,P5_MO_G3,MO,F,O5,3,1,281.7,20.17,8.61,12.069444444444445,31.5,11.493333333333336,1474.3933333333332,39.508891999999996,1.1070321666666667,402.03898550724637,562.2480303030303,1.0804234782608695,1.1195831818181818,0,0,Rest,8.3,22.0,9.0,107.2,13.0,0,1
5,P5_FUS_G1,FUS,M,O5,3,1,281.7,20.17,8.61,12.069444444444445,31.5,11.493333333333336,168.69500000000002,5.280435,0.6713425555555556,47.088913043478264,120.765,0.7038765217391305,0.7234356060606061,0,0,Rest,38.6,23.0,4.0,393.49,19.0,1,0
5,P5_FUS_G2,FUS,M,O5,3,1,281.7,20.17,8.61,12.069444444444445,31.5,11.493333333333336,168.69500000000002,5.280435,0.6713425555555556,47.088913043478264,120.765,0.7038765217391305,0.7234356060606061,0,0,Rest,0.0,0.0,0.0,0.0,0.0,1,0
5,P5_FUS_G3,FUS,M,O5,3,1,281.7,20.17,8.61,12.069444444444445,31.5,11.493333333333336,168.69500000000002,5.280435,0.6713425555555556,47.088913043478264,120.765,0.7038765217391305,0.7234356060606061,0,0,Rest,0.0,0.0,0.0,0.0,0.0,1,0
5,P5_MO_G1,MO,F,O7,4,1,460.1,24.84,14.85,11.248924731182797,173.1,10.503225806451614,1653.4391666666666,47.820049149999996,1.1107365277777776,647.6092844202899,636.3643276515152,1.0865897946859904,1.1215947159090909,1,2,Transition,28.5,10.0,10.0,604.85,0.0,0,1
5,P5_MO_G2,MO,F,O7,4,1,460.1,24.84,14.85,11.248924731182797,173.1,10.503225806451614,1653.4391666666666,47.820049149999996,1.1107365277777776,647.6092844202899,636.3643276515152,1.0865897946859904,1.1215947159090909,1,2,Transition,14.7,16.0,6.0,163.51,10.0,0,1
5,P5_MO_G3,MO,F,O7,4,1,460.1,24.84,14.85,11.248924731182797,173.1,10.503225806451614,1653.4391666666666,47.820049149999996,1.1107365277777776,647.6092844202899,636.3643276515152,1.0865897946859904,1.1215947159090909,1,2,Transition,26.6,10.0,7.0,477.21,3.0,0,1
5,P5_FUS_G1,FUS,M,O7,4,1,460.1,24.84,14.85,11.248924731182797,173.1,10.503225806451614,125.61441666666667,3.834195,0.6907866944444445,40.06020652173913,74.78767708333334,0.5979687817028986,0.6854532196969697,1,2,Transition,13.1,9.0,9.0,203.84,0.0,1,0
5,P5_FUS_G2,FUS,M,O7,4,1,460.1,24.84,14.85,11.248924731182797,173.1,10.503225806451614,125.61441666666667,3.834195,0.6907866944444445,40.06020652173913,74.78767708333334,0.5979687817028986,0.6854532196969697,1,2,Transition,33.6,21.0,12.0,438.9,9.0,1,0
5,P5_FUS_G3,FUS,M,O7,4,1,460.1,24.84,14.85,11.248924731182797,173.1,10.503225806451614,125.61441666666667,3.834195,0.6907866944444445,40.06020652173913,74.78767708333334,0.5979687817028986,0.6854532196969697,1,2,Transition,27.0,21.0,7.0,289.0,14.0,1,0
5,P5_MO_G1,MO,F,O9,5,1,444.8,24.43,15.22,10.520555555555555,188.2,8.726666666666668,1832.4850000000001,56.131206299999995,1.1144408888888888,893.1795833333334,710.480625,1.092756111111111,1.12360625,1,1,Growth,23.9,10.0,9.0,530.8,1.0,0,1
5,P5_MO_G2,MO,F,O9,5,1,444.8,24.43,15.22,10.520555555555555,188.2,8.726666666666668,1832.4850000000001,56.131206299999995,1.1144408888888888,893.1795833333334,710.480625,1.092756111111111,1.12360625,1,1,Growth,17.4,9.0,6.0,393.21,3.0,0,1
5,P5_MO_G3,MO,F,O9,5,1,444.8,24.43,15.22,10.520555555555555,188.2,8.726666666666668,1832.4850000000001,56.131206299999995,1.1144408888888888,893.1795833333334,710.480625,1.092756111111111,1.12360625,1,1,Growth,7.7,2.0,2.0,371.26,0.0,0,1
5,P5_FUS_G1,FUS,M,O9,5,1,444.8,24.43,15.22,10.520555555555555,188.2,8.726666666666668,82.53383333333333,2.387955,0.7102308333333334,33.0315,28.810354166666666,0.49206104166666664,0.6474708333333333,1,1,Growth,4.2,5.0,5.0,219.6,0.0,1,0
5,P5_FUS_G2,FUS,M,O9,5,1,444.8,24.43,15.22,10.520555555555555,188.2,8.726666666666668,82.53383333333333,2.387955,0.7102308333333334,33.0315,28.810354166666666,0.49206104166666664,0.6474708333333333,1,1,Growth,12.4,4.0,4.0,441.5,0.0,1,0
5,P5_FUS_G3,FUS,M,O9,5,1,444.8,24.43,15.22,10.520555555555555,188.2,8.726666666666668,82.53383333333333,2.387955,0.7102308333333334,33.0315,28.810354166666666,0.49206104166666664,0.6474708333333333,1,1,Growth,0.0,0.0,0.0,0.0,0.0,1,0
5,P5_MO_G1,MO,F,O10,6,1,398.8,27.7,16.98,10.141935483870967,288.8,11.29032258064516,1705.0033333333336,53.21982704999999,1.0832638694444445,781.453125,779.0920833333333,1.0856867534722223,1.1087103333333332,1,1,Growth,9.0,13.0,0.0,12.4,13.0,0,1
5,P5_MO_G2,MO,F,O10,6,1,398.8,27.7,16.98,10.141935483870967,288.8,11.29032258064516,1705.0033333333336,53.21982704999999,1.0832638694444445,781.453125,779.0920833333333,1.0856867534722223,1.1087103333333332,1,1,Growth,0.2,0.0,0.0,47.99,0.0,0,1
5,P5_MO_G3,MO,F,O10,6,1,398.8,27.7,16.98,10.141935483870967,288.8,11.29032258064516,1705.0033333333336,53.21982704999999,1.0832638694444445,781.453125,779.0920833333333,1.0856867534722223,1.1087103333333332,1,1,Growth,0.0,0.0,0.0,5.25,0.0,0,1
5,P5_FUS_G1,FUS,M,O10,6,1,398.8,27.7,16.98,10.141935483870967,288.8,11.29032258064516,77.3835,2.9195848799999995,0.67345475,29.1351875,76.275625,0.5281754166666666,0.6392845833333334,1,1,Growth,0.0,0.0,0.0,0.0,0.0,1,0
5,P5_FUS_G2,FUS,M,O10,6,1,398.8,27.7,16.98,10.141935483870967,288.8,11.29032258064516,77.3835,2.9195848799999995,0.67345475,29.1351875,76.275625,0.5281754166666666,0.6392845833333334,1,1,Growth,0.0,0.0,0.0,6.5,0.0,1,0
5,P5_FUS_G3,FUS,M,O10,6,1,398.8,27.7,16.98,10.141935483870967,288.8,11.29032258064516,77.3835,2.9195848799999995,0.67345475,29.1351875,76.275625,0.5281754166666666,0.6392845833333334,1,1,Growth,0.0,0.0,0.0,0.0,0.0,1,0
5,P5_MO_G1,MO,F,O12,7,1,625.4,28.29,17.45,10.341397849462364,127.9,10.077419354838707,1577.5216666666668,50.308447799999996,1.05208685,669.7266666666667,847.7035416666666,1.0786173958333334,1.0938144166666668,1,1,Growth,40.9,23.0,19.0,584.86,4.0,0,1
5,P5_MO_G2,MO,F,O12,7,1,625.4,28.29,17.45,10.341397849462364,127.9,10.077419354838707,1577.5216666666668,50.308447799999996,1.05208685,669.7266666666667,847.7035416666666,1.0786173958333334,1.0938144166666668,1,1,Growth,0.0,0.0,0.0,0.0,0.0,0,1
5,P5_MO_G3,MO,F,O12,7,1,625.4,28.29,17.45,10.341397849462364,127.9,10.077419354838707,1577.5216666666668,50.308447799999996,1.05208685,669.7266666666667,847.7035416666666,1.0786173958333334,1.0938144166666668,1,1,Growth,0.0,0.0,0.0,2.5,0.0,0,1
5,P5_FUS_G1,FUS,M,O12,7,1,625.4,28.29,17.45,10.341397849462364,127.9,10.077419354838707,72.23316666666666,3.4512147599999996,0.6366786666666666,25.238874999999997,123.74089583333334,0.5642897916666666,0.6310983333333333,1,1,Growth,0.2,0.0,0.0,11.75,0.0,1,0
5,P5_FUS_G2,FUS,M,O12,7,1,625.4,28.29,17.45,10.341397849462364,127.9,10.077419354838707,72.23316666666666,3.4512147599999996,0.6366786666666666,25.238874999999997,123.74089583333334,0.5642897916666666,0.6310983333333333,1,1,Growth,1.0,1.0,0.0,0.0,1.0,1,0
5,P5_FUS_G3,FUS,M,O12,7,1,625.4,28.29,17.45,10.341397849462364,127.9,10.077419354838707,72.23316666666666,3.4512147599999996,0.6366786666666666,25.238874999999997,123.74089583333334,0.5642897916666666,0.6310983333333333,1,1,Growth,0.0,0.0,0.0,0.0,0.0,1,0
5,P5_MO_G1,MO,F,O13,8,1,384.6,28.3,18.44,10.964880952380952,82.2,10.859605911330046,1319.2091666666668,38.4755949,1.0561539249999998,486.70427083333334,549.7655803571429,1.0952947395833332,1.0710186369047618,1,1,Growth,25.5,12.0,11.0,479.54,1.0,0,1
5,P5_MO_G2,MO,F,O13,8,1,384.6,28.3,18.44,10.964880952380952,82.2,10.859605911330046,1319.2091666666668,38.4755949,1.0561539249999998,486.70427083333334,549.7655803571429,1.0952947395833332,1.0710186369047618,1,1,Growth,1.0,1.0,0.0,0.0,1.0,0,1
5,P5_MO_G3,MO,F,O13,8,1,384.6,28.3,18.44,10.964880952380952,82.2,10.859605911330046,1319.2091666666668,38.4755949,1.0561539249999998,486.70427083333334,549.7655803571429,1.0952947395833332,1.0710186369047618,1,1,Growth,0.0,0.0,0.0,0.0,0.0,0,1
5,P5_FUS_G1,FUS,M,O13,8,1,384.6,28.3,18.44,10.964880952380952,82.2,10.859605911330046,74.65858333333333,2.7920893799999997,0.6385324583333333,25.111104166666664,77.17282886904762,0.5553263541666666,0.6394401190476191,1,1,Growth,0.0,0.0,0.0,0.0,0.0,1,0
5,P5_FUS_G2,FUS,M,O13,8,1,384.6,28.3,18.44,10.964880952380952,82.2,10.859605911330046,74.65858333333333,2.7920893799999997,0.6385324583333333,25.111104166666664,77.17282886904762,0.5553263541666666,0.6394401190476191,1,1,Growth,0.0,0.0,0.0,0.0,0.0,1,0
5,P5_FUS_G3,FUS,M,O13,8,1,384.6,28.3,18.44,10.964880952380952,82.2,10.859605911330046,74.65858333333333,2.7920893799999997,0.6385324583333333,25.111104166666664,77.17282886904762,0.5553263541666666,0.6394401190476191,1,1,Growth,0.0,0.0,0.0,0.0,0.0,1,0
5,P5_MO_G1,MO,F,O15,9,1,699.6,27.02,16.29,11.759677419354839,95.3,11.606451612903225,1060.8966666666668,26.642742,1.0602209999999999,303.681875,251.82761904761907,1.1119720833333333,1.0482228571428571,1,1,Growth,57.0,23.0,21.0,637.7,2.0,0,1
5,P5_MO_G2,MO,F,O15,9,1,699.6,27.02,16.29,11.759677419354839,95.3,11.606451612903225,1060.8966666666668,26.642742,1.0602209999999999,303.681875,251.82761904761907,1.1119720833333333,1.0482228571428571,1,1,Growth,15.4,9.0,7.0,182.25,2.0,0,1
5,P5_MO_G3,MO,F,O15,9,1,699.6,27.02,16.29,11.759677419354839,95.3,11.606451612903225,1060.8966666666668,26.642742,1.0602209999999999,303.681875,251.82761904761907,1.1119720833333333,1.0482228571428571,1,1,Growth,1.0,1.0,1.0,23.45,0.0,0,1
5,P5_FUS_G1,FUS,M,O15,9,1,699.6,27.02,16.29,11.759677419354839,95.3,11.606451612903225,77.084,2.132964,0.6403862499999999,24.983333333333334,30.604761904761908,0.5463629166666667,0.6477819047619048,1,1,Growth,29.7,18.0,3.0,9.95,15.0,1,0
5,P5_FUS_G2,FUS,M,O15,9,1,699.6,27.02,16.29,11.759677419354839,95.3,11.606451612903225,77.084,2.132964,0.6403862499999999,24.983333333333334,30.604761904761908,0.5463629166666667,0.6477819047619048,1,1,Growth,8.5,6.0,6.0,171.5,0.0,1,0
5,P5_FUS_G3,FUS,M,O15,9,1,699.6,27.02,16.29,11.759677419354839,95.3,11.606451612903225,77.084,2.132964,0.6403862499999999,24.983333333333334,30.604761904761908,0.5463629166666667,0.6477819047619048,1,1,Growth,0.0,0.0,0.0,0.0,0.0,1,0
5,P5_MO_G1,MO,F,O17,10,1,508.8,27.73,16.19,12.576111111111112,163.9,10.340000000000002,799.5080222222223,19.434765328999998,1.0889678333333332,204.41720614583332,186.67474206349206,1.0415594791666667,1.058017619047619,1,1,Growth,0.0,0.0,0.0,0.0,2.0,0,1
5,P5_MO_G2,MO,F,O17,10,1,508.8,27.73,16.19,12.576111111111112,163.9,10.340000000000002,799.5080222222223,19.434765328999998,1.0889678333333332,204.41720614583332,186.67474206349206,1.0415594791666667,1.058017619047619,1,1,Growth,10.3,6.0,6.0,359.83,0.0,0,1
5,P5_MO_G3,MO,F,O17,10,1,508.8,27.73,16.19,12.576111111111112,163.9,10.340000000000002,799.5080222222223,19.434765328999998,1.0889678333333332,204.41720614583332,186.67474206349206,1.0415594791666667,1.058017619047619,1,1,Growth,9.9,19.0,6.0,108.5,13.0,0,1
5,P5_FUS_G1,FUS,M,O17,10,1,508.8,27.73,16.19,12.576111111111112,163.9,10.340000000000002,53.55433888888889,1.4964096199999999,0.6967120694444444,15.62109375,25.593096825396827,0.5926528125,0.6640030952380953,1,1,Growth,3.2,0.0,0.0,56.8,0.0,1,0
5,P5_FUS_G2,FUS,M,O17,10,1,508.8,27.73,16.19,12.576111111111112,163.9,10.340000000000002,53.55433888888889,1.4964096199999999,0.6967120694444444,15.62109375,25.593096825396827,0.5926528125,0.6640030952380953,1,1,Growth,0.4,0.0,0.0,31.6,0.0,1,0
5,P5_FUS_G3,FUS,M,O17,10,1,508.8,27.73,16.19,12.576111111111112,163.9,10.340000000000002,53.55433888888889,1.4964096199999999,0.6967120694444444,15.62109375,25.593096825396827,0.5926528125,0.6640030952380953,1,1,Growth,11.4,10.0,7.0,117.5,3.0,1,0
5,P5_MO_G1,MO,F,O18,11,1,257.35,20.67,12.78,13.238888888888889,111.4,6.282795698924733,538.1193777777778,12.226788657999998,1.1177146666666666,105.15253729166666,121.52186507936507,0.971146875,1.067812380952381,0,2,Transition,0.0,0.0,0.0,0.0,0.0,0,1
5,P5_MO_G2,MO,F,O18,11,1,257.35,20.67,12.78,13.238888888888889,111.4,6.282795698924733,538.1193777777778,12.226788657999998,1.1177146666666666,105.15253729166666,121.52186507936507,0.971146875,1.067812380952381,0,2,Transition,0.0,0.0,0.0,0.0,0.0,0,1
5,P5_MO_G3,MO,F,O18,11,1,257.35,20.67,12.78,13.238888888888889,111.4,6.282795698924733,538.1193777777778,12.226788657999998,1.1177146666666666,105.15253729166666,121.52186507936507,0.971146875,1.067812380952381,0,2,Transition,0.0,0.0,0.0,0.0,0.0,0,1
5,P5_FUS_G1,FUS,M,O18,11,1,257.35,20.67,12.78,13.238888888888889,111.4,6.282795698924733,30.02467777777778,0.8598552399999999,0.7530378888888889,6.258854166666667,20.581431746031747,0.6389427083333333,0.6802242857142857,0,2,Transition,0.0,0.0,0.0,0.0,0.0,1,0
5,P5_FUS_G2,FUS,M,O18,11,1,257.35,20.67,12.78,13.238888888888889,111.4,6.282795698924733,30.02467777777778,0.8598552399999999,0.7530378888888889,6.258854166666667,20.581431746031747,0.6389427083333333,0.6802242857142857,0,2,Transition,0.0,0.0,0.0,0.0,0.0,1,0
5,P5_FUS_G3,FUS,M,O18,11,1,257.35,20.67,12.78,13.238888888888889,111.4,6.282795698924733,30.02467777777778,0.8598552399999999,0.7530378888888889,6.258854166666667,20.581431746031747,0.6389427083333333,0.6802242857142857,0,2,Transition,0.0,0.0,0.0,0.0,0.0,1,0
5,P5_MO_G1,MO,F,O19,12,2,268.5,16.82,9.45,13.573333333333332,52.8,8.499999999999998,756.7875222222222,18.398935829,1.100986,216.80204989583336,213.92545634920634,1.0080453125,1.086895,0,0,Rest,0.0,0.0,0.0,0.0,0.0,0,1
5,P5_MO_G2,MO,F,O19,12,2,268.5,16.82,9.45,13.573333333333332,52.8,8.499999999999998,756.7875222222222,18.398935829,1.100986,216.80204989583336,213.92545634920634,1.0080453125,1.086895,0,0,Rest,0.0,0.0,0.0,0.0,0.0,0,1
5,P5_MO_G3,MO,F,O19,12,2,268.5,16.82,9.45,13.573333333333332,52.8,8.499999999999998,756.7875222222222,18.398935829,1.100986,216.80204989583336,213.92545634920634,1.0080453125,1.086895,0,0,Rest,0.0,0.0,0.0,0.0,0.0,0,1
5,P5_FUS_G1,FUS,M,O19,12,2,268.5,16.82,9.45,13.573333333333332,52.8,8.499999999999998,51.55939444444445,1.4373516199999998,0.7899986944444444,29.544947916666665,17.908811111111113,0.7436183854166667,0.7313225000000001,0,0,Rest,0.0,0.0,0.0,0.0,5.0,1,0
5,P5_FUS_G2,FUS,M,O19,12,2,268.5,16.82,9.45,13.573333333333332,52.8,8.499999999999998,51.55939444444445,1.4373516199999998,0.7899986944444444,29.544947916666665,17.908811111111113,0.7436183854166667,0.7313225000000001,0,0,Rest,0.0,0.0,0.0,0.0,2.0,1,0
5,P5_FUS_G3,FUS,M,O19,12,2,268.5,16.82,9.45,13.573333333333332,52.8,8.499999999999998,51.55939444444445,1.4373516199999998,0.7899986944444444,29.544947916666665,17.908811111111113,0.7436183854166667,0.7313225000000001,0,0,Rest,0.0,0.0,0.0,0.0,3.0,1,0
5,P5_MO_G1,MO,F,O20,13,2,332.9,20.05,12.15,13.431182795698925,128.5,6.55247311827957,975.4556666666666,24.571082999999998,1.0842573333333334,328.4515625,306.3290476190476,1.04494375,1.105977619047619,0,0,Rest,0.0,0.0,0.0,0.0,17.0,0,1
5,P5_MO_G2,MO,F,O20,13,2,332.9,20.05,12.15,13.431182795698925,128.5,6.55247311827957,975.4556666666666,24.571082999999998,1.0842573333333334,328.4515625,306.3290476190476,1.04494375,1.105977619047619,0,0,Rest,0.0,0.0,0.0,0.0,0.0,0,1
5,P5_MO_G3,MO,F,O20,13,2,332.9,20.05,12.15,13.431182795698925,128.5,6.55247311827957,975.4556666666666,24.571082999999998,1.0842573333333334,328.4515625,306.3290476190476,1.04494375,1.105977619047619,0,0,Rest,0.0,0.0,0.0,0.0,0.0,0,1
5,P5_FUS_G1,FUS,M,O20,13,2,332.9,20.05,12.15,13.431182795698925,128.5,6.55247311827957,73.09411111111112,2.0148479999999998,0.8269595,52.831041666666664,15.236190476190476,0.8482940625,0.7824207142857144,0,0,Rest,0.0,0.0,0.0,0.0,2.0,1,0
5,P5_FUS_G2,FUS,M,O20,13,2,332.9,20.05,12.15,13.431182795698925,128.5,6.55247311827957,73.09411111111112,2.0148479999999998,0.8269595,52.831041666666664,15.236190476190476,0.8482940625,0.7824207142857144,0,0,Rest,0.0,0.0,0.0,0.0,0.0,1,0
5,P5_FUS_G3,FUS,M,O20,13,2,332.9,20.05,12.15,13.431182795698925,128.5,6.55247311827957,73.09411111111112,2.0148479999999998,0.8269595,52.831041666666664,15.236190476190476,0.8482940625,0.7824207142857144,0,0,Rest,0.0,0.0,0.0,0.0,1.0,1,0
5,P5_MO_G1,MO,F,O21,14,2,254.2,17.54,8.85,12.861827956989247,55.4,11.245161290322583,869.3336666666667,23.399452124999996,1.0151901666666667,337.36972767857145,309.48209199134203,0.9661597321428572,1.065224604978355,0,0,Rest,0.0,0.0,0.0,0.0,0.0,0,1
5,P5_MO_G2,MO,F,O21,14,2,254.2,17.54,8.85,12.861827956989247,55.4,11.245161290322583,869.3336666666667,23.399452124999996,1.0151901666666667,337.36972767857145,309.48209199134203,0.9661597321428572,1.065224604978355,0,0,Rest,0.0,0.0,0.0,0.0,0.0,0,1
5,P5_MO_G3,MO,F,O21,14,2,254.2,17.54,8.85,12.861827956989247,55.4,11.245161290322583,869.3336666666667,23.399452124999996,1.0151901666666667,337.36972767857145,309.48209199134203,0.9661597321428572,1.065224604978355,0,0,Rest,0.0,0.0,0.0,0.0,0.0,0,1
5,P5_FUS_G1,FUS,M,O21,14,2,254.2,17.54,8.85,12.861827956989247,55.4,11.245161290322583,98.39322222222222,2.7628546049999994,0.8015988333333333,40.36328511904762,42.95580546536797,0.8185490550595238,0.8055517207792209,0,0,Rest,0.0,0.0,0.0,0.0,0.0,1,0
5,P5_FUS_G2,FUS,M,O21,14,2,254.2,17.54,8.85,12.861827956989247,55.4,11.245161290322583,98.39322222222222,2.7628546049999994,0.8015988333333333,40.36328511904762,42.95580546536797,0.8185490550595238,0.8055517207792209,0,0,Rest,0.0,0.0,0.0,0.0,0.0,1,0
5,P5_FUS_G3,FUS,M,O21,14,2,254.2,17.54,8.85,12.861827956989247,55.4,11.245161290322583,98.39322222222222,2.7628546049999994,0.8015988333333333,40.36328511904762,42.95580546536797,0.8185490550595238,0.8055517207792209,0,0,Rest,0.0,0.0,0.0,0.0,0.0,1,0
5,P5_MO_G1,MO,F,O22,15,2,359.8,22.05,11.17,12.09611111111111,135.4,10.541935483870969,763.2116666666666,22.227821249999998,0.946123,346.2878928571429,312.6351363636364,0.8873757142857143,1.024471590909091,0,0,Rest,1.4,2.0,2.0,10.1,0.0,0,1
5,P5_MO_G2,MO,F,O22,15,2,359.8,22.05,11.17,12.09611111111111,135.4,10.541935483870969,763.2116666666666,22.227821249999998,0.946123,346.2878928571429,312.6351363636364,0.8873757142857143,1.024471590909091,0,0,Rest,3.1,10.0,5.0,7.51,5.0,0,1
5,P5_MO_G3,MO,F,O22,15,2,359.8,22.05,11.17,12.09611111111111,135.4,10.541935483870969,763.2116666666666,22.227821249999998,0.946123,346.2878928571429,312.6351363636364,0.8873757142857143,1.024471590909091,0,0,Rest,4.3,13.0,10.0,28.29,3.0,0,1
5,P5_FUS_G1,FUS,M,O22,15,2,359.8,22.05,11.17,12.09611111111111,135.4,10.541935483870969,123.69233333333334,3.5108612099999994,0.7762381666666667,27.89552857142857,70.67542045454546,0.7888040476190477,0.8286827272727273,0,0,Rest,5.9,11.0,6.0,0.0,5.0,1,0
5,P5_FUS_G2,FUS,M,O22,15,2,359.8,22.05,11.17,12.09611111111111,135.4,10.541935483870969,123.69233333333334,3.5108612099999994,0.7762381666666667,27.89552857142857,70.67542045454546,0.7888040476190477,0.8286827272727273,0,0,Rest,4.1,9.0,5.0,17.95,4.0,1,0
5,P5_FUS_G3,FUS,M,O22,15,2,359.8,22.05,11.17,12.09611111111111,135.4,10.541935483870969,123.69233333333334,3.5108612099999994,0.7762381666666667,27.89552857142857,70.67542045454546,0.7888040476190477,0.8286827272727273,0,0,Rest,0.0,0.0,0.0,0.0,0.0,1,0
5,P5_MO_G1,MO,F,O24,16,2,456.0,23.82,13.0,11.275268817204301,168.5,11.658064516129032,653.3528333333334,18.470978024999997,0.9771891666666667,256.1499776785714,244.4850056818182,0.9689269196428572,1.0528023579545454,1,2,Transition,19.2,4.0,2.0,25.4,2.0,0,1
5,P5_MO_G2,MO,F,O24,16,2,456.0,23.82,13.0,11.275268817204301,168.5,11.658064516129032,653.3528333333334,18.470978024999997,0.9771891666666667,256.1499776785714,244.4850056818182,0.9689269196428572,1.0528023579545454,1,2,Transition,12.0,7.0,5.0,0.0,2.0,0,1
5,P5_MO_G3,MO,F,O24,16,2,456.0,23.82,13.0,11.275268817204301,168.5,11.658064516129032,653.3528333333334,18.470978024999997,0.9771891666666667,256.1499776785714,244.4850056818182,0.9689269196428572,1.0528023579545454,1,2,Transition,11.4,6.0,4.0,0.0,2.0,0,1
5,P5_FUS_G1,FUS,M,O24,16,2,456.0,23.82,13.0,11.275268817204301,168.5,11.658064516129032,113.35729166666667,3.2460577499999994,0.6530068333333333,24.833476785714282,63.56088731060606,0.5984275446428572,0.7441341761363636,1,2,Transition,27.6,13.0,13.0,414.37,0.0,1,0
5,P5_FUS_G2,FUS,M,O24,16,2,456.0,23.82,13.0,11.275268817204301,168.5,11.658064516129032,113.35729166666667,3.2460577499999994,0.6530068333333333,24.833476785714282,63.56088731060606,0.5984275446428572,0.7441341761363636,1,2,Transition,18.7,10.0,9.0,7.15,1.0,1,0
5,P5_FUS_G3,FUS,M,O24,16,2,456.0,23.82,13.0,11.275268817204301,168.5,11.658064516129032,113.35729166666667,3.2460577499999994,0.6530068333333333,24.833476785714282,63.56088731060606,0.5984275446428572,0.7441341761363636,1,2,Transition,11.5,14.0,11.0,59.67,3.0,1,0
5,P5_MO_G1,MO,F,O26,17,2,388.05,22.97,12.9,10.541111111111112,95.9,9.483333333333333,543.494,14.714134799999998,1.0082553333333333,166.01206249999998,176.334875,1.050478125,1.081133125,1,1,Growth,1.8,4.0,0.0,46.42,4.0,0,1
5,P5_MO_G2,MO,F,O26,17,2,388.05,22.97,12.9,10.541111111111112,95.9,9.483333333333333,543.494,14.714134799999998,1.0082553333333333,166.01206249999998,176.334875,1.050478125,1.081133125,1,1,Growth,7.9,0.0,0.0,60.36,1.0,0,1
5,P5_MO_G3,MO,F,O26,17,2,388.05,22.97,12.9,10.541111111111112,95.9,9.483333333333333,543.494,14.714134799999998,1.0082553333333333,166.01206249999998,176.334875,1.050478125,1.081133125,1,1,Growth,25.4,2.0,2.0,156.2,0.0,0,1
5,P5_FUS_G1,FUS,M,O26,17,2,388.05,22.97,12.9,10.541111111111112,95.9,9.483333333333333,103.02225,2.98125429,0.5297755,21.771424999999997,56.44635416666667,0.40805104166666667,0.659585625,1,1,Growth,14.8,1.0,1.0,532.48,0.0,1,0
5,P5_FUS_G2,FUS,M,O26,17,2,388.05,22.97,12.9,10.541111111111112,95.9,9.483333333333333,103.02225,2.98125429,0.5297755,21.771424999999997,56.44635416666667,0.40805104166666667,0.659585625,1,1,Growth,16.0,5.0,4.0,479.05,1.0,1,0
5,P5_FUS_G3,FUS,M,O26,17,2,388.05,22.97,12.9,10.541111111111112,95.9,9.483333333333333,103.02225,2.98125429,0.5297755,21.771424999999997,56.44635416666667,0.40805104166666667,0.659585625,1,1,Growth,10.2,0.0,0.0,206.32,0.0,1,0
5,P5_MO_G1,MO,F,O27,18,2,322.5,27.26,16.68,10.145698924731182,23.3,10.490322580645163,588.9449166666667,20.34104046,0.9725731666666666,234.0997395833333,440.4505625,0.9222220833333333,1.0517682291666666,0,2,Transition,0.0,0.0,0.0,0.0,0.0,0,1
5,P5_MO_G2,MO,F,O27,18,2,322.5,27.26,16.68,10.145698924731182,23.3,10.490322580645163,588.9449166666667,20.34104046,0.9725731666666666,234.0997395833333,440.4505625,0.9222220833333333,1.0517682291666666,0,2,Transition,0.0,0.0,0.0,0.0,0.0,0,1
5,P5_MO_G3,MO,F,O27,18,2,322.5,27.26,16.68,10.145698924731182,23.3,10.490322580645163,588.9449166666667,20.34104046,0.9725731666666666,234.0997395833333,440.4505625,0.9222220833333333,1.0517682291666666,0,2,Transition,0.0,0.0,0.0,0.0,0.0,0,1
5,P5_FUS_G1,FUS,M,O27,18,2,322.5,27.26,16.68,10.145698924731182,23.3,10.490322580645163,89.20676388888889,3.0331109649999997,0.5531994166666666,26.88743125,71.78180902777778,0.5250030208333333,0.6832235069444443,0,2,Transition,0.0,0.0,0.0,38.76,0.0,1,0
5,P5_FUS_G2,FUS,M,O27,18,2,322.5,27.26,16.68,10.145698924731182,23.3,10.490322580645163,89.20676388888889,3.0331109649999997,0.5531994166666666,26.88743125,71.78180902777778,0.5250030208333333,0.6832235069444443,0,2,Transition,1.6,0.0,0.0,131.64,0.0,1,0
5,P5_FUS_G3,FUS,M,O27,18,2,322.5,27.26,16.68,10.145698924731182,23.3,10.490322580645163,89.20676388888889,3.0331109649999997,0.5531994166666666,26.88743125,71.78180902777778,0.5250030208333333,0.6832235069444443,0,2,Transition,0.1,0.0,0.0,8.98,0.0,1,0
5,P5_MO_G1,MO,F,O29,19,2,779.8,28.02,17.42,10.325806451612904,187.5,9.98709677419355,634.3958333333334,25.96794612,0.9368909999999999,302.18741666666665,704.56625,0.7939660416666667,1.0224033333333333,0,0,Rest,0.0,0.0,0.0,0.0,0.0,0,1
5,P5_MO_G2,MO,F,O29,19,2,779.8,28.02,17.42,10.325806451612904,187.5,9.98709677419355,634.3958333333334,25.96794612,0.9368909999999999,302.18741666666665,704.56625,0.7939660416666667,1.0224033333333333,0,0,Rest,0.0,0.0,0.0,0.0,0.0,0,1
5,P5_MO_G3,MO,F,O29,19,2,779.8,28.02,17.42,10.325806451612904,187.5,9.98709677419355,634.3958333333334,25.96794612,0.9368909999999999,302.18741666666665,704.56625,0.7939660416666667,1.0224033333333333,0,0,Rest,0.0,0.0,0.0,0.0,0.0,0,1
5,P5_FUS_G1,FUS,M,O29,19,2,779.8,28.02,17.42,10.325806451612904,187.5,9.98709677419355,75.39127777777777,3.08496764,0.5766233333333333,32.0034375,87.11726388888889,0.6419549999999999,0.7068613888888888,0,0,Rest,0.0,0.0,0.0,0.0,0.0,1,0
5,P5_FUS_G2,FUS,M,O29,19,2,779.8,28.02,17.42,10.325806451612904,187.5,9.98709677419355,75.39127777777777,3.08496764,0.5766233333333333,32.0034375,87.11726388888889,0.6419549999999999,0.7068613888888888,0,0,Rest,0.0,0.0,0.0,0.0,0.0,1,0
5,P5_FUS_G3,FUS,M,O29,19,2,779.8,28.02,17.42,10.325806451612904,187.5,9.98709677419355,75.39127777777777,3.08496764,0.5766233333333333,32.0034375,87.11726388888889,0.6419549999999999,0.7068613888888888,0,0,Rest,0.0,0.0,0.0,0.0,0.0,1,0
5,P5_MO_G1,MO,F,O31,20,2,643.7,28.42,17.34,10.939880952380951,13.0,11.763178571428575,519.1779166666666,20.25661176,0.864286,244.32847023809524,538.8165113636363,0.7380058779761904,0.8837241666666666,1,2,Transition,0.0,0.0,0.0,0.0,0.0,0,1
5,P5_MO_G2,MO,F,O31,20,2,643.7,28.42,17.34,10.939880952380951,13.0,11.763178571428575,519.1779166666666,20.25661176,0.864286,244.32847023809524,538.8165113636363,0.7380058779761904,0.8837241666666666,1,2,Transition,0.0,0.0,0.0,0.0,0.0,0,1
5,P5_MO_G3,MO,F,O31,20,2,643.7,28.42,17.34,10.939880952380951,13.0,11.763178571428575,519.1779166666666,20.25661176,0.864286,244.32847023809524,538.8165113636363,0.7380058779761904,0.8837241666666666,1,2,Transition,14.9,2.0,2.0,311.6,0.0,0,1
5,P5_FUS_G1,FUS,M,O31,20,2,643.7,28.42,17.34,10.939880952380951,13.0,11.763178571428575,63.33105555555555,2.2653747895,0.616657,21.791160773809523,57.8394273989899,0.625140238095238,0.7060227398989898,1,2,Transition,16.7,7.0,7.0,27.2,0.0,1,0
5,P5_FUS_G2,FUS,M,O31,20,2,643.7,28.42,17.34,10.939880952380951,13.0,11.763178571428575,63.33105555555555,2.2653747895,0.616657,21.791160773809523,57.8394273989899,0.625140238095238,0.7060227398989898,1,2,Transition,0.2,0.0,0.0,0.0,0.0,1,0
5,P5_FUS_G3,FUS,M,O31,20,2,643.7,28.42,17.34,10.939880952380951,13.0,11.763178571428575,63.33105555555555,2.2653747895,0.616657,21.791160773809523,57.8394273989899,0.625140238095238,0.7060227398989898,1,2,Transition,0.0,0.0,0.0,2.86,0.0,1,0
5,P5_MO_G1,MO,F,O33,21,2,509.1,27.9,17.21,11.73225806451613,127.69999999999999,11.061290322580646,403.96,14.5452774,0.7916810000000001,186.46952380952382,373.0667727272727,0.6820457142857143,0.745045,1,1,Growth,4.3,15.0,15.0,87.97,0.0,0,1
5,P5_MO_G2,MO,F,O33,21,2,509.1,27.9,17.21,11.73225806451613,127.69999999999999,11.061290322580646,403.96,14.5452774,0.7916810000000001,186.46952380952382,373.0667727272727,0.6820457142857143,0.745045,1,1,Growth,0.0,8.0,0.0,0.0,8.0,0,1
5,P5_MO_G3,MO,F,O33,21,2,509.1,27.9,17.21,11.73225806451613,127.69999999999999,11.061290322580646,403.96,14.5452774,0.7916810000000001,186.46952380952382,373.0667727272727,0.6820457142857143,0.745045,1,1,Growth,0.0,0.0,0.0,0.0,0.0,0,1
5,P5_FUS_G1,FUS,M,O33,21,2,509.1,27.9,17.21,11.73225806451613,127.69999999999999,11.061290322580646,51.270833333333336,1.4457819389999997,0.6566906666666666,11.578884047619047,28.56159090909091,0.6083254761904762,0.7051840909090908,1,1,Growth,13.1,21.0,15.0,234.73,6.0,1,0
5,P5_FUS_G2,FUS,M,O33,21,2,509.1,27.9,17.21,11.73225806451613,127.69999999999999,11.061290322580646,51.270833333333336,1.4457819389999997,0.6566906666666666,11.578884047619047,28.56159090909091,0.6083254761904762,0.7051840909090908,1,1,Growth,5.4,8.0,5.0,32.75,3.0,1,0
5,P5_FUS_G3,FUS,M,O33,21,2,509.1,27.9,17.21,11.73225806451613,127.69999999999999,11.061290322580646,51.270833333333336,1.4457819389999997,0.6566906666666666,11.578884047619047,28.56159090909091,0.6083254761904762,0.7051840909090908,1,1,Growth,11.7,7.0,4.0,45.76,3.0,1,0
5,P5_MO_G1,MO,F,O35,22,2,501.15,25.0,16.32,12.550555555555555,194.0,7.8100000000000005,294.23741666666666,9.794062845,0.8190529166666667,115.70453221726191,237.7302792207792,0.7740194196428571,0.7850082142857142,1,1,Growth,0.0,0.0,0.0,0.0,0.0,0,1
5,P5_MO_G2,MO,F,O35,22,2,501.15,25.0,16.32,12.550555555555555,194.0,7.8100000000000005,294.23741666666666,9.794062845,0.8190529166666667,115.70453221726191,237.7302792207792,0.7740194196428571,0.7850082142857142,1,1,Growth,0.0,3.0,0.0,0.0,3.0,0,1
5,P5_MO_G3,MO,F,O35,22,2,501.15,25.0,16.32,12.550555555555555,194.0,7.8100000000000005,294.23741666666666,9.794062845,0.8190529166666667,115.70453221726191,237.7302792207792,0.7740194196428571,0.7850082142857142,1,1,Growth,0.0,20.0,0.0,0.0,20.0,0,1
5,P5_FUS_G1,FUS,M,O35,22,2,501.15,25.0,16.32,12.550555555555555,194.0,7.8100000000000005,56.19375,1.4463646094999998,0.7005171666666667,13.583049836309524,22.106589502164503,0.617539144345238,0.7611390692640693,1,1,Growth,0.0,4.0,3.0,0.0,1.0,1,0
5,P5_FUS_G2,FUS,M,O35,22,2,501.15,25.0,16.32,12.550555555555555,194.0,7.8100000000000005,56.19375,1.4463646094999998,0.7005171666666667,13.583049836309524,22.106589502164503,0.617539144345238,0.7611390692640693,1,1,Growth,1.1,0.0,0.0,157.78,0.0,1,0
5,P5_FUS_G3,FUS,M,O35,22,2,501.15,25.0,16.32,12.550555555555555,194.0,7.8100000000000005,56.19375,1.4463646094999998,0.7005171666666667,13.583049836309524,22.106589502164503,0.617539144345238,0.7611390692640693,1,1,Growth,0.0,0.0,0.0,0.0,0.0,1,0
5,P5_MO_G1,MO,F,O37,23,2,338.95,20.16,11.71,13.236979166666666,217.70000000000002,8.432258064516128,184.5148333333333,5.042848289999999,0.8464248333333334,44.939540625,102.39378571428571,0.865993125,0.8249714285714286,0,2,Transition,5.4,1.0,1.0,2.0,0.0,0,1
5,P5_MO_G2,MO,F,O37,23,2,338.95,20.16,11.71,13.236979166666666,217.70000000000002,8.432258064516128,184.5148333333333,5.042848289999999,0.8464248333333334,44.939540625,102.39378571428571,0.865993125,0.8249714285714286,0,2,Transition,0.0,0.0,0.0,0.0,0.0,0,1
5,P5_MO_G3,MO,F,O37,23,2,338.95,20.16,11.71,13.236979166666666,217.70000000000002,8.432258064516128,184.5148333333333,5.042848289999999,0.8464248333333334,44.939540625,102.39378571428571,0.865993125,0.8249714285714286,0,2,Transition,0.0,33.0,0.0,0.0,33.0,0,1
5,P5_FUS_G1,FUS,M,O37,23,2,338.95,20.16,11.71,13.236979166666666,217.70000000000002,8.432258064516128,61.11666666666667,1.4469472799999998,0.7443436666666667,15.587215624999999,15.651588095238097,0.6267528125,0.8170940476190477,0,2,Transition,0.0,5.0,5.0,0.0,0.0,1,0
5,P5_FUS_G2,FUS,M,O37,23,2,338.95,20.16,11.71,13.236979166666666,217.70000000000002,8.432258064516128,61.11666666666667,1.4469472799999998,0.7443436666666667,15.587215624999999,15.651588095238097,0.6267528125,0.8170940476190477,0,2,Transition,0.0,0.0,0.0,0.0,0.0,1,0
5,P5_FUS_G3,FUS,M,O37,23,2,338.95,20.16,11.71,13.236979166666666,217.70000000000002,8.432258064516128,61.11666666666667,1.4469472799999998,0.7443436666666667,15.587215624999999,15.651588095238097,0.6267528125,0.8170940476190477,0,2,Transition,0.0,0.0,0.0,0.0,0.0,1,0
5,P5_MO_G1,MO,F,O38,24,2,194.65,23.29,14.52,13.575,,,184.5148333333333,5.042848289999999,0.8464248333333334,44.939540625,102.39378571428571,0.865993125,0.8249714285714286,0,0,Rest,0.0,0.0,0.0,0.0,0.0,0,1
5,P5_MO_G2,MO,F,O38,24,2,194.65,23.29,14.52,13.575,,,184.5148333333333,5.042848289999999,0.8464248333333334,44.939540625,102.39378571428571,0.865993125,0.8249714285714286,0,0,Rest,0.0,0.0,0.0,0.0,0.0,0,1
5,P5_MO_G3,MO,F,O38,24,2,194.65,23.29,14.52,13.575,,,184.5148333333333,5.042848289999999,0.8464248333333334,44.939540625,102.39378571428571,0.865993125,0.8249714285714286,0,0,Rest,0.0,0.0,0.0,0.0,0.0,0,1
5,P5_FUS_G1,FUS,M,O38,24,2,194.65,23.29,14.52,13.575,,,61.11666666666667,1.4469472799999998,0.7443436666666667,15.587215624999999,15.651588095238097,0.6267528125,0.8170940476190477,0,0,Rest,0.0,0.0,0.0,0.0,0.0,1,0
5,P5_FUS_G2,FUS,M,O38,24,2,194.65,23.29,14.52,13.575,,,61.11666666666667,1.4469472799999998,0.7443436666666667,15.587215624999999,15.651588095238097,0.6267528125,0.8170940476190477,0,0,Rest,0.0,0.0,0.0,0.0,0.0,1,0
5,P5_FUS_G3,FUS,M,O38,24,2,194.65,23.29,14.52,13.575,,,61.11666666666667,1.4469472799999998,0.7443436666666667,15.587215624999999,15.651588095238097,0.6267528125,0.8170940476190477,0,0,Rest,0.0,0.0,0.0,0.0,0.0,1,0
6,P6_MO_G1,MO,F,O1,0,1,254.5,19.57,12.57,13.576666666666666,124.8,7.6,1474.3933333333332,39.508891999999996,1.1070321666666667,402.03898550724637,562.2480303030303,1.0804234782608695,1.1195831818181818,0,0,Rest,0.0,0.0,0.0,0.0,0.0,0,1
6,P6_MO_G2,MO,F,O1,0,1,254.5,19.57,12.57,13.576666666666666,124.8,7.6,1474.3933333333332,39.508891999999996,1.1070321666666667,402.03898550724637,562.2480303030303,1.0804234782608695,1.1195831818181818,0,0,Rest,0.0,0.0,0.0,0.0,0.0,0,1
6,P6_MO_G3,MO,F,O1,0,1,254.5,19.57,12.57,13.576666666666666,124.8,7.6,1474.3933333333332,39.508891999999996,1.1070321666666667,402.03898550724637,562.2480303030303,1.0804234782608695,1.1195831818181818,0,0,Rest,0.0,0.0,0.0,0.0,0.0,0,1
6,P6_FUS_G1,FUS,M,O1,0,1,254.5,19.57,12.57,13.576666666666666,124.8,7.6,168.69500000000002,5.280435,0.6713425555555556,47.088913043478264,120.765,0.7038765217391305,0.7234356060606061,0,0,Rest,0.0,0.0,0.0,0.0,0.0,1,0
6,P6_FUS_G2,FUS,M,O1,0,1,254.5,19.57,12.57,13.576666666666666,124.8,7.6,168.69500000000002,5.280435,0.6713425555555556,47.088913043478264,120.765,0.7038765217391305,0.7234356060606061,0,0,Rest,0.0,0.0,0.0,0.0,0.0,1,0
6,P6_FUS_G3,FUS,M,O1,0,1,254.5,19.57,12.57,13.576666666666666,124.8,7.6,168.69500000000002,5.280435,0.6713425555555556,47.088913043478264,120.765,0.7038765217391305,0.7234356060606061,0,0,Rest,0.0,0.0,0.0,0.0,0.0,1,0
6,P6_MO_G1,MO,F,O2,1,1,282.1,18.87,9.94,13.418279569892475,92.9,9.058064516129035,1474.3933333333332,39.508891999999996,1.1070321666666667,402.03898550724637,562.2480303030303,1.0804234782608695,1.1195831818181818,0,0,Rest,0.0,0.0,0.0,0.0,0.0,0,1
6,P6_MO_G2,MO,F,O2,1,1,282.1,18.87,9.94,13.418279569892475,92.9,9.058064516129035,1474.3933333333332,39.508891999999996,1.1070321666666667,402.03898550724637,562.2480303030303,1.0804234782608695,1.1195831818181818,0,0,Rest,0.0,0.0,0.0,0.0,0.0,0,1
6,P6_MO_G3,MO,F,O2,1,1,282.1,18.87,9.94,13.418279569892475,92.9,9.058064516129035,1474.3933333333332,39.508891999999996,1.1070321666666667,402.03898550724637,562.2480303030303,1.0804234782608695,1.1195831818181818,0,0,Rest,0.0,0.0,0.0,0.0,0.0,0,1
6,P6_FUS_G1,FUS,M,O2,1,1,282.1,18.87,9.94,13.418279569892475,92.9,9.058064516129035,168.69500000000002,5.280435,0.6713425555555556,47.088913043478264,120.765,0.7038765217391305,0.7234356060606061,0,0,Rest,0.0,0.0,0.0,0.0,0.0,1,0
6,P6_FUS_G2,FUS,M,O2,1,1,282.1,18.87,9.94,13.418279569892475,92.9,9.058064516129035,168.69500000000002,5.280435,0.6713425555555556,47.088913043478264,120.765,0.7038765217391305,0.7234356060606061,0,0,Rest,0.0,0.0,0.0,0.0,0.0,1,0
6,P6_FUS_G3,FUS,M,O2,1,1,282.1,18.87,9.94,13.418279569892475,92.9,9.058064516129035,168.69500000000002,5.280435,0.6713425555555556,47.088913043478264,120.765,0.7038765217391305,0.7234356060606061,0,0,Rest,0.0,0.0,0.0,0.0,0.0,1,0
6,P6_MO_G1,MO,F,O3,2,1,326.2,21.57,10.18,12.839247311827956,73.7,11.245161290322581,1474.3933333333332,39.508891999999996,1.1070321666666667,402.03898550724637,562.2480303030303,1.0804234782608695,1.1195831818181818,0,0,Rest,0.0,0.0,0.0,0.0,0.0,0,1
6,P6_MO_G2,MO,F,O3,2,1,326.2,21.57,10.18,12.839247311827956,73.7,11.245161290322581,1474.3933333333332,39.508891999999996,1.1070321666666667,402.03898550724637,562.2480303030303,1.0804234782608695,1.1195831818181818,0,0,Rest,0.0,0.0,0.0,0.0,0.0,0,1
6,P6_MO_G3,MO,F,O3,2,1,326.2,21.57,10.18,12.839247311827956,73.7,11.245161290322581,1474.3933333333332,39.508891999999996,1.1070321666666667,402.03898550724637,562.2480303030303,1.0804234782608695,1.1195831818181818,0,0,Rest,0.0,0.0,0.0,0.0,0.0,0,1
6,P6_FUS_G1,FUS,M,O3,2,1,326.2,21.57,10.18,12.839247311827956,73.7,11.245161290322581,168.69500000000002,5.280435,0.6713425555555556,47.088913043478264,120.765,0.7038765217391305,0.7234356060606061,0,0,Rest,0.0,0.0,0.0,0.0,0.0,1,0
6,P6_FUS_G2,FUS,M,O3,2,1,326.2,21.57,10.18,12.839247311827956,73.7,11.245161290322581,168.69500000000002,5.280435,0.6713425555555556,47.088913043478264,120.765,0.7038765217391305,0.7234356060606061,0,0,Rest,0.0,0.0,0.0,0.0,0.0,1,0
6,P6_FUS_G3,FUS,M,O3,2,1,326.2,21.57,10.18,12.839247311827956,73.7,11.245161290322581,168.69500000000002,5.280435,0.6713425555555556,47.088913043478264,120.765,0.7038765217391305,0.7234356060606061,0,0,Rest,0.0,0.0,0.0,0.0,0.0,1,0
6,P6_MO_G1,MO,F,O5,3,1,281.7,20.17,8.61,12.069444444444445,31.5,11.493333333333336,1474.3933333333332,39.508891999999996,1.1070321666666667,402.03898550724637,562.2480303030303,1.0804234782608695,1.1195831818181818,0,0,Rest,4.0,20.0,6.0,41.36,14.0,0,1
6,P6_MO_G2,MO,F,O5,3,1,281.7,20.17,8.61,12.069444444444445,31.5,11.493333333333336,1474.3933333333332,39.508891999999996,1.1070321666666667,402.03898550724637,562.2480303030303,1.0804234782608695,1.1195831818181818,0,0,Rest,1.5,11.0,4.0,7.56,7.0,0,1
6,P6_MO_G3,MO,F,O5,3,1,281.7,20.17,8.61,12.069444444444445,31.5,11.493333333333336,1474.3933333333332,39.508891999999996,1.1070321666666667,402.03898550724637,562.2480303030303,1.0804234782608695,1.1195831818181818,0,0,Rest,0.0,0.0,0.0,0.0,0.0,0,1
6,P6_FUS_G1,FUS,M,O5,3,1,281.7,20.17,8.61,12.069444444444445,31.5,11.493333333333336,168.69500000000002,5.280435,0.6713425555555556,47.088913043478264,120.765,0.7038765217391305,0.7234356060606061,0,0,Rest,39.1,21.0,20.0,696.96,1.0,1,0
6,P6_FUS_G2,FUS,M,O5,3,1,281.7,20.17,8.61,12.069444444444445,31.5,11.493333333333336,168.69500000000002,5.280435,0.6713425555555556,47.088913043478264,120.765,0.7038765217391305,0.7234356060606061,0,0,Rest,26.4,23.0,16.0,579.98,7.0,1,0
6,P6_FUS_G3,FUS,M,O5,3,1,281.7,20.17,8.61,12.069444444444445,31.5,11.493333333333336,168.69500000000002,5.280435,0.6713425555555556,47.088913043478264,120.765,0.7038765217391305,0.7234356060606061,0,0,Rest,28.3,20.0,13.0,543.35,7.0,1,0
6,P6_MO_G1,MO,F,O7,4,1,460.1,24.84,14.85,11.248924731182797,173.1,10.503225806451614,1653.4391666666666,47.820049149999996,1.1107365277777776,647.6092844202899,636.3643276515152,1.0865897946859904,1.1215947159090909,1,2,Transition,12.0,9.0,9.0,340.36,0.0,0,1
6,P6_MO_G2,MO,F,O7,4,1,460.1,24.84,14.85,11.248924731182797,173.1,10.503225806451614,1653.4391666666666,47.820049149999996,1.1107365277777776,647.6092844202899,636.3643276515152,1.0865897946859904,1.1215947159090909,1,2,Transition,10.7,8.0,8.0,345.19,0.0,0,1
6,P6_MO_G3,MO,F,O7,4,1,460.1,24.84,14.85,11.248924731182797,173.1,10.503225806451614,1653.4391666666666,47.820049149999996,1.1107365277777776,647.6092844202899,636.3643276515152,1.0865897946859904,1.1215947159090909,1,2,Transition,18.6,23.0,11.0,195.35,12.0,0,1
6,P6_FUS_G1,FUS,M,O7,4,1,460.1,24.84,14.85,11.248924731182797,173.1,10.503225806451614,125.61441666666667,3.834195,0.6907866944444445,40.06020652173913,74.78767708333334,0.5979687817028986,0.6854532196969697,1,2,Transition,30.1,10.0,10.0,1046.06,0.0,1,0
6,P6_FUS_G2,FUS,M,O7,4,1,460.1,24.84,14.85,11.248924731182797,173.1,10.503225806451614,125.61441666666667,3.834195,0.6907866944444445,40.06020652173913,74.78767708333334,0.5979687817028986,0.6854532196969697,1,2,Transition,5.3,2.0,2.0,306.25,0.0,1,0
6,P6_FUS_G3,FUS,M,O7,4,1,460.1,24.84,14.85,11.248924731182797,173.1,10.503225806451614,125.61441666666667,3.834195,0.6907866944444445,40.06020652173913,74.78767708333334,0.5979687817028986,0.6854532196969697,1,2,Transition,25.33,11.0,10.0,433.7,1.0,1,0
6,P6_MO_G1,MO,F,O9,5,1,444.8,24.43,15.22,10.520555555555555,188.2,8.726666666666668,1832.4850000000001,56.131206299999995,1.1144408888888888,893.1795833333334,710.480625,1.092756111111111,1.12360625,1,1,Growth,7.0,6.0,6.0,387.23,0.0,0,1
6,P6_MO_G2,MO,F,O9,5,1,444.8,24.43,15.22,10.520555555555555,188.2,8.726666666666668,1832.4850000000001,56.131206299999995,1.1144408888888888,893.1795833333334,710.480625,1.092756111111111,1.12360625,1,1,Growth,11.7,6.0,3.0,185.44,3.0,0,1
6,P6_MO_G3,MO,F,O9,5,1,444.8,24.43,15.22,10.520555555555555,188.2,8.726666666666668,1832.4850000000001,56.131206299999995,1.1144408888888888,893.1795833333334,710.480625,1.092756111111111,1.12360625,1,1,Growth,23.9,9.0,8.0,525.4,1.0,0,1
6,P6_FUS_G1,FUS,M,O9,5,1,444.8,24.43,15.22,10.520555555555555,188.2,8.726666666666668,82.53383333333333,2.387955,0.7102308333333334,33.0315,28.810354166666666,0.49206104166666664,0.6474708333333333,1,1,Growth,11.0,2.0,3.0,919.4,0.0,1,0
6,P6_FUS_G2,FUS,M,O9,5,1,444.8,24.43,15.22,10.520555555555555,188.2,8.726666666666668,82.53383333333333,2.387955,0.7102308333333334,33.0315,28.810354166666666,0.49206104166666664,0.6474708333333333,1,1,Growth,0.2,0.0,0.0,18.5,0.0,1,0
6,P6_FUS_G3,FUS,M,O9,5,1,444.8,24.43,15.22,10.520555555555555,188.2,8.726666666666668,82.53383333333333,2.387955,0.7102308333333334,33.0315,28.810354166666666,0.49206104166666664,0.6474708333333333,1,1,Growth,15.87,5.0,5.0,691.21,0.0,1,0
6,P6_MO_G1,MO,F,O10,6,1,398.8,27.7,16.98,10.141935483870967,288.8,11.29032258064516,1705.0033333333336,53.21982704999999,1.0832638694444445,781.453125,779.0920833333333,1.0856867534722223,1.1087103333333332,1,1,Growth,4.5,12.0,1.0,56.1,11.0,0,1
6,P6_MO_G2,MO,F,O10,6,1,398.8,27.7,16.98,10.141935483870967,288.8,11.29032258064516,1705.0033333333336,53.21982704999999,1.0832638694444445,781.453125,779.0920833333333,1.0856867534722223,1.1087103333333332,1,1,Growth,4.7,9.0,3.0,56.9,6.0,0,1
6,P6_MO_G3,MO,F,O10,6,1,398.8,27.7,16.98,10.141935483870967,288.8,11.29032258064516,1705.0033333333336,53.21982704999999,1.0832638694444445,781.453125,779.0920833333333,1.0856867534722223,1.1087103333333332,1,1,Growth,2.7,2.0,1.0,94.75,1.0,0,1
6,P6_FUS_G1,FUS,M,O10,6,1,398.8,27.7,16.98,10.141935483870967,288.8,11.29032258064516,77.3835,2.9195848799999995,0.67345475,29.1351875,76.275625,0.5281754166666666,0.6392845833333334,1,1,Growth,1.2,1.0,1.0,161.1,0.0,1,0
6,P6_FUS_G2,FUS,M,O10,6,1,398.8,27.7,16.98,10.141935483870967,288.8,11.29032258064516,77.3835,2.9195848799999995,0.67345475,29.1351875,76.275625,0.5281754166666666,0.6392845833333334,1,1,Growth,0.0,0.0,0.0,0.0,0.0,1,0
6,P6_FUS_G3,FUS,M,O10,6,1,398.8,27.7,16.98,10.141935483870967,288.8,11.29032258064516,77.3835,2.9195848799999995,0.67345475,29.1351875,76.275625,0.5281754166666666,0.6392845833333334,1,1,Growth,5.5,8.0,1.0,46.18,7.0,1,0
6,P6_MO_G1,MO,F,O12,7,1,625.4,28.29,17.45,10.341397849462364,127.9,10.077419354838707,1577.5216666666668,50.308447799999996,1.05208685,669.7266666666667,847.7035416666666,1.0786173958333334,1.0938144166666668,1,1,Growth,12.0,10.0,7.0,159.96,3.0,0,1
6,P6_MO_G2,MO,F,O12,7,1,625.4,28.29,17.45,10.341397849462364,127.9,10.077419354838707,1577.5216666666668,50.308447799999996,1.05208685,669.7266666666667,847.7035416666666,1.0786173958333334,1.0938144166666668,1,1,Growth,18.4,16.0,15.0,342.15,1.0,0,1
6,P6_MO_G3,MO,F,O12,7,1,625.4,28.29,17.45,10.341397849462364,127.9,10.077419354838707,1577.5216666666668,50.308447799999996,1.05208685,669.7266666666667,847.7035416666666,1.0786173958333334,1.0938144166666668,1,1,Growth,5.3,11.0,0.0,0.0,11.0,0,1
6,P6_FUS_G1,FUS,M,O12,7,1,625.4,28.29,17.45,10.341397849462364,127.9,10.077419354838707,72.23316666666666,3.4512147599999996,0.6366786666666666,25.238874999999997,123.74089583333334,0.5642897916666666,0.6310983333333333,1,1,Growth,1.5,1.0,1.0,4.7,0.0,1,0
6,P6_FUS_G2,FUS,M,O12,7,1,625.4,28.29,17.45,10.341397849462364,127.9,10.077419354838707,72.23316666666666,3.4512147599999996,0.6366786666666666,25.238874999999997,123.74089583333334,0.5642897916666666,0.6310983333333333,1,1,Growth,0.0,0.0,0.0,0.0,0.0,1,0
6,P6_FUS_G3,FUS,M,O12,7,1,625.4,28.29,17.45,10.341397849462364,127.9,10.077419354838707,72.23316666666666,3.4512147599999996,0.6366786666666666,25.238874999999997,123.74089583333334,0.5642897916666666,0.6310983333333333,1,1,Growth,40.6,17.0,8.0,275.5,9.0,1,0
6,P6_MO_G1,MO,F,O13,8,1,384.6,28.3,18.44,10.964880952380952,82.2,10.859605911330046,1319.2091666666668,38.4755949,1.0561539249999998,486.70427083333334,549.7655803571429,1.0952947395833332,1.0710186369047618,1,1,Growth,0.5,1.0,1.0,2.42,0.0,0,1
6,P6_MO_G2,MO,F,O13,8,1,384.6,28.3,18.44,10.964880952380952,82.2,10.859605911330046,1319.2091666666668,38.4755949,1.0561539249999998,486.70427083333334,549.7655803571429,1.0952947395833332,1.0710186369047618,1,1,Growth,15.6,12.0,12.0,166.24,0.0,0,1
6,P6_MO_G3,MO,F,O13,8,1,384.6,28.3,18.44,10.964880952380952,82.2,10.859605911330046,1319.2091666666668,38.4755949,1.0561539249999998,486.70427083333334,549.7655803571429,1.0952947395833332,1.0710186369047618,1,1,Growth,0.0,0.0,0.0,0.0,0.0,0,1
6,P6_FUS_G1,FUS,M,O13,8,1,384.6,28.3,18.44,10.964880952380952,82.2,10.859605911330046,74.65858333333333,2.7920893799999997,0.6385324583333333,25.111104166666664,77.17282886904762,0.5553263541666666,0.6394401190476191,1,1,Growth,0.5,0.0,0.0,0.0,0.0,1,0
6,P6_FUS_G2,FUS,M,O13,8,1,384.6,28.3,18.44,10.964880952380952,82.2,10.859605911330046,74.65858333333333,2.7920893799999997,0.6385324583333333,25.111104166666664,77.17282886904762,0.5553263541666666,0.6394401190476191,1,1,Growth,0.0,0.0,0.0,0.0,0.0,1,0
6,P6_FUS_G3,FUS,M,O13,8,1,384.6,28.3,18.44,10.964880952380952,82.2,10.859605911330046,74.65858333333333,2.7920893799999997,0.6385324583333333,25.111104166666664,77.17282886904762,0.5553263541666666,0.6394401190476191,1,1,Growth,12.5,12.0,7.0,57.6,5.0,1,0
6,P6_MO_G1,MO,F,O15,9,1,699.6,27.02,16.29,11.759677419354839,95.3,11.606451612903225,1060.8966666666668,26.642742,1.0602209999999999,303.681875,251.82761904761907,1.1119720833333333,1.0482228571428571,1,1,Growth,0.0,0.0,0.0,0.0,0.0,0,1
6,P6_MO_G2,MO,F,O15,9,1,699.6,27.02,16.29,11.759677419354839,95.3,11.606451612903225,1060.8966666666668,26.642742,1.0602209999999999,303.681875,251.82761904761907,1.1119720833333333,1.0482228571428571,1,1,Growth,20.0,13.0,9.0,221.4,4.0,0,1
6,P6_MO_G3,MO,F,O15,9,1,699.6,27.02,16.29,11.759677419354839,95.3,11.606451612903225,1060.8966666666668,26.642742,1.0602209999999999,303.681875,251.82761904761907,1.1119720833333333,1.0482228571428571,1,1,Growth,18.2,15.0,14.0,346.57,1.0,0,1
6,P6_FUS_G1,FUS,M,O15,9,1,699.6,27.02,16.29,11.759677419354839,95.3,11.606451612903225,77.084,2.132964,0.6403862499999999,24.983333333333334,30.604761904761908,0.5463629166666667,0.6477819047619048,1,1,Growth,30.6,20.0,14.0,911.34,6.0,1,0
6,P6_FUS_G2,FUS,M,O15,9,1,699.6,27.02,16.29,11.759677419354839,95.3,11.606451612903225,77.084,2.132964,0.6403862499999999,24.983333333333334,30.604761904761908,0.5463629166666667,0.6477819047619048,1,1,Growth,5.2,5.0,4.0,155.0,1.0,1,0
6,P6_FUS_G3,FUS,M,O15,9,1,699.6,27.02,16.29,11.759677419354839,95.3,11.606451612903225,77.084,2.132964,0.6403862499999999,24.983333333333334,30.604761904761908,0.5463629166666667,0.6477819047619048,1,1,Growth,12.8,11.0,10.0,501.25,1.0,1,0
6,P6_MO_G1,MO,F,O17,10,1,508.8,27.73,16.19,12.576111111111112,163.9,10.340000000000002,799.5080222222223,19.434765328999998,1.0889678333333332,204.41720614583332,186.67474206349206,1.0415594791666667,1.058017619047619,1,1,Growth,2.8,4.0,2.0,65.8,2.0,0,1
6,P6_MO_G2,MO,F,O17,10,1,508.8,27.73,16.19,12.576111111111112,163.9,10.340000000000002,799.5080222222223,19.434765328999998,1.0889678333333332,204.41720614583332,186.67474206349206,1.0415594791666667,1.058017619047619,1,1,Growth,7.7,10.0,3.0,10.92,7.0,0,1
6,P6_MO_G3,MO,F,O17,10,1,508.8,27.73,16.19,12.576111111111112,163.9,10.340000000000002,799.5080222222223,19.434765328999998,1.0889678333333332,204.41720614583332,186.67474206349206,1.0415594791666667,1.058017619047619,1,1,Growth,11.1,5.0,5.0,373.22,0.0,0,1
6,P6_FUS_G1,FUS,M,O17,10,1,508.8,27.73,16.19,12.576111111111112,163.9,10.340000000000002,53.55433888888889,1.4964096199999999,0.6967120694444444,15.62109375,25.593096825396827,0.5926528125,0.6640030952380953,1,1,Growth,0.2,0.0,0.0,55.0,0.0,1,0
6,P6_FUS_G2,FUS,M,O17,10,1,508.8,27.73,16.19,12.576111111111112,163.9,10.340000000000002,53.55433888888889,1.4964096199999999,0.6967120694444444,15.62109375,25.593096825396827,0.5926528125,0.6640030952380953,1,1,Growth,2.7,2.0,2.0,87.25,0.0,1,0
6,P6_FUS_G3,FUS,M,O17,10,1,508.8,27.73,16.19,12.576111111111112,163.9,10.340000000000002,53.55433888888889,1.4964096199999999,0.6967120694444444,15.62109375,25.593096825396827,0.5926528125,0.6640030952380953,1,1,Growth,2.5,5.0,5.0,92.65,0.0,1,0
6,P6_MO_G1,MO,F,O18,11,1,257.35,20.67,12.78,13.238888888888889,111.4,6.282795698924733,538.1193777777778,12.226788657999998,1.1177146666666666,105.15253729166666,121.52186507936507,0.971146875,1.067812380952381,0,2,Transition,0.0,0.0,0.0,0.0,0.0,0,1
6,P6_MO_G2,MO,F,O18,11,1,257.35,20.67,12.78,13.238888888888889,111.4,6.282795698924733,538.1193777777778,12.226788657999998,1.1177146666666666,105.15253729166666,121.52186507936507,0.971146875,1.067812380952381,0,2,Transition,0.0,0.0,0.0,0.0,0.0,0,1
6,P6_MO_G3,MO,F,O18,11,1,257.35,20.67,12.78,13.238888888888889,111.4,6.282795698924733,538.1193777777778,12.226788657999998,1.1177146666666666,105.15253729166666,121.52186507936507,0.971146875,1.067812380952381,0,2,Transition,0.0,0.0,0.0,0.0,0.0,0,1
6,P6_FUS_G1,FUS,M,O18,11,1,257.35,20.67,12.78,13.238888888888889,111.4,6.282795698924733,30.02467777777778,0.8598552399999999,0.7530378888888889,6.258854166666667,20.581431746031747,0.6389427083333333,0.6802242857142857,0,2,Transition,0.0,0.0,0.0,0.0,0.0,1,0
6,P6_FUS_G2,FUS,M,O18,11,1,257.35,20.67,12.78,13.238888888888889,111.4,6.282795698924733,30.02467777777778,0.8598552399999999,0.7530378888888889,6.258854166666667,20.581431746031747,0.6389427083333333,0.6802242857142857,0,2,Transition,0.0,0.0,0.0,0.0,0.0,1,0
6,P6_FUS_G3,FUS,M,O18,11,1,257.35,20.67,12.78,13.238888888888889,111.4,6.282795698924733,30.02467777777778,0.8598552399999999,0.7530378888888889,6.258854166666667,20.581431746031747,0.6389427083333333,0.6802242857142857,0,2,Transition,0.0,0.0,0.0,0.0,0.0,1,0
6,P6_MO_G1,MO,F,O19,12,2,268.5,16.82,9.45,13.573333333333332,52.8,8.499999999999998,756.7875222222222,18.398935829,1.100986,216.80204989583336,213.92545634920634,1.0080453125,1.086895,0,0,Rest,0.0,0.0,0.0,0.0,1.0,0,1
6,P6_MO_G2,MO,F,O19,12,2,268.5,16.82,9.45,13.573333333333332,52.8,8.499999999999998,756.7875222222222,18.398935829,1.100986,216.80204989583336,213.92545634920634,1.0080453125,1.086895,0,0,Rest,0.0,0.0,0.0,0.0,12.0,0,1
6,P6_MO_G3,MO,F,O19,12,2,268.5,16.82,9.45,13.573333333333332,52.8,8.499999999999998,756.7875222222222,18.398935829,1.100986,216.80204989583336,213.92545634920634,1.0080453125,1.086895,0,0,Rest,0.0,0.0,0.0,0.0,0.0,0,1
6,P6_FUS_G1,FUS,M,O19,12,2,268.5,16.82,9.45,13.573333333333332,52.8,8.499999999999998,51.55939444444445,1.4373516199999998,0.7899986944444444,29.544947916666665,17.908811111111113,0.7436183854166667,0.7313225000000001,0,0,Rest,0.0,0.0,0.0,0.0,15.0,1,0
6,P6_FUS_G2,FUS,M,O19,12,2,268.5,16.82,9.45,13.573333333333332,52.8,8.499999999999998,51.55939444444445,1.4373516199999998,0.7899986944444444,29.544947916666665,17.908811111111113,0.7436183854166667,0.7313225000000001,0,0,Rest,0.0,0.0,0.0,0.0,1.0,1,0
6,P6_FUS_G3,FUS,M,O19,12,2,268.5,16.82,9.45,13.573333333333332,52.8,8.499999999999998,51.55939444444445,1.4373516199999998,0.7899986944444444,29.544947916666665,17.908811111111113,0.7436183854166667,0.7313225000000001,0,0,Rest,0.0,0.0,0.0,0.0,12.0,1,0
6,P6_MO_G1,MO,F,O20,13,2,332.9,20.05,12.15,13.431182795698925,128.5,6.55247311827957,975.4556666666666,24.571082999999998,1.0842573333333334,328.4515625,306.3290476190476,1.04494375,1.105977619047619,0,0,Rest,0.0,0.0,0.0,0.0,2.0,0,1
6,P6_MO_G2,MO,F,O20,13,2,332.9,20.05,12.15,13.431182795698925,128.5,6.55247311827957,975.4556666666666,24.571082999999998,1.0842573333333334,328.4515625,306.3290476190476,1.04494375,1.105977619047619,0,0,Rest,0.0,0.0,0.0,0.0,0.0,0,1
6,P6_MO_G3,MO,F,O20,13,2,332.9,20.05,12.15,13.431182795698925,128.5,6.55247311827957,975.4556666666666,24.571082999999998,1.0842573333333334,328.4515625,306.3290476190476,1.04494375,1.105977619047619,0,0,Rest,0.0,0.0,0.0,0.0,0.0,0,1
6,P6_FUS_G1,FUS,M,O20,13,2,332.9,20.05,12.15,13.431182795698925,128.5,6.55247311827957,73.09411111111112,2.0148479999999998,0.8269595,52.831041666666664,15.236190476190476,0.8482940625,0.7824207142857144,0,0,Rest,0.0,0.0,0.0,0.0,0.0,1,0
6,P6_FUS_G2,FUS,M,O20,13,2,332.9,20.05,12.15,13.431182795698925,128.5,6.55247311827957,73.09411111111112,2.0148479999999998,0.8269595,52.831041666666664,15.236190476190476,0.8482940625,0.7824207142857144,0,0,Rest,0.0,0.0,0.0,0.0,0.0,1,0
6,P6_FUS_G3,FUS,M,O20,13,2,332.9,20.05,12.15,13.431182795698925,128.5,6.55247311827957,73.09411111111112,2.0148479999999998,0.8269595,52.831041666666664,15.236190476190476,0.8482940625,0.7824207142857144,0,0,Rest,0.0,0.0,0.0,0.0,0.0,1,0
6,P6_MO_G1,MO,F,O21,14,2,254.2,17.54,8.85,12.861827956989247,55.4,11.245161290322583,869.3336666666667,23.399452124999996,1.0151901666666667,337.36972767857145,309.48209199134203,0.9661597321428572,1.065224604978355,0,0,Rest,0.0,0.0,0.0,0.0,0.0,0,1
6,P6_MO_G2,MO,F,O21,14,2,254.2,17.54,8.85,12.861827956989247,55.4,11.245161290322583,869.3336666666667,23.399452124999996,1.0151901666666667,337.36972767857145,309.48209199134203,0.9661597321428572,1.065224604978355,0,0,Rest,0.0,0.0,0.0,0.0,0.0,0,1
6,P6_MO_G3,MO,F,O21,14,2,254.2,17.54,8.85,12.861827956989247,55.4,11.245161290322583,869.3336666666667,23.399452124999996,1.0151901666666667,337.36972767857145,309.48209199134203,0.9661597321428572,1.065224604978355,0,0,Rest,0.0,0.0,0.0,0.0,0.0,0,1
6,P6_FUS_G1,FUS,M,O21,14,2,254.2,17.54,8.85,12.861827956989247,55.4,11.245161290322583,98.39322222222222,2.7628546049999994,0.8015988333333333,40.36328511904762,42.95580546536797,0.8185490550595238,0.8055517207792209,0,0,Rest,0.0,0.0,0.0,0.0,0.0,1,0
6,P6_FUS_G2,FUS,M,O21,14,2,254.2,17.54,8.85,12.861827956989247,55.4,11.245161290322583,98.39322222222222,2.7628546049999994,0.8015988333333333,40.36328511904762,42.95580546536797,0.8185490550595238,0.8055517207792209,0,0,Rest,0.0,0.0,0.0,0.0,0.0,1,0
6,P6_FUS_G3,FUS,M,O21,14,2,254.2,17.54,8.85,12.861827956989247,55.4,11.245161290322583,98.39322222222222,2.7628546049999994,0.8015988333333333,40.36328511904762,42.95580546536797,0.8185490550595238,0.8055517207792209,0,0,Rest,0.0,0.0,0.0,0.0,0.0,1,0
6,P6_MO_G1,MO,F,O22,15,2,359.8,22.05,11.17,12.09611111111111,135.4,10.541935483870969,763.2116666666666,22.227821249999998,0.946123,346.2878928571429,312.6351363636364,0.8873757142857143,1.024471590909091,0,0,Rest,0.0,0.0,0.0,0.0,0.0,0,1
6,P6_MO_G2,MO,F,O22,15,2,359.8,22.05,11.17,12.09611111111111,135.4,10.541935483870969,763.2116666666666,22.227821249999998,0.946123,346.2878928571429,312.6351363636364,0.8873757142857143,1.024471590909091,0,0,Rest,0.0,0.0,0.0,0.0,0.0,0,1
6,P6_MO_G3,MO,F,O22,15,2,359.8,22.05,11.17,12.09611111111111,135.4,10.541935483870969,763.2116666666666,22.227821249999998,0.946123,346.2878928571429,312.6351363636364,0.8873757142857143,1.024471590909091,0,0,Rest,3.3,19.0,9.0,8.91,10.0,0,1
6,P6_FUS_G1,FUS,M,O22,15,2,359.8,22.05,11.17,12.09611111111111,135.4,10.541935483870969,123.69233333333334,3.5108612099999994,0.7762381666666667,27.89552857142857,70.67542045454546,0.7888040476190477,0.8286827272727273,0,0,Rest,18.5,13.0,11.0,86.5,2.0,1,0
6,P6_FUS_G2,FUS,M,O22,15,2,359.8,22.05,11.17,12.09611111111111,135.4,10.541935483870969,123.69233333333334,3.5108612099999994,0.7762381666666667,27.89552857142857,70.67542045454546,0.7888040476190477,0.8286827272727273,0,0,Rest,8.5,14.0,6.0,0.0,8.0,1,0
6,P6_FUS_G3,FUS,M,O22,15,2,359.8,22.05,11.17,12.09611111111111,135.4,10.541935483870969,123.69233333333334,3.5108612099999994,0.7762381666666667,27.89552857142857,70.67542045454546,0.7888040476190477,0.8286827272727273,0,0,Rest,12.7,17.0,0.0,0.0,17.0,1,0
6,P6_MO_G1,MO,F,O24,16,2,456.0,23.82,13.0,11.275268817204301,168.5,11.658064516129032,653.3528333333334,18.470978024999997,0.9771891666666667,256.1499776785714,244.4850056818182,0.9689269196428572,1.0528023579545454,1,2,Transition,4.8,10.0,9.0,0.0,1.0,0,1
6,P6_MO_G2,MO,F,O24,16,2,456.0,23.82,13.0,11.275268817204301,168.5,11.658064516129032,653.3528333333334,18.470978024999997,0.9771891666666667,256.1499776785714,244.4850056818182,0.9689269196428572,1.0528023579545454,1,2,Transition,7.8,19.0,14.0,0.0,5.0,0,1
6,P6_MO_G3,MO,F,O24,16,2,456.0,23.82,13.0,11.275268817204301,168.5,11.658064516129032,653.3528333333334,18.470978024999997,0.9771891666666667,256.1499776785714,244.4850056818182,0.9689269196428572,1.0528023579545454,1,2,Transition,9.8,10.0,8.0,0.0,2.0,0,1
6,P6_FUS_G1,FUS,M,O24,16,2,456.0,23.82,13.0,11.275268817204301,168.5,11.658064516129032,113.35729166666667,3.2460577499999994,0.6530068333333333,24.833476785714282,63.56088731060606,0.5984275446428572,0.7441341761363636,1,2,Transition,18.4,19.0,9.0,363.91,10.0,1,0
6,P6_FUS_G2,FUS,M,O24,16,2,456.0,23.82,13.0,11.275268817204301,168.5,11.658064516129032,113.35729166666667,3.2460577499999994,0.6530068333333333,24.833476785714282,63.56088731060606,0.5984275446428572,0.7441341761363636,1,2,Transition,12.9,8.0,8.0,352.55,0.0,1,0
6,P6_FUS_G3,FUS,M,O24,16,2,456.0,23.82,13.0,11.275268817204301,168.5,11.658064516129032,113.35729166666667,3.2460577499999994,0.6530068333333333,24.833476785714282,63.56088731060606,0.5984275446428572,0.7441341761363636,1,2,Transition,21.5,8.0,7.0,582.15,1.0,1,0
6,P6_MO_G1,MO,F,O26,17,2,388.05,22.97,12.9,10.541111111111112,95.9,9.483333333333333,543.494,14.714134799999998,1.0082553333333333,166.01206249999998,176.334875,1.050478125,1.081133125,1,1,Growth,1.4,1.0,1.0,35.47,0.0,0,1
6,P6_MO_G2,MO,F,O26,17,2,388.05,22.97,12.9,10.541111111111112,95.9,9.483333333333333,543.494,14.714134799999998,1.0082553333333333,166.01206249999998,176.334875,1.050478125,1.081133125,1,1,Growth,12.6,3.0,2.0,259.78,1.0,0,1
6,P6_MO_G3,MO,F,O26,17,2,388.05,22.97,12.9,10.541111111111112,95.9,9.483333333333333,543.494,14.714134799999998,1.0082553333333333,166.01206249999998,176.334875,1.050478125,1.081133125,1,1,Growth,23.9,2.0,0.0,122.49,5.0,0,1
6,P6_FUS_G1,FUS,M,O26,17,2,388.05,22.97,12.9,10.541111111111112,95.9,9.483333333333333,103.02225,2.98125429,0.5297755,21.771424999999997,56.44635416666667,0.40805104166666667,0.659585625,1,1,Growth,8.4,1.0,0.0,482.23,3.0,1,0
6,P6_FUS_G2,FUS,M,O26,17,2,388.05,22.97,12.9,10.541111111111112,95.9,9.483333333333333,103.02225,2.98125429,0.5297755,21.771424999999997,56.44635416666667,0.40805104166666667,0.659585625,1,1,Growth,12.6,1.0,1.0,469.59,0.0,1,0
6,P6_FUS_G3,FUS,M,O26,17,2,388.05,22.97,12.9,10.541111111111112,95.9,9.483333333333333,103.02225,2.98125429,0.5297755,21.771424999999997,56.44635416666667,0.40805104166666667,0.659585625,1,1,Growth,10.3,1.0,1.0,350.36,0.0,1,0
6,P6_MO_G1,MO,F,O27,18,2,322.5,27.26,16.68,10.145698924731182,23.3,10.490322580645163,588.9449166666667,20.34104046,0.9725731666666666,234.0997395833333,440.4505625,0.9222220833333333,1.0517682291666666,0,2,Transition,0.2,0.0,0.0,1.05,0.0,0,1
6,P6_MO_G2,MO,F,O27,18,2,322.5,27.26,16.68,10.145698924731182,23.3,10.490322580645163,588.9449166666667,20.34104046,0.9725731666666666,234.0997395833333,440.4505625,0.9222220833333333,1.0517682291666666,0,2,Transition,1.2,1.0,1.0,22.1,0.0,0,1
6,P6_MO_G3,MO,F,O27,18,2,322.5,27.26,16.68,10.145698924731182,23.3,10.490322580645163,588.9449166666667,20.34104046,0.9725731666666666,234.0997395833333,440.4505625,0.9222220833333333,1.0517682291666666,0,2,Transition,2.2,6.0,6.0,909.93,0.0,0,1
6,P6_FUS_G1,FUS,M,O27,18,2,322.5,27.26,16.68,10.145698924731182,23.3,10.490322580645163,89.20676388888889,3.0331109649999997,0.5531994166666666,26.88743125,71.78180902777778,0.5250030208333333,0.6832235069444443,0,2,Transition,0.1,1.0,1.0,12.03,0.0,1,0
6,P6_FUS_G2,FUS,M,O27,18,2,322.5,27.26,16.68,10.145698924731182,23.3,10.490322580645163,89.20676388888889,3.0331109649999997,0.5531994166666666,26.88743125,71.78180902777778,0.5250030208333333,0.6832235069444443,0,2,Transition,1.1,0.0,0.0,15.85,0.0,1,0
6,P6_FUS_G3,FUS,M,O27,18,2,322.5,27.26,16.68,10.145698924731182,23.3,10.490322580645163,89.20676388888889,3.0331109649999997,0.5531994166666666,26.88743125,71.78180902777778,0.5250030208333333,0.6832235069444443,0,2,Transition,0.0,0.0,0.0,52.06,0.0,1,0
6,P6_MO_G1,MO,F,O29,19,2,779.8,28.02,17.42,10.325806451612904,187.5,9.98709677419355,634.3958333333334,25.96794612,0.9368909999999999,302.18741666666665,704.56625,0.7939660416666667,1.0224033333333333,0,0,Rest,0.0,0.0,0.0,0.0,0.0,0,1
6,P6_MO_G2,MO,F,O29,19,2,779.8,28.02,17.42,10.325806451612904,187.5,9.98709677419355,634.3958333333334,25.96794612,0.9368909999999999,302.18741666666665,704.56625,0.7939660416666667,1.0224033333333333,0,0,Rest,0.0,0.0,0.0,0.0,0.0,0,1
6,P6_MO_G3,MO,F,O29,19,2,779.8,28.02,17.42,10.325806451612904,187.5,9.98709677419355,634.3958333333334,25.96794612,0.9368909999999999,302.18741666666665,704.56625,0.7939660416666667,1.0224033333333333,0,0,Rest,0.0,0.0,0.0,0.0,0.0,0,1
6,P6_FUS_G1,FUS,M,O29,19,2,779.8,28.02,17.42,10.325806451612904,187.5,9.98709677419355,75.39127777777777,3.08496764,0.5766233333333333,32.0034375,87.11726388888889,0.6419549999999999,0.7068613888888888,0,0,Rest,0.0,0.0,0.0,0.0,0.0,1,0
6,P6_FUS_G2,FUS,M,O29,19,2,779.8,28.02,17.42,10.325806451612904,187.5,9.98709677419355,75.39127777777777,3.08496764,0.5766233333333333,32.0034375,87.11726388888889,0.6419549999999999,0.7068613888888888,0,0,Rest,0.0,0.0,0.0,0.0,0.0,1,0
6,P6_FUS_G3,FUS,M,O29,19,2,779.8,28.02,17.42,10.325806451612904,187.5,9.98709677419355,75.39127777777777,3.08496764,0.5766233333333333,32.0034375,87.11726388888889,0.6419549999999999,0.7068613888888888,0,0,Rest,0.0,0.0,0.0,0.0,0.0,1,0
6,P6_MO_G1,MO,F,O31,20,2,643.7,28.42,17.34,10.939880952380951,13.0,11.763178571428575,519.1779166666666,20.25661176,0.864286,244.32847023809524,538.8165113636363,0.7380058779761904,0.8837241666666666,1,2,Transition,0.0,0.0,0.0,0.0,0.0,0,1
6,P6_MO_G2,MO,F,O31,20,2,643.7,28.42,17.34,10.939880952380951,13.0,11.763178571428575,519.1779166666666,20.25661176,0.864286,244.32847023809524,538.8165113636363,0.7380058779761904,0.8837241666666666,1,2,Transition,16.4,13.0,13.0,144.03,0.0,0,1
6,P6_MO_G3,MO,F,O31,20,2,643.7,28.42,17.34,10.939880952380951,13.0,11.763178571428575,519.1779166666666,20.25661176,0.864286,244.32847023809524,538.8165113636363,0.7380058779761904,0.8837241666666666,1,2,Transition,0.0,0.0,0.0,0.0,0.0,0,1
6,P6_FUS_G1,FUS,M,O31,20,2,643.7,28.42,17.34,10.939880952380951,13.0,11.763178571428575,63.33105555555555,2.2653747895,0.616657,21.791160773809523,57.8394273989899,0.625140238095238,0.7060227398989898,1,2,Transition,6.2,5.0,5.0,45.52,0.0,1,0
6,P6_FUS_G2,FUS,M,O31,20,2,643.7,28.42,17.34,10.939880952380951,13.0,11.763178571428575,63.33105555555555,2.2653747895,0.616657,21.791160773809523,57.8394273989899,0.625140238095238,0.7060227398989898,1,2,Transition,0.0,0.0,0.0,0.0,0.0,1,0
6,P6_FUS_G3,FUS,M,O31,20,2,643.7,28.42,17.34,10.939880952380951,13.0,11.763178571428575,63.33105555555555,2.2653747895,0.616657,21.791160773809523,57.8394273989899,0.625140238095238,0.7060227398989898,1,2,Transition,3.7,5.0,5.0,8.64,0.0,1,0
6,P6_MO_G1,MO,F,O33,21,2,509.1,27.9,17.21,11.73225806451613,127.69999999999999,11.061290322580646,403.96,14.5452774,0.7916810000000001,186.46952380952382,373.0667727272727,0.6820457142857143,0.745045,1,1,Growth,0.0,0.0,0.0,0.0,0.0,0,1
6,P6_MO_G2,MO,F,O33,21,2,509.1,27.9,17.21,11.73225806451613,127.69999999999999,11.061290322580646,403.96,14.5452774,0.7916810000000001,186.46952380952382,373.0667727272727,0.6820457142857143,0.745045,1,1,Growth,0.0,26.0,10.0,0.0,16.0,0,1
6,P6_MO_G3,MO,F,O33,21,2,509.1,27.9,17.21,11.73225806451613,127.69999999999999,11.061290322580646,403.96,14.5452774,0.7916810000000001,186.46952380952382,373.0667727272727,0.6820457142857143,0.745045,1,1,Growth,0.0,0.0,0.0,0.0,0.0,0,1
6,P6_FUS_G1,FUS,M,O33,21,2,509.1,27.9,17.21,11.73225806451613,127.69999999999999,11.061290322580646,51.270833333333336,1.4457819389999997,0.6566906666666666,11.578884047619047,28.56159090909091,0.6083254761904762,0.7051840909090908,1,1,Growth,9.5,4.0,4.0,136.63,0.0,1,0
6,P6_FUS_G2,FUS,M,O33,21,2,509.1,27.9,17.21,11.73225806451613,127.69999999999999,11.061290322580646,51.270833333333336,1.4457819389999997,0.6566906666666666,11.578884047619047,28.56159090909091,0.6083254761904762,0.7051840909090908,1,1,Growth,15.2,18.0,12.0,383.18,6.0,1,0
6,P6_FUS_G3,FUS,M,O33,21,2,509.1,27.9,17.21,11.73225806451613,127.69999999999999,11.061290322580646,51.270833333333336,1.4457819389999997,0.6566906666666666,11.578884047619047,28.56159090909091,0.6083254761904762,0.7051840909090908,1,1,Growth,5.6,12.0,4.0,0.0,8.0,1,0
6,P6_MO_G1,MO,F,O35,22,2,501.15,25.0,16.32,12.550555555555555,194.0,7.8100000000000005,294.23741666666666,9.794062845,0.8190529166666667,115.70453221726191,237.7302792207792,0.7740194196428571,0.7850082142857142,1,1,Growth,0.0,0.0,0.0,0.0,0.0,0,1
6,P6_MO_G2,MO,F,O35,22,2,501.15,25.0,16.32,12.550555555555555,194.0,7.8100000000000005,294.23741666666666,9.794062845,0.8190529166666667,115.70453221726191,237.7302792207792,0.7740194196428571,0.7850082142857142,1,1,Growth,0.0,3.0,2.0,0.0,1.0,0,1
6,P6_MO_G3,MO,F,O35,22,2,501.15,25.0,16.32,12.550555555555555,194.0,7.8100000000000005,294.23741666666666,9.794062845,0.8190529166666667,115.70453221726191,237.7302792207792,0.7740194196428571,0.7850082142857142,1,1,Growth,0.0,0.0,0.0,0.0,0.0,0,1
6,P6_FUS_G1,FUS,M,O35,22,2,501.15,25.0,16.32,12.550555555555555,194.0,7.8100000000000005,56.19375,1.4463646094999998,0.7005171666666667,13.583049836309524,22.106589502164503,0.617539144345238,0.7611390692640693,1,1,Growth,1.8,2.0,2.0,119.89,0.0,1,0
6,P6_FUS_G2,FUS,M,O35,22,2,501.15,25.0,16.32,12.550555555555555,194.0,7.8100000000000005,56.19375,1.4463646094999998,0.7005171666666667,13.583049836309524,22.106589502164503,0.617539144345238,0.7611390692640693,1,1,Growth,0.1,0.0,0.0,229.36,0.0,1,0
6,P6_FUS_G3,FUS,M,O35,22,2,501.15,25.0,16.32,12.550555555555555,194.0,7.8100000000000005,56.19375,1.4463646094999998,0.7005171666666667,13.583049836309524,22.106589502164503,0.617539144345238,0.7611390692640693,1,1,Growth,0.0,1.0,1.0,0.0,0.0,1,0
6,P6_MO_G1,MO,F,O37,23,2,338.95,20.16,11.71,13.236979166666666,217.70000000000002,8.432258064516128,184.5148333333333,5.042848289999999,0.8464248333333334,44.939540625,102.39378571428571,0.865993125,0.8249714285714286,0,2,Transition,0.0,0.0,0.0,0.0,0.0,0,1
6,P6_MO_G2,MO,F,O37,23,2,338.95,20.16,11.71,13.236979166666666,217.70000000000002,8.432258064516128,184.5148333333333,5.042848289999999,0.8464248333333334,44.939540625,102.39378571428571,0.865993125,0.8249714285714286,0,2,Transition,0.0,6.0,2.0,0.0,4.0,0,1
6,P6_MO_G3,MO,F,O37,23,2,338.95,20.16,11.71,13.236979166666666,217.70000000000002,8.432258064516128,184.5148333333333,5.042848289999999,0.8464248333333334,44.939540625,102.39378571428571,0.865993125,0.8249714285714286,0,2,Transition,0.0,0.0,0.0,0.0,0.0,0,1
6,P6_FUS_G1,FUS,M,O37,23,2,338.95,20.16,11.71,13.236979166666666,217.70000000000002,8.432258064516128,61.11666666666667,1.4469472799999998,0.7443436666666667,15.587215624999999,15.651588095238097,0.6267528125,0.8170940476190477,0,2,Transition,0.0,0.0,0.0,0.0,0.0,1,0
6,P6_FUS_G2,FUS,M,O37,23,2,338.95,20.16,11.71,13.236979166666666,217.70000000000002,8.432258064516128,61.11666666666667,1.4469472799999998,0.7443436666666667,15.587215624999999,15.651588095238097,0.6267528125,0.8170940476190477,0,2,Transition,0.0,0.0,0.0,0.0,0.0,1,0
6,P6_FUS_G3,FUS,M,O37,23,2,338.95,20.16,11.71,13.236979166666666,217.70000000000002,8.432258064516128,61.11666666666667,1.4469472799999998,0.7443436666666667,15.587215624999999,15.651588095238097,0.6267528125,0.8170940476190477,0,2,Transition,0.0,0.0,0.0,0.0,0.0,1,0
6,P6_MO_G1,MO,F,O38,24,2,194.65,23.29,14.52,13.575,,,184.5148333333333,5.042848289999999,0.8464248333333334,44.939540625,102.39378571428571,0.865993125,0.8249714285714286,0,0,Rest,0.0,0.0,0.0,0.0,0.0,0,1
6,P6_MO_G2,MO,F,O38,24,2,194.65,23.29,14.52,13.575,,,184.5148333333333,5.042848289999999,0.8464248333333334,44.939540625,102.39378571428571,0.865993125,0.8249714285714286,0,0,Rest,0.0,0.0,0.0,0.0,0.0,0,1
6,P6_MO_G3,MO,F,O38,24,2,194.65,23.29,14.52,13.575,,,184.5148333333333,5.042848289999999,0.8464248333333334,44.939540625,102.39378571428571,0.865993125,0.8249714285714286,0,0,Rest,0.0,0.0,0.0,0.0,0.0,0,1
6,P6_FUS_G1,FUS,M,O38,24,2,194.65,23.29,14.52,13.575,,,61.11666666666667,1.4469472799999998,0.7443436666666667,15.587215624999999,15.651588095238097,0.6267528125,0.8170940476190477,0,0,Rest,0.0,0.0,0.0,0.0,0.0,1,0
6,P6_FUS_G2,FUS,M,O38,24,2,194.65,23.29,14.52,13.575,,,61.11666666666667,1.4469472799999998,0.7443436666666667,15.587215624999999,15.651588095238097,0.6267528125,0.8170940476190477,0,0,Rest,0.0,0.0,0.0,0.0,0.0,1,0
6,P6_FUS_G3,FUS,M,O38,24,2,194.65,23.29,14.52,13.575,,,61.11666666666667,1.4469472799999998,0.7443436666666667,15.587215624999999,15.651588095238097,0.6267528125,0.8170940476190477,0,0,Rest,0.0,0.0,0.0,0.0,0.0,1,0
7,P7_MO_G1,MO,F,O1,0,1,254.5,19.57,12.57,13.576666666666666,124.8,7.6,1474.3933333333332,39.508891999999996,1.1070321666666667,402.03898550724637,562.2480303030303,1.0804234782608695,1.1195831818181818,0,0,Rest,0.0,0.0,0.0,0.0,0.0,0,1
7,P7_MO_G2,MO,F,O1,0,1,254.5,19.57,12.57,13.576666666666666,124.8,7.6,1474.3933333333332,39.508891999999996,1.1070321666666667,402.03898550724637,562.2480303030303,1.0804234782608695,1.1195831818181818,0,0,Rest,0.0,0.0,0.0,0.0,0.0,0,1
7,P7_MO_G3,MO,F,O1,0,1,254.5,19.57,12.57,13.576666666666666,124.8,7.6,1474.3933333333332,39.508891999999996,1.1070321666666667,402.03898550724637,562.2480303030303,1.0804234782608695,1.1195831818181818,0,0,Rest,0.0,0.0,0.0,0.0,0.0,0,1
7,P7_FUS_G1,FUS,M,O1,0,1,254.5,19.57,12.57,13.576666666666666,124.8,7.6,168.69500000000002,5.280435,0.6713425555555556,47.088913043478264,120.765,0.7038765217391305,0.7234356060606061,0,0,Rest,0.0,0.0,0.0,0.0,0.0,1,0
7,P7_FUS_G2,FUS,M,O1,0,1,254.5,19.57,12.57,13.576666666666666,124.8,7.6,168.69500000000002,5.280435,0.6713425555555556,47.088913043478264,120.765,0.7038765217391305,0.7234356060606061,0,0,Rest,0.0,0.0,0.0,0.0,0.0,1,0
7,P7_FUS_G3,FUS,M,O1,0,1,254.5,19.57,12.57,13.576666666666666,124.8,7.6,168.69500000000002,5.280435,0.6713425555555556,47.088913043478264,120.765,0.7038765217391305,0.7234356060606061,0,0,Rest,0.0,0.0,0.0,0.0,0.0,1,0
7,P7_MO_G1,MO,F,O2,1,1,282.1,18.87,9.94,13.418279569892475,92.9,9.058064516129035,1474.3933333333332,39.508891999999996,1.1070321666666667,402.03898550724637,562.2480303030303,1.0804234782608695,1.1195831818181818,0,0,Rest,0.0,0.0,0.0,0.0,0.0,0,1
7,P7_MO_G2,MO,F,O2,1,1,282.1,18.87,9.94,13.418279569892475,92.9,9.058064516129035,1474.3933333333332,39.508891999999996,1.1070321666666667,402.03898550724637,562.2480303030303,1.0804234782608695,1.1195831818181818,0,0,Rest,0.0,0.0,0.0,0.0,0.0,0,1
7,P7_MO_G3,MO,F,O2,1,1,282.1,18.87,9.94,13.418279569892475,92.9,9.058064516129035,1474.3933333333332,39.508891999999996,1.1070321666666667,402.03898550724637,562.2480303030303,1.0804234782608695,1.1195831818181818,0,0,Rest,0.0,0.0,0.0,0.0,0.0,0,1
7,P7_FUS_G1,FUS,M,O2,1,1,282.1,18.87,9.94,13.418279569892475,92.9,9.058064516129035,168.69500000000002,5.280435,0.6713425555555556,47.088913043478264,120.765,0.7038765217391305,0.7234356060606061,0,0,Rest,14.2,19.0,12.0,108.02,7.0,1,0
7,P7_FUS_G2,FUS,M,O2,1,1,282.1,18.87,9.94,13.418279569892475,92.9,9.058064516129035,168.69500000000002,5.280435,0.6713425555555556,47.088913043478264,120.765,0.7038765217391305,0.7234356060606061,0,0,Rest,9.3,13.0,8.0,21.25,5.0,1,0
7,P7_FUS_G3,FUS,M,O2,1,1,282.1,18.87,9.94,13.418279569892475,92.9,9.058064516129035,168.69500000000002,5.280435,0.6713425555555556,47.088913043478264,120.765,0.7038765217391305,0.7234356060606061,0,0,Rest,6.8,16.0,8.0,19.65,8.0,1,0
7,P7_MO_G1,MO,F,O3,2,1,326.2,21.57,10.18,12.839247311827956,73.7,11.245161290322581,1474.3933333333332,39.508891999999996,1.1070321666666667,402.03898550724637,562.2480303030303,1.0804234782608695,1.1195831818181818,0,0,Rest,0.0,0.0,0.0,0.0,0.0,0,1
7,P7_MO_G2,MO,F,O3,2,1,326.2,21.57,10.18,12.839247311827956,73.7,11.245161290322581,1474.3933333333332,39.508891999999996,1.1070321666666667,402.03898550724637,562.2480303030303,1.0804234782608695,1.1195831818181818,0,0,Rest,0.0,0.0,0.0,0.0,0.0,0,1
7,P7_MO_G3,MO,F,O3,2,1,326.2,21.57,10.18,12.839247311827956,73.7,11.245161290322581,1474.3933333333332,39.508891999999996,1.1070321666666667,402.03898550724637,562.2480303030303,1.0804234782608695,1.1195831818181818,0,0,Rest,0.0,0.0,0.0,0.0,0.0,0,1
7,P7_FUS_G1,FUS,M,O3,2,1,326.2,21.57,10.18,12.839247311827956,73.7,11.245161290322581,168.69500000000002,5.280435,0.6713425555555556,47.088913043478264,120.765,0.7038765217391305,0.7234356060606061,0,0,Rest,0.0,0.0,0.0,1.5,0.0,1,0
7,P7_FUS_G2,FUS,M,O3,2,1,326.2,21.57,10.18,12.839247311827956,73.7,11.245161290322581,168.69500000000002,5.280435,0.6713425555555556,47.088913043478264,120.765,0.7038765217391305,0.7234356060606061,0,0,Rest,0.0,0.0,0.0,67.33,0.0,1,0
7,P7_FUS_G3,FUS,M,O3,2,1,326.2,21.57,10.18,12.839247311827956,73.7,11.245161290322581,168.69500000000002,5.280435,0.6713425555555556,47.088913043478264,120.765,0.7038765217391305,0.7234356060606061,0,0,Rest,2.6,4.0,4.0,18.55,0.0,1,0
7,P7_MO_G1,MO,F,O5,3,1,281.7,20.17,8.61,12.069444444444445,31.5,11.493333333333336,1474.3933333333332,39.508891999999996,1.1070321666666667,402.03898550724637,562.2480303030303,1.0804234782608695,1.1195831818181818,0,0,Rest,2.7,8.0,4.0,24.05,4.0,0,1
7,P7_MO_G2,MO,F,O5,3,1,281.7,20.17,8.61,12.069444444444445,31.5,11.493333333333336,1474.3933333333332,39.508891999999996,1.1070321666666667,402.03898550724637,562.2480303030303,1.0804234782608695,1.1195831818181818,0,0,Rest,0.0,0.0,0.0,0.0,0.0,0,1
7,P7_MO_G3,MO,F,O5,3,1,281.7,20.17,8.61,12.069444444444445,31.5,11.493333333333336,1474.3933333333332,39.508891999999996,1.1070321666666667,402.03898550724637,562.2480303030303,1.0804234782608695,1.1195831818181818,0,0,Rest,3.5,19.0,5.0,26.0,14.0,0,1
7,P7_FUS_G1,FUS,M,O5,3,1,281.7,20.17,8.61,12.069444444444445,31.5,11.493333333333336,168.69500000000002,5.280435,0.6713425555555556,47.088913043478264,120.765,0.7038765217391305,0.7234356060606061,0,0,Rest,8.2,3.0,3.0,151.57,0.0,1,0
7,P7_FUS_G2,FUS,M,O5,3,1,281.7,20.17,8.61,12.069444444444445,31.5,11.493333333333336,168.69500000000002,5.280435,0.6713425555555556,47.088913043478264,120.765,0.7038765217391305,0.7234356060606061,0,0,Rest,18.8,11.0,8.0,335.8,3.0,1,0
7,P7_FUS_G3,FUS,M,O5,3,1,281.7,20.17,8.61,12.069444444444445,31.5,11.493333333333336,168.69500000000002,5.280435,0.6713425555555556,47.088913043478264,120.765,0.7038765217391305,0.7234356060606061,0,0,Rest,24.0,12.0,3.0,388.02,9.0,1,0
7,P7_MO_G1,MO,F,O7,4,1,460.1,24.84,14.85,11.248924731182797,173.1,10.503225806451614,1653.4391666666666,47.820049149999996,1.1107365277777776,647.6092844202899,636.3643276515152,1.0865897946859904,1.1215947159090909,1,2,Transition,23.2,10.0,10.0,484.77,0.0,0,1
7,P7_MO_G2,MO,F,O7,4,1,460.1,24.84,14.85,11.248924731182797,173.1,10.503225806451614,1653.4391666666666,47.820049149999996,1.1107365277777776,647.6092844202899,636.3643276515152,1.0865897946859904,1.1215947159090909,1,2,Transition,7.9,19.0,11.0,244.08,8.0,0,1
7,P7_MO_G3,MO,F,O7,4,1,460.1,24.84,14.85,11.248924731182797,173.1,10.503225806451614,1653.4391666666666,47.820049149999996,1.1107365277777776,647.6092844202899,636.3643276515152,1.0865897946859904,1.1215947159090909,1,2,Transition,21.9,8.0,8.0,414.47,0.0,0,1
7,P7_FUS_G1,FUS,M,O7,4,1,460.1,24.84,14.85,11.248924731182797,173.1,10.503225806451614,125.61441666666667,3.834195,0.6907866944444445,40.06020652173913,74.78767708333334,0.5979687817028986,0.6854532196969697,1,2,Transition,4.9,6.0,4.0,30.42,2.0,1,0
7,P7_FUS_G2,FUS,M,O7,4,1,460.1,24.84,14.85,11.248924731182797,173.1,10.503225806451614,125.61441666666667,3.834195,0.6907866944444445,40.06020652173913,74.78767708333334,0.5979687817028986,0.6854532196969697,1,2,Transition,11.3,8.0,7.0,118.07,1.0,1,0
7,P7_FUS_G3,FUS,M,O7,4,1,460.1,24.84,14.85,11.248924731182797,173.1,10.503225806451614,125.61441666666667,3.834195,0.6907866944444445,40.06020652173913,74.78767708333334,0.5979687817028986,0.6854532196969697,1,2,Transition,13.6,12.0,12.0,250.31,0.0,1,0
7,P7_MO_G1,MO,F,O9,5,1,444.8,24.43,15.22,10.520555555555555,188.2,8.726666666666668,1832.4850000000001,56.131206299999995,1.1144408888888888,893.1795833333334,710.480625,1.092756111111111,1.12360625,1,1,Growth,26.3,16.0,16.0,754.33,0.0,0,1
7,P7_MO_G2,MO,F,O9,5,1,444.8,24.43,15.22,10.520555555555555,188.2,8.726666666666668,1832.4850000000001,56.131206299999995,1.1144408888888888,893.1795833333334,710.480625,1.092756111111111,1.12360625,1,1,Growth,26.3,12.0,12.0,487.33,0.0,0,1
7,P7_MO_G3,MO,F,O9,5,1,444.8,24.43,15.22,10.520555555555555,188.2,8.726666666666668,1832.4850000000001,56.131206299999995,1.1144408888888888,893.1795833333334,710.480625,1.092756111111111,1.12360625,1,1,Growth,34.4,15.0,13.0,1298.02,2.0,0,1
7,P7_FUS_G1,FUS,M,O9,5,1,444.8,24.43,15.22,10.520555555555555,188.2,8.726666666666668,82.53383333333333,2.387955,0.7102308333333334,33.0315,28.810354166666666,0.49206104166666664,0.6474708333333333,1,1,Growth,21.3,8.0,8.0,592.91,0.0,1,0
7,P7_FUS_G2,FUS,M,O9,5,1,444.8,24.43,15.22,10.520555555555555,188.2,8.726666666666668,82.53383333333333,2.387955,0.7102308333333334,33.0315,28.810354166666666,0.49206104166666664,0.6474708333333333,1,1,Growth,19.8,6.0,5.0,670.35,1.0,1,0
7,P7_FUS_G3,FUS,M,O9,5,1,444.8,24.43,15.22,10.520555555555555,188.2,8.726666666666668,82.53383333333333,2.387955,0.7102308333333334,33.0315,28.810354166666666,0.49206104166666664,0.6474708333333333,1,1,Growth,16.5,5.0,5.0,722.34,0.0,1,0
7,P7_MO_G1,MO,F,O10,6,1,398.8,27.7,16.98,10.141935483870967,288.8,11.29032258064516,1705.0033333333336,53.21982704999999,1.0832638694444445,781.453125,779.0920833333333,1.0856867534722223,1.1087103333333332,1,1,Growth,1.2,0.0,0.0,68.65,0.0,0,1
7,P7_MO_G2,MO,F,O10,6,1,398.8,27.7,16.98,10.141935483870967,288.8,11.29032258064516,1705.0033333333336,53.21982704999999,1.0832638694444445,781.453125,779.0920833333333,1.0856867534722223,1.1087103333333332,1,1,Growth,11.1,11.0,4.0,207.89,7.0,0,1
7,P7_MO_G3,MO,F,O10,6,1,398.8,27.7,16.98,10.141935483870967,288.8,11.29032258064516,1705.0033333333336,53.21982704999999,1.0832638694444445,781.453125,779.0920833333333,1.0856867534722223,1.1087103333333332,1,1,Growth,16.4,10.0,8.0,242.5,2.0,0,1
7,P7_FUS_G1,FUS,M,O10,6,1,398.8,27.7,16.98,10.141935483870967,288.8,11.29032258064516,77.3835,2.9195848799999995,0.67345475,29.1351875,76.275625,0.5281754166666666,0.6392845833333334,1,1,Growth,6.1,0.0,0.0,175.0,0.0,1,0
7,P7_FUS_G2,FUS,M,O10,6,1,398.8,27.7,16.98,10.141935483870967,288.8,11.29032258064516,77.3835,2.9195848799999995,0.67345475,29.1351875,76.275625,0.5281754166666666,0.6392845833333334,1,1,Growth,2.6,0.0,0.0,38.4,0.0,1,0
7,P7_FUS_G3,FUS,M,O10,6,1,398.8,27.7,16.98,10.141935483870967,288.8,11.29032258064516,77.3835,2.9195848799999995,0.67345475,29.1351875,76.275625,0.5281754166666666,0.6392845833333334,1,1,Growth,0.4,0.0,0.0,21.6,0.0,1,0
7,P7_MO_G1,MO,F,O12,7,1,625.4,28.29,17.45,10.341397849462364,127.9,10.077419354838707,1577.5216666666668,50.308447799999996,1.05208685,669.7266666666667,847.7035416666666,1.0786173958333334,1.0938144166666668,1,1,Growth,0.0,0.0,0.0,0.0,0.0,0,1
7,P7_MO_G2,MO,F,O12,7,1,625.4,28.29,17.45,10.341397849462364,127.9,10.077419354838707,1577.5216666666668,50.308447799999996,1.05208685,669.7266666666667,847.7035416666666,1.0786173958333334,1.0938144166666668,1,1,Growth,4.6,4.0,3.0,111.75,1.0,0,1
7,P7_MO_G3,MO,F,O12,7,1,625.4,28.29,17.45,10.341397849462364,127.9,10.077419354838707,1577.5216666666668,50.308447799999996,1.05208685,669.7266666666667,847.7035416666666,1.0786173958333334,1.0938144166666668,1,1,Growth,40.4,24.0,24.0,781.5,0.0,0,1
7,P7_FUS_G1,FUS,M,O12,7,1,625.4,28.29,17.45,10.341397849462364,127.9,10.077419354838707,72.23316666666666,3.4512147599999996,0.6366786666666666,25.238874999999997,123.74089583333334,0.5642897916666666,0.6310983333333333,1,1,Growth,0.0,0.0,0.0,0.0,0.0,1,0
7,P7_FUS_G2,FUS,M,O12,7,1,625.4,28.29,17.45,10.341397849462364,127.9,10.077419354838707,72.23316666666666,3.4512147599999996,0.6366786666666666,25.238874999999997,123.74089583333334,0.5642897916666666,0.6310983333333333,1,1,Growth,0.0,0.0,0.0,0.0,0.0,1,0
7,P7_FUS_G3,FUS,M,O12,7,1,625.4,28.29,17.45,10.341397849462364,127.9,10.077419354838707,72.23316666666666,3.4512147599999996,0.6366786666666666,25.238874999999997,123.74089583333334,0.5642897916666666,0.6310983333333333,1,1,Growth,9.7,10.0,2.0,4.25,8.0,1,0
7,P7_MO_G1,MO,F,O13,8,1,384.6,28.3,18.44,10.964880952380952,82.2,10.859605911330046,1319.2091666666668,38.4755949,1.0561539249999998,486.70427083333334,549.7655803571429,1.0952947395833332,1.0710186369047618,1,1,Growth,0.0,0.0,0.0,0.0,0.0,0,1
7,P7_MO_G2,MO,F,O13,8,1,384.6,28.3,18.44,10.964880952380952,82.2,10.859605911330046,1319.2091666666668,38.4755949,1.0561539249999998,486.70427083333334,549.7655803571429,1.0952947395833332,1.0710186369047618,1,1,Growth,1.3,1.0,1.0,5.25,0.0,0,1
7,P7_MO_G3,MO,F,O13,8,1,384.6,28.3,18.44,10.964880952380952,82.2,10.859605911330046,1319.2091666666668,38.4755949,1.0561539249999998,486.70427083333334,549.7655803571429,1.0952947395833332,1.0710186369047618,1,1,Growth,23.7,13.0,13.0,5.5,0.0,0,1
7,P7_FUS_G1,FUS,M,O13,8,1,384.6,28.3,18.44,10.964880952380952,82.2,10.859605911330046,74.65858333333333,2.7920893799999997,0.6385324583333333,25.111104166666664,77.17282886904762,0.5553263541666666,0.6394401190476191,1,1,Growth,0.0,0.0,0.0,0.0,0.0,1,0
7,P7_FUS_G2,FUS,M,O13,8,1,384.6,28.3,18.44,10.964880952380952,82.2,10.859605911330046,74.65858333333333,2.7920893799999997,0.6385324583333333,25.111104166666664,77.17282886904762,0.5553263541666666,0.6394401190476191,1,1,Growth,0.0,0.0,0.0,0.0,0.0,1,0
7,P7_FUS_G3,FUS,M,O13,8,1,384.6,28.3,18.44,10.964880952380952,82.2,10.859605911330046,74.65858333333333,2.7920893799999997,0.6385324583333333,25.111104166666664,77.17282886904762,0.5553263541666666,0.6394401190476191,1,1,Growth,22.3,8.0,4.0,28.74,4.0,1,0
7,P7_MO_G1,MO,F,O15,9,1,699.6,27.02,16.29,11.759677419354839,95.3,11.606451612903225,1060.8966666666668,26.642742,1.0602209999999999,303.681875,251.82761904761907,1.1119720833333333,1.0482228571428571,1,1,Growth,27.8,18.0,17.0,423.89,1.0,0,1
7,P7_MO_G2,MO,F,O15,9,1,699.6,27.02,16.29,11.759677419354839,95.3,11.606451612903225,1060.8966666666668,26.642742,1.0602209999999999,303.681875,251.82761904761907,1.1119720833333333,1.0482228571428571,1,1,Growth,23.5,14.0,11.0,162.55,3.0,0,1
7,P7_MO_G3,MO,F,O15,9,1,699.6,27.02,16.29,11.759677419354839,95.3,11.606451612903225,1060.8966666666668,26.642742,1.0602209999999999,303.681875,251.82761904761907,1.1119720833333333,1.0482228571428571,1,1,Growth,49.1,26.0,26.0,976.04,0.0,0,1
7,P7_FUS_G1,FUS,M,O15,9,1,699.6,27.02,16.29,11.759677419354839,95.3,11.606451612903225,77.084,2.132964,0.6403862499999999,24.983333333333334,30.604761904761908,0.5463629166666667,0.6477819047619048,1,1,Growth,9.1,9.0,6.0,159.5,3.0,1,0
7,P7_FUS_G2,FUS,M,O15,9,1,699.6,27.02,16.29,11.759677419354839,95.3,11.606451612903225,77.084,2.132964,0.6403862499999999,24.983333333333334,30.604761904761908,0.5463629166666667,0.6477819047619048,1,1,Growth,28.6,17.0,5.0,334.0,12.0,1,0
7,P7_FUS_G3,FUS,M,O15,9,1,699.6,27.02,16.29,11.759677419354839,95.3,11.606451612903225,77.084,2.132964,0.6403862499999999,24.983333333333334,30.604761904761908,0.5463629166666667,0.6477819047619048,1,1,Growth,15.7,10.0,0.0,390.26,10.0,1,0
7,P7_MO_G1,MO,F,O17,10,1,508.8,27.73,16.19,12.576111111111112,163.9,10.340000000000002,799.5080222222223,19.434765328999998,1.0889678333333332,204.41720614583332,186.67474206349206,1.0415594791666667,1.058017619047619,1,1,Growth,27.2,17.0,17.0,517.45,0.0,0,1
7,P7_MO_G2,MO,F,O17,10,1,508.8,27.73,16.19,12.576111111111112,163.9,10.340000000000002,799.5080222222223,19.434765328999998,1.0889678333333332,204.41720614583332,186.67474206349206,1.0415594791666667,1.058017619047619,1,1,Growth,10.7,6.0,6.0,212.5,0.0,0,1
7,P7_MO_G3,MO,F,O17,10,1,508.8,27.73,16.19,12.576111111111112,163.9,10.340000000000002,799.5080222222223,19.434765328999998,1.0889678333333332,204.41720614583332,186.67474206349206,1.0415594791666667,1.058017619047619,1,1,Growth,14.1,9.0,9.0,256.87,0.0,0,1
7,P7_FUS_G1,FUS,M,O17,10,1,508.8,27.73,16.19,12.576111111111112,163.9,10.340000000000002,53.55433888888889,1.4964096199999999,0.6967120694444444,15.62109375,25.593096825396827,0.5926528125,0.6640030952380953,1,1,Growth,1.0,0.0,0.0,0.0,1.0,1,0
7,P7_FUS_G2,FUS,M,O17,10,1,508.8,27.73,16.19,12.576111111111112,163.9,10.340000000000002,53.55433888888889,1.4964096199999999,0.6967120694444444,15.62109375,25.593096825396827,0.5926528125,0.6640030952380953,1,1,Growth,0.0,0.0,0.0,11.1,0.0,1,0
7,P7_FUS_G3,FUS,M,O17,10,1,508.8,27.73,16.19,12.576111111111112,163.9,10.340000000000002,53.55433888888889,1.4964096199999999,0.6967120694444444,15.62109375,25.593096825396827,0.5926528125,0.6640030952380953,1,1,Growth,0.5,1.0,1.0,11.25,0.0,1,0
7,P7_MO_G1,MO,F,O18,11,1,257.35,20.67,12.78,13.238888888888889,111.4,6.282795698924733,538.1193777777778,12.226788657999998,1.1177146666666666,105.15253729166666,121.52186507936507,0.971146875,1.067812380952381,0,2,Transition,0.0,0.0,0.0,0.0,0.0,0,1
7,P7_MO_G2,MO,F,O18,11,1,257.35,20.67,12.78,13.238888888888889,111.4,6.282795698924733,538.1193777777778,12.226788657999998,1.1177146666666666,105.15253729166666,121.52186507936507,0.971146875,1.067812380952381,0,2,Transition,0.0,0.0,0.0,0.0,0.0,0,1
7,P7_MO_G3,MO,F,O18,11,1,257.35,20.67,12.78,13.238888888888889,111.4,6.282795698924733,538.1193777777778,12.226788657999998,1.1177146666666666,105.15253729166666,121.52186507936507,0.971146875,1.067812380952381,0,2,Transition,0.0,0.0,0.0,0.0,0.0,0,1
7,P7_FUS_G1,FUS,M,O18,11,1,257.35,20.67,12.78,13.238888888888889,111.4,6.282795698924733,30.02467777777778,0.8598552399999999,0.7530378888888889,6.258854166666667,20.581431746031747,0.6389427083333333,0.6802242857142857,0,2,Transition,0.0,0.0,0.0,0.0,0.0,1,0
7,P7_FUS_G2,FUS,M,O18,11,1,257.35,20.67,12.78,13.238888888888889,111.4,6.282795698924733,30.02467777777778,0.8598552399999999,0.7530378888888889,6.258854166666667,20.581431746031747,0.6389427083333333,0.6802242857142857,0,2,Transition,0.0,0.0,0.0,0.0,0.0,1,0
7,P7_FUS_G3,FUS,M,O18,11,1,257.35,20.67,12.78,13.238888888888889,111.4,6.282795698924733,30.02467777777778,0.8598552399999999,0.7530378888888889,6.258854166666667,20.581431746031747,0.6389427083333333,0.6802242857142857,0,2,Transition,0.0,0.0,0.0,0.0,0.0,1,0
7,P7_MO_G1,MO,F,O19,12,2,268.5,16.82,9.45,13.573333333333332,52.8,8.499999999999998,756.7875222222222,18.398935829,1.100986,216.80204989583336,213.92545634920634,1.0080453125,1.086895,0,0,Rest,0.0,0.0,0.0,0.0,0.0,0,1
7,P7_MO_G2,MO,F,O19,12,2,268.5,16.82,9.45,13.573333333333332,52.8,8.499999999999998,756.7875222222222,18.398935829,1.100986,216.80204989583336,213.92545634920634,1.0080453125,1.086895,0,0,Rest,0.0,0.0,0.0,0.0,6.0,0,1
7,P7_MO_G3,MO,F,O19,12,2,268.5,16.82,9.45,13.573333333333332,52.8,8.499999999999998,756.7875222222222,18.398935829,1.100986,216.80204989583336,213.92545634920634,1.0080453125,1.086895,0,0,Rest,0.0,0.0,0.0,0.0,9.0,0,1
7,P7_FUS_G1,FUS,M,O19,12,2,268.5,16.82,9.45,13.573333333333332,52.8,8.499999999999998,51.55939444444445,1.4373516199999998,0.7899986944444444,29.544947916666665,17.908811111111113,0.7436183854166667,0.7313225000000001,0,0,Rest,0.0,0.0,0.0,0.0,3.0,1,0
7,P7_FUS_G2,FUS,M,O19,12,2,268.5,16.82,9.45,13.573333333333332,52.8,8.499999999999998,51.55939444444445,1.4373516199999998,0.7899986944444444,29.544947916666665,17.908811111111113,0.7436183854166667,0.7313225000000001,0,0,Rest,0.0,0.0,0.0,0.0,9.0,1,0
7,P7_FUS_G3,FUS,M,O19,12,2,268.5,16.82,9.45,13.573333333333332,52.8,8.499999999999998,51.55939444444445,1.4373516199999998,0.7899986944444444,29.544947916666665,17.908811111111113,0.7436183854166667,0.7313225000000001,0,0,Rest,0.0,0.0,0.0,0.0,8.0,1,0
7,P7_MO_G1,MO,F,O20,13,2,332.9,20.05,12.15,13.431182795698925,128.5,6.55247311827957,975.4556666666666,24.571082999999998,1.0842573333333334,328.4515625,306.3290476190476,1.04494375,1.105977619047619,0,0,Rest,0.0,0.0,0.0,0.0,0.0,0,1
7,P7_MO_G2,MO,F,O20,13,2,332.9,20.05,12.15,13.431182795698925,128.5,6.55247311827957,975.4556666666666,24.571082999999998,1.0842573333333334,328.4515625,306.3290476190476,1.04494375,1.105977619047619,0,0,Rest,0.0,0.0,0.0,0.0,11.0,0,1
7,P7_MO_G3,MO,F,O20,13,2,332.9,20.05,12.15,13.431182795698925,128.5,6.55247311827957,975.4556666666666,24.571082999999998,1.0842573333333334,328.4515625,306.3290476190476,1.04494375,1.105977619047619,0,0,Rest,0.0,0.0,0.0,0.0,18.0,0,1
7,P7_FUS_G1,FUS,M,O20,13,2,332.9,20.05,12.15,13.431182795698925,128.5,6.55247311827957,73.09411111111112,2.0148479999999998,0.8269595,52.831041666666664,15.236190476190476,0.8482940625,0.7824207142857144,0,0,Rest,0.0,0.0,0.0,0.0,4.0,1,0
7,P7_FUS_G2,FUS,M,O20,13,2,332.9,20.05,12.15,13.431182795698925,128.5,6.55247311827957,73.09411111111112,2.0148479999999998,0.8269595,52.831041666666664,15.236190476190476,0.8482940625,0.7824207142857144,0,0,Rest,0.0,0.0,0.0,0.0,3.0,1,0
7,P7_FUS_G3,FUS,M,O20,13,2,332.9,20.05,12.15,13.431182795698925,128.5,6.55247311827957,73.09411111111112,2.0148479999999998,0.8269595,52.831041666666664,15.236190476190476,0.8482940625,0.7824207142857144,0,0,Rest,0.0,0.0,0.0,0.0,5.0,1,0
7,P7_MO_G1,MO,F,O21,14,2,254.2,17.54,8.85,12.861827956989247,55.4,11.245161290322583,869.3336666666667,23.399452124999996,1.0151901666666667,337.36972767857145,309.48209199134203,0.9661597321428572,1.065224604978355,0,0,Rest,0.0,0.0,0.0,0.0,0.0,0,1
7,P7_MO_G2,MO,F,O21,14,2,254.2,17.54,8.85,12.861827956989247,55.4,11.245161290322583,869.3336666666667,23.399452124999996,1.0151901666666667,337.36972767857145,309.48209199134203,0.9661597321428572,1.065224604978355,0,0,Rest,0.0,0.0,0.0,0.0,0.0,0,1
7,P7_MO_G3,MO,F,O21,14,2,254.2,17.54,8.85,12.861827956989247,55.4,11.245161290322583,869.3336666666667,23.399452124999996,1.0151901666666667,337.36972767857145,309.48209199134203,0.9661597321428572,1.065224604978355,0,0,Rest,0.0,0.0,0.0,0.0,0.0,0,1
7,P7_FUS_G1,FUS,M,O21,14,2,254.2,17.54,8.85,12.861827956989247,55.4,11.245161290322583,98.39322222222222,2.7628546049999994,0.8015988333333333,40.36328511904762,42.95580546536797,0.8185490550595238,0.8055517207792209,0,0,Rest,0.0,0.0,0.0,0.0,0.0,1,0
7,P7_FUS_G2,FUS,M,O21,14,2,254.2,17.54,8.85,12.861827956989247,55.4,11.245161290322583,98.39322222222222,2.7628546049999994,0.8015988333333333,40.36328511904762,42.95580546536797,0.8185490550595238,0.8055517207792209,0,0,Rest,0.0,0.0,0.0,0.0,0.0,1,0
7,P7_FUS_G3,FUS,M,O21,14,2,254.2,17.54,8.85,12.861827956989247,55.4,11.245161290322583,98.39322222222222,2.7628546049999994,0.8015988333333333,40.36328511904762,42.95580546536797,0.8185490550595238,0.8055517207792209,0,0,Rest,0.0,0.0,0.0,0.0,0.0,1,0
7,P7_MO_G1,MO,F,O22,15,2,359.8,22.05,11.17,12.09611111111111,135.4,10.541935483870969,763.2116666666666,22.227821249999998,0.946123,346.2878928571429,312.6351363636364,0.8873757142857143,1.024471590909091,0,0,Rest,0.0,0.0,0.0,0.0,0.0,0,1
7,P7_MO_G2,MO,F,O22,15,2,359.8,22.05,11.17,12.09611111111111,135.4,10.541935483870969,763.2116666666666,22.227821249999998,0.946123,346.2878928571429,312.6351363636364,0.8873757142857143,1.024471590909091,0,0,Rest,1.5,0.0,0.0,0.92,0.0,0,1
7,P7_MO_G3,MO,F,O22,15,2,359.8,22.05,11.17,12.09611111111111,135.4,10.541935483870969,763.2116666666666,22.227821249999998,0.946123,346.2878928571429,312.6351363636364,0.8873757142857143,1.024471590909091,0,0,Rest,0.0,0.0,0.0,0.0,0.0,0,1
7,P7_FUS_G1,FUS,M,O22,15,2,359.8,22.05,11.17,12.09611111111111,135.4,10.541935483870969,123.69233333333334,3.5108612099999994,0.7762381666666667,27.89552857142857,70.67542045454546,0.7888040476190477,0.8286827272727273,0,0,Rest,0.0,0.0,0.0,0.0,6.0,1,0
7,P7_FUS_G2,FUS,M,O22,15,2,359.8,22.05,11.17,12.09611111111111,135.4,10.541935483870969,123.69233333333334,3.5108612099999994,0.7762381666666667,27.89552857142857,70.67542045454546,0.7888040476190477,0.8286827272727273,0,0,Rest,0.0,0.0,0.0,0.0,1.0,1,0
7,P7_FUS_G3,FUS,M,O22,15,2,359.8,22.05,11.17,12.09611111111111,135.4,10.541935483870969,123.69233333333334,3.5108612099999994,0.7762381666666667,27.89552857142857,70.67542045454546,0.7888040476190477,0.8286827272727273,0,0,Rest,3.0,13.0,4.0,0.0,9.0,1,0
7,P7_MO_G1,MO,F,O24,16,2,456.0,23.82,13.0,11.275268817204301,168.5,11.658064516129032,653.3528333333334,18.470978024999997,0.9771891666666667,256.1499776785714,244.4850056818182,0.9689269196428572,1.0528023579545454,1,2,Transition,16.7,21.0,17.0,135.38,4.0,0,1
7,P7_MO_G2,MO,F,O24,16,2,456.0,23.82,13.0,11.275268817204301,168.5,11.658064516129032,653.3528333333334,18.470978024999997,0.9771891666666667,256.1499776785714,244.4850056818182,0.9689269196428572,1.0528023579545454,1,2,Transition,5.0,20.0,14.0,16.57,6.0,0,1
7,P7_MO_G3,MO,F,O24,16,2,456.0,23.82,13.0,11.275268817204301,168.5,11.658064516129032,653.3528333333334,18.470978024999997,0.9771891666666667,256.1499776785714,244.4850056818182,0.9689269196428572,1.0528023579545454,1,2,Transition,0.0,29.0,19.0,0.0,10.0,0,1
7,P7_FUS_G1,FUS,M,O24,16,2,456.0,23.82,13.0,11.275268817204301,168.5,11.658064516129032,113.35729166666667,3.2460577499999994,0.6530068333333333,24.833476785714282,63.56088731060606,0.5984275446428572,0.7441341761363636,1,2,Transition,11.6,8.0,8.0,6.21,0.0,1,0
7,P7_FUS_G2,FUS,M,O24,16,2,456.0,23.82,13.0,11.275268817204301,168.5,11.658064516129032,113.35729166666667,3.2460577499999994,0.6530068333333333,24.833476785714282,63.56088731060606,0.5984275446428572,0.7441341761363636,1,2,Transition,15.1,16.0,13.0,175.93,3.0,1,0
7,P7_FUS_G3,FUS,M,O24,16,2,456.0,23.82,13.0,11.275268817204301,168.5,11.658064516129032,113.35729166666667,3.2460577499999994,0.6530068333333333,24.833476785714282,63.56088731060606,0.5984275446428572,0.7441341761363636,1,2,Transition,17.1,10.0,10.0,329.34,0.0,1,0
7,P7_MO_G1,MO,F,O26,17,2,388.05,22.97,12.9,10.541111111111112,95.9,9.483333333333333,543.494,14.714134799999998,1.0082553333333333,166.01206249999998,176.334875,1.050478125,1.081133125,1,1,Growth,9.9,13.0,8.0,194.19,5.0,0,1
7,P7_MO_G2,MO,F,O26,17,2,388.05,22.97,12.9,10.541111111111112,95.9,9.483333333333333,543.494,14.714134799999998,1.0082553333333333,166.01206249999998,176.334875,1.050478125,1.081133125,1,1,Growth,26.2,9.0,7.0,284.61,2.0,0,1
7,P7_MO_G3,MO,F,O26,17,2,388.05,22.97,12.9,10.541111111111112,95.9,9.483333333333333,543.494,14.714134799999998,1.0082553333333333,166.01206249999998,176.334875,1.050478125,1.081133125,1,1,Growth,0.0,14.0,0.0,0.0,24.0,0,1
7,P7_FUS_G1,FUS,M,O26,17,2,388.05,22.97,12.9,10.541111111111112,95.9,9.483333333333333,103.02225,2.98125429,0.5297755,21.771424999999997,56.44635416666667,0.40805104166666667,0.659585625,1,1,Growth,10.5,15.0,12.0,231.55,3.0,1,0
7,P7_FUS_G2,FUS,M,O26,17,2,388.05,22.97,12.9,10.541111111111112,95.9,9.483333333333333,103.02225,2.98125429,0.5297755,21.771424999999997,56.44635416666667,0.40805104166666667,0.659585625,1,1,Growth,17.0,2.0,2.0,710.93,0.0,1,0
7,P7_FUS_G3,FUS,M,O26,17,2,388.05,22.97,12.9,10.541111111111112,95.9,9.483333333333333,103.02225,2.98125429,0.5297755,21.771424999999997,56.44635416666667,0.40805104166666667,0.659585625,1,1,Growth,16.1,5.0,2.0,612.07,3.0,1,0
7,P7_MO_G1,MO,F,O27,18,2,322.5,27.26,16.68,10.145698924731182,23.3,10.490322580645163,588.9449166666667,20.34104046,0.9725731666666666,234.0997395833333,440.4505625,0.9222220833333333,1.0517682291666666,0,2,Transition,0.7,0.0,0.0,15.47,0.0,0,1
7,P7_MO_G2,MO,F,O27,18,2,322.5,27.26,16.68,10.145698924731182,23.3,10.490322580645163,588.9449166666667,20.34104046,0.9725731666666666,234.0997395833333,440.4505625,0.9222220833333333,1.0517682291666666,0,2,Transition,0.2,0.0,0.0,27.95,0.0,0,1
7,P7_MO_G3,MO,F,O27,18,2,322.5,27.26,16.68,10.145698924731182,23.3,10.490322580645163,588.9449166666667,20.34104046,0.9725731666666666,234.0997395833333,440.4505625,0.9222220833333333,1.0517682291666666,0,2,Transition,0.0,0.0,0.0,0.0,28.0,0,1
7,P7_FUS_G1,FUS,M,O27,18,2,322.5,27.26,16.68,10.145698924731182,23.3,10.490322580645163,89.20676388888889,3.0331109649999997,0.5531994166666666,26.88743125,71.78180902777778,0.5250030208333333,0.6832235069444443,0,2,Transition,0.5,0.0,0.0,30.46,0.0,1,0
7,P7_FUS_G2,FUS,M,O27,18,2,322.5,27.26,16.68,10.145698924731182,23.3,10.490322580645163,89.20676388888889,3.0331109649999997,0.5531994166666666,26.88743125,71.78180902777778,0.5250030208333333,0.6832235069444443,0,2,Transition,0.0,0.0,0.0,0.0,0.0,1,0
7,P7_FUS_G3,FUS,M,O27,18,2,322.5,27.26,16.68,10.145698924731182,23.3,10.490322580645163,89.20676388888889,3.0331109649999997,0.5531994166666666,26.88743125,71.78180902777778,0.5250030208333333,0.6832235069444443,0,2,Transition,0.0,0.0,0.0,2.41,0.0,1,0
7,P7_MO_G1,MO,F,O29,19,2,779.8,28.02,17.42,10.325806451612904,187.5,9.98709677419355,634.3958333333334,25.96794612,0.9368909999999999,302.18741666666665,704.56625,0.7939660416666667,1.0224033333333333,0,0,Rest,0.0,0.0,0.0,0.0,0.0,0,1
7,P7_MO_G2,MO,F,O29,19,2,779.8,28.02,17.42,10.325806451612904,187.5,9.98709677419355,634.3958333333334,25.96794612,0.9368909999999999,302.18741666666665,704.56625,0.7939660416666667,1.0224033333333333,0,0,Rest,0.0,0.0,0.0,0.0,0.0,0,1
7,P7_MO_G3,MO,F,O29,19,2,779.8,28.02,17.42,10.325806451612904,187.5,9.98709677419355,634.3958333333334,25.96794612,0.9368909999999999,302.18741666666665,704.56625,0.7939660416666667,1.0224033333333333,0,0,Rest,0.0,0.0,0.0,0.0,0.0,0,1
7,P7_FUS_G1,FUS,M,O29,19,2,779.8,28.02,17.42,10.325806451612904,187.5,9.98709677419355,75.39127777777777,3.08496764,0.5766233333333333,32.0034375,87.11726388888889,0.6419549999999999,0.7068613888888888,0,0,Rest,0.0,0.0,0.0,0.0,0.0,1,0
7,P7_FUS_G2,FUS,M,O29,19,2,779.8,28.02,17.42,10.325806451612904,187.5,9.98709677419355,75.39127777777777,3.08496764,0.5766233333333333,32.0034375,87.11726388888889,0.6419549999999999,0.7068613888888888,0,0,Rest,0.0,0.0,0.0,0.0,0.0,1,0
7,P7_FUS_G3,FUS,M,O29,19,2,779.8,28.02,17.42,10.325806451612904,187.5,9.98709677419355,75.39127777777777,3.08496764,0.5766233333333333,32.0034375,87.11726388888889,0.6419549999999999,0.7068613888888888,0,0,Rest,0.0,0.0,0.0,0.0,0.0,1,0
7,P7_MO_G1,MO,F,O31,20,2,643.7,28.42,17.34,10.939880952380951,13.0,11.763178571428575,519.1779166666666,20.25661176,0.864286,244.32847023809524,538.8165113636363,0.7380058779761904,0.8837241666666666,1,2,Transition,0.0,0.0,0.0,0.0,0.0,0,1
7,P7_MO_G2,MO,F,O31,20,2,643.7,28.42,17.34,10.939880952380951,13.0,11.763178571428575,519.1779166666666,20.25661176,0.864286,244.32847023809524,538.8165113636363,0.7380058779761904,0.8837241666666666,1,2,Transition,0.0,0.0,0.0,0.4,0.0,0,1
7,P7_MO_G3,MO,F,O31,20,2,643.7,28.42,17.34,10.939880952380951,13.0,11.763178571428575,519.1779166666666,20.25661176,0.864286,244.32847023809524,538.8165113636363,0.7380058779761904,0.8837241666666666,1,2,Transition,0.0,12.0,12.0,0.0,0.0,0,1
7,P7_FUS_G1,FUS,M,O31,20,2,643.7,28.42,17.34,10.939880952380951,13.0,11.763178571428575,63.33105555555555,2.2653747895,0.616657,21.791160773809523,57.8394273989899,0.625140238095238,0.7060227398989898,1,2,Transition,3.2,6.0,6.0,7.55,0.0,1,0
7,P7_FUS_G2,FUS,M,O31,20,2,643.7,28.42,17.34,10.939880952380951,13.0,11.763178571428575,63.33105555555555,2.2653747895,0.616657,21.791160773809523,57.8394273989899,0.625140238095238,0.7060227398989898,1,2,Transition,4.4,5.0,5.0,10.3,0.0,1,0
7,P7_FUS_G3,FUS,M,O31,20,2,643.7,28.42,17.34,10.939880952380951,13.0,11.763178571428575,63.33105555555555,2.2653747895,0.616657,21.791160773809523,57.8394273989899,0.625140238095238,0.7060227398989898,1,2,Transition,6.3,3.0,3.0,5.6,0.0,1,0
7,P7_MO_G1,MO,F,O33,21,2,509.1,27.9,17.21,11.73225806451613,127.69999999999999,11.061290322580646,403.96,14.5452774,0.7916810000000001,186.46952380952382,373.0667727272727,0.6820457142857143,0.745045,1,1,Growth,0.0,0.0,0.0,0.0,0.0,0,1
7,P7_MO_G2,MO,F,O33,21,2,509.1,27.9,17.21,11.73225806451613,127.69999999999999,11.061290322580646,403.96,14.5452774,0.7916810000000001,186.46952380952382,373.0667727272727,0.6820457142857143,0.745045,1,1,Growth,0.0,0.0,0.0,0.0,0.0,0,1
7,P7_MO_G3,MO,F,O33,21,2,509.1,27.9,17.21,11.73225806451613,127.69999999999999,11.061290322580646,403.96,14.5452774,0.7916810000000001,186.46952380952382,373.0667727272727,0.6820457142857143,0.745045,1,1,Growth,0.0,12.0,12.0,0.0,0.0,0,1
7,P7_FUS_G1,FUS,M,O33,21,2,509.1,27.9,17.21,11.73225806451613,127.69999999999999,11.061290322580646,51.270833333333336,1.4457819389999997,0.6566906666666666,11.578884047619047,28.56159090909091,0.6083254761904762,0.7051840909090908,1,1,Growth,13.3,7.0,6.0,315.28,1.0,1,0
7,P7_FUS_G2,FUS,M,O33,21,2,509.1,27.9,17.21,11.73225806451613,127.69999999999999,11.061290322580646,51.270833333333336,1.4457819389999997,0.6566906666666666,11.578884047619047,28.56159090909091,0.6083254761904762,0.7051840909090908,1,1,Growth,22.5,14.0,10.0,351.19,4.0,1,0
7,P7_FUS_G3,FUS,M,O33,21,2,509.1,27.9,17.21,11.73225806451613,127.69999999999999,11.061290322580646,51.270833333333336,1.4457819389999997,0.6566906666666666,11.578884047619047,28.56159090909091,0.6083254761904762,0.7051840909090908,1,1,Growth,22.6,18.0,14.0,274.54,4.0,1,0
7,P7_MO_G1,MO,F,O35,22,2,501.15,25.0,16.32,12.550555555555555,194.0,7.8100000000000005,294.23741666666666,9.794062845,0.8190529166666667,115.70453221726191,237.7302792207792,0.7740194196428571,0.7850082142857142,1,1,Growth,0.0,0.0,0.0,0.0,0.0,0,1
7,P7_MO_G2,MO,F,O35,22,2,501.15,25.0,16.32,12.550555555555555,194.0,7.8100000000000005,294.23741666666666,9.794062845,0.8190529166666667,115.70453221726191,237.7302792207792,0.7740194196428571,0.7850082142857142,1,1,Growth,0.0,0.0,0.0,0.0,0.0,0,1
7,P7_MO_G3,MO,F,O35,22,2,501.15,25.0,16.32,12.550555555555555,194.0,7.8100000000000005,294.23741666666666,9.794062845,0.8190529166666667,115.70453221726191,237.7302792207792,0.7740194196428571,0.7850082142857142,1,1,Growth,0.0,5.0,5.0,0.0,0.0,0,1
7,P7_FUS_G1,FUS,M,O35,22,2,501.15,25.0,16.32,12.550555555555555,194.0,7.8100000000000005,56.19375,1.4463646094999998,0.7005171666666667,13.583049836309524,22.106589502164503,0.617539144345238,0.7611390692640693,1,1,Growth,0.3,0.0,0.0,183.39,0.0,1,0
7,P7_FUS_G2,FUS,M,O35,22,2,501.15,25.0,16.32,12.550555555555555,194.0,7.8100000000000005,56.19375,1.4463646094999998,0.7005171666666667,13.583049836309524,22.106589502164503,0.617539144345238,0.7611390692640693,1,1,Growth,5.0,0.0,0.0,318.45,0.0,1,0
7,P7_FUS_G3,FUS,M,O35,22,2,501.15,25.0,16.32,12.550555555555555,194.0,7.8100000000000005,56.19375,1.4463646094999998,0.7005171666666667,13.583049836309524,22.106589502164503,0.617539144345238,0.7611390692640693,1,1,Growth,0.9,0.0,0.0,156.38,0.0,1,0
7,P7_MO_G1,MO,F,O37,23,2,338.95,20.16,11.71,13.236979166666666,217.70000000000002,8.432258064516128,184.5148333333333,5.042848289999999,0.8464248333333334,44.939540625,102.39378571428571,0.865993125,0.8249714285714286,0,2,Transition,0.0,0.0,0.0,0.0,0.0,0,1
7,P7_MO_G2,MO,F,O37,23,2,338.95,20.16,11.71,13.236979166666666,217.70000000000002,8.432258064516128,184.5148333333333,5.042848289999999,0.8464248333333334,44.939540625,102.39378571428571,0.865993125,0.8249714285714286,0,2,Transition,0.0,0.0,0.0,0.0,0.0,0,1
7,P7_MO_G3,MO,F,O37,23,2,338.95,20.16,11.71,13.236979166666666,217.70000000000002,8.432258064516128,184.5148333333333,5.042848289999999,0.8464248333333334,44.939540625,102.39378571428571,0.865993125,0.8249714285714286,0,2,Transition,0.0,0.0,0.0,0.0,0.0,0,1
7,P7_FUS_G1,FUS,M,O37,23,2,338.95,20.16,11.71,13.236979166666666,217.70000000000002,8.432258064516128,61.11666666666667,1.4469472799999998,0.7443436666666667,15.587215624999999,15.651588095238097,0.6267528125,0.8170940476190477,0,2,Transition,0.0,0.0,0.0,0.0,0.0,1,0
7,P7_FUS_G2,FUS,M,O37,23,2,338.95,20.16,11.71,13.236979166666666,217.70000000000002,8.432258064516128,61.11666666666667,1.4469472799999998,0.7443436666666667,15.587215624999999,15.651588095238097,0.6267528125,0.8170940476190477,0,2,Transition,0.0,0.0,0.0,0.0,0.0,1,0
7,P7_FUS_G3,FUS,M,O37,23,2,338.95,20.16,11.71,13.236979166666666,217.70000000000002,8.432258064516128,61.11666666666667,1.4469472799999998,0.7443436666666667,15.587215624999999,15.651588095238097,0.6267528125,0.8170940476190477,0,2,Transition,0.0,0.0,0.0,0.0,0.0,1,0
7,P7_MO_G1,MO,F,O38,24,2,194.65,23.29,14.52,13.575,,,184.5148333333333,5.042848289999999,0.8464248333333334,44.939540625,102.39378571428571,0.865993125,0.8249714285714286,0,0,Rest,0.0,0.0,0.0,0.0,0.0,0,1
7,P7_MO_G2,MO,F,O38,24,2,194.65,23.29,14.52,13.575,,,184.5148333333333,5.042848289999999,0.8464248333333334,44.939540625,102.39378571428571,0.865993125,0.8249714285714286,0,0,Rest,0.0,0.0,0.0,0.0,0.0,0,1
7,P7_MO_G3,MO,F,O38,24,2,194.65,23.29,14.52,13.575,,,184.5148333333333,5.042848289999999,0.8464248333333334,44.939540625,102.39378571428571,0.865993125,0.8249714285714286,0,0,Rest,0.0,0.0,0.0,0.0,0.0,0,1
7,P7_FUS_G1,FUS,M,O38,24,2,194.65,23.29,14.52,13.575,,,61.11666666666667,1.4469472799999998,0.7443436666666667,15.587215624999999,15.651588095238097,0.6267528125,0.8170940476190477,0,0,Rest,0.0,0.0,0.0,0.0,0.0,1,0
7,P7_FUS_G2,FUS,M,O38,24,2,194.65,23.29,14.52,13.575,,,61.11666666666667,1.4469472799999998,0.7443436666666667,15.587215624999999,15.651588095238097,0.6267528125,0.8170940476190477,0,0,Rest,0.0,0.0,0.0,0.0,0.0,1,0
7,P7_FUS_G3,FUS,M,O38,24,2,194.65,23.29,14.52,13.575,,,61.11666666666667,1.4469472799999998,0.7443436666666667,15.587215624999999,15.651588095238097,0.6267528125,0.8170940476190477,0,0,Rest,0.0,0.0,0.0,0.0,0.0,1,0
8,P8_MO_G1,MO,F,O1,0,1,254.5,19.57,12.57,13.576666666666666,124.8,7.6,1474.3933333333332,39.508891999999996,1.1070321666666667,402.03898550724637,562.2480303030303,1.0804234782608695,1.1195831818181818,0,0,Rest,0.0,0.0,0.0,0.0,0.0,0,1
8,P8_MO_G2,MO,F,O1,0,1,254.5,19.57,12.57,13.576666666666666,124.8,7.6,1474.3933333333332,39.508891999999996,1.1070321666666667,402.03898550724637,562.2480303030303,1.0804234782608695,1.1195831818181818,0,0,Rest,0.0,0.0,0.0,0.0,0.0,0,1
8,P8_MO_G3,MO,F,O1,0,1,254.5,19.57,12.57,13.576666666666666,124.8,7.6,1474.3933333333332,39.508891999999996,1.1070321666666667,402.03898550724637,562.2480303030303,1.0804234782608695,1.1195831818181818,0,0,Rest,0.0,0.0,0.0,0.0,0.0,0,1
8,P8_FUS_G1,FUS,M,O1,0,1,254.5,19.57,12.57,13.576666666666666,124.8,7.6,168.69500000000002,5.280435,0.6713425555555556,47.088913043478264,120.765,0.7038765217391305,0.7234356060606061,0,0,Rest,0.0,0.0,0.0,0.0,0.0,1,0
8,P8_FUS_G2,FUS,M,O1,0,1,254.5,19.57,12.57,13.576666666666666,124.8,7.6,168.69500000000002,5.280435,0.6713425555555556,47.088913043478264,120.765,0.7038765217391305,0.7234356060606061,0,0,Rest,0.0,0.0,0.0,0.0,0.0,1,0
8,P8_FUS_G3,FUS,M,O1,0,1,254.5,19.57,12.57,13.576666666666666,124.8,7.6,168.69500000000002,5.280435,0.6713425555555556,47.088913043478264,120.765,0.7038765217391305,0.7234356060606061,0,0,Rest,0.0,0.0,0.0,0.0,0.0,1,0
8,P8_MO_G1,MO,F,O2,1,1,282.1,18.87,9.94,13.418279569892475,92.9,9.058064516129035,1474.3933333333332,39.508891999999996,1.1070321666666667,402.03898550724637,562.2480303030303,1.0804234782608695,1.1195831818181818,0,0,Rest,0.0,0.0,0.0,0.0,0.0,0,1
8,P8_MO_G2,MO,F,O2,1,1,282.1,18.87,9.94,13.418279569892475,92.9,9.058064516129035,1474.3933333333332,39.508891999999996,1.1070321666666667,402.03898550724637,562.2480303030303,1.0804234782608695,1.1195831818181818,0,0,Rest,0.0,0.0,0.0,0.0,0.0,0,1
8,P8_MO_G3,MO,F,O2,1,1,282.1,18.87,9.94,13.418279569892475,92.9,9.058064516129035,1474.3933333333332,39.508891999999996,1.1070321666666667,402.03898550724637,562.2480303030303,1.0804234782608695,1.1195831818181818,0,0,Rest,0.0,0.0,0.0,0.0,0.0,0,1
8,P8_FUS_G1,FUS,M,O2,1,1,282.1,18.87,9.94,13.418279569892475,92.9,9.058064516129035,168.69500000000002,5.280435,0.6713425555555556,47.088913043478264,120.765,0.7038765217391305,0.7234356060606061,0,0,Rest,3.0,14.0,11.0,2.16,3.0,1,0
8,P8_FUS_G2,FUS,M,O2,1,1,282.1,18.87,9.94,13.418279569892475,92.9,9.058064516129035,168.69500000000002,5.280435,0.6713425555555556,47.088913043478264,120.765,0.7038765217391305,0.7234356060606061,0,0,Rest,0.0,0.0,0.0,0.0,0.0,1,0
8,P8_FUS_G3,FUS,M,O2,1,1,282.1,18.87,9.94,13.418279569892475,92.9,9.058064516129035,168.69500000000002,5.280435,0.6713425555555556,47.088913043478264,120.765,0.7038765217391305,0.7234356060606061,0,0,Rest,0.0,0.0,0.0,0.0,0.0,1,0
8,P8_MO_G1,MO,F,O3,2,1,326.2,21.57,10.18,12.839247311827956,73.7,11.245161290322581,1474.3933333333332,39.508891999999996,1.1070321666666667,402.03898550724637,562.2480303030303,1.0804234782608695,1.1195831818181818,0,0,Rest,0.0,0.0,0.0,0.0,0.0,0,1
8,P8_MO_G2,MO,F,O3,2,1,326.2,21.57,10.18,12.839247311827956,73.7,11.245161290322581,1474.3933333333332,39.508891999999996,1.1070321666666667,402.03898550724637,562.2480303030303,1.0804234782608695,1.1195831818181818,0,0,Rest,0.0,0.0,0.0,0.0,0.0,0,1
8,P8_MO_G3,MO,F,O3,2,1,326.2,21.57,10.18,12.839247311827956,73.7,11.245161290322581,1474.3933333333332,39.508891999999996,1.1070321666666667,402.03898550724637,562.2480303030303,1.0804234782608695,1.1195831818181818,0,0,Rest,0.0,0.0,0.0,0.0,0.0,0,1
8,P8_FUS_G1,FUS,M,O3,2,1,326.2,21.57,10.18,12.839247311827956,73.7,11.245161290322581,168.69500000000002,5.280435,0.6713425555555556,47.088913043478264,120.765,0.7038765217391305,0.7234356060606061,0,0,Rest,0.0,0.0,0.0,12.12,0.0,1,0
8,P8_FUS_G2,FUS,M,O3,2,1,326.2,21.57,10.18,12.839247311827956,73.7,11.245161290322581,168.69500000000002,5.280435,0.6713425555555556,47.088913043478264,120.765,0.7038765217391305,0.7234356060606061,0,0,Rest,0.0,0.0,0.0,0.0,0.0,1,0
8,P8_FUS_G3,FUS,M,O3,2,1,326.2,21.57,10.18,12.839247311827956,73.7,11.245161290322581,168.69500000000002,5.280435,0.6713425555555556,47.088913043478264,120.765,0.7038765217391305,0.7234356060606061,0,0,Rest,0.0,0.0,0.0,0.0,0.0,1,0
8,P8_MO_G1,MO,F,O5,3,1,281.7,20.17,8.61,12.069444444444445,31.5,11.493333333333336,1474.3933333333332,39.508891999999996,1.1070321666666667,402.03898550724637,562.2480303030303,1.0804234782608695,1.1195831818181818,0,0,Rest,5.9,16.0,6.0,26.42,10.0,0,1
8,P8_MO_G2,MO,F,O5,3,1,281.7,20.17,8.61,12.069444444444445,31.5,11.493333333333336,1474.3933333333332,39.508891999999996,1.1070321666666667,402.03898550724637,562.2480303030303,1.0804234782608695,1.1195831818181818,0,0,Rest,9.0,15.0,9.0,89.49,6.0,0,1
8,P8_MO_G3,MO,F,O5,3,1,281.7,20.17,8.61,12.069444444444445,31.5,11.493333333333336,1474.3933333333332,39.508891999999996,1.1070321666666667,402.03898550724637,562.2480303030303,1.0804234782608695,1.1195831818181818,0,0,Rest,0.0,0.0,0.0,0.0,0.0,0,1
8,P8_FUS_G1,FUS,M,O5,3,1,281.7,20.17,8.61,12.069444444444445,31.5,11.493333333333336,168.69500000000002,5.280435,0.6713425555555556,47.088913043478264,120.765,0.7038765217391305,0.7234356060606061,0,0,Rest,12.3,6.0,2.0,152.19,4.0,1,0
8,P8_FUS_G2,FUS,M,O5,3,1,281.7,20.17,8.61,12.069444444444445,31.5,11.493333333333336,168.69500000000002,5.280435,0.6713425555555556,47.088913043478264,120.765,0.7038765217391305,0.7234356060606061,0,0,Rest,0.0,0.0,0.0,0.0,0.0,1,0
8,P8_FUS_G3,FUS,M,O5,3,1,281.7,20.17,8.61,12.069444444444445,31.5,11.493333333333336,168.69500000000002,5.280435,0.6713425555555556,47.088913043478264,120.765,0.7038765217391305,0.7234356060606061,0,0,Rest,0.0,0.0,0.0,0.0,0.0,1,0
8,P8_MO_G1,MO,F,O7,4,1,460.1,24.84,14.85,11.248924731182797,173.1,10.503225806451614,1653.4391666666666,47.820049149999996,1.1107365277777776,647.6092844202899,636.3643276515152,1.0865897946859904,1.1215947159090909,1,2,Transition,15.7,8.0,8.0,450.56,0.0,0,1
8,P8_MO_G2,MO,F,O7,4,1,460.1,24.84,14.85,11.248924731182797,173.1,10.503225806451614,1653.4391666666666,47.820049149999996,1.1107365277777776,647.6092844202899,636.3643276515152,1.0865897946859904,1.1215947159090909,1,2,Transition,24.6,9.0,8.0,566.56,1.0,0,1
8,P8_MO_G3,MO,F,O7,4,1,460.1,24.84,14.85,11.248924731182797,173.1,10.503225806451614,1653.4391666666666,47.820049149999996,1.1107365277777776,647.6092844202899,636.3643276515152,1.0865897946859904,1.1215947159090909,1,2,Transition,8.7,11.0,7.0,190.2,4.0,0,1
8,P8_FUS_G1,FUS,M,O7,4,1,460.1,24.84,14.85,11.248924731182797,173.1,10.503225806451614,125.61441666666667,3.834195,0.6907866944444445,40.06020652173913,74.78767708333334,0.5979687817028986,0.6854532196969697,1,2,Transition,0.8,1.0,1.0,36.84,0.0,1,0
8,P8_FUS_G2,FUS,M,O7,4,1,460.1,24.84,14.85,11.248924731182797,173.1,10.503225806451614,125.61441666666667,3.834195,0.6907866944444445,40.06020652173913,74.78767708333334,0.5979687817028986,0.6854532196969697,1,2,Transition,17.5,10.0,8.0,306.56,2.0,1,0
8,P8_FUS_G3,FUS,M,O7,4,1,460.1,24.84,14.85,11.248924731182797,173.1,10.503225806451614,125.61441666666667,3.834195,0.6907866944444445,40.06020652173913,74.78767708333334,0.5979687817028986,0.6854532196969697,1,2,Transition,11.1,11.0,7.0,192.45,4.0,1,0
8,P8_MO_G1,MO,F,O9,5,1,444.8,24.43,15.22,10.520555555555555,188.2,8.726666666666668,1832.4850000000001,56.131206299999995,1.1144408888888888,893.1795833333334,710.480625,1.092756111111111,1.12360625,1,1,Growth,27.6,16.0,14.0,614.01,2.0,0,1
8,P8_MO_G2,MO,F,O9,5,1,444.8,24.43,15.22,10.520555555555555,188.2,8.726666666666668,1832.4850000000001,56.131206299999995,1.1144408888888888,893.1795833333334,710.480625,1.092756111111111,1.12360625,1,1,Growth,25.3,14.0,12.0,923.16,2.0,0,1
8,P8_MO_G3,MO,F,O9,5,1,444.8,24.43,15.22,10.520555555555555,188.2,8.726666666666668,1832.4850000000001,56.131206299999995,1.1144408888888888,893.1795833333334,710.480625,1.092756111111111,1.12360625,1,1,Growth,4.1,3.0,3.0,184.25,0.0,0,1
8,P8_FUS_G1,FUS,M,O9,5,1,444.8,24.43,15.22,10.520555555555555,188.2,8.726666666666668,82.53383333333333,2.387955,0.7102308333333334,33.0315,28.810354166666666,0.49206104166666664,0.6474708333333333,1,1,Growth,0.0,0.0,0.0,0.0,0.0,1,0
8,P8_FUS_G2,FUS,M,O9,5,1,444.8,24.43,15.22,10.520555555555555,188.2,8.726666666666668,82.53383333333333,2.387955,0.7102308333333334,33.0315,28.810354166666666,0.49206104166666664,0.6474708333333333,1,1,Growth,6.0,1.0,1.0,455.7,0.0,1,0
8,P8_FUS_G3,FUS,M,O9,5,1,444.8,24.43,15.22,10.520555555555555,188.2,8.726666666666668,82.53383333333333,2.387955,0.7102308333333334,33.0315,28.810354166666666,0.49206104166666664,0.6474708333333333,1,1,Growth,0.5,0.0,0.0,100.43,0.0,1,0
8,P8_MO_G1,MO,F,O10,6,1,398.8,27.7,16.98,10.141935483870967,288.8,11.29032258064516,1705.0033333333336,53.21982704999999,1.0832638694444445,781.453125,779.0920833333333,1.0856867534722223,1.1087103333333332,1,1,Growth,18.8,13.0,11.0,342.65,2.0,0,1
8,P8_MO_G2,MO,F,O10,6,1,398.8,27.7,16.98,10.141935483870967,288.8,11.29032258064516,1705.0033333333336,53.21982704999999,1.0832638694444445,781.453125,779.0920833333333,1.0856867534722223,1.1087103333333332,1,1,Growth,17.5,10.0,8.0,346.64,2.0,0,1
8,P8_MO_G3,MO,F,O10,6,1,398.8,27.7,16.98,10.141935483870967,288.8,11.29032258064516,1705.0033333333336,53.21982704999999,1.0832638694444445,781.453125,779.0920833333333,1.0856867534722223,1.1087103333333332,1,1,Growth,1.6,1.0,1.0,77.0,0.0,0,1
8,P8_FUS_G1,FUS,M,O10,6,1,398.8,27.7,16.98,10.141935483870967,288.8,11.29032258064516,77.3835,2.9195848799999995,0.67345475,29.1351875,76.275625,0.5281754166666666,0.6392845833333334,1,1,Growth,0.0,0.0,0.0,0.0,0.0,1,0
8,P8_FUS_G2,FUS,M,O10,6,1,398.8,27.7,16.98,10.141935483870967,288.8,11.29032258064516,77.3835,2.9195848799999995,0.67345475,29.1351875,76.275625,0.5281754166666666,0.6392845833333334,1,1,Growth,0.0,0.0,0.0,6.84,0.0,1,0
8,P8_FUS_G3,FUS,M,O10,6,1,398.8,27.7,16.98,10.141935483870967,288.8,11.29032258064516,77.3835,2.9195848799999995,0.67345475,29.1351875,76.275625,0.5281754166666666,0.6392845833333334,1,1,Growth,0.0,0.0,0.0,4.6,0.0,1,0
8,P8_MO_G1,MO,F,O12,7,1,625.4,28.29,17.45,10.341397849462364,127.9,10.077419354838707,1577.5216666666668,50.308447799999996,1.05208685,669.7266666666667,847.7035416666666,1.0786173958333334,1.0938144166666668,1,1,Growth,40.2,21.0,19.0,666.0,2.0,0,1
8,P8_MO_G2,MO,F,O12,7,1,625.4,28.29,17.45,10.341397849462364,127.9,10.077419354838707,1577.5216666666668,50.308447799999996,1.05208685,669.7266666666667,847.7035416666666,1.0786173958333334,1.0938144166666668,1,1,Growth,41.9,17.0,17.0,589.25,0.0,0,1
8,P8_MO_G3,MO,F,O12,7,1,625.4,28.29,17.45,10.341397849462364,127.9,10.077419354838707,1577.5216666666668,50.308447799999996,1.05208685,669.7266666666667,847.7035416666666,1.0786173958333334,1.0938144166666668,1,1,Growth,0.2,0.0,0.0,0.0,0.0,0,1
8,P8_FUS_G1,FUS,M,O12,7,1,625.4,28.29,17.45,10.341397849462364,127.9,10.077419354838707,72.23316666666666,3.4512147599999996,0.6366786666666666,25.238874999999997,123.74089583333334,0.5642897916666666,0.6310983333333333,1,1,Growth,0.0,0.0,0.0,0.0,0.0,1,0
8,P8_FUS_G2,FUS,M,O12,7,1,625.4,28.29,17.45,10.341397849462364,127.9,10.077419354838707,72.23316666666666,3.4512147599999996,0.6366786666666666,25.238874999999997,123.74089583333334,0.5642897916666666,0.6310983333333333,1,1,Growth,0.0,0.0,0.0,0.0,0.0,1,0
8,P8_FUS_G3,FUS,M,O12,7,1,625.4,28.29,17.45,10.341397849462364,127.9,10.077419354838707,72.23316666666666,3.4512147599999996,0.6366786666666666,25.238874999999997,123.74089583333334,0.5642897916666666,0.6310983333333333,1,1,Growth,0.0,0.0,0.0,0.0,0.0,1,0
8,P8_MO_G1,MO,F,O13,8,1,384.6,28.3,18.44,10.964880952380952,82.2,10.859605911330046,1319.2091666666668,38.4755949,1.0561539249999998,486.70427083333334,549.7655803571429,1.0952947395833332,1.0710186369047618,1,1,Growth,21.7,16.0,14.0,284.72,2.0,0,1
8,P8_MO_G2,MO,F,O13,8,1,384.6,28.3,18.44,10.964880952380952,82.2,10.859605911330046,1319.2091666666668,38.4755949,1.0561539249999998,486.70427083333334,549.7655803571429,1.0952947395833332,1.0710186369047618,1,1,Growth,21.7,11.0,11.0,182.29,0.0,0,1
8,P8_MO_G3,MO,F,O13,8,1,384.6,28.3,18.44,10.964880952380952,82.2,10.859605911330046,1319.2091666666668,38.4755949,1.0561539249999998,486.70427083333334,549.7655803571429,1.0952947395833332,1.0710186369047618,1,1,Growth,0.0,0.0,0.0,0.0,0.0,0,1
8,P8_FUS_G1,FUS,M,O13,8,1,384.6,28.3,18.44,10.964880952380952,82.2,10.859605911330046,74.65858333333333,2.7920893799999997,0.6385324583333333,25.111104166666664,77.17282886904762,0.5553263541666666,0.6394401190476191,1,1,Growth,0.0,0.0,0.0,0.0,0.0,1,0
8,P8_FUS_G2,FUS,M,O13,8,1,384.6,28.3,18.44,10.964880952380952,82.2,10.859605911330046,74.65858333333333,2.7920893799999997,0.6385324583333333,25.111104166666664,77.17282886904762,0.5553263541666666,0.6394401190476191,1,1,Growth,0.0,0.0,0.0,0.0,0.0,1,0
8,P8_FUS_G3,FUS,M,O13,8,1,384.6,28.3,18.44,10.964880952380952,82.2,10.859605911330046,74.65858333333333,2.7920893799999997,0.6385324583333333,25.111104166666664,77.17282886904762,0.5553263541666666,0.6394401190476191,1,1,Growth,4.6,10.0,0.0,0.0,10.0,1,0
8,P8_MO_G1,MO,F,O15,9,1,699.6,27.02,16.29,11.759677419354839,95.3,11.606451612903225,1060.8966666666668,26.642742,1.0602209999999999,303.681875,251.82761904761907,1.1119720833333333,1.0482228571428571,1,1,Growth,10.5,8.0,8.0,324.91,0.0,0,1
8,P8_MO_G2,MO,F,O15,9,1,699.6,27.02,16.29,11.759677419354839,95.3,11.606451612903225,1060.8966666666668,26.642742,1.0602209999999999,303.681875,251.82761904761907,1.1119720833333333,1.0482228571428571,1,1,Growth,15.4,9.0,7.0,142.66,2.0,0,1
8,P8_MO_G3,MO,F,O15,9,1,699.6,27.02,16.29,11.759677419354839,95.3,11.606451612903225,1060.8966666666668,26.642742,1.0602209999999999,303.681875,251.82761904761907,1.1119720833333333,1.0482228571428571,1,1,Growth,18.4,14.0,14.0,602.09,0.0,0,1
8,P8_FUS_G1,FUS,M,O15,9,1,699.6,27.02,16.29,11.759677419354839,95.3,11.606451612903225,77.084,2.132964,0.6403862499999999,24.983333333333334,30.604761904761908,0.5463629166666667,0.6477819047619048,1,1,Growth,0.0,0.0,0.0,0.0,0.0,1,0
8,P8_FUS_G2,FUS,M,O15,9,1,699.6,27.02,16.29,11.759677419354839,95.3,11.606451612903225,77.084,2.132964,0.6403862499999999,24.983333333333334,30.604761904761908,0.5463629166666667,0.6477819047619048,1,1,Growth,6.7,11.0,0.0,0.0,11.0,1,0
8,P8_FUS_G3,FUS,M,O15,9,1,699.6,27.02,16.29,11.759677419354839,95.3,11.606451612903225,77.084,2.132964,0.6403862499999999,24.983333333333334,30.604761904761908,0.5463629166666667,0.6477819047619048,1,1,Growth,0.0,0.0,0.0,0.0,0.0,1,0
8,P8_MO_G1,MO,F,O17,10,1,508.8,27.73,16.19,12.576111111111112,163.9,10.340000000000002,799.5080222222223,19.434765328999998,1.0889678333333332,204.41720614583332,186.67474206349206,1.0415594791666667,1.058017619047619,1,1,Growth,2.4,3.0,3.0,78.25,0.0,0,1
8,P8_MO_G2,MO,F,O17,10,1,508.8,27.73,16.19,12.576111111111112,163.9,10.340000000000002,799.5080222222223,19.434765328999998,1.0889678333333332,204.41720614583332,186.67474206349206,1.0415594791666667,1.058017619047619,1,1,Growth,0.4,0.0,0.0,3.75,0.0,0,1
8,P8_MO_G3,MO,F,O17,10,1,508.8,27.73,16.19,12.576111111111112,163.9,10.340000000000002,799.5080222222223,19.434765328999998,1.0889678333333332,204.41720614583332,186.67474206349206,1.0415594791666667,1.058017619047619,1,1,Growth,6.9,5.0,5.0,257.91,0.0,0,1
8,P8_FUS_G1,FUS,M,O17,10,1,508.8,27.73,16.19,12.576111111111112,163.9,10.340000000000002,53.55433888888889,1.4964096199999999,0.6967120694444444,15.62109375,25.593096825396827,0.5926528125,0.6640030952380953,1,1,Growth,5.7,3.0,0.0,178.76,3.0,1,0
8,P8_FUS_G2,FUS,M,O17,10,1,508.8,27.73,16.19,12.576111111111112,163.9,10.340000000000002,53.55433888888889,1.4964096199999999,0.6967120694444444,15.62109375,25.593096825396827,0.5926528125,0.6640030952380953,1,1,Growth,0.0,0.0,0.0,0.0,0.0,1,0
8,P8_FUS_G3,FUS,M,O17,10,1,508.8,27.73,16.19,12.576111111111112,163.9,10.340000000000002,53.55433888888889,1.4964096199999999,0.6967120694444444,15.62109375,25.593096825396827,0.5926528125,0.6640030952380953,1,1,Growth,18.0,6.0,5.0,464.25,1.0,1,0
8,P8_MO_G1,MO,F,O18,11,1,257.35,20.67,12.78,13.238888888888889,111.4,6.282795698924733,538.1193777777778,12.226788657999998,1.1177146666666666,105.15253729166666,121.52186507936507,0.971146875,1.067812380952381,0,2,Transition,0.0,0.0,0.0,0.0,0.0,0,1
8,P8_MO_G2,MO,F,O18,11,1,257.35,20.67,12.78,13.238888888888889,111.4,6.282795698924733,538.1193777777778,12.226788657999998,1.1177146666666666,105.15253729166666,121.52186507936507,0.971146875,1.067812380952381,0,2,Transition,0.0,0.0,0.0,0.0,0.0,0,1
8,P8_MO_G3,MO,F,O18,11,1,257.35,20.67,12.78,13.238888888888889,111.4,6.282795698924733,538.1193777777778,12.226788657999998,1.1177146666666666,105.15253729166666,121.52186507936507,0.971146875,1.067812380952381,0,2,Transition,0.0,0.0,0.0,0.0,0.0,0,1
8,P8_FUS_G1,FUS,M,O18,11,1,257.35,20.67,12.78,13.238888888888889,111.4,6.282795698924733,30.02467777777778,0.8598552399999999,0.7530378888888889,6.258854166666667,20.581431746031747,0.6389427083333333,0.6802242857142857,0,2,Transition,0.0,0.0,0.0,0.0,0.0,1,0
8,P8_FUS_G2,FUS,M,O18,11,1,257.35,20.67,12.78,13.238888888888889,111.4,6.282795698924733,30.02467777777778,0.8598552399999999,0.7530378888888889,6.258854166666667,20.581431746031747,0.6389427083333333,0.6802242857142857,0,2,Transition,0.0,0.0,0.0,0.0,0.0,1,0
8,P8_FUS_G3,FUS,M,O18,11,1,257.35,20.67,12.78,13.238888888888889,111.4,6.282795698924733,30.02467777777778,0.8598552399999999,0.7530378888888889,6.258854166666667,20.581431746031747,0.6389427083333333,0.6802242857142857,0,2,Transition,0.0,0.0,0.0,0.0,0.0,1,0
8,P8_MO_G1,MO,F,O19,12,2,268.5,16.82,9.45,13.573333333333332,52.8,8.499999999999998,756.7875222222222,18.398935829,1.100986,216.80204989583336,213.92545634920634,1.0080453125,1.086895,0,0,Rest,0.0,0.0,0.0,0.0,40.0,0,1
8,P8_MO_G2,MO,F,O19,12,2,268.5,16.82,9.45,13.573333333333332,52.8,8.499999999999998,756.7875222222222,18.398935829,1.100986,216.80204989583336,213.92545634920634,1.0080453125,1.086895,0,0,Rest,0.0,0.0,0.0,0.0,25.0,0,1
8,P8_MO_G3,MO,F,O19,12,2,268.5,16.82,9.45,13.573333333333332,52.8,8.499999999999998,756.7875222222222,18.398935829,1.100986,216.80204989583336,213.92545634920634,1.0080453125,1.086895,0,0,Rest,0.0,0.0,0.0,0.0,3.0,0,1
8,P8_FUS_G1,FUS,M,O19,12,2,268.5,16.82,9.45,13.573333333333332,52.8,8.499999999999998,51.55939444444445,1.4373516199999998,0.7899986944444444,29.544947916666665,17.908811111111113,0.7436183854166667,0.7313225000000001,0,0,Rest,0.0,0.0,0.0,0.0,0.0,1,0
8,P8_FUS_G2,FUS,M,O19,12,2,268.5,16.82,9.45,13.573333333333332,52.8,8.499999999999998,51.55939444444445,1.4373516199999998,0.7899986944444444,29.544947916666665,17.908811111111113,0.7436183854166667,0.7313225000000001,0,0,Rest,0.0,0.0,0.0,0.0,0.0,1,0
8,P8_FUS_G3,FUS,M,O19,12,2,268.5,16.82,9.45,13.573333333333332,52.8,8.499999999999998,51.55939444444445,1.4373516199999998,0.7899986944444444,29.544947916666665,17.908811111111113,0.7436183854166667,0.7313225000000001,0,0,Rest,0.0,0.0,0.0,0.0,0.0,1,0
8,P8_MO_G1,MO,F,O20,13,2,332.9,20.05,12.15,13.431182795698925,128.5,6.55247311827957,975.4556666666666,24.571082999999998,1.0842573333333334,328.4515625,306.3290476190476,1.04494375,1.105977619047619,0,0,Rest,0.0,0.0,0.0,0.0,2.0,0,1
8,P8_MO_G2,MO,F,O20,13,2,332.9,20.05,12.15,13.431182795698925,128.5,6.55247311827957,975.4556666666666,24.571082999999998,1.0842573333333334,328.4515625,306.3290476190476,1.04494375,1.105977619047619,0,0,Rest,0.0,0.0,0.0,0.0,4.0,0,1
8,P8_MO_G3,MO,F,O20,13,2,332.9,20.05,12.15,13.431182795698925,128.5,6.55247311827957,975.4556666666666,24.571082999999998,1.0842573333333334,328.4515625,306.3290476190476,1.04494375,1.105977619047619,0,0,Rest,0.0,0.0,0.0,0.0,0.0,0,1
8,P8_FUS_G1,FUS,M,O20,13,2,332.9,20.05,12.15,13.431182795698925,128.5,6.55247311827957,73.09411111111112,2.0148479999999998,0.8269595,52.831041666666664,15.236190476190476,0.8482940625,0.7824207142857144,0,0,Rest,0.0,0.0,0.0,0.0,0.0,1,0
8,P8_FUS_G2,FUS,M,O20,13,2,332.9,20.05,12.15,13.431182795698925,128.5,6.55247311827957,73.09411111111112,2.0148479999999998,0.8269595,52.831041666666664,15.236190476190476,0.8482940625,0.7824207142857144,0,0,Rest,0.0,0.0,0.0,0.0,2.0,1,0
8,P8_FUS_G3,FUS,M,O20,13,2,332.9,20.05,12.15,13.431182795698925,128.5,6.55247311827957,73.09411111111112,2.0148479999999998,0.8269595,52.831041666666664,15.236190476190476,0.8482940625,0.7824207142857144,0,0,Rest,0.0,0.0,0.0,0.0,0.0,1,0
8,P8_MO_G1,MO,F,O21,14,2,254.2,17.54,8.85,12.861827956989247,55.4,11.245161290322583,869.3336666666667,23.399452124999996,1.0151901666666667,337.36972767857145,309.48209199134203,0.9661597321428572,1.065224604978355,0,0,Rest,0.0,0.0,0.0,0.0,0.0,0,1
8,P8_MO_G2,MO,F,O21,14,2,254.2,17.54,8.85,12.861827956989247,55.4,11.245161290322583,869.3336666666667,23.399452124999996,1.0151901666666667,337.36972767857145,309.48209199134203,0.9661597321428572,1.065224604978355,0,0,Rest,0.0,0.0,0.0,0.0,0.0,0,1
8,P8_MO_G3,MO,F,O21,14,2,254.2,17.54,8.85,12.861827956989247,55.4,11.245161290322583,869.3336666666667,23.399452124999996,1.0151901666666667,337.36972767857145,309.48209199134203,0.9661597321428572,1.065224604978355,0,0,Rest,0.0,0.0,0.0,0.0,0.0,0,1
8,P8_FUS_G1,FUS,M,O21,14,2,254.2,17.54,8.85,12.861827956989247,55.4,11.245161290322583,98.39322222222222,2.7628546049999994,0.8015988333333333,40.36328511904762,42.95580546536797,0.8185490550595238,0.8055517207792209,0,0,Rest,0.0,0.0,0.0,0.0,0.0,1,0
8,P8_FUS_G2,FUS,M,O21,14,2,254.2,17.54,8.85,12.861827956989247,55.4,11.245161290322583,98.39322222222222,2.7628546049999994,0.8015988333333333,40.36328511904762,42.95580546536797,0.8185490550595238,0.8055517207792209,0,0,Rest,0.0,0.0,0.0,0.0,0.0,1,0
8,P8_FUS_G3,FUS,M,O21,14,2,254.2,17.54,8.85,12.861827956989247,55.4,11.245161290322583,98.39322222222222,2.7628546049999994,0.8015988333333333,40.36328511904762,42.95580546536797,0.8185490550595238,0.8055517207792209,0,0,Rest,0.0,0.0,0.0,0.0,0.0,1,0
8,P8_MO_G1,MO,F,O22,15,2,359.8,22.05,11.17,12.09611111111111,135.4,10.541935483870969,763.2116666666666,22.227821249999998,0.946123,346.2878928571429,312.6351363636364,0.8873757142857143,1.024471590909091,0,0,Rest,0.0,0.0,0.0,0.0,0.0,0,1
8,P8_MO_G2,MO,F,O22,15,2,359.8,22.05,11.17,12.09611111111111,135.4,10.541935483870969,763.2116666666666,22.227821249999998,0.946123,346.2878928571429,312.6351363636364,0.8873757142857143,1.024471590909091,0,0,Rest,0.0,0.0,0.0,0.0,0.0,0,1
8,P8_MO_G3,MO,F,O22,15,2,359.8,22.05,11.17,12.09611111111111,135.4,10.541935483870969,763.2116666666666,22.227821249999998,0.946123,346.2878928571429,312.6351363636364,0.8873757142857143,1.024471590909091,0,0,Rest,0.0,0.0,0.0,0.0,0.0,0,1
8,P8_FUS_G1,FUS,M,O22,15,2,359.8,22.05,11.17,12.09611111111111,135.4,10.541935483870969,123.69233333333334,3.5108612099999994,0.7762381666666667,27.89552857142857,70.67542045454546,0.7888040476190477,0.8286827272727273,0,0,Rest,0.0,0.0,0.0,0.0,0.0,1,0
8,P8_FUS_G2,FUS,M,O22,15,2,359.8,22.05,11.17,12.09611111111111,135.4,10.541935483870969,123.69233333333334,3.5108612099999994,0.7762381666666667,27.89552857142857,70.67542045454546,0.7888040476190477,0.8286827272727273,0,0,Rest,0.0,0.0,0.0,0.0,1.0,1,0
8,P8_FUS_G3,FUS,M,O22,15,2,359.8,22.05,11.17,12.09611111111111,135.4,10.541935483870969,123.69233333333334,3.5108612099999994,0.7762381666666667,27.89552857142857,70.67542045454546,0.7888040476190477,0.8286827272727273,0,0,Rest,0.0,0.0,0.0,0.0,5.0,1,0
8,P8_MO_G1,MO,F,O24,16,2,456.0,23.82,13.0,11.275268817204301,168.5,11.658064516129032,653.3528333333334,18.470978024999997,0.9771891666666667,256.1499776785714,244.4850056818182,0.9689269196428572,1.0528023579545454,1,2,Transition,10.9,25.0,12.0,0.0,13.0,0,1
8,P8_MO_G2,MO,F,O24,16,2,456.0,23.82,13.0,11.275268817204301,168.5,11.658064516129032,653.3528333333334,18.470978024999997,0.9771891666666667,256.1499776785714,244.4850056818182,0.9689269196428572,1.0528023579545454,1,2,Transition,9.1,23.0,13.0,0.0,10.0,0,1
8,P8_MO_G3,MO,F,O24,16,2,456.0,23.82,13.0,11.275268817204301,168.5,11.658064516129032,653.3528333333334,18.470978024999997,0.9771891666666667,256.1499776785714,244.4850056818182,0.9689269196428572,1.0528023579545454,1,2,Transition,14.3,20.0,16.0,0.0,4.0,0,1
8,P8_FUS_G1,FUS,M,O24,16,2,456.0,23.82,13.0,11.275268817204301,168.5,11.658064516129032,113.35729166666667,3.2460577499999994,0.6530068333333333,24.833476785714282,63.56088731060606,0.5984275446428572,0.7441341761363636,1,2,Transition,7.3,15.0,7.0,22.6,8.0,1,0
8,P8_FUS_G2,FUS,M,O24,16,2,456.0,23.82,13.0,11.275268817204301,168.5,11.658064516129032,113.35729166666667,3.2460577499999994,0.6530068333333333,24.833476785714282,63.56088731060606,0.5984275446428572,0.7441341761363636,1,2,Transition,10.1,9.0,6.0,84.2,3.0,1,0
8,P8_FUS_G3,FUS,M,O24,16,2,456.0,23.82,13.0,11.275268817204301,168.5,11.658064516129032,113.35729166666667,3.2460577499999994,0.6530068333333333,24.833476785714282,63.56088731060606,0.5984275446428572,0.7441341761363636,1,2,Transition,10.8,13.0,4.0,70.67,9.0,1,0
8,P8_MO_G1,MO,F,O26,17,2,388.05,22.97,12.9,10.541111111111112,95.9,9.483333333333333,543.494,14.714134799999998,1.0082553333333333,166.01206249999998,176.334875,1.050478125,1.081133125,1,1,Growth,2.5,2.0,0.0,0.0,6.0,0,1
8,P8_MO_G2,MO,F,O26,17,2,388.05,22.97,12.9,10.541111111111112,95.9,9.483333333333333,543.494,14.714134799999998,1.0082553333333333,166.01206249999998,176.334875,1.050478125,1.081133125,1,1,Growth,6.9,6.0,4.0,200.34,2.0,0,1
8,P8_MO_G3,MO,F,O26,17,2,388.05,22.97,12.9,10.541111111111112,95.9,9.483333333333333,543.494,14.714134799999998,1.0082553333333333,166.01206249999998,176.334875,1.050478125,1.081133125,1,1,Growth,6.5,2.0,0.0,81.05,4.0,0,1
8,P8_FUS_G1,FUS,M,O26,17,2,388.05,22.97,12.9,10.541111111111112,95.9,9.483333333333333,103.02225,2.98125429,0.5297755,21.771424999999997,56.44635416666667,0.40805104166666667,0.659585625,1,1,Growth,2.6,1.0,1.0,42.3,0.0,1,0
8,P8_FUS_G2,FUS,M,O26,17,2,388.05,22.97,12.9,10.541111111111112,95.9,9.483333333333333,103.02225,2.98125429,0.5297755,21.771424999999997,56.44635416666667,0.40805104166666667,0.659585625,1,1,Growth,8.8,1.0,1.0,221.39,0.0,1,0
8,P8_FUS_G3,FUS,M,O26,17,2,388.05,22.97,12.9,10.541111111111112,95.9,9.483333333333333,103.02225,2.98125429,0.5297755,21.771424999999997,56.44635416666667,0.40805104166666667,0.659585625,1,1,Growth,3.2,1.0,1.0,98.72,0.0,1,0
8,P8_MO_G1,MO,F,O27,18,2,322.5,27.26,16.68,10.145698924731182,23.3,10.490322580645163,588.9449166666667,20.34104046,0.9725731666666666,234.0997395833333,440.4505625,0.9222220833333333,1.0517682291666666,0,2,Transition,0.0,0.0,0.0,0.0,0.0,0,1
8,P8_MO_G2,MO,F,O27,18,2,322.5,27.26,16.68,10.145698924731182,23.3,10.490322580645163,588.9449166666667,20.34104046,0.9725731666666666,234.0997395833333,440.4505625,0.9222220833333333,1.0517682291666666,0,2,Transition,0.2,0.0,0.0,4.69,0.0,0,1
8,P8_MO_G3,MO,F,O27,18,2,322.5,27.26,16.68,10.145698924731182,23.3,10.490322580645163,588.9449166666667,20.34104046,0.9725731666666666,234.0997395833333,440.4505625,0.9222220833333333,1.0517682291666666,0,2,Transition,0.4,0.0,0.0,0.0,4.0,0,1
8,P8_FUS_G1,FUS,M,O27,18,2,322.5,27.26,16.68,10.145698924731182,23.3,10.490322580645163,89.20676388888889,3.0331109649999997,0.5531994166666666,26.88743125,71.78180902777778,0.5250030208333333,0.6832235069444443,0,2,Transition,0.0,0.0,0.0,2.54,0.0,1,0
8,P8_FUS_G2,FUS,M,O27,18,2,322.5,27.26,16.68,10.145698924731182,23.3,10.490322580645163,89.20676388888889,3.0331109649999997,0.5531994166666666,26.88743125,71.78180902777778,0.5250030208333333,0.6832235069444443,0,2,Transition,0.0,0.0,0.0,33.9,0.0,1,0
8,P8_FUS_G3,FUS,M,O27,18,2,322.5,27.26,16.68,10.145698924731182,23.3,10.490322580645163,89.20676388888889,3.0331109649999997,0.5531994166666666,26.88743125,71.78180902777778,0.5250030208333333,0.6832235069444443,0,2,Transition,0.5,0.0,0.0,4.4,0.0,1,0
8,P8_MO_G1,MO,F,O29,19,2,779.8,28.02,17.42,10.325806451612904,187.5,9.98709677419355,634.3958333333334,25.96794612,0.9368909999999999,302.18741666666665,704.56625,0.7939660416666667,1.0224033333333333,0,0,Rest,0.0,0.0,0.0,0.0,0.0,0,1
8,P8_MO_G2,MO,F,O29,19,2,779.8,28.02,17.42,10.325806451612904,187.5,9.98709677419355,634.3958333333334,25.96794612,0.9368909999999999,302.18741666666665,704.56625,0.7939660416666667,1.0224033333333333,0,0,Rest,0.0,0.0,0.0,0.0,0.0,0,1
8,P8_MO_G3,MO,F,O29,19,2,779.8,28.02,17.42,10.325806451612904,187.5,9.98709677419355,634.3958333333334,25.96794612,0.9368909999999999,302.18741666666665,704.56625,0.7939660416666667,1.0224033333333333,0,0,Rest,0.0,0.0,0.0,0.0,0.0,0,1
8,P8_FUS_G1,FUS,M,O29,19,2,779.8,28.02,17.42,10.325806451612904,187.5,9.98709677419355,75.39127777777777,3.08496764,0.5766233333333333,32.0034375,87.11726388888889,0.6419549999999999,0.7068613888888888,0,0,Rest,0.0,0.0,0.0,0.0,0.0,1,0
8,P8_FUS_G2,FUS,M,O29,19,2,779.8,28.02,17.42,10.325806451612904,187.5,9.98709677419355,75.39127777777777,3.08496764,0.5766233333333333,32.0034375,87.11726388888889,0.6419549999999999,0.7068613888888888,0,0,Rest,0.0,0.0,0.0,0.0,0.0,1,0
8,P8_FUS_G3,FUS,M,O29,19,2,779.8,28.02,17.42,10.325806451612904,187.5,9.98709677419355,75.39127777777777,3.08496764,0.5766233333333333,32.0034375,87.11726388888889,0.6419549999999999,0.7068613888888888,0,0,Rest,0.0,0.0,0.0,0.0,0.0,1,0
8,P8_MO_G1,MO,F,O31,20,2,643.7,28.42,17.34,10.939880952380951,13.0,11.763178571428575,519.1779166666666,20.25661176,0.864286,244.32847023809524,538.8165113636363,0.7380058779761904,0.8837241666666666,1,2,Transition,0.0,0.0,0.0,0.0,0.0,0,1
8,P8_MO_G2,MO,F,O31,20,2,643.7,28.42,17.34,10.939880952380951,13.0,11.763178571428575,519.1779166666666,20.25661176,0.864286,244.32847023809524,538.8165113636363,0.7380058779761904,0.8837241666666666,1,2,Transition,1.0,0.0,0.0,0.64,0.0,0,1
8,P8_MO_G3,MO,F,O31,20,2,643.7,28.42,17.34,10.939880952380951,13.0,11.763178571428575,519.1779166666666,20.25661176,0.864286,244.32847023809524,538.8165113636363,0.7380058779761904,0.8837241666666666,1,2,Transition,0.0,0.0,0.0,0.0,0.0,0,1
8,P8_FUS_G1,FUS,M,O31,20,2,643.7,28.42,17.34,10.939880952380951,13.0,11.763178571428575,63.33105555555555,2.2653747895,0.616657,21.791160773809523,57.8394273989899,0.625140238095238,0.7060227398989898,1,2,Transition,0.0,0.0,0.0,0.0,0.0,1,0
8,P8_FUS_G2,FUS,M,O31,20,2,643.7,28.42,17.34,10.939880952380951,13.0,11.763178571428575,63.33105555555555,2.2653747895,0.616657,21.791160773809523,57.8394273989899,0.625140238095238,0.7060227398989898,1,2,Transition,0.0,0.0,0.0,0.0,0.0,1,0
8,P8_FUS_G3,FUS,M,O31,20,2,643.7,28.42,17.34,10.939880952380951,13.0,11.763178571428575,63.33105555555555,2.2653747895,0.616657,21.791160773809523,57.8394273989899,0.625140238095238,0.7060227398989898,1,2,Transition,6.2,9.0,9.0,31.38,0.0,1,0
8,P8_MO_G1,MO,F,O33,21,2,509.1,27.9,17.21,11.73225806451613,127.69999999999999,11.061290322580646,403.96,14.5452774,0.7916810000000001,186.46952380952382,373.0667727272727,0.6820457142857143,0.745045,1,1,Growth,0.0,0.0,0.0,0.0,0.0,0,1
8,P8_MO_G2,MO,F,O33,21,2,509.1,27.9,17.21,11.73225806451613,127.69999999999999,11.061290322580646,403.96,14.5452774,0.7916810000000001,186.46952380952382,373.0667727272727,0.6820457142857143,0.745045,1,1,Growth,0.0,1.0,0.0,0.0,1.0,0,1
8,P8_MO_G3,MO,F,O33,21,2,509.1,27.9,17.21,11.73225806451613,127.69999999999999,11.061290322580646,403.96,14.5452774,0.7916810000000001,186.46952380952382,373.0667727272727,0.6820457142857143,0.745045,1,1,Growth,0.0,0.0,0.0,0.0,0.0,0,1
8,P8_FUS_G1,FUS,M,O33,21,2,509.1,27.9,17.21,11.73225806451613,127.69999999999999,11.061290322580646,51.270833333333336,1.4457819389999997,0.6566906666666666,11.578884047619047,28.56159090909091,0.6083254761904762,0.7051840909090908,1,1,Growth,0.0,0.0,0.0,0.0,0.0,1,0
8,P8_FUS_G2,FUS,M,O33,21,2,509.1,27.9,17.21,11.73225806451613,127.69999999999999,11.061290322580646,51.270833333333336,1.4457819389999997,0.6566906666666666,11.578884047619047,28.56159090909091,0.6083254761904762,0.7051840909090908,1,1,Growth,0.0,0.0,0.0,0.0,0.0,1,0
8,P8_FUS_G3,FUS,M,O33,21,2,509.1,27.9,17.21,11.73225806451613,127.69999999999999,11.061290322580646,51.270833333333336,1.4457819389999997,0.6566906666666666,11.578884047619047,28.56159090909091,0.6083254761904762,0.7051840909090908,1,1,Growth,8.9,5.0,3.0,247.23,2.0,1,0
8,P8_MO_G1,MO,F,O35,22,2,501.15,25.0,16.32,12.550555555555555,194.0,7.8100000000000005,294.23741666666666,9.794062845,0.8190529166666667,115.70453221726191,237.7302792207792,0.7740194196428571,0.7850082142857142,1,1,Growth,0.0,0.0,0.0,0.0,0.0,0,1
8,P8_MO_G2,MO,F,O35,22,2,501.15,25.0,16.32,12.550555555555555,194.0,7.8100000000000005,294.23741666666666,9.794062845,0.8190529166666667,115.70453221726191,237.7302792207792,0.7740194196428571,0.7850082142857142,1,1,Growth,0.0,0.0,0.0,0.0,0.0,0,1
8,P8_MO_G3,MO,F,O35,22,2,501.15,25.0,16.32,12.550555555555555,194.0,7.8100000000000005,294.23741666666666,9.794062845,0.8190529166666667,115.70453221726191,237.7302792207792,0.7740194196428571,0.7850082142857142,1,1,Growth,0.0,0.0,0.0,0.0,0.0,0,1
8,P8_FUS_G1,FUS,M,O35,22,2,501.15,25.0,16.32,12.550555555555555,194.0,7.8100000000000005,56.19375,1.4463646094999998,0.7005171666666667,13.583049836309524,22.106589502164503,0.617539144345238,0.7611390692640693,1,1,Growth,0.0,0.0,0.0,0.0,0.0,1,0
8,P8_FUS_G2,FUS,M,O35,22,2,501.15,25.0,16.32,12.550555555555555,194.0,7.8100000000000005,56.19375,1.4463646094999998,0.7005171666666667,13.583049836309524,22.106589502164503,0.617539144345238,0.7611390692640693,1,1,Growth,0.0,0.0,0.0,0.0,0.0,1,0
8,P8_FUS_G3,FUS,M,O35,22,2,501.15,25.0,16.32,12.550555555555555,194.0,7.8100000000000005,56.19375,1.4463646094999998,0.7005171666666667,13.583049836309524,22.106589502164503,0.617539144345238,0.7611390692640693,1,1,Growth,0.0,0.0,0.0,61.18,0.0,1,0
8,P8_MO_G1,MO,F,O37,23,2,338.95,20.16,11.71,13.236979166666666,217.70000000000002,8.432258064516128,184.5148333333333,5.042848289999999,0.8464248333333334,44.939540625,102.39378571428571,0.865993125,0.8249714285714286,0,2,Transition,0.0,0.0,0.0,0.0,0.0,0,1
8,P8_MO_G2,MO,F,O37,23,2,338.95,20.16,11.71,13.236979166666666,217.70000000000002,8.432258064516128,184.5148333333333,5.042848289999999,0.8464248333333334,44.939540625,102.39378571428571,0.865993125,0.8249714285714286,0,2,Transition,0.0,0.0,0.0,0.0,0.0,0,1
8,P8_MO_G3,MO,F,O37,23,2,338.95,20.16,11.71,13.236979166666666,217.70000000000002,8.432258064516128,184.5148333333333,5.042848289999999,0.8464248333333334,44.939540625,102.39378571428571,0.865993125,0.8249714285714286,0,2,Transition,0.0,0.0,0.0,0.0,0.0,0,1
8,P8_FUS_G1,FUS,M,O37,23,2,338.95,20.16,11.71,13.236979166666666,217.70000000000002,8.432258064516128,61.11666666666667,1.4469472799999998,0.7443436666666667,15.587215624999999,15.651588095238097,0.6267528125,0.8170940476190477,0,2,Transition,0.0,0.0,0.0,0.0,0.0,1,0
8,P8_FUS_G2,FUS,M,O37,23,2,338.95,20.16,11.71,13.236979166666666,217.70000000000002,8.432258064516128,61.11666666666667,1.4469472799999998,0.7443436666666667,15.587215624999999,15.651588095238097,0.6267528125,0.8170940476190477,0,2,Transition,0.0,0.0,0.0,0.0,0.0,1,0
8,P8_FUS_G3,FUS,M,O37,23,2,338.95,20.16,11.71,13.236979166666666,217.70000000000002,8.432258064516128,61.11666666666667,1.4469472799999998,0.7443436666666667,15.587215624999999,15.651588095238097,0.6267528125,0.8170940476190477,0,2,Transition,0.0,0.0,0.0,0.0,0.0,1,0
8,P8_MO_G1,MO,F,O38,24,2,194.65,23.29,14.52,13.575,,,184.5148333333333,5.042848289999999,0.8464248333333334,44.939540625,102.39378571428571,0.865993125,0.8249714285714286,0,0,Rest,0.0,0.0,0.0,0.0,0.0,0,1
8,P8_MO_G2,MO,F,O38,24,2,194.65,23.29,14.52,13.575,,,184.5148333333333,5.042848289999999,0.8464248333333334,44.939540625,102.39378571428571,0.865993125,0.8249714285714286,0,0,Rest,0.0,0.0,0.0,0.0,0.0,0,1
8,P8_MO_G3,MO,F,O38,24,2,194.65,23.29,14.52,13.575,,,184.5148333333333,5.042848289999999,0.8464248333333334,44.939540625,102.39378571428571,0.865993125,0.8249714285714286,0,0,Rest,0.0,0.0,0.0,0.0,0.0,0,1
8,P8_FUS_G1,FUS,M,O38,24,2,194.65,23.29,14.52,13.575,,,61.11666666666667,1.4469472799999998,0.7443436666666667,15.587215624999999,15.651588095238097,0.6267528125,0.8170940476190477,0,0,Rest,0.0,0.0,0.0,0.0,0.0,1,0
8,P8_FUS_G2,FUS,M,O38,24,2,194.65,23.29,14.52,13.575,,,61.11666666666667,1.4469472799999998,0.7443436666666667,15.587215624999999,15.651588095238097,0.6267528125,0.8170940476190477,0,0,Rest,0.0,0.0,0.0,0.0,0.0,1,0
8,P8_FUS_G3,FUS,M,O38,24,2,194.65,23.29,14.52,13.575,,,61.11666666666667,1.4469472799999998,0.7443436666666667,15.587215624999999,15.651588095238097,0.6267528125,0.8170940476190477,0,0,Rest,0.0,0.0,0.0,0.0,0.0,1,0
9,P9_MO_G1,MO,F,O1,0,1,254.5,19.57,12.57,13.576666666666666,124.8,7.6,1474.3933333333332,39.508891999999996,1.1070321666666667,402.03898550724637,562.2480303030303,1.0804234782608695,1.1195831818181818,0,0,Rest,0.0,0.0,0.0,0.0,0.0,0,1
9,P9_MO_G2,MO,F,O1,0,1,254.5,19.57,12.57,13.576666666666666,124.8,7.6,1474.3933333333332,39.508891999999996,1.1070321666666667,402.03898550724637,562.2480303030303,1.0804234782608695,1.1195831818181818,0,0,Rest,0.0,0.0,0.0,0.0,0.0,0,1
9,P9_MO_G3,MO,F,O1,0,1,254.5,19.57,12.57,13.576666666666666,124.8,7.6,1474.3933333333332,39.508891999999996,1.1070321666666667,402.03898550724637,562.2480303030303,1.0804234782608695,1.1195831818181818,0,0,Rest,0.0,0.0,0.0,0.0,0.0,0,1
9,P9_FUS_G1,FUS,M,O1,0,1,254.5,19.57,12.57,13.576666666666666,124.8,7.6,168.69500000000002,5.280435,0.6713425555555556,47.088913043478264,120.765,0.7038765217391305,0.7234356060606061,0,0,Rest,0.0,0.0,0.0,0.0,0.0,1,0
9,P9_FUS_G2,FUS,M,O1,0,1,254.5,19.57,12.57,13.576666666666666,124.8,7.6,168.69500000000002,5.280435,0.6713425555555556,47.088913043478264,120.765,0.7038765217391305,0.7234356060606061,0,0,Rest,0.0,0.0,0.0,0.0,0.0,1,0
9,P9_FUS_G3,FUS,M,O1,0,1,254.5,19.57,12.57,13.576666666666666,124.8,7.6,168.69500000000002,5.280435,0.6713425555555556,47.088913043478264,120.765,0.7038765217391305,0.7234356060606061,0,0,Rest,0.0,0.0,0.0,0.0,0.0,1,0
9,P9_MO_G1,MO,F,O2,1,1,282.1,18.87,9.94,13.418279569892475,92.9,9.058064516129035,1474.3933333333332,39.508891999999996,1.1070321666666667,402.03898550724637,562.2480303030303,1.0804234782608695,1.1195831818181818,0,0,Rest,0.0,0.0,0.0,0.0,0.0,0,1
9,P9_MO_G2,MO,F,O2,1,1,282.1,18.87,9.94,13.418279569892475,92.9,9.058064516129035,1474.3933333333332,39.508891999999996,1.1070321666666667,402.03898550724637,562.2480303030303,1.0804234782608695,1.1195831818181818,0,0,Rest,0.0,0.0,0.0,0.0,0.0,0,1
9,P9_MO_G3,MO,F,O2,1,1,282.1,18.87,9.94,13.418279569892475,92.9,9.058064516129035,1474.3933333333332,39.508891999999996,1.1070321666666667,402.03898550724637,562.2480303030303,1.0804234782608695,1.1195831818181818,0,0,Rest,0.0,0.0,0.0,0.0,0.0,0,1
9,P9_FUS_G1,FUS,M,O2,1,1,282.1,18.87,9.94,13.418279569892475,92.9,9.058064516129035,168.69500000000002,5.280435,0.6713425555555556,47.088913043478264,120.765,0.7038765217391305,0.7234356060606061,0,0,Rest,0.7,6.0,0.0,0.0,6.0,1,0
9,P9_FUS_G2,FUS,M,O2,1,1,282.1,18.87,9.94,13.418279569892475,92.9,9.058064516129035,168.69500000000002,5.280435,0.6713425555555556,47.088913043478264,120.765,0.7038765217391305,0.7234356060606061,0,0,Rest,0.0,0.0,0.0,0.0,0.0,1,0
9,P9_FUS_G3,FUS,M,O2,1,1,282.1,18.87,9.94,13.418279569892475,92.9,9.058064516129035,168.69500000000002,5.280435,0.6713425555555556,47.088913043478264,120.765,0.7038765217391305,0.7234356060606061,0,0,Rest,0.0,0.0,0.0,0.0,0.0,1,0
9,P9_MO_G1,MO,F,O3,2,1,326.2,21.57,10.18,12.839247311827956,73.7,11.245161290322581,1474.3933333333332,39.508891999999996,1.1070321666666667,402.03898550724637,562.2480303030303,1.0804234782608695,1.1195831818181818,0,0,Rest,0.0,0.0,0.0,0.0,0.0,0,1
9,P9_MO_G2,MO,F,O3,2,1,326.2,21.57,10.18,12.839247311827956,73.7,11.245161290322581,1474.3933333333332,39.508891999999996,1.1070321666666667,402.03898550724637,562.2480303030303,1.0804234782608695,1.1195831818181818,0,0,Rest,0.0,0.0,0.0,0.0,0.0,0,1
9,P9_MO_G3,MO,F,O3,2,1,326.2,21.57,10.18,12.839247311827956,73.7,11.245161290322581,1474.3933333333332,39.508891999999996,1.1070321666666667,402.03898550724637,562.2480303030303,1.0804234782608695,1.1195831818181818,0,0,Rest,0.0,0.0,0.0,0.0,0.0,0,1
9,P9_FUS_G1,FUS,M,O3,2,1,326.2,21.57,10.18,12.839247311827956,73.7,11.245161290322581,168.69500000000002,5.280435,0.6713425555555556,47.088913043478264,120.765,0.7038765217391305,0.7234356060606061,0,0,Rest,0.1,2.0,2.0,0.91,0.0,1,0
9,P9_FUS_G2,FUS,M,O3,2,1,326.2,21.57,10.18,12.839247311827956,73.7,11.245161290322581,168.69500000000002,5.280435,0.6713425555555556,47.088913043478264,120.765,0.7038765217391305,0.7234356060606061,0,0,Rest,0.0,0.0,0.0,0.0,0.0,1,0
9,P9_FUS_G3,FUS,M,O3,2,1,326.2,21.57,10.18,12.839247311827956,73.7,11.245161290322581,168.69500000000002,5.280435,0.6713425555555556,47.088913043478264,120.765,0.7038765217391305,0.7234356060606061,0,0,Rest,0.0,0.0,0.0,0.0,0.0,1,0
9,P9_MO_G1,MO,F,O5,3,1,281.7,20.17,8.61,12.069444444444445,31.5,11.493333333333336,1474.3933333333332,39.508891999999996,1.1070321666666667,402.03898550724637,562.2480303030303,1.0804234782608695,1.1195831818181818,0,0,Rest,5.2,16.0,7.0,50.99,9.0,0,1
9,P9_MO_G2,MO,F,O5,3,1,281.7,20.17,8.61,12.069444444444445,31.5,11.493333333333336,1474.3933333333332,39.508891999999996,1.1070321666666667,402.03898550724637,562.2480303030303,1.0804234782608695,1.1195831818181818,0,0,Rest,3.5,11.0,7.0,61.61,4.0,0,1
9,P9_MO_G3,MO,F,O5,3,1,281.7,20.17,8.61,12.069444444444445,31.5,11.493333333333336,1474.3933333333332,39.508891999999996,1.1070321666666667,402.03898550724637,562.2480303030303,1.0804234782608695,1.1195831818181818,0,0,Rest,0.0,0.0,0.0,0.0,0.0,0,1
9,P9_FUS_G1,FUS,M,O5,3,1,281.7,20.17,8.61,12.069444444444445,31.5,11.493333333333336,168.69500000000002,5.280435,0.6713425555555556,47.088913043478264,120.765,0.7038765217391305,0.7234356060606061,0,0,Rest,10.0,8.0,8.0,167.14,0.0,1,0
9,P9_FUS_G2,FUS,M,O5,3,1,281.7,20.17,8.61,12.069444444444445,31.5,11.493333333333336,168.69500000000002,5.280435,0.6713425555555556,47.088913043478264,120.765,0.7038765217391305,0.7234356060606061,0,0,Rest,7.9,11.0,5.0,42.02,6.0,1,0
9,P9_FUS_G3,FUS,M,O5,3,1,281.7,20.17,8.61,12.069444444444445,31.5,11.493333333333336,168.69500000000002,5.280435,0.6713425555555556,47.088913043478264,120.765,0.7038765217391305,0.7234356060606061,0,0,Rest,14.5,12.0,8.0,121.91,4.0,1,0
9,P9_MO_G1,MO,F,O7,4,1,460.1,24.84,14.85,11.248924731182797,173.1,10.503225806451614,1653.4391666666666,47.820049149999996,1.1107365277777776,647.6092844202899,636.3643276515152,1.0865897946859904,1.1215947159090909,1,2,Transition,18.6,7.0,5.0,538.04,2.0,0,1
9,P9_MO_G2,MO,F,O7,4,1,460.1,24.84,14.85,11.248924731182797,173.1,10.503225806451614,1653.4391666666666,47.820049149999996,1.1107365277777776,647.6092844202899,636.3643276515152,1.0865897946859904,1.1215947159090909,1,2,Transition,20.7,7.0,7.0,490.09,0.0,0,1
9,P9_MO_G3,MO,F,O7,4,1,460.1,24.84,14.85,11.248924731182797,173.1,10.503225806451614,1653.4391666666666,47.820049149999996,1.1107365277777776,647.6092844202899,636.3643276515152,1.0865897946859904,1.1215947159090909,1,2,Transition,23.1,21.0,12.0,363.19,9.0,0,1
9,P9_FUS_G1,FUS,M,O7,4,1,460.1,24.84,14.85,11.248924731182797,173.1,10.503225806451614,125.61441666666667,3.834195,0.6907866944444445,40.06020652173913,74.78767708333334,0.5979687817028986,0.6854532196969697,1,2,Transition,25.0,8.0,8.0,825.63,0.0,1,0
9,P9_FUS_G2,FUS,M,O7,4,1,460.1,24.84,14.85,11.248924731182797,173.1,10.503225806451614,125.61441666666667,3.834195,0.6907866944444445,40.06020652173913,74.78767708333334,0.5979687817028986,0.6854532196969697,1,2,Transition,21.5,6.0,6.0,528.48,0.0,1,0
9,P9_FUS_G3,FUS,M,O7,4,1,460.1,24.84,14.85,11.248924731182797,173.1,10.503225806451614,125.61441666666667,3.834195,0.6907866944444445,40.06020652173913,74.78767708333334,0.5979687817028986,0.6854532196969697,1,2,Transition,16.3,3.0,3.0,481.45,0.0,1,0
9,P9_MO_G1,MO,F,O9,5,1,444.8,24.43,15.22,10.520555555555555,188.2,8.726666666666668,1832.4850000000001,56.131206299999995,1.1144408888888888,893.1795833333334,710.480625,1.092756111111111,1.12360625,1,1,Growth,10.0,4.0,4.0,392.51,0.0,0,1
9,P9_MO_G2,MO,F,O9,5,1,444.8,24.43,15.22,10.520555555555555,188.2,8.726666666666668,1832.4850000000001,56.131206299999995,1.1144408888888888,893.1795833333334,710.480625,1.092756111111111,1.12360625,1,1,Growth,22.3,10.0,10.0,790.2,0.0,0,1
9,P9_MO_G3,MO,F,O9,5,1,444.8,24.43,15.22,10.520555555555555,188.2,8.726666666666668,1832.4850000000001,56.131206299999995,1.1144408888888888,893.1795833333334,710.480625,1.092756111111111,1.12360625,1,1,Growth,17.8,2.0,2.0,382.65,0.0,0,1
9,P9_FUS_G1,FUS,M,O9,5,1,444.8,24.43,15.22,10.520555555555555,188.2,8.726666666666668,82.53383333333333,2.387955,0.7102308333333334,33.0315,28.810354166666666,0.49206104166666664,0.6474708333333333,1,1,Growth,7.3,1.0,1.0,931.06,0.0,1,0
9,P9_FUS_G2,FUS,M,O9,5,1,444.8,24.43,15.22,10.520555555555555,188.2,8.726666666666668,82.53383333333333,2.387955,0.7102308333333334,33.0315,28.810354166666666,0.49206104166666664,0.6474708333333333,1,1,Growth,2.7,0.0,0.0,478.03,1.0,1,0
9,P9_FUS_G3,FUS,M,O9,5,1,444.8,24.43,15.22,10.520555555555555,188.2,8.726666666666668,82.53383333333333,2.387955,0.7102308333333334,33.0315,28.810354166666666,0.49206104166666664,0.6474708333333333,1,1,Growth,2.5,1.0,1.0,274.25,0.0,1,0
9,P9_MO_G1,MO,F,O10,6,1,398.8,27.7,16.98,10.141935483870967,288.8,11.29032258064516,1705.0033333333336,53.21982704999999,1.0832638694444445,781.453125,779.0920833333333,1.0856867534722223,1.1087103333333332,1,1,Growth,0.0,0.0,0.0,0.0,0.0,0,1
9,P9_MO_G2,MO,F,O10,6,1,398.8,27.7,16.98,10.141935483870967,288.8,11.29032258064516,1705.0033333333336,53.21982704999999,1.0832638694444445,781.453125,779.0920833333333,1.0856867534722223,1.1087103333333332,1,1,Growth,3.9,8.0,5.0,128.6,3.0,0,1
9,P9_MO_G3,MO,F,O10,6,1,398.8,27.7,16.98,10.141935483870967,288.8,11.29032258064516,1705.0033333333336,53.21982704999999,1.0832638694444445,781.453125,779.0920833333333,1.0856867534722223,1.1087103333333332,1,1,Growth,13.6,22.0,1.0,48.34,21.0,0,1
9,P9_FUS_G1,FUS,M,O10,6,1,398.8,27.7,16.98,10.141935483870967,288.8,11.29032258064516,77.3835,2.9195848799999995,0.67345475,29.1351875,76.275625,0.5281754166666666,0.6392845833333334,1,1,Growth,0.0,0.0,0.0,7.6,0.0,1,0
9,P9_FUS_G2,FUS,M,O10,6,1,398.8,27.7,16.98,10.141935483870967,288.8,11.29032258064516,77.3835,2.9195848799999995,0.67345475,29.1351875,76.275625,0.5281754166666666,0.6392845833333334,1,1,Growth,0.0,0.0,0.0,0.0,0.0,1,0
9,P9_FUS_G3,FUS,M,O10,6,1,398.8,27.7,16.98,10.141935483870967,288.8,11.29032258064516,77.3835,2.9195848799999995,0.67345475,29.1351875,76.275625,0.5281754166666666,0.6392845833333334,1,1,Growth,0.0,0.0,0.0,0.0,0.0,1,0
9,P9_MO_G1,MO,F,O12,7,1,625.4,28.29,17.45,10.341397849462364,127.9,10.077419354838707,1577.5216666666668,50.308447799999996,1.05208685,669.7266666666667,847.7035416666666,1.0786173958333334,1.0938144166666668,1,1,Growth,0.2,0.0,0.0,22.75,0.0,0,1
9,P9_MO_G2,MO,F,O12,7,1,625.4,28.29,17.45,10.341397849462364,127.9,10.077419354838707,1577.5216666666668,50.308447799999996,1.05208685,669.7266666666667,847.7035416666666,1.0786173958333334,1.0938144166666668,1,1,Growth,29.9,17.0,16.0,452.85,1.0,0,1
9,P9_MO_G3,MO,F,O12,7,1,625.4,28.29,17.45,10.341397849462364,127.9,10.077419354838707,1577.5216666666668,50.308447799999996,1.05208685,669.7266666666667,847.7035416666666,1.0786173958333334,1.0938144166666668,1,1,Growth,23.6,6.0,5.0,142.0,1.0,0,1
9,P9_FUS_G1,FUS,M,O12,7,1,625.4,28.29,17.45,10.341397849462364,127.9,10.077419354838707,72.23316666666666,3.4512147599999996,0.6366786666666666,25.238874999999997,123.74089583333334,0.5642897916666666,0.6310983333333333,1,1,Growth,30.0,13.0,10.0,155.95,3.0,1,0
9,P9_FUS_G2,FUS,M,O12,7,1,625.4,28.29,17.45,10.341397849462364,127.9,10.077419354838707,72.23316666666666,3.4512147599999996,0.6366786666666666,25.238874999999997,123.74089583333334,0.5642897916666666,0.6310983333333333,1,1,Growth,0.0,0.0,0.0,0.0,0.0,1,0
9,P9_FUS_G3,FUS,M,O12,7,1,625.4,28.29,17.45,10.341397849462364,127.9,10.077419354838707,72.23316666666666,3.4512147599999996,0.6366786666666666,25.238874999999997,123.74089583333334,0.5642897916666666,0.6310983333333333,1,1,Growth,0.0,0.0,0.0,0.0,0.0,1,0
9,P9_MO_G1,MO,F,O13,8,1,384.6,28.3,18.44,10.964880952380952,82.2,10.859605911330046,1319.2091666666668,38.4755949,1.0561539249999998,486.70427083333334,549.7655803571429,1.0952947395833332,1.0710186369047618,1,1,Growth,0.0,0.0,0.0,0.0,0.0,0,1
9,P9_MO_G2,MO,F,O13,8,1,384.6,28.3,18.44,10.964880952380952,82.2,10.859605911330046,1319.2091666666668,38.4755949,1.0561539249999998,486.70427083333334,549.7655803571429,1.0952947395833332,1.0710186369047618,1,1,Growth,13.0,10.0,6.0,45.06,4.0,0,1
9,P9_MO_G3,MO,F,O13,8,1,384.6,28.3,18.44,10.964880952380952,82.2,10.859605911330046,1319.2091666666668,38.4755949,1.0561539249999998,486.70427083333334,549.7655803571429,1.0952947395833332,1.0710186369047618,1,1,Growth,22.7,18.0,9.0,179.0,9.0,0,1
9,P9_FUS_G1,FUS,M,O13,8,1,384.6,28.3,18.44,10.964880952380952,82.2,10.859605911330046,74.65858333333333,2.7920893799999997,0.6385324583333333,25.111104166666664,77.17282886904762,0.5553263541666666,0.6394401190476191,1,1,Growth,21.8,8.0,7.0,513.8,1.0,1,0
9,P9_FUS_G2,FUS,M,O13,8,1,384.6,28.3,18.44,10.964880952380952,82.2,10.859605911330046,74.65858333333333,2.7920893799999997,0.6385324583333333,25.111104166666664,77.17282886904762,0.5553263541666666,0.6394401190476191,1,1,Growth,0.0,0.0,0.0,0.0,0.0,1,0
9,P9_FUS_G3,FUS,M,O13,8,1,384.6,28.3,18.44,10.964880952380952,82.2,10.859605911330046,74.65858333333333,2.7920893799999997,0.6385324583333333,25.111104166666664,77.17282886904762,0.5553263541666666,0.6394401190476191,1,1,Growth,0.0,0.0,0.0,0.0,0.0,1,0
9,P9_MO_G1,MO,F,O15,9,1,699.6,27.02,16.29,11.759677419354839,95.3,11.606451612903225,1060.8966666666668,26.642742,1.0602209999999999,303.681875,251.82761904761907,1.1119720833333333,1.0482228571428571,1,1,Growth,10.6,12.0,12.0,252.65,0.0,0,1
9,P9_MO_G2,MO,F,O15,9,1,699.6,27.02,16.29,11.759677419354839,95.3,11.606451612903225,1060.8966666666668,26.642742,1.0602209999999999,303.681875,251.82761904761907,1.1119720833333333,1.0482228571428571,1,1,Growth,9.6,10.0,7.0,267.34,3.0,0,1
9,P9_MO_G3,MO,F,O15,9,1,699.6,27.02,16.29,11.759677419354839,95.3,11.606451612903225,1060.8966666666668,26.642742,1.0602209999999999,303.681875,251.82761904761907,1.1119720833333333,1.0482228571428571,1,1,Growth,16.8,15.0,2.0,273.7,13.0,0,1
9,P9_FUS_G1,FUS,M,O15,9,1,699.6,27.02,16.29,11.759677419354839,95.3,11.606451612903225,77.084,2.132964,0.6403862499999999,24.983333333333334,30.604761904761908,0.5463629166666667,0.6477819047619048,1,1,Growth,18.9,10.0,9.0,1198.24,1.0,1,0
9,P9_FUS_G2,FUS,M,O15,9,1,699.6,27.02,16.29,11.759677419354839,95.3,11.606451612903225,77.084,2.132964,0.6403862499999999,24.983333333333334,30.604761904761908,0.5463629166666667,0.6477819047619048,1,1,Growth,8.6,6.0,6.0,372.0,0.0,1,0
9,P9_FUS_G3,FUS,M,O15,9,1,699.6,27.02,16.29,11.759677419354839,95.3,11.606451612903225,77.084,2.132964,0.6403862499999999,24.983333333333334,30.604761904761908,0.5463629166666667,0.6477819047619048,1,1,Growth,4.9,6.0,5.0,152.55,1.0,1,0
9,P9_MO_G1,MO,F,O17,10,1,508.8,27.73,16.19,12.576111111111112,163.9,10.340000000000002,799.5080222222223,19.434765328999998,1.0889678333333332,204.41720614583332,186.67474206349206,1.0415594791666667,1.058017619047619,1,1,Growth,3.1,1.0,1.0,37.0,0.0,0,1
9,P9_MO_G2,MO,F,O17,10,1,508.8,27.73,16.19,12.576111111111112,163.9,10.340000000000002,799.5080222222223,19.434765328999998,1.0889678333333332,204.41720614583332,186.67474206349206,1.0415594791666667,1.058017619047619,1,1,Growth,1.5,0.0,0.0,19.19,0.0,0,1
9,P9_MO_G3,MO,F,O17,10,1,508.8,27.73,16.19,12.576111111111112,163.9,10.340000000000002,799.5080222222223,19.434765328999998,1.0889678333333332,204.41720614583332,186.67474206349206,1.0415594791666667,1.058017619047619,1,1,Growth,0.5,0.0,0.0,26.85,1.0,0,1
9,P9_FUS_G1,FUS,M,O17,10,1,508.8,27.73,16.19,12.576111111111112,163.9,10.340000000000002,53.55433888888889,1.4964096199999999,0.6967120694444444,15.62109375,25.593096825396827,0.5926528125,0.6640030952380953,1,1,Growth,0.5,0.0,0.0,47.0,0.0,1,0
9,P9_FUS_G2,FUS,M,O17,10,1,508.8,27.73,16.19,12.576111111111112,163.9,10.340000000000002,53.55433888888889,1.4964096199999999,0.6967120694444444,15.62109375,25.593096825396827,0.5926528125,0.6640030952380953,1,1,Growth,0.0,0.0,0.0,12.0,0.0,1,0
9,P9_FUS_G3,FUS,M,O17,10,1,508.8,27.73,16.19,12.576111111111112,163.9,10.340000000000002,53.55433888888889,1.4964096199999999,0.6967120694444444,15.62109375,25.593096825396827,0.5926528125,0.6640030952380953,1,1,Growth,0.0,0.0,0.0,13.0,0.0,1,0
9,P9_MO_G1,MO,F,O18,11,1,257.35,20.67,12.78,13.238888888888889,111.4,6.282795698924733,538.1193777777778,12.226788657999998,1.1177146666666666,105.15253729166666,121.52186507936507,0.971146875,1.067812380952381,0,2,Transition,0.0,0.0,0.0,0.0,0.0,0,1
9,P9_MO_G2,MO,F,O18,11,1,257.35,20.67,12.78,13.238888888888889,111.4,6.282795698924733,538.1193777777778,12.226788657999998,1.1177146666666666,105.15253729166666,121.52186507936507,0.971146875,1.067812380952381,0,2,Transition,0.0,0.0,0.0,0.0,0.0,0,1
9,P9_MO_G3,MO,F,O18,11,1,257.35,20.67,12.78,13.238888888888889,111.4,6.282795698924733,538.1193777777778,12.226788657999998,1.1177146666666666,105.15253729166666,121.52186507936507,0.971146875,1.067812380952381,0,2,Transition,0.0,0.0,0.0,0.0,0.0,0,1
9,P9_FUS_G1,FUS,M,O18,11,1,257.35,20.67,12.78,13.238888888888889,111.4,6.282795698924733,30.02467777777778,0.8598552399999999,0.7530378888888889,6.258854166666667,20.581431746031747,0.6389427083333333,0.6802242857142857,0,2,Transition,0.0,0.0,0.0,0.0,0.0,1,0
9,P9_FUS_G2,FUS,M,O18,11,1,257.35,20.67,12.78,13.238888888888889,111.4,6.282795698924733,30.02467777777778,0.8598552399999999,0.7530378888888889,6.258854166666667,20.581431746031747,0.6389427083333333,0.6802242857142857,0,2,Transition,0.0,0.0,0.0,0.0,0.0,1,0
9,P9_FUS_G3,FUS,M,O18,11,1,257.35,20.67,12.78,13.238888888888889,111.4,6.282795698924733,30.02467777777778,0.8598552399999999,0.7530378888888889,6.258854166666667,20.581431746031747,0.6389427083333333,0.6802242857142857,0,2,Transition,0.0,0.0,0.0,0.0,0.0,1,0
9,P9_MO_G1,MO,F,O19,12,2,268.5,16.82,9.45,13.573333333333332,52.8,8.499999999999998,756.7875222222222,18.398935829,1.100986,216.80204989583336,213.92545634920634,1.0080453125,1.086895,0,0,Rest,0.0,0.0,0.0,0.0,0.0,0,1
9,P9_MO_G2,MO,F,O19,12,2,268.5,16.82,9.45,13.573333333333332,52.8,8.499999999999998,756.7875222222222,18.398935829,1.100986,216.80204989583336,213.92545634920634,1.0080453125,1.086895,0,0,Rest,0.0,0.0,0.0,0.0,9.0,0,1
9,P9_MO_G3,MO,F,O19,12,2,268.5,16.82,9.45,13.573333333333332,52.8,8.499999999999998,756.7875222222222,18.398935829,1.100986,216.80204989583336,213.92545634920634,1.0080453125,1.086895,0,0,Rest,0.0,0.0,0.0,0.0,0.0,0,1
9,P9_FUS_G1,FUS,M,O19,12,2,268.5,16.82,9.45,13.573333333333332,52.8,8.499999999999998,51.55939444444445,1.4373516199999998,0.7899986944444444,29.544947916666665,17.908811111111113,0.7436183854166667,0.7313225000000001,0,0,Rest,0.0,0.0,0.0,0.0,8.0,1,0
9,P9_FUS_G2,FUS,M,O19,12,2,268.5,16.82,9.45,13.573333333333332,52.8,8.499999999999998,51.55939444444445,1.4373516199999998,0.7899986944444444,29.544947916666665,17.908811111111113,0.7436183854166667,0.7313225000000001,0,0,Rest,0.0,0.0,0.0,0.0,0.0,1,0
9,P9_FUS_G3,FUS,M,O19,12,2,268.5,16.82,9.45,13.573333333333332,52.8,8.499999999999998,51.55939444444445,1.4373516199999998,0.7899986944444444,29.544947916666665,17.908811111111113,0.7436183854166667,0.7313225000000001,0,0,Rest,0.0,0.0,0.0,0.0,3.0,1,0
9,P9_MO_G1,MO,F,O20,13,2,332.9,20.05,12.15,13.431182795698925,128.5,6.55247311827957,975.4556666666666,24.571082999999998,1.0842573333333334,328.4515625,306.3290476190476,1.04494375,1.105977619047619,0,0,Rest,0.0,0.0,0.0,0.0,0.0,0,1
9,P9_MO_G2,MO,F,O20,13,2,332.9,20.05,12.15,13.431182795698925,128.5,6.55247311827957,975.4556666666666,24.571082999999998,1.0842573333333334,328.4515625,306.3290476190476,1.04494375,1.105977619047619,0,0,Rest,0.0,0.0,0.0,0.0,0.0,0,1
9,P9_MO_G3,MO,F,O20,13,2,332.9,20.05,12.15,13.431182795698925,128.5,6.55247311827957,975.4556666666666,24.571082999999998,1.0842573333333334,328.4515625,306.3290476190476,1.04494375,1.105977619047619,0,0,Rest,0.0,0.0,0.0,0.0,0.0,0,1
9,P9_FUS_G1,FUS,M,O20,13,2,332.9,20.05,12.15,13.431182795698925,128.5,6.55247311827957,73.09411111111112,2.0148479999999998,0.8269595,52.831041666666664,15.236190476190476,0.8482940625,0.7824207142857144,0,0,Rest,0.0,0.0,0.0,0.0,5.0,1,0
9,P9_FUS_G2,FUS,M,O20,13,2,332.9,20.05,12.15,13.431182795698925,128.5,6.55247311827957,73.09411111111112,2.0148479999999998,0.8269595,52.831041666666664,15.236190476190476,0.8482940625,0.7824207142857144,0,0,Rest,0.0,0.0,0.0,0.0,2.0,1,0
9,P9_FUS_G3,FUS,M,O20,13,2,332.9,20.05,12.15,13.431182795698925,128.5,6.55247311827957,73.09411111111112,2.0148479999999998,0.8269595,52.831041666666664,15.236190476190476,0.8482940625,0.7824207142857144,0,0,Rest,0.0,0.0,0.0,0.0,1.0,1,0
9,P9_MO_G1,MO,F,O21,14,2,254.2,17.54,8.85,12.861827956989247,55.4,11.245161290322583,869.3336666666667,23.399452124999996,1.0151901666666667,337.36972767857145,309.48209199134203,0.9661597321428572,1.065224604978355,0,0,Rest,0.0,0.0,0.0,0.0,0.0,0,1
9,P9_MO_G2,MO,F,O21,14,2,254.2,17.54,8.85,12.861827956989247,55.4,11.245161290322583,869.3336666666667,23.399452124999996,1.0151901666666667,337.36972767857145,309.48209199134203,0.9661597321428572,1.065224604978355,0,0,Rest,0.0,0.0,0.0,0.0,0.0,0,1
9,P9_MO_G3,MO,F,O21,14,2,254.2,17.54,8.85,12.861827956989247,55.4,11.245161290322583,869.3336666666667,23.399452124999996,1.0151901666666667,337.36972767857145,309.48209199134203,0.9661597321428572,1.065224604978355,0,0,Rest,0.0,0.0,0.0,0.0,0.0,0,1
9,P9_FUS_G1,FUS,M,O21,14,2,254.2,17.54,8.85,12.861827956989247,55.4,11.245161290322583,98.39322222222222,2.7628546049999994,0.8015988333333333,40.36328511904762,42.95580546536797,0.8185490550595238,0.8055517207792209,0,0,Rest,0.0,0.0,0.0,0.0,0.0,1,0
9,P9_FUS_G2,FUS,M,O21,14,2,254.2,17.54,8.85,12.861827956989247,55.4,11.245161290322583,98.39322222222222,2.7628546049999994,0.8015988333333333,40.36328511904762,42.95580546536797,0.8185490550595238,0.8055517207792209,0,0,Rest,0.0,0.0,0.0,0.0,0.0,1,0
9,P9_FUS_G3,FUS,M,O21,14,2,254.2,17.54,8.85,12.861827956989247,55.4,11.245161290322583,98.39322222222222,2.7628546049999994,0.8015988333333333,40.36328511904762,42.95580546536797,0.8185490550595238,0.8055517207792209,0,0,Rest,0.0,0.0,0.0,0.0,0.0,1,0
9,P9_MO_G1,MO,F,O22,15,2,359.8,22.05,11.17,12.09611111111111,135.4,10.541935483870969,763.2116666666666,22.227821249999998,0.946123,346.2878928571429,312.6351363636364,0.8873757142857143,1.024471590909091,0,0,Rest,0.9,9.0,0.0,0.0,9.0,0,1
9,P9_MO_G2,MO,F,O22,15,2,359.8,22.05,11.17,12.09611111111111,135.4,10.541935483870969,763.2116666666666,22.227821249999998,0.946123,346.2878928571429,312.6351363636364,0.8873757142857143,1.024471590909091,0,0,Rest,1.9,12.0,5.0,12.0,7.0,0,1
9,P9_MO_G3,MO,F,O22,15,2,359.8,22.05,11.17,12.09611111111111,135.4,10.541935483870969,763.2116666666666,22.227821249999998,0.946123,346.2878928571429,312.6351363636364,0.8873757142857143,1.024471590909091,0,0,Rest,1.0,6.0,0.0,0.0,6.0,0,1
9,P9_FUS_G1,FUS,M,O22,15,2,359.8,22.05,11.17,12.09611111111111,135.4,10.541935483870969,123.69233333333334,3.5108612099999994,0.7762381666666667,27.89552857142857,70.67542045454546,0.7888040476190477,0.8286827272727273,0,0,Rest,2.2,9.0,4.0,0.0,5.0,1,0
9,P9_FUS_G2,FUS,M,O22,15,2,359.8,22.05,11.17,12.09611111111111,135.4,10.541935483870969,123.69233333333334,3.5108612099999994,0.7762381666666667,27.89552857142857,70.67542045454546,0.7888040476190477,0.8286827272727273,0,0,Rest,1.1,9.0,0.0,0.0,9.0,1,0
9,P9_FUS_G3,FUS,M,O22,15,2,359.8,22.05,11.17,12.09611111111111,135.4,10.541935483870969,123.69233333333334,3.5108612099999994,0.7762381666666667,27.89552857142857,70.67542045454546,0.7888040476190477,0.8286827272727273,0,0,Rest,0.0,0.0,0.0,0.0,2.0,1,0
9,P9_MO_G1,MO,F,O24,16,2,456.0,23.82,13.0,11.275268817204301,168.5,11.658064516129032,653.3528333333334,18.470978024999997,0.9771891666666667,256.1499776785714,244.4850056818182,0.9689269196428572,1.0528023579545454,1,2,Transition,5.5,5.0,4.0,153.05,1.0,0,1
9,P9_MO_G2,MO,F,O24,16,2,456.0,23.82,13.0,11.275268817204301,168.5,11.658064516129032,653.3528333333334,18.470978024999997,0.9771891666666667,256.1499776785714,244.4850056818182,0.9689269196428572,1.0528023579545454,1,2,Transition,22.4,10.0,10.0,0.0,0.0,0,1
9,P9_MO_G3,MO,F,O24,16,2,456.0,23.82,13.0,11.275268817204301,168.5,11.658064516129032,653.3528333333334,18.470978024999997,0.9771891666666667,256.1499776785714,244.4850056818182,0.9689269196428572,1.0528023579545454,1,2,Transition,10.3,13.0,12.0,0.0,1.0,0,1
9,P9_FUS_G1,FUS,M,O24,16,2,456.0,23.82,13.0,11.275268817204301,168.5,11.658064516129032,113.35729166666667,3.2460577499999994,0.6530068333333333,24.833476785714282,63.56088731060606,0.5984275446428572,0.7441341761363636,1,2,Transition,18.1,7.0,6.0,0.0,1.0,1,0
9,P9_FUS_G2,FUS,M,O24,16,2,456.0,23.82,13.0,11.275268817204301,168.5,11.658064516129032,113.35729166666667,3.2460577499999994,0.6530068333333333,24.833476785714282,63.56088731060606,0.5984275446428572,0.7441341761363636,1,2,Transition,7.5,2.0,2.0,191.12,0.0,1,0
9,P9_FUS_G3,FUS,M,O24,16,2,456.0,23.82,13.0,11.275268817204301,168.5,11.658064516129032,113.35729166666667,3.2460577499999994,0.6530068333333333,24.833476785714282,63.56088731060606,0.5984275446428572,0.7441341761363636,1,2,Transition,18.9,15.0,11.0,282.05,4.0,1,0
9,P9_MO_G1,MO,F,O26,17,2,388.05,22.97,12.9,10.541111111111112,95.9,9.483333333333333,543.494,14.714134799999998,1.0082553333333333,166.01206249999998,176.334875,1.050478125,1.081133125,1,1,Growth,6.2,0.0,0.0,82.29,0.0,0,1
9,P9_MO_G2,MO,F,O26,17,2,388.05,22.97,12.9,10.541111111111112,95.9,9.483333333333333,543.494,14.714134799999998,1.0082553333333333,166.01206249999998,176.334875,1.050478125,1.081133125,1,1,Growth,18.3,0.0,0.0,311.75,2.0,0,1
9,P9_MO_G3,MO,F,O26,17,2,388.05,22.97,12.9,10.541111111111112,95.9,9.483333333333333,543.494,14.714134799999998,1.0082553333333333,166.01206249999998,176.334875,1.050478125,1.081133125,1,1,Growth,3.2,0.0,0.0,200.88,0.0,0,1
9,P9_FUS_G1,FUS,M,O26,17,2,388.05,22.97,12.9,10.541111111111112,95.9,9.483333333333333,103.02225,2.98125429,0.5297755,21.771424999999997,56.44635416666667,0.40805104166666667,0.659585625,1,1,Growth,9.7,1.0,0.0,703.29,2.0,1,0
9,P9_FUS_G2,FUS,M,O26,17,2,388.05,22.97,12.9,10.541111111111112,95.9,9.483333333333333,103.02225,2.98125429,0.5297755,21.771424999999997,56.44635416666667,0.40805104166666667,0.659585625,1,1,Growth,5.7,0.0,0.0,388.2,0.0,1,0
9,P9_FUS_G3,FUS,M,O26,17,2,388.05,22.97,12.9,10.541111111111112,95.9,9.483333333333333,103.02225,2.98125429,0.5297755,21.771424999999997,56.44635416666667,0.40805104166666667,0.659585625,1,1,Growth,9.8,1.0,0.0,467.0,1.0,1,0
9,P9_MO_G1,MO,F,O27,18,2,322.5,27.26,16.68,10.145698924731182,23.3,10.490322580645163,588.9449166666667,20.34104046,0.9725731666666666,234.0997395833333,440.4505625,0.9222220833333333,1.0517682291666666,0,2,Transition,0.5,0.0,0.0,0.0,0.0,0,1
9,P9_MO_G2,MO,F,O27,18,2,322.5,27.26,16.68,10.145698924731182,23.3,10.490322580645163,588.9449166666667,20.34104046,0.9725731666666666,234.0997395833333,440.4505625,0.9222220833333333,1.0517682291666666,0,2,Transition,1.9,0.0,0.0,18.09,0.0,0,1
9,P9_MO_G3,MO,F,O27,18,2,322.5,27.26,16.68,10.145698924731182,23.3,10.490322580645163,588.9449166666667,20.34104046,0.9725731666666666,234.0997395833333,440.4505625,0.9222220833333333,1.0517682291666666,0,2,Transition,0.5,0.0,0.0,1.87,0.0,0,1
9,P9_FUS_G1,FUS,M,O27,18,2,322.5,27.26,16.68,10.145698924731182,23.3,10.490322580645163,89.20676388888889,3.0331109649999997,0.5531994166666666,26.88743125,71.78180902777778,0.5250030208333333,0.6832235069444443,0,2,Transition,0.0,0.0,0.0,0.0,0.0,1,0
9,P9_FUS_G2,FUS,M,O27,18,2,322.5,27.26,16.68,10.145698924731182,23.3,10.490322580645163,89.20676388888889,3.0331109649999997,0.5531994166666666,26.88743125,71.78180902777778,0.5250030208333333,0.6832235069444443,0,2,Transition,0.5,0.0,0.0,16.7,0.0,1,0
9,P9_FUS_G3,FUS,M,O27,18,2,322.5,27.26,16.68,10.145698924731182,23.3,10.490322580645163,89.20676388888889,3.0331109649999997,0.5531994166666666,26.88743125,71.78180902777778,0.5250030208333333,0.6832235069444443,0,2,Transition,0.0,0.0,0.0,23.5,0.0,1,0
9,P9_MO_G1,MO,F,O29,19,2,779.8,28.02,17.42,10.325806451612904,187.5,9.98709677419355,634.3958333333334,25.96794612,0.9368909999999999,302.18741666666665,704.56625,0.7939660416666667,1.0224033333333333,0,0,Rest,0.0,0.0,0.0,0.0,0.0,0,1
9,P9_MO_G2,MO,F,O29,19,2,779.8,28.02,17.42,10.325806451612904,187.5,9.98709677419355,634.3958333333334,25.96794612,0.9368909999999999,302.18741666666665,704.56625,0.7939660416666667,1.0224033333333333,0,0,Rest,0.0,0.0,0.0,0.0,0.0,0,1
9,P9_MO_G3,MO,F,O29,19,2,779.8,28.02,17.42,10.325806451612904,187.5,9.98709677419355,634.3958333333334,25.96794612,0.9368909999999999,302.18741666666665,704.56625,0.7939660416666667,1.0224033333333333,0,0,Rest,0.0,0.0,0.0,0.0,0.0,0,1
9,P9_FUS_G1,FUS,M,O29,19,2,779.8,28.02,17.42,10.325806451612904,187.5,9.98709677419355,75.39127777777777,3.08496764,0.5766233333333333,32.0034375,87.11726388888889,0.6419549999999999,0.7068613888888888,0,0,Rest,0.0,0.0,0.0,0.0,0.0,1,0
9,P9_FUS_G2,FUS,M,O29,19,2,779.8,28.02,17.42,10.325806451612904,187.5,9.98709677419355,75.39127777777777,3.08496764,0.5766233333333333,32.0034375,87.11726388888889,0.6419549999999999,0.7068613888888888,0,0,Rest,0.0,0.0,0.0,0.0,0.0,1,0
9,P9_FUS_G3,FUS,M,O29,19,2,779.8,28.02,17.42,10.325806451612904,187.5,9.98709677419355,75.39127777777777,3.08496764,0.5766233333333333,32.0034375,87.11726388888889,0.6419549999999999,0.7068613888888888,0,0,Rest,0.0,0.0,0.0,0.0,0.0,1,0
9,P9_MO_G1,MO,F,O31,20,2,643.7,28.42,17.34,10.939880952380951,13.0,11.763178571428575,519.1779166666666,20.25661176,0.864286,244.32847023809524,538.8165113636363,0.7380058779761904,0.8837241666666666,1,2,Transition,0.0,0.0,0.0,0.0,0.0,0,1
9,P9_MO_G2,MO,F,O31,20,2,643.7,28.42,17.34,10.939880952380951,13.0,11.763178571428575,519.1779166666666,20.25661176,0.864286,244.32847023809524,538.8165113636363,0.7380058779761904,0.8837241666666666,1,2,Transition,27.1,16.0,16.0,371.72,0.0,0,1
9,P9_MO_G3,MO,F,O31,20,2,643.7,28.42,17.34,10.939880952380951,13.0,11.763178571428575,519.1779166666666,20.25661176,0.864286,244.32847023809524,538.8165113636363,0.7380058779761904,0.8837241666666666,1,2,Transition,0.0,0.0,0.0,0.95,0.0,0,1
9,P9_FUS_G1,FUS,M,O31,20,2,643.7,28.42,17.34,10.939880952380951,13.0,11.763178571428575,63.33105555555555,2.2653747895,0.616657,21.791160773809523,57.8394273989899,0.625140238095238,0.7060227398989898,1,2,Transition,8.9,6.0,6.0,14.33,0.0,1,0
9,P9_FUS_G2,FUS,M,O31,20,2,643.7,28.42,17.34,10.939880952380951,13.0,11.763178571428575,63.33105555555555,2.2653747895,0.616657,21.791160773809523,57.8394273989899,0.625140238095238,0.7060227398989898,1,2,Transition,2.2,3.0,3.0,0.0,0.0,1,0
9,P9_FUS_G3,FUS,M,O31,20,2,643.7,28.42,17.34,10.939880952380951,13.0,11.763178571428575,63.33105555555555,2.2653747895,0.616657,21.791160773809523,57.8394273989899,0.625140238095238,0.7060227398989898,1,2,Transition,0.0,0.0,0.0,0.0,0.0,1,0
9,P9_MO_G1,MO,F,O33,21,2,509.1,27.9,17.21,11.73225806451613,127.69999999999999,11.061290322580646,403.96,14.5452774,0.7916810000000001,186.46952380952382,373.0667727272727,0.6820457142857143,0.745045,1,1,Growth,0.0,8.0,0.0,0.0,8.0,0,1
9,P9_MO_G2,MO,F,O33,21,2,509.1,27.9,17.21,11.73225806451613,127.69999999999999,11.061290322580646,403.96,14.5452774,0.7916810000000001,186.46952380952382,373.0667727272727,0.6820457142857143,0.745045,1,1,Growth,1.9,20.0,11.0,51.75,9.0,0,1
9,P9_MO_G3,MO,F,O33,21,2,509.1,27.9,17.21,11.73225806451613,127.69999999999999,11.061290322580646,403.96,14.5452774,0.7916810000000001,186.46952380952382,373.0667727272727,0.6820457142857143,0.745045,1,1,Growth,0.0,0.0,0.0,0.0,0.0,0,1
9,P9_FUS_G1,FUS,M,O33,21,2,509.1,27.9,17.21,11.73225806451613,127.69999999999999,11.061290322580646,51.270833333333336,1.4457819389999997,0.6566906666666666,11.578884047619047,28.56159090909091,0.6083254761904762,0.7051840909090908,1,1,Growth,17.2,15.0,4.0,228.39,11.0,1,0
9,P9_FUS_G2,FUS,M,O33,21,2,509.1,27.9,17.21,11.73225806451613,127.69999999999999,11.061290322580646,51.270833333333336,1.4457819389999997,0.6566906666666666,11.578884047619047,28.56159090909091,0.6083254761904762,0.7051840909090908,1,1,Growth,0.0,1.0,0.0,0.0,1.0,1,0
9,P9_FUS_G3,FUS,M,O33,21,2,509.1,27.9,17.21,11.73225806451613,127.69999999999999,11.061290322580646,51.270833333333336,1.4457819389999997,0.6566906666666666,11.578884047619047,28.56159090909091,0.6083254761904762,0.7051840909090908,1,1,Growth,21.5,16.0,8.0,457.38,8.0,1,0
9,P9_MO_G1,MO,F,O35,22,2,501.15,25.0,16.32,12.550555555555555,194.0,7.8100000000000005,294.23741666666666,9.794062845,0.8190529166666667,115.70453221726191,237.7302792207792,0.7740194196428571,0.7850082142857142,1,1,Growth,0.0,0.0,0.0,0.0,0.0,0,1
9,P9_MO_G2,MO,F,O35,22,2,501.15,25.0,16.32,12.550555555555555,194.0,7.8100000000000005,294.23741666666666,9.794062845,0.8190529166666667,115.70453221726191,237.7302792207792,0.7740194196428571,0.7850082142857142,1,1,Growth,0.0,21.0,13.0,0.0,8.0,0,1
9,P9_MO_G3,MO,F,O35,22,2,501.15,25.0,16.32,12.550555555555555,194.0,7.8100000000000005,294.23741666666666,9.794062845,0.8190529166666667,115.70453221726191,237.7302792207792,0.7740194196428571,0.7850082142857142,1,1,Growth,0.0,0.0,0.0,0.0,0.0,0,1
9,P9_FUS_G1,FUS,M,O35,22,2,501.15,25.0,16.32,12.550555555555555,194.0,7.8100000000000005,56.19375,1.4463646094999998,0.7005171666666667,13.583049836309524,22.106589502164503,0.617539144345238,0.7611390692640693,1,1,Growth,13.9,6.0,6.0,609.42,0.0,1,0
9,P9_FUS_G2,FUS,M,O35,22,2,501.15,25.0,16.32,12.550555555555555,194.0,7.8100000000000005,56.19375,1.4463646094999998,0.7005171666666667,13.583049836309524,22.106589502164503,0.617539144345238,0.7611390692640693,1,1,Growth,0.0,0.0,0.0,0.0,0.0,1,0
9,P9_FUS_G3,FUS,M,O35,22,2,501.15,25.0,16.32,12.550555555555555,194.0,7.8100000000000005,56.19375,1.4463646094999998,0.7005171666666667,13.583049836309524,22.106589502164503,0.617539144345238,0.7611390692640693,1,1,Growth,0.7,0.0,0.0,257.83,0.0,1,0
9,P9_MO_G1,MO,F,O37,23,2,338.95,20.16,11.71,13.236979166666666,217.70000000000002,8.432258064516128,184.5148333333333,5.042848289999999,0.8464248333333334,44.939540625,102.39378571428571,0.865993125,0.8249714285714286,0,2,Transition,0.0,0.0,0.0,0.0,0.0,0,1
9,P9_MO_G2,MO,F,O37,23,2,338.95,20.16,11.71,13.236979166666666,217.70000000000002,8.432258064516128,184.5148333333333,5.042848289999999,0.8464248333333334,44.939540625,102.39378571428571,0.865993125,0.8249714285714286,0,2,Transition,0.0,1.0,0.0,0.0,1.0,0,1
9,P9_MO_G3,MO,F,O37,23,2,338.95,20.16,11.71,13.236979166666666,217.70000000000002,8.432258064516128,184.5148333333333,5.042848289999999,0.8464248333333334,44.939540625,102.39378571428571,0.865993125,0.8249714285714286,0,2,Transition,0.0,0.0,0.0,0.0,0.0,0,1
9,P9_FUS_G1,FUS,M,O37,23,2,338.95,20.16,11.71,13.236979166666666,217.70000000000002,8.432258064516128,61.11666666666667,1.4469472799999998,0.7443436666666667,15.587215624999999,15.651588095238097,0.6267528125,0.8170940476190477,0,2,Transition,0.8,0.0,0.0,143.29,0.0,1,0
9,P9_FUS_G2,FUS,M,O37,23,2,338.95,20.16,11.71,13.236979166666666,217.70000000000002,8.432258064516128,61.11666666666667,1.4469472799999998,0.7443436666666667,15.587215624999999,15.651588095238097,0.6267528125,0.8170940476190477,0,2,Transition,0.0,0.0,0.0,0.0,0.0,1,0
9,P9_FUS_G3,FUS,M,O37,23,2,338.95,20.16,11.71,13.236979166666666,217.70000000000002,8.432258064516128,61.11666666666667,1.4469472799999998,0.7443436666666667,15.587215624999999,15.651588095238097,0.6267528125,0.8170940476190477,0,2,Transition,0.0,0.0,0.0,0.0,0.0,1,0
9,P9_MO_G1,MO,F,O38,24,2,194.65,23.29,14.52,13.575,,,184.5148333333333,5.042848289999999,0.8464248333333334,44.939540625,102.39378571428571,0.865993125,0.8249714285714286,0,0,Rest,0.0,0.0,0.0,0.0,0.0,0,1
9,P9_MO_G2,MO,F,O38,24,2,194.65,23.29,14.52,13.575,,,184.5148333333333,5.042848289999999,0.8464248333333334,44.939540625,102.39378571428571,0.865993125,0.8249714285714286,0,0,Rest,0.0,0.0,0.0,0.0,0.0,0,1
9,P9_MO_G3,MO,F,O38,24,2,194.65,23.29,14.52,13.575,,,184.5148333333333,5.042848289999999,0.8464248333333334,44.939540625,102.39378571428571,0.865993125,0.8249714285714286,0,0,Rest,0.0,0.0,0.0,0.0,0.0,0,1
9,P9_FUS_G1,FUS,M,O38,24,2,194.65,23.29,14.52,13.575,,,61.11666666666667,1.4469472799999998,0.7443436666666667,15.587215624999999,15.651588095238097,0.6267528125,0.8170940476190477,0,0,Rest,0.0,0.0,0.0,0.0,0.0,1,0
9,P9_FUS_G2,FUS,M,O38,24,2,194.65,23.29,14.52,13.575,,,61.11666666666667,1.4469472799999998,0.7443436666666667,15.587215624999999,15.651588095238097,0.6267528125,0.8170940476190477,0,0,Rest,0.0,0.0,0.0,0.0,0.0,1,0
9,P9_FUS_G3,FUS,M,O38,24,2,194.65,23.29,14.52,13.575,,,61.11666666666667,1.4469472799999998,0.7443436666666667,15.587215624999999,15.651588095238097,0.6267528125,0.8170940476190477,0,0,Rest,0.0,0.0,0.0,0.0,0.0,1,0
10,P10_MO_G1,MO,F,O1,0,1,254.5,19.57,12.57,13.576666666666666,124.8,7.6,1474.3933333333332,39.508891999999996,1.1070321666666667,402.03898550724637,562.2480303030303,1.0804234782608695,1.1195831818181818,0,0,Rest,0.0,0.0,0.0,0.0,0.0,0,1
10,P10_MO_G2,MO,F,O1,0,1,254.5,19.57,12.57,13.576666666666666,124.8,7.6,1474.3933333333332,39.508891999999996,1.1070321666666667,402.03898550724637,562.2480303030303,1.0804234782608695,1.1195831818181818,0,0,Rest,0.0,0.0,0.0,0.0,0.0,0,1
10,P10_MO_G3,MO,F,O1,0,1,254.5,19.57,12.57,13.576666666666666,124.8,7.6,1474.3933333333332,39.508891999999996,1.1070321666666667,402.03898550724637,562.2480303030303,1.0804234782608695,1.1195831818181818,0,0,Rest,0.0,0.0,0.0,0.0,0.0,0,1
10,P10_FUS_G1,FUS,M,O1,0,1,254.5,19.57,12.57,13.576666666666666,124.8,7.6,168.69500000000002,5.280435,0.6713425555555556,47.088913043478264,120.765,0.7038765217391305,0.7234356060606061,0,0,Rest,0.0,0.0,0.0,0.0,0.0,1,0
10,P10_FUS_G2,FUS,M,O1,0,1,254.5,19.57,12.57,13.576666666666666,124.8,7.6,168.69500000000002,5.280435,0.6713425555555556,47.088913043478264,120.765,0.7038765217391305,0.7234356060606061,0,0,Rest,0.0,0.0,0.0,0.0,0.0,1,0
10,P10_FUS_G3,FUS,M,O1,0,1,254.5,19.57,12.57,13.576666666666666,124.8,7.6,168.69500000000002,5.280435,0.6713425555555556,47.088913043478264,120.765,0.7038765217391305,0.7234356060606061,0,0,Rest,0.0,0.0,0.0,0.0,0.0,1,0
10,P10_MO_G1,MO,F,O2,1,1,282.1,18.87,9.94,13.418279569892475,92.9,9.058064516129035,1474.3933333333332,39.508891999999996,1.1070321666666667,402.03898550724637,562.2480303030303,1.0804234782608695,1.1195831818181818,0,0,Rest,0.0,0.0,0.0,0.0,0.0,0,1
10,P10_MO_G2,MO,F,O2,1,1,282.1,18.87,9.94,13.418279569892475,92.9,9.058064516129035,1474.3933333333332,39.508891999999996,1.1070321666666667,402.03898550724637,562.2480303030303,1.0804234782608695,1.1195831818181818,0,0,Rest,0.0,0.0,0.0,0.0,0.0,0,1
10,P10_MO_G3,MO,F,O2,1,1,282.1,18.87,9.94,13.418279569892475,92.9,9.058064516129035,1474.3933333333332,39.508891999999996,1.1070321666666667,402.03898550724637,562.2480303030303,1.0804234782608695,1.1195831818181818,0,0,Rest,0.0,0.0,0.0,0.0,0.0,0,1
10,P10_FUS_G1,FUS,M,O2,1,1,282.1,18.87,9.94,13.418279569892475,92.9,9.058064516129035,168.69500000000002,5.280435,0.6713425555555556,47.088913043478264,120.765,0.7038765217391305,0.7234356060606061,0,0,Rest,0.0,0.0,0.0,0.0,0.0,1,0
10,P10_FUS_G2,FUS,M,O2,1,1,282.1,18.87,9.94,13.418279569892475,92.9,9.058064516129035,168.69500000000002,5.280435,0.6713425555555556,47.088913043478264,120.765,0.7038765217391305,0.7234356060606061,0,0,Rest,0.0,0.0,0.0,0.0,0.0,1,0
10,P10_FUS_G3,FUS,M,O2,1,1,282.1,18.87,9.94,13.418279569892475,92.9,9.058064516129035,168.69500000000002,5.280435,0.6713425555555556,47.088913043478264,120.765,0.7038765217391305,0.7234356060606061,0,0,Rest,0.0,0.0,0.0,0.0,0.0,1,0
10,P10_MO_G1,MO,F,O3,2,1,326.2,21.57,10.18,12.839247311827956,73.7,11.245161290322581,1474.3933333333332,39.508891999999996,1.1070321666666667,402.03898550724637,562.2480303030303,1.0804234782608695,1.1195831818181818,0,0,Rest,0.0,0.0,0.0,0.0,0.0,0,1
10,P10_MO_G2,MO,F,O3,2,1,326.2,21.57,10.18,12.839247311827956,73.7,11.245161290322581,1474.3933333333332,39.508891999999996,1.1070321666666667,402.03898550724637,562.2480303030303,1.0804234782608695,1.1195831818181818,0,0,Rest,0.0,0.0,0.0,0.0,0.0,0,1
10,P10_MO_G3,MO,F,O3,2,1,326.2,21.57,10.18,12.839247311827956,73.7,11.245161290322581,1474.3933333333332,39.508891999999996,1.1070321666666667,402.03898550724637,562.2480303030303,1.0804234782608695,1.1195831818181818,0,0,Rest,0.0,0.0,0.0,0.0,0.0,0,1
10,P10_FUS_G1,FUS,M,O3,2,1,326.2,21.57,10.18,12.839247311827956,73.7,11.245161290322581,168.69500000000002,5.280435,0.6713425555555556,47.088913043478264,120.765,0.7038765217391305,0.7234356060606061,0,0,Rest,3.4,12.0,6.0,4.3,6.0,1,0
10,P10_FUS_G2,FUS,M,O3,2,1,326.2,21.57,10.18,12.839247311827956,73.7,11.245161290322581,168.69500000000002,5.280435,0.6713425555555556,47.088913043478264,120.765,0.7038765217391305,0.7234356060606061,0,0,Rest,0.0,0.0,0.0,0.0,0.0,1,0
10,P10_FUS_G3,FUS,M,O3,2,1,326.2,21.57,10.18,12.839247311827956,73.7,11.245161290322581,168.69500000000002,5.280435,0.6713425555555556,47.088913043478264,120.765,0.7038765217391305,0.7234356060606061,0,0,Rest,0.0,0.0,0.0,0.0,0.0,1,0
10,P10_MO_G1,MO,F,O5,3,1,281.7,20.17,8.61,12.069444444444445,31.5,11.493333333333336,1474.3933333333332,39.508891999999996,1.1070321666666667,402.03898550724637,562.2480303030303,1.0804234782608695,1.1195831818181818,0,0,Rest,6.0,23.0,7.0,58.89,16.0,0,1
10,P10_MO_G2,MO,F,O5,3,1,281.7,20.17,8.61,12.069444444444445,31.5,11.493333333333336,1474.3933333333332,39.508891999999996,1.1070321666666667,402.03898550724637,562.2480303030303,1.0804234782608695,1.1195831818181818,0,0,Rest,5.4,8.0,7.0,84.45,1.0,0,1
10,P10_MO_G3,MO,F,O5,3,1,281.7,20.17,8.61,12.069444444444445,31.5,11.493333333333336,1474.3933333333332,39.508891999999996,1.1070321666666667,402.03898550724637,562.2480303030303,1.0804234782608695,1.1195831818181818,0,0,Rest,0.0,0.0,0.0,0.0,0.0,0,1
10,P10_FUS_G1,FUS,M,O5,3,1,281.7,20.17,8.61,12.069444444444445,31.5,11.493333333333336,168.69500000000002,5.280435,0.6713425555555556,47.088913043478264,120.765,0.7038765217391305,0.7234356060606061,0,0,Rest,20.9,5.0,4.0,145.5,1.0,1,0
10,P10_FUS_G2,FUS,M,O5,3,1,281.7,20.17,8.61,12.069444444444445,31.5,11.493333333333336,168.69500000000002,5.280435,0.6713425555555556,47.088913043478264,120.765,0.7038765217391305,0.7234356060606061,0,0,Rest,21.4,25.0,11.0,57.04,14.0,1,0
10,P10_FUS_G3,FUS,M,O5,3,1,281.7,20.17,8.61,12.069444444444445,31.5,11.493333333333336,168.69500000000002,5.280435,0.6713425555555556,47.088913043478264,120.765,0.7038765217391305,0.7234356060606061,0,0,Rest,0.0,0.0,0.0,0.0,0.0,1,0
10,P10_MO_G1,MO,F,O7,4,1,460.1,24.84,14.85,11.248924731182797,173.1,10.503225806451614,1653.4391666666666,47.820049149999996,1.1107365277777776,647.6092844202899,636.3643276515152,1.0865897946859904,1.1215947159090909,1,2,Transition,19.6,7.0,7.0,640.11,0.0,0,1
10,P10_MO_G2,MO,F,O7,4,1,460.1,24.84,14.85,11.248924731182797,173.1,10.503225806451614,1653.4391666666666,47.820049149999996,1.1107365277777776,647.6092844202899,636.3643276515152,1.0865897946859904,1.1215947159090909,1,2,Transition,16.8,11.0,9.0,661.5,2.0,0,1
10,P10_MO_G3,MO,F,O7,4,1,460.1,24.84,14.85,11.248924731182797,173.1,10.503225806451614,1653.4391666666666,47.820049149999996,1.1107365277777776,647.6092844202899,636.3643276515152,1.0865897946859904,1.1215947159090909,1,2,Transition,14.1,14.0,11.0,621.0,3.0,0,1
10,P10_FUS_G1,FUS,M,O7,4,1,460.1,24.84,14.85,11.248924731182797,173.1,10.503225806451614,125.61441666666667,3.834195,0.6907866944444445,40.06020652173913,74.78767708333334,0.5979687817028986,0.6854532196969697,1,2,Transition,37.4,11.0,11.0,750.05,0.0,1,0
10,P10_FUS_G2,FUS,M,O7,4,1,460.1,24.84,14.85,11.248924731182797,173.1,10.503225806451614,125.61441666666667,3.834195,0.6907866944444445,40.06020652173913,74.78767708333334,0.5979687817028986,0.6854532196969697,1,2,Transition,44.8,8.0,8.0,615.24,0.0,1,0
10,P10_FUS_G3,FUS,M,O7,4,1,460.1,24.84,14.85,11.248924731182797,173.1,10.503225806451614,125.61441666666667,3.834195,0.6907866944444445,40.06020652173913,74.78767708333334,0.5979687817028986,0.6854532196969697,1,2,Transition,34.9,34.0,9.0,176.94,25.0,1,0
10,P10_MO_G1,MO,F,O9,5,1,444.8,24.43,15.22,10.520555555555555,188.2,8.726666666666668,1832.4850000000001,56.131206299999995,1.1144408888888888,893.1795833333334,710.480625,1.092756111111111,1.12360625,1,1,Growth,25.0,10.0,10.0,785.55,0.0,0,1
10,P10_MO_G2,MO,F,O9,5,1,444.8,24.43,15.22,10.520555555555555,188.2,8.726666666666668,1832.4850000000001,56.131206299999995,1.1144408888888888,893.1795833333334,710.480625,1.092756111111111,1.12360625,1,1,Growth,22.7,11.0,11.0,776.8,0.0,0,1
10,P10_MO_G3,MO,F,O9,5,1,444.8,24.43,15.22,10.520555555555555,188.2,8.726666666666668,1832.4850000000001,56.131206299999995,1.1144408888888888,893.1795833333334,710.480625,1.092756111111111,1.12360625,1,1,Growth,4.1,2.0,2.0,173.25,0.0,0,1
10,P10_FUS_G1,FUS,M,O9,5,1,444.8,24.43,15.22,10.520555555555555,188.2,8.726666666666668,82.53383333333333,2.387955,0.7102308333333334,33.0315,28.810354166666666,0.49206104166666664,0.6474708333333333,1,1,Growth,17.9,3.0,0.0,783.2,3.0,1,0
10,P10_FUS_G2,FUS,M,O9,5,1,444.8,24.43,15.22,10.520555555555555,188.2,8.726666666666668,82.53383333333333,2.387955,0.7102308333333334,33.0315,28.810354166666666,0.49206104166666664,0.6474708333333333,1,1,Growth,25.8,9.0,9.0,1601.91,0.0,1,0
10,P10_FUS_G3,FUS,M,O9,5,1,444.8,24.43,15.22,10.520555555555555,188.2,8.726666666666668,82.53383333333333,2.387955,0.7102308333333334,33.0315,28.810354166666666,0.49206104166666664,0.6474708333333333,1,1,Growth,27.5,7.0,7.0,703.62,0.0,1,0
10,P10_MO_G1,MO,F,O10,6,1,398.8,27.7,16.98,10.141935483870967,288.8,11.29032258064516,1705.0033333333336,53.21982704999999,1.0832638694444445,781.453125,779.0920833333333,1.0856867534722223,1.1087103333333332,1,1,Growth,2.4,0.0,0.0,29.35,0.0,0,1
10,P10_MO_G2,MO,F,O10,6,1,398.8,27.7,16.98,10.141935483870967,288.8,11.29032258064516,1705.0033333333336,53.21982704999999,1.0832638694444445,781.453125,779.0920833333333,1.0856867534722223,1.1087103333333332,1,1,Growth,10.5,4.0,4.0,155.12,0.0,0,1
10,P10_MO_G3,MO,F,O10,6,1,398.8,27.7,16.98,10.141935483870967,288.8,11.29032258064516,1705.0033333333336,53.21982704999999,1.0832638694444445,781.453125,779.0920833333333,1.0856867534722223,1.1087103333333332,1,1,Growth,0.0,0.0,0.0,0.0,0.0,0,1
10,P10_FUS_G1,FUS,M,O10,6,1,398.8,27.7,16.98,10.141935483870967,288.8,11.29032258064516,77.3835,2.9195848799999995,0.67345475,29.1351875,76.275625,0.5281754166666666,0.6392845833333334,1,1,Growth,0.0,0.0,0.0,0.0,1.0,1,0
10,P10_FUS_G2,FUS,M,O10,6,1,398.8,27.7,16.98,10.141935483870967,288.8,11.29032258064516,77.3835,2.9195848799999995,0.67345475,29.1351875,76.275625,0.5281754166666666,0.6392845833333334,1,1,Growth,2.7,0.0,0.0,169.8,0.0,1,0
10,P10_FUS_G3,FUS,M,O10,6,1,398.8,27.7,16.98,10.141935483870967,288.8,11.29032258064516,77.3835,2.9195848799999995,0.67345475,29.1351875,76.275625,0.5281754166666666,0.6392845833333334,1,1,Growth,1.2,0.0,0.0,58.65,0.0,1,0
10,P10_MO_G1,MO,F,O12,7,1,625.4,28.29,17.45,10.341397849462364,127.9,10.077419354838707,1577.5216666666668,50.308447799999996,1.05208685,669.7266666666667,847.7035416666666,1.0786173958333334,1.0938144166666668,1,1,Growth,0.0,0.0,0.0,0.0,0.0,0,1
10,P10_MO_G2,MO,F,O12,7,1,625.4,28.29,17.45,10.341397849462364,127.9,10.077419354838707,1577.5216666666668,50.308447799999996,1.05208685,669.7266666666667,847.7035416666666,1.0786173958333334,1.0938144166666668,1,1,Growth,33.0,13.0,10.0,283.53,3.0,0,1
10,P10_MO_G3,MO,F,O12,7,1,625.4,28.29,17.45,10.341397849462364,127.9,10.077419354838707,1577.5216666666668,50.308447799999996,1.05208685,669.7266666666667,847.7035416666666,1.0786173958333334,1.0938144166666668,1,1,Growth,0.0,0.0,0.0,0.0,0.0,0,1
10,P10_FUS_G1,FUS,M,O12,7,1,625.4,28.29,17.45,10.341397849462364,127.9,10.077419354838707,72.23316666666666,3.4512147599999996,0.6366786666666666,25.238874999999997,123.74089583333334,0.5642897916666666,0.6310983333333333,1,1,Growth,0.0,0.0,0.0,0.0,0.0,1,0
10,P10_FUS_G2,FUS,M,O12,7,1,625.4,28.29,17.45,10.341397849462364,127.9,10.077419354838707,72.23316666666666,3.4512147599999996,0.6366786666666666,25.238874999999997,123.74089583333334,0.5642897916666666,0.6310983333333333,1,1,Growth,4.0,5.0,0.0,20.55,5.0,1,0
10,P10_FUS_G3,FUS,M,O12,7,1,625.4,28.29,17.45,10.341397849462364,127.9,10.077419354838707,72.23316666666666,3.4512147599999996,0.6366786666666666,25.238874999999997,123.74089583333334,0.5642897916666666,0.6310983333333333,1,1,Growth,32.3,19.0,4.0,6.46,15.0,1,0
10,P10_MO_G1,MO,F,O13,8,1,384.6,28.3,18.44,10.964880952380952,82.2,10.859605911330046,1319.2091666666668,38.4755949,1.0561539249999998,486.70427083333334,549.7655803571429,1.0952947395833332,1.0710186369047618,1,1,Growth,0.0,0.0,0.0,0.0,0.0,0,1
10,P10_MO_G2,MO,F,O13,8,1,384.6,28.3,18.44,10.964880952380952,82.2,10.859605911330046,1319.2091666666668,38.4755949,1.0561539249999998,486.70427083333334,549.7655803571429,1.0952947395833332,1.0710186369047618,1,1,Growth,19.1,12.0,11.0,185.25,1.0,0,1
10,P10_MO_G3,MO,F,O13,8,1,384.6,28.3,18.44,10.964880952380952,82.2,10.859605911330046,1319.2091666666668,38.4755949,1.0561539249999998,486.70427083333334,549.7655803571429,1.0952947395833332,1.0710186369047618,1,1,Growth,0.5,0.0,0.0,5.65,0.0,0,1
10,P10_FUS_G1,FUS,M,O13,8,1,384.6,28.3,18.44,10.964880952380952,82.2,10.859605911330046,74.65858333333333,2.7920893799999997,0.6385324583333333,25.111104166666664,77.17282886904762,0.5553263541666666,0.6394401190476191,1,1,Growth,0.0,0.0,0.0,0.0,0.0,1,0
10,P10_FUS_G2,FUS,M,O13,8,1,384.6,28.3,18.44,10.964880952380952,82.2,10.859605911330046,74.65858333333333,2.7920893799999997,0.6385324583333333,25.111104166666664,77.17282886904762,0.5553263541666666,0.6394401190476191,1,1,Growth,0.0,0.0,0.0,0.0,0.0,1,0
10,P10_FUS_G3,FUS,M,O13,8,1,384.6,28.3,18.44,10.964880952380952,82.2,10.859605911330046,74.65858333333333,2.7920893799999997,0.6385324583333333,25.111104166666664,77.17282886904762,0.5553263541666666,0.6394401190476191,1,1,Growth,18.1,10.0,9.0,290.96,1.0,1,0
10,P10_MO_G1,MO,F,O15,9,1,699.6,27.02,16.29,11.759677419354839,95.3,11.606451612903225,1060.8966666666668,26.642742,1.0602209999999999,303.681875,251.82761904761907,1.1119720833333333,1.0482228571428571,1,1,Growth,27.9,12.0,9.0,377.8,3.0,0,1
10,P10_MO_G2,MO,F,O15,9,1,699.6,27.02,16.29,11.759677419354839,95.3,11.606451612903225,1060.8966666666668,26.642742,1.0602209999999999,303.681875,251.82761904761907,1.1119720833333333,1.0482228571428571,1,1,Growth,34.1,16.0,16.0,421.27,0.0,0,1
10,P10_MO_G3,MO,F,O15,9,1,699.6,27.02,16.29,11.759677419354839,95.3,11.606451612903225,1060.8966666666668,26.642742,1.0602209999999999,303.681875,251.82761904761907,1.1119720833333333,1.0482228571428571,1,1,Growth,19.3,18.0,18.0,170.91,0.0,0,1
10,P10_FUS_G1,FUS,M,O15,9,1,699.6,27.02,16.29,11.759677419354839,95.3,11.606451612903225,77.084,2.132964,0.6403862499999999,24.983333333333334,30.604761904761908,0.5463629166666667,0.6477819047619048,1,1,Growth,0.0,0.0,0.0,0.0,0.0,1,0
10,P10_FUS_G2,FUS,M,O15,9,1,699.6,27.02,16.29,11.759677419354839,95.3,11.606451612903225,77.084,2.132964,0.6403862499999999,24.983333333333334,30.604761904761908,0.5463629166666667,0.6477819047619048,1,1,Growth,0.0,0.0,0.0,0.0,0.0,1,0
10,P10_FUS_G3,FUS,M,O15,9,1,699.6,27.02,16.29,11.759677419354839,95.3,11.606451612903225,77.084,2.132964,0.6403862499999999,24.983333333333334,30.604761904761908,0.5463629166666667,0.6477819047619048,1,1,Growth,0.0,0.0,0.0,0.0,0.0,1,0
10,P10_MO_G1,MO,F,O17,10,1,508.8,27.73,16.19,12.576111111111112,163.9,10.340000000000002,799.5080222222223,19.434765328999998,1.0889678333333332,204.41720614583332,186.67474206349206,1.0415594791666667,1.058017619047619,1,1,Growth,12.8,6.0,6.0,288.2,0.0,0,1
10,P10_MO_G2,MO,F,O17,10,1,508.8,27.73,16.19,12.576111111111112,163.9,10.340000000000002,799.5080222222223,19.434765328999998,1.0889678333333332,204.41720614583332,186.67474206349206,1.0415594791666667,1.058017619047619,1,1,Growth,6.1,4.0,4.0,103.88,0.0,0,1
10,P10_MO_G3,MO,F,O17,10,1,508.8,27.73,16.19,12.576111111111112,163.9,10.340000000000002,799.5080222222223,19.434765328999998,1.0889678333333332,204.41720614583332,186.67474206349206,1.0415594791666667,1.058017619047619,1,1,Growth,3.9,4.0,4.0,100.34,0.0,0,1
10,P10_FUS_G1,FUS,M,O17,10,1,508.8,27.73,16.19,12.576111111111112,163.9,10.340000000000002,53.55433888888889,1.4964096199999999,0.6967120694444444,15.62109375,25.593096825396827,0.5926528125,0.6640030952380953,1,1,Growth,0.0,0.0,0.0,0.0,0.0,1,0
10,P10_FUS_G2,FUS,M,O17,10,1,508.8,27.73,16.19,12.576111111111112,163.9,10.340000000000002,53.55433888888889,1.4964096199999999,0.6967120694444444,15.62109375,25.593096825396827,0.5926528125,0.6640030952380953,1,1,Growth,0.0,0.0,0.0,0.0,0.0,1,0
10,P10_FUS_G3,FUS,M,O17,10,1,508.8,27.73,16.19,12.576111111111112,163.9,10.340000000000002,53.55433888888889,1.4964096199999999,0.6967120694444444,15.62109375,25.593096825396827,0.5926528125,0.6640030952380953,1,1,Growth,0.0,0.0,0.0,0.0,0.0,1,0
10,P10_MO_G1,MO,F,O18,11,1,257.35,20.67,12.78,13.238888888888889,111.4,6.282795698924733,538.1193777777778,12.226788657999998,1.1177146666666666,105.15253729166666,121.52186507936507,0.971146875,1.067812380952381,0,2,Transition,0.0,0.0,0.0,0.0,0.0,0,1
10,P10_MO_G2,MO,F,O18,11,1,257.35,20.67,12.78,13.238888888888889,111.4,6.282795698924733,538.1193777777778,12.226788657999998,1.1177146666666666,105.15253729166666,121.52186507936507,0.971146875,1.067812380952381,0,2,Transition,0.0,0.0,0.0,0.0,0.0,0,1
10,P10_MO_G3,MO,F,O18,11,1,257.35,20.67,12.78,13.238888888888889,111.4,6.282795698924733,538.1193777777778,12.226788657999998,1.1177146666666666,105.15253729166666,121.52186507936507,0.971146875,1.067812380952381,0,2,Transition,0.0,0.0,0.0,0.0,0.0,0,1
10,P10_FUS_G1,FUS,M,O18,11,1,257.35,20.67,12.78,13.238888888888889,111.4,6.282795698924733,30.02467777777778,0.8598552399999999,0.7530378888888889,6.258854166666667,20.581431746031747,0.6389427083333333,0.6802242857142857,0,2,Transition,0.0,0.0,0.0,0.0,0.0,1,0
10,P10_FUS_G2,FUS,M,O18,11,1,257.35,20.67,12.78,13.238888888888889,111.4,6.282795698924733,30.02467777777778,0.8598552399999999,0.7530378888888889,6.258854166666667,20.581431746031747,0.6389427083333333,0.6802242857142857,0,2,Transition,0.0,0.0,0.0,0.0,0.0,1,0
10,P10_FUS_G3,FUS,M,O18,11,1,257.35,20.67,12.78,13.238888888888889,111.4,6.282795698924733,30.02467777777778,0.8598552399999999,0.7530378888888889,6.258854166666667,20.581431746031747,0.6389427083333333,0.6802242857142857,0,2,Transition,0.0,0.0,0.0,0.0,0.0,1,0
10,P10_MO_G1,MO,F,O19,12,2,268.5,16.82,9.45,13.573333333333332,52.8,8.499999999999998,756.7875222222222,18.398935829,1.100986,216.80204989583336,213.92545634920634,1.0080453125,1.086895,0,0,Rest,0.0,0.0,0.0,0.0,0.0,0,1
10,P10_MO_G2,MO,F,O19,12,2,268.5,16.82,9.45,13.573333333333332,52.8,8.499999999999998,756.7875222222222,18.398935829,1.100986,216.80204989583336,213.92545634920634,1.0080453125,1.086895,0,0,Rest,0.0,0.0,0.0,0.0,33.0,0,1
10,P10_MO_G3,MO,F,O19,12,2,268.5,16.82,9.45,13.573333333333332,52.8,8.499999999999998,756.7875222222222,18.398935829,1.100986,216.80204989583336,213.92545634920634,1.0080453125,1.086895,0,0,Rest,0.0,0.0,0.0,0.0,0.0,0,1
10,P10_FUS_G1,FUS,M,O19,12,2,268.5,16.82,9.45,13.573333333333332,52.8,8.499999999999998,51.55939444444445,1.4373516199999998,0.7899986944444444,29.544947916666665,17.908811111111113,0.7436183854166667,0.7313225000000001,0,0,Rest,0.0,0.0,0.0,0.0,3.0,1,0
10,P10_FUS_G2,FUS,M,O19,12,2,268.5,16.82,9.45,13.573333333333332,52.8,8.499999999999998,51.55939444444445,1.4373516199999998,0.7899986944444444,29.544947916666665,17.908811111111113,0.7436183854166667,0.7313225000000001,0,0,Rest,0.0,0.0,0.0,0.0,8.0,1,0
10,P10_FUS_G3,FUS,M,O19,12,2,268.5,16.82,9.45,13.573333333333332,52.8,8.499999999999998,51.55939444444445,1.4373516199999998,0.7899986944444444,29.544947916666665,17.908811111111113,0.7436183854166667,0.7313225000000001,0,0,Rest,0.0,0.0,0.0,0.0,15.0,1,0
10,P10_MO_G1,MO,F,O20,13,2,332.9,20.05,12.15,13.431182795698925,128.5,6.55247311827957,975.4556666666666,24.571082999999998,1.0842573333333334,328.4515625,306.3290476190476,1.04494375,1.105977619047619,0,0,Rest,0.0,0.0,0.0,0.0,0.0,0,1
10,P10_MO_G2,MO,F,O20,13,2,332.9,20.05,12.15,13.431182795698925,128.5,6.55247311827957,975.4556666666666,24.571082999999998,1.0842573333333334,328.4515625,306.3290476190476,1.04494375,1.105977619047619,0,0,Rest,0.0,0.0,0.0,0.0,0.0,0,1
10,P10_MO_G3,MO,F,O20,13,2,332.9,20.05,12.15,13.431182795698925,128.5,6.55247311827957,975.4556666666666,24.571082999999998,1.0842573333333334,328.4515625,306.3290476190476,1.04494375,1.105977619047619,0,0,Rest,0.0,0.0,0.0,0.0,5.0,0,1
10,P10_FUS_G1,FUS,M,O20,13,2,332.9,20.05,12.15,13.431182795698925,128.5,6.55247311827957,73.09411111111112,2.0148479999999998,0.8269595,52.831041666666664,15.236190476190476,0.8482940625,0.7824207142857144,0,0,Rest,0.0,0.0,0.0,0.0,0.0,1,0
10,P10_FUS_G2,FUS,M,O20,13,2,332.9,20.05,12.15,13.431182795698925,128.5,6.55247311827957,73.09411111111112,2.0148479999999998,0.8269595,52.831041666666664,15.236190476190476,0.8482940625,0.7824207142857144,0,0,Rest,0.0,0.0,0.0,0.0,0.0,1,0
10,P10_FUS_G3,FUS,M,O20,13,2,332.9,20.05,12.15,13.431182795698925,128.5,6.55247311827957,73.09411111111112,2.0148479999999998,0.8269595,52.831041666666664,15.236190476190476,0.8482940625,0.7824207142857144,0,0,Rest,0.0,0.0,0.0,0.0,1.0,1,0
10,P10_MO_G1,MO,F,O21,14,2,254.2,17.54,8.85,12.861827956989247,55.4,11.245161290322583,869.3336666666667,23.399452124999996,1.0151901666666667,337.36972767857145,309.48209199134203,0.9661597321428572,1.065224604978355,0,0,Rest,0.0,0.0,0.0,0.0,0.0,0,1
10,P10_MO_G2,MO,F,O21,14,2,254.2,17.54,8.85,12.861827956989247,55.4,11.245161290322583,869.3336666666667,23.399452124999996,1.0151901666666667,337.36972767857145,309.48209199134203,0.9661597321428572,1.065224604978355,0,0,Rest,0.0,0.0,0.0,0.0,0.0,0,1
10,P10_MO_G3,MO,F,O21,14,2,254.2,17.54,8.85,12.861827956989247,55.4,11.245161290322583,869.3336666666667,23.399452124999996,1.0151901666666667,337.36972767857145,309.48209199134203,0.9661597321428572,1.065224604978355,0,0,Rest,0.0,0.0,0.0,0.0,0.0,0,1
10,P10_FUS_G1,FUS,M,O21,14,2,254.2,17.54,8.85,12.861827956989247,55.4,11.245161290322583,98.39322222222222,2.7628546049999994,0.8015988333333333,40.36328511904762,42.95580546536797,0.8185490550595238,0.8055517207792209,0,0,Rest,0.0,0.0,0.0,0.0,0.0,1,0
10,P10_FUS_G2,FUS,M,O21,14,2,254.2,17.54,8.85,12.861827956989247,55.4,11.245161290322583,98.39322222222222,2.7628546049999994,0.8015988333333333,40.36328511904762,42.95580546536797,0.8185490550595238,0.8055517207792209,0,0,Rest,0.0,0.0,0.0,0.0,0.0,1,0
10,P10_FUS_G3,FUS,M,O21,14,2,254.2,17.54,8.85,12.861827956989247,55.4,11.245161290322583,98.39322222222222,2.7628546049999994,0.8015988333333333,40.36328511904762,42.95580546536797,0.8185490550595238,0.8055517207792209,0,0,Rest,0.0,0.0,0.0,0.0,0.0,1,0
10,P10_MO_G1,MO,F,O22,15,2,359.8,22.05,11.17,12.09611111111111,135.4,10.541935483870969,763.2116666666666,22.227821249999998,0.946123,346.2878928571429,312.6351363636364,0.8873757142857143,1.024471590909091,0,0,Rest,0.7,7.0,0.0,0.89,7.0,0,1
10,P10_MO_G2,MO,F,O22,15,2,359.8,22.05,11.17,12.09611111111111,135.4,10.541935483870969,763.2116666666666,22.227821249999998,0.946123,346.2878928571429,312.6351363636364,0.8873757142857143,1.024471590909091,0,0,Rest,0.5,0.0,0.0,0.75,0.0,0,1
10,P10_MO_G3,MO,F,O22,15,2,359.8,22.05,11.17,12.09611111111111,135.4,10.541935483870969,763.2116666666666,22.227821249999998,0.946123,346.2878928571429,312.6351363636364,0.8873757142857143,1.024471590909091,0,0,Rest,1.9,14.0,0.0,4.77,14.0,0,1
10,P10_FUS_G1,FUS,M,O22,15,2,359.8,22.05,11.17,12.09611111111111,135.4,10.541935483870969,123.69233333333334,3.5108612099999994,0.7762381666666667,27.89552857142857,70.67542045454546,0.7888040476190477,0.8286827272727273,0,0,Rest,1.7,9.0,4.0,0.0,5.0,1,0
10,P10_FUS_G2,FUS,M,O22,15,2,359.8,22.05,11.17,12.09611111111111,135.4,10.541935483870969,123.69233333333334,3.5108612099999994,0.7762381666666667,27.89552857142857,70.67542045454546,0.7888040476190477,0.8286827272727273,0,0,Rest,0.0,0.0,0.0,0.0,2.0,1,0
10,P10_FUS_G3,FUS,M,O22,15,2,359.8,22.05,11.17,12.09611111111111,135.4,10.541935483870969,123.69233333333334,3.5108612099999994,0.7762381666666667,27.89552857142857,70.67542045454546,0.7888040476190477,0.8286827272727273,0,0,Rest,2.2,10.0,0.0,0.0,15.0,1,0
10,P10_MO_G1,MO,F,O24,16,2,456.0,23.82,13.0,11.275268817204301,168.5,11.658064516129032,653.3528333333334,18.470978024999997,0.9771891666666667,256.1499776785714,244.4850056818182,0.9689269196428572,1.0528023579545454,1,2,Transition,16.4,14.0,14.0,0.0,0.0,0,1
10,P10_MO_G2,MO,F,O24,16,2,456.0,23.82,13.0,11.275268817204301,168.5,11.658064516129032,653.3528333333334,18.470978024999997,0.9771891666666667,256.1499776785714,244.4850056818182,0.9689269196428572,1.0528023579545454,1,2,Transition,14.6,18.0,13.0,0.0,5.0,0,1
10,P10_MO_G3,MO,F,O24,16,2,456.0,23.82,13.0,11.275268817204301,168.5,11.658064516129032,653.3528333333334,18.470978024999997,0.9771891666666667,256.1499776785714,244.4850056818182,0.9689269196428572,1.0528023579545454,1,2,Transition,14.3,8.0,7.0,0.0,1.0,0,1
10,P10_FUS_G1,FUS,M,O24,16,2,456.0,23.82,13.0,11.275268817204301,168.5,11.658064516129032,113.35729166666667,3.2460577499999994,0.6530068333333333,24.833476785714282,63.56088731060606,0.5984275446428572,0.7441341761363636,1,2,Transition,13.1,8.0,8.0,0.0,0.0,1,0
10,P10_FUS_G2,FUS,M,O24,16,2,456.0,23.82,13.0,11.275268817204301,168.5,11.658064516129032,113.35729166666667,3.2460577499999994,0.6530068333333333,24.833476785714282,63.56088731060606,0.5984275446428572,0.7441341761363636,1,2,Transition,29.8,18.0,12.0,0.0,6.0,1,0
10,P10_FUS_G3,FUS,M,O24,16,2,456.0,23.82,13.0,11.275268817204301,168.5,11.658064516129032,113.35729166666667,3.2460577499999994,0.6530068333333333,24.833476785714282,63.56088731060606,0.5984275446428572,0.7441341761363636,1,2,Transition,25.4,10.0,10.0,277.26,0.0,1,0
10,P10_MO_G1,MO,F,O26,17,2,388.05,22.97,12.9,10.541111111111112,95.9,9.483333333333333,543.494,14.714134799999998,1.0082553333333333,166.01206249999998,176.334875,1.050478125,1.081133125,1,1,Growth,4.0,1.0,0.0,130.69,1.0,0,1
10,P10_MO_G2,MO,F,O26,17,2,388.05,22.97,12.9,10.541111111111112,95.9,9.483333333333333,543.494,14.714134799999998,1.0082553333333333,166.01206249999998,176.334875,1.050478125,1.081133125,1,1,Growth,7.9,2.0,0.0,368.84,2.0,0,1
10,P10_MO_G3,MO,F,O26,17,2,388.05,22.97,12.9,10.541111111111112,95.9,9.483333333333333,543.494,14.714134799999998,1.0082553333333333,166.01206249999998,176.334875,1.050478125,1.081133125,1,1,Growth,8.9,0.0,0.0,220.23,0.0,0,1
10,P10_FUS_G1,FUS,M,O26,17,2,388.05,22.97,12.9,10.541111111111112,95.9,9.483333333333333,103.02225,2.98125429,0.5297755,21.771424999999997,56.44635416666667,0.40805104166666667,0.659585625,1,1,Growth,15.0,6.0,4.0,336.15,2.0,1,0
10,P10_FUS_G2,FUS,M,O26,17,2,388.05,22.97,12.9,10.541111111111112,95.9,9.483333333333333,103.02225,2.98125429,0.5297755,21.771424999999997,56.44635416666667,0.40805104166666667,0.659585625,1,1,Growth,29.3,14.0,2.0,585.76,12.0,1,0
10,P10_FUS_G3,FUS,M,O26,17,2,388.05,22.97,12.9,10.541111111111112,95.9,9.483333333333333,103.02225,2.98125429,0.5297755,21.771424999999997,56.44635416666667,0.40805104166666667,0.659585625,1,1,Growth,28.0,4.0,3.0,637.81,1.0,1,0
10,P10_MO_G1,MO,F,O27,18,2,322.5,27.26,16.68,10.145698924731182,23.3,10.490322580645163,588.9449166666667,20.34104046,0.9725731666666666,234.0997395833333,440.4505625,0.9222220833333333,1.0517682291666666,0,2,Transition,1.2,0.0,0.0,0.0,0.0,0,1
10,P10_MO_G2,MO,F,O27,18,2,322.5,27.26,16.68,10.145698924731182,23.3,10.490322580645163,588.9449166666667,20.34104046,0.9725731666666666,234.0997395833333,440.4505625,0.9222220833333333,1.0517682291666666,0,2,Transition,1.0,0.0,0.0,0.0,0.0,0,1
10,P10_MO_G3,MO,F,O27,18,2,322.5,27.26,16.68,10.145698924731182,23.3,10.490322580645163,588.9449166666667,20.34104046,0.9725731666666666,234.0997395833333,440.4505625,0.9222220833333333,1.0517682291666666,0,2,Transition,0.3,1.0,1.0,5.83,0.0,0,1
10,P10_FUS_G1,FUS,M,O27,18,2,322.5,27.26,16.68,10.145698924731182,23.3,10.490322580645163,89.20676388888889,3.0331109649999997,0.5531994166666666,26.88743125,71.78180902777778,0.5250030208333333,0.6832235069444443,0,2,Transition,0.0,0.0,0.0,3.97,0.0,1,0
10,P10_FUS_G2,FUS,M,O27,18,2,322.5,27.26,16.68,10.145698924731182,23.3,10.490322580645163,89.20676388888889,3.0331109649999997,0.5531994166666666,26.88743125,71.78180902777778,0.5250030208333333,0.6832235069444443,0,2,Transition,0.0,0.0,0.0,0.0,3.0,1,0
10,P10_FUS_G3,FUS,M,O27,18,2,322.5,27.26,16.68,10.145698924731182,23.3,10.490322580645163,89.20676388888889,3.0331109649999997,0.5531994166666666,26.88743125,71.78180902777778,0.5250030208333333,0.6832235069444443,0,2,Transition,2.4,0.0,0.0,0.0,0.0,1,0
10,P10_MO_G1,MO,F,O29,19,2,779.8,28.02,17.42,10.325806451612904,187.5,9.98709677419355,634.3958333333334,25.96794612,0.9368909999999999,302.18741666666665,704.56625,0.7939660416666667,1.0224033333333333,0,0,Rest,0.0,0.0,0.0,0.0,0.0,0,1
10,P10_MO_G2,MO,F,O29,19,2,779.8,28.02,17.42,10.325806451612904,187.5,9.98709677419355,634.3958333333334,25.96794612,0.9368909999999999,302.18741666666665,704.56625,0.7939660416666667,1.0224033333333333,0,0,Rest,0.0,0.0,0.0,0.0,0.0,0,1
10,P10_MO_G3,MO,F,O29,19,2,779.8,28.02,17.42,10.325806451612904,187.5,9.98709677419355,634.3958333333334,25.96794612,0.9368909999999999,302.18741666666665,704.56625,0.7939660416666667,1.0224033333333333,0,0,Rest,0.0,0.0,0.0,0.0,0.0,0,1
10,P10_FUS_G1,FUS,M,O29,19,2,779.8,28.02,17.42,10.325806451612904,187.5,9.98709677419355,75.39127777777777,3.08496764,0.5766233333333333,32.0034375,87.11726388888889,0.6419549999999999,0.7068613888888888,0,0,Rest,0.0,0.0,0.0,0.0,0.0,1,0
10,P10_FUS_G2,FUS,M,O29,19,2,779.8,28.02,17.42,10.325806451612904,187.5,9.98709677419355,75.39127777777777,3.08496764,0.5766233333333333,32.0034375,87.11726388888889,0.6419549999999999,0.7068613888888888,0,0,Rest,0.0,0.0,0.0,0.0,0.0,1,0
10,P10_FUS_G3,FUS,M,O29,19,2,779.8,28.02,17.42,10.325806451612904,187.5,9.98709677419355,75.39127777777777,3.08496764,0.5766233333333333,32.0034375,87.11726388888889,0.6419549999999999,0.7068613888888888,0,0,Rest,0.0,0.0,0.0,0.0,0.0,1,0
10,P10_MO_G1,MO,F,O31,20,2,643.7,28.42,17.34,10.939880952380951,13.0,11.763178571428575,519.1779166666666,20.25661176,0.864286,244.32847023809524,538.8165113636363,0.7380058779761904,0.8837241666666666,1,2,Transition,0.0,1.0,0.0,0.0,1.0,0,1
10,P10_MO_G2,MO,F,O31,20,2,643.7,28.42,17.34,10.939880952380951,13.0,11.763178571428575,519.1779166666666,20.25661176,0.864286,244.32847023809524,538.8165113636363,0.7380058779761904,0.8837241666666666,1,2,Transition,8.2,6.0,6.0,41.78,0.0,0,1
10,P10_MO_G3,MO,F,O31,20,2,643.7,28.42,17.34,10.939880952380951,13.0,11.763178571428575,519.1779166666666,20.25661176,0.864286,244.32847023809524,538.8165113636363,0.7380058779761904,0.8837241666666666,1,2,Transition,0.1,2.0,1.0,0.5,1.0,0,1
10,P10_FUS_G1,FUS,M,O31,20,2,643.7,28.42,17.34,10.939880952380951,13.0,11.763178571428575,63.33105555555555,2.2653747895,0.616657,21.791160773809523,57.8394273989899,0.625140238095238,0.7060227398989898,1,2,Transition,0.0,0.0,0.0,0.0,0.0,1,0
10,P10_FUS_G2,FUS,M,O31,20,2,643.7,28.42,17.34,10.939880952380951,13.0,11.763178571428575,63.33105555555555,2.2653747895,0.616657,21.791160773809523,57.8394273989899,0.625140238095238,0.7060227398989898,1,2,Transition,0.0,0.0,0.0,0.0,0.0,1,0
10,P10_FUS_G3,FUS,M,O31,20,2,643.7,28.42,17.34,10.939880952380951,13.0,11.763178571428575,63.33105555555555,2.2653747895,0.616657,21.791160773809523,57.8394273989899,0.625140238095238,0.7060227398989898,1,2,Transition,0.0,0.0,0.0,0.0,0.0,1,0
10,P10_MO_G1,MO,F,O33,21,2,509.1,27.9,17.21,11.73225806451613,127.69999999999999,11.061290322580646,403.96,14.5452774,0.7916810000000001,186.46952380952382,373.0667727272727,0.6820457142857143,0.745045,1,1,Growth,0.0,0.0,0.0,0.0,0.0,0,1
10,P10_MO_G2,MO,F,O33,21,2,509.1,27.9,17.21,11.73225806451613,127.69999999999999,11.061290322580646,403.96,14.5452774,0.7916810000000001,186.46952380952382,373.0667727272727,0.6820457142857143,0.745045,1,1,Growth,10.0,27.0,18.0,22.7,9.0,0,1
10,P10_MO_G3,MO,F,O33,21,2,509.1,27.9,17.21,11.73225806451613,127.69999999999999,11.061290322580646,403.96,14.5452774,0.7916810000000001,186.46952380952382,373.0667727272727,0.6820457142857143,0.745045,1,1,Growth,17.9,23.0,15.0,96.35,8.0,0,1
10,P10_FUS_G1,FUS,M,O33,21,2,509.1,27.9,17.21,11.73225806451613,127.69999999999999,11.061290322580646,51.270833333333336,1.4457819389999997,0.6566906666666666,11.578884047619047,28.56159090909091,0.6083254761904762,0.7051840909090908,1,1,Growth,0.0,0.0,0.0,0.0,0.0,1,0
10,P10_FUS_G2,FUS,M,O33,21,2,509.1,27.9,17.21,11.73225806451613,127.69999999999999,11.061290322580646,51.270833333333336,1.4457819389999997,0.6566906666666666,11.578884047619047,28.56159090909091,0.6083254761904762,0.7051840909090908,1,1,Growth,55.3,37.0,13.0,543.92,24.0,1,0
10,P10_FUS_G3,FUS,M,O33,21,2,509.1,27.9,17.21,11.73225806451613,127.69999999999999,11.061290322580646,51.270833333333336,1.4457819389999997,0.6566906666666666,11.578884047619047,28.56159090909091,0.6083254761904762,0.7051840909090908,1,1,Growth,38.8,41.0,22.0,320.56,19.0,1,0
10,P10_MO_G1,MO,F,O35,22,2,501.15,25.0,16.32,12.550555555555555,194.0,7.8100000000000005,294.23741666666666,9.794062845,0.8190529166666667,115.70453221726191,237.7302792207792,0.7740194196428571,0.7850082142857142,1,1,Growth,0.0,0.0,0.0,0.0,0.0,0,1
10,P10_MO_G2,MO,F,O35,22,2,501.15,25.0,16.32,12.550555555555555,194.0,7.8100000000000005,294.23741666666666,9.794062845,0.8190529166666667,115.70453221726191,237.7302792207792,0.7740194196428571,0.7850082142857142,1,1,Growth,0.0,10.0,3.0,0.0,7.0,0,1
10,P10_MO_G3,MO,F,O35,22,2,501.15,25.0,16.32,12.550555555555555,194.0,7.8100000000000005,294.23741666666666,9.794062845,0.8190529166666667,115.70453221726191,237.7302792207792,0.7740194196428571,0.7850082142857142,1,1,Growth,5.4,8.0,8.0,187.69,0.0,0,1
10,P10_FUS_G1,FUS,M,O35,22,2,501.15,25.0,16.32,12.550555555555555,194.0,7.8100000000000005,56.19375,1.4463646094999998,0.7005171666666667,13.583049836309524,22.106589502164503,0.617539144345238,0.7611390692640693,1,1,Growth,0.0,0.0,0.0,0.0,0.0,1,0
10,P10_FUS_G2,FUS,M,O35,22,2,501.15,25.0,16.32,12.550555555555555,194.0,7.8100000000000005,56.19375,1.4463646094999998,0.7005171666666667,13.583049836309524,22.106589502164503,0.617539144345238,0.7611390692640693,1,1,Growth,0.9,0.0,0.0,189.07,0.0,1,0
10,P10_FUS_G3,FUS,M,O35,22,2,501.15,25.0,16.32,12.550555555555555,194.0,7.8100000000000005,56.19375,1.4463646094999998,0.7005171666666667,13.583049836309524,22.106589502164503,0.617539144345238,0.7611390692640693,1,1,Growth,0.0,3.0,3.0,0.0,0.0,1,0
10,P10_MO_G1,MO,F,O37,23,2,338.95,20.16,11.71,13.236979166666666,217.70000000000002,8.432258064516128,184.5148333333333,5.042848289999999,0.8464248333333334,44.939540625,102.39378571428571,0.865993125,0.8249714285714286,0,2,Transition,0.0,0.0,0.0,0.0,0.0,0,1
10,P10_MO_G2,MO,F,O37,23,2,338.95,20.16,11.71,13.236979166666666,217.70000000000002,8.432258064516128,184.5148333333333,5.042848289999999,0.8464248333333334,44.939540625,102.39378571428571,0.865993125,0.8249714285714286,0,2,Transition,0.0,0.0,0.0,0.0,0.0,0,1
10,P10_MO_G3,MO,F,O37,23,2,338.95,20.16,11.71,13.236979166666666,217.70000000000002,8.432258064516128,184.5148333333333,5.042848289999999,0.8464248333333334,44.939540625,102.39378571428571,0.865993125,0.8249714285714286,0,2,Transition,0.7,0.0,0.0,19.22,0.0,0,1
10,P10_FUS_G1,FUS,M,O37,23,2,338.95,20.16,11.71,13.236979166666666,217.70000000000002,8.432258064516128,61.11666666666667,1.4469472799999998,0.7443436666666667,15.587215624999999,15.651588095238097,0.6267528125,0.8170940476190477,0,2,Transition,0.0,0.0,0.0,0.0,0.0,1,0
10,P10_FUS_G2,FUS,M,O37,23,2,338.95,20.16,11.71,13.236979166666666,217.70000000000002,8.432258064516128,61.11666666666667,1.4469472799999998,0.7443436666666667,15.587215624999999,15.651588095238097,0.6267528125,0.8170940476190477,0,2,Transition,0.0,0.0,0.0,0.0,0.0,1,0
10,P10_FUS_G3,FUS,M,O37,23,2,338.95,20.16,11.71,13.236979166666666,217.70000000000002,8.432258064516128,61.11666666666667,1.4469472799999998,0.7443436666666667,15.587215624999999,15.651588095238097,0.6267528125,0.8170940476190477,0,2,Transition,0.0,0.0,0.0,0.0,0.0,1,0
10,P10_MO_G1,MO,F,O38,24,2,194.65,23.29,14.52,13.575,,,184.5148333333333,5.042848289999999,0.8464248333333334,44.939540625,102.39378571428571,0.865993125,0.8249714285714286,0,0,Rest,0.0,0.0,0.0,0.0,0.0,0,1
10,P10_MO_G2,MO,F,O38,24,2,194.65,23.29,14.52,13.575,,,184.5148333333333,5.042848289999999,0.8464248333333334,44.939540625,102.39378571428571,0.865993125,0.8249714285714286,0,0,Rest,0.0,0.0,0.0,0.0,0.0,0,1
10,P10_MO_G3,MO,F,O38,24,2,194.65,23.29,14.52,13.575,,,184.5148333333333,5.042848289999999,0.8464248333333334,44.939540625,102.39378571428571,0.865993125,0.8249714285714286,0,0,Rest,0.0,0.0,0.0,0.0,0.0,0,1
10,P10_FUS_G1,FUS,M,O38,24,2,194.65,23.29,14.52,13.575,,,61.11666666666667,1.4469472799999998,0.7443436666666667,15.587215624999999,15.651588095238097,0.6267528125,0.8170940476190477,0,0,Rest,0.0,0.0,0.0,0.0,0.0,1,0
10,P10_FUS_G2,FUS,M,O38,24,2,194.65,23.29,14.52,13.575,,,61.11666666666667,1.4469472799999998,0.7443436666666667,15.587215624999999,15.651588095238097,0.6267528125,0.8170940476190477,0,0,Rest,0.0,0.0,0.0,0.0,0.0,1,0
10,P10_FUS_G3,FUS,M,O38,24,2,194.65,23.29,14.52,13.575,,,61.11666666666667,1.4469472799999998,0.7443436666666667,15.587215624999999,15.651588095238097,0.6267528125,0.8170940476190477,0,0,Rest,0.0,0.0,0.0,0.0,0.0,1,0
11,P11_MO_G1,MO,M,O1,0,1,254.5,19.57,12.57,13.576666666666666,124.8,7.6,1474.3933333333332,39.508891999999996,1.1070321666666667,402.03898550724637,562.2480303030303,1.0804234782608695,1.1195831818181818,0,0,Rest,0.0,0.0,0.0,0.0,0.0,1,1
11,P11_MO_G2,MO,M,O1,0,1,254.5,19.57,12.57,13.576666666666666,124.8,7.6,1474.3933333333332,39.508891999999996,1.1070321666666667,402.03898550724637,562.2480303030303,1.0804234782608695,1.1195831818181818,0,0,Rest,0.0,0.0,0.0,0.0,0.0,1,1
11,P11_MO_G3,MO,M,O1,0,1,254.5,19.57,12.57,13.576666666666666,124.8,7.6,1474.3933333333332,39.508891999999996,1.1070321666666667,402.03898550724637,562.2480303030303,1.0804234782608695,1.1195831818181818,0,0,Rest,0.0,0.0,0.0,0.0,0.0,1,1
11,P11_FUS_G1,FUS,M,O1,0,1,254.5,19.57,12.57,13.576666666666666,124.8,7.6,168.69500000000002,5.280435,0.6713425555555556,47.088913043478264,120.765,0.7038765217391305,0.7234356060606061,0,0,Rest,0.0,0.0,0.0,0.0,0.0,1,0
11,P11_FUS_G2,FUS,M,O1,0,1,254.5,19.57,12.57,13.576666666666666,124.8,7.6,168.69500000000002,5.280435,0.6713425555555556,47.088913043478264,120.765,0.7038765217391305,0.7234356060606061,0,0,Rest,0.0,0.0,0.0,0.0,0.0,1,0
11,P11_FUS_G3,FUS,M,O1,0,1,254.5,19.57,12.57,13.576666666666666,124.8,7.6,168.69500000000002,5.280435,0.6713425555555556,47.088913043478264,120.765,0.7038765217391305,0.7234356060606061,0,0,Rest,0.0,0.0,0.0,0.0,0.0,1,0
11,P11_MO_G1,MO,M,O2,1,1,282.1,18.87,9.94,13.418279569892475,92.9,9.058064516129035,1474.3933333333332,39.508891999999996,1.1070321666666667,402.03898550724637,562.2480303030303,1.0804234782608695,1.1195831818181818,0,0,Rest,0.0,0.0,0.0,0.0,0.0,1,1
11,P11_MO_G2,MO,M,O2,1,1,282.1,18.87,9.94,13.418279569892475,92.9,9.058064516129035,1474.3933333333332,39.508891999999996,1.1070321666666667,402.03898550724637,562.2480303030303,1.0804234782608695,1.1195831818181818,0,0,Rest,0.0,0.0,0.0,0.0,0.0,1,1
11,P11_MO_G3,MO,M,O2,1,1,282.1,18.87,9.94,13.418279569892475,92.9,9.058064516129035,1474.3933333333332,39.508891999999996,1.1070321666666667,402.03898550724637,562.2480303030303,1.0804234782608695,1.1195831818181818,0,0,Rest,0.0,0.0,0.0,0.0,0.0,1,1
11,P11_FUS_G1,FUS,M,O2,1,1,282.1,18.87,9.94,13.418279569892475,92.9,9.058064516129035,168.69500000000002,5.280435,0.6713425555555556,47.088913043478264,120.765,0.7038765217391305,0.7234356060606061,0,0,Rest,0.6,6.0,0.0,0.0,6.0,1,0
11,P11_FUS_G2,FUS,M,O2,1,1,282.1,18.87,9.94,13.418279569892475,92.9,9.058064516129035,168.69500000000002,5.280435,0.6713425555555556,47.088913043478264,120.765,0.7038765217391305,0.7234356060606061,0,0,Rest,1.6,11.0,3.0,1.67,8.0,1,0
11,P11_FUS_G3,FUS,M,O2,1,1,282.1,18.87,9.94,13.418279569892475,92.9,9.058064516129035,168.69500000000002,5.280435,0.6713425555555556,47.088913043478264,120.765,0.7038765217391305,0.7234356060606061,0,0,Rest,0.0,0.0,0.0,0.0,0.0,1,0
11,P11_MO_G1,MO,M,O3,2,1,326.2,21.57,10.18,12.839247311827956,73.7,11.245161290322581,1474.3933333333332,39.508891999999996,1.1070321666666667,402.03898550724637,562.2480303030303,1.0804234782608695,1.1195831818181818,0,0,Rest,0.0,0.0,0.0,0.0,0.0,1,1
11,P11_MO_G2,MO,M,O3,2,1,326.2,21.57,10.18,12.839247311827956,73.7,11.245161290322581,1474.3933333333332,39.508891999999996,1.1070321666666667,402.03898550724637,562.2480303030303,1.0804234782608695,1.1195831818181818,0,0,Rest,0.0,0.0,0.0,0.0,0.0,1,1
11,P11_MO_G3,MO,M,O3,2,1,326.2,21.57,10.18,12.839247311827956,73.7,11.245161290322581,1474.3933333333332,39.508891999999996,1.1070321666666667,402.03898550724637,562.2480303030303,1.0804234782608695,1.1195831818181818,0,0,Rest,0.0,0.0,0.0,0.0,0.0,1,1
11,P11_FUS_G1,FUS,M,O3,2,1,326.2,21.57,10.18,12.839247311827956,73.7,11.245161290322581,168.69500000000002,5.280435,0.6713425555555556,47.088913043478264,120.765,0.7038765217391305,0.7234356060606061,0,0,Rest,0.6,4.0,0.0,0.0,4.0,1,0
11,P11_FUS_G2,FUS,M,O3,2,1,326.2,21.57,10.18,12.839247311827956,73.7,11.245161290322581,168.69500000000002,5.280435,0.6713425555555556,47.088913043478264,120.765,0.7038765217391305,0.7234356060606061,0,0,Rest,2.0,2.0,2.0,17.84,0.0,1,0
11,P11_FUS_G3,FUS,M,O3,2,1,326.2,21.57,10.18,12.839247311827956,73.7,11.245161290322581,168.69500000000002,5.280435,0.6713425555555556,47.088913043478264,120.765,0.7038765217391305,0.7234356060606061,0,0,Rest,0.6,6.0,0.0,0.0,6.0,1,0
11,P11_MO_G1,MO,M,O5,3,1,281.7,20.17,8.61,12.069444444444445,31.5,11.493333333333336,1474.3933333333332,39.508891999999996,1.1070321666666667,402.03898550724637,562.2480303030303,1.0804234782608695,1.1195831818181818,0,0,Rest,7.2,15.0,11.0,98.82,4.0,1,1
11,P11_MO_G2,MO,M,O5,3,1,281.7,20.17,8.61,12.069444444444445,31.5,11.493333333333336,1474.3933333333332,39.508891999999996,1.1070321666666667,402.03898550724637,562.2480303030303,1.0804234782608695,1.1195831818181818,0,0,Rest,4.8,13.0,6.0,14.9,7.0,1,1
11,P11_MO_G3,MO,M,O5,3,1,281.7,20.17,8.61,12.069444444444445,31.5,11.493333333333336,1474.3933333333332,39.508891999999996,1.1070321666666667,402.03898550724637,562.2480303030303,1.0804234782608695,1.1195831818181818,0,0,Rest,0.0,0.0,0.0,0.0,0.0,1,1
11,P11_FUS_G1,FUS,M,O5,3,1,281.7,20.17,8.61,12.069444444444445,31.5,11.493333333333336,168.69500000000002,5.280435,0.6713425555555556,47.088913043478264,120.765,0.7038765217391305,0.7234356060606061,0,0,Rest,19.0,21.0,13.0,120.1,8.0,1,0
11,P11_FUS_G2,FUS,M,O5,3,1,281.7,20.17,8.61,12.069444444444445,31.5,11.493333333333336,168.69500000000002,5.280435,0.6713425555555556,47.088913043478264,120.765,0.7038765217391305,0.7234356060606061,0,0,Rest,9.4,7.0,2.0,92.49,5.0,1,0
11,P11_FUS_G3,FUS,M,O5,3,1,281.7,20.17,8.61,12.069444444444445,31.5,11.493333333333336,168.69500000000002,5.280435,0.6713425555555556,47.088913043478264,120.765,0.7038765217391305,0.7234356060606061,0,0,Rest,0.0,6.0,6.0,14.14,0.0,1,0
11,P11_MO_G1,MO,M,O7,4,1,460.1,24.84,14.85,11.248924731182797,173.1,10.503225806451614,1653.4391666666666,47.820049149999996,1.1107365277777776,647.6092844202899,636.3643276515152,1.0865897946859904,1.1215947159090909,1,2,Transition,3.2,2.0,0.0,102.23,4.0,1,1
11,P11_MO_G2,MO,M,O7,4,1,460.1,24.84,14.85,11.248924731182797,173.1,10.503225806451614,1653.4391666666666,47.820049149999996,1.1107365277777776,647.6092844202899,636.3643276515152,1.0865897946859904,1.1215947159090909,1,2,Transition,22.0,12.0,12.0,766.9,0.0,1,1
11,P11_MO_G3,MO,M,O7,4,1,460.1,24.84,14.85,11.248924731182797,173.1,10.503225806451614,1653.4391666666666,47.820049149999996,1.1107365277777776,647.6092844202899,636.3643276515152,1.0865897946859904,1.1215947159090909,1,2,Transition,21.0,24.0,21.0,422.9,3.0,1,1
11,P11_FUS_G1,FUS,M,O7,4,1,460.1,24.84,14.85,11.248924731182797,173.1,10.503225806451614,125.61441666666667,3.834195,0.6907866944444445,40.06020652173913,74.78767708333334,0.5979687817028986,0.6854532196969697,1,2,Transition,25.0,11.0,11.0,479.27,0.0,1,0
11,P11_FUS_G2,FUS,M,O7,4,1,460.1,24.84,14.85,11.248924731182797,173.1,10.503225806451614,125.61441666666667,3.834195,0.6907866944444445,40.06020652173913,74.78767708333334,0.5979687817028986,0.6854532196969697,1,2,Transition,0.7,0.0,0.0,12.5,0.0,1,0
11,P11_FUS_G3,FUS,M,O7,4,1,460.1,24.84,14.85,11.248924731182797,173.1,10.503225806451614,125.61441666666667,3.834195,0.6907866944444445,40.06020652173913,74.78767708333334,0.5979687817028986,0.6854532196969697,1,2,Transition,23.2,4.0,4.0,148.38,0.0,1,0
11,P11_MO_G1,MO,M,O9,5,1,444.8,24.43,15.22,10.520555555555555,188.2,8.726666666666668,1832.4850000000001,56.131206299999995,1.1144408888888888,893.1795833333334,710.480625,1.092756111111111,1.12360625,1,1,Growth,28.3,21.0,14.0,419.88,7.0,1,1
11,P11_MO_G2,MO,M,O9,5,1,444.8,24.43,15.22,10.520555555555555,188.2,8.726666666666668,1832.4850000000001,56.131206299999995,1.1144408888888888,893.1795833333334,710.480625,1.092756111111111,1.12360625,1,1,Growth,11.9,8.0,8.0,444.3,0.0,1,1
11,P11_MO_G3,MO,M,O9,5,1,444.8,24.43,15.22,10.520555555555555,188.2,8.726666666666668,1832.4850000000001,56.131206299999995,1.1144408888888888,893.1795833333334,710.480625,1.092756111111111,1.12360625,1,1,Growth,18.8,13.0,12.0,473.2,1.0,1,1
11,P11_FUS_G1,FUS,M,O9,5,1,444.8,24.43,15.22,10.520555555555555,188.2,8.726666666666668,82.53383333333333,2.387955,0.7102308333333334,33.0315,28.810354166666666,0.49206104166666664,0.6474708333333333,1,1,Growth,9.6,6.0,6.0,624.95,0.0,1,0
11,P11_FUS_G2,FUS,M,O9,5,1,444.8,24.43,15.22,10.520555555555555,188.2,8.726666666666668,82.53383333333333,2.387955,0.7102308333333334,33.0315,28.810354166666666,0.49206104166666664,0.6474708333333333,1,1,Growth,0.0,0.0,0.0,62.0,0.0,1,0
11,P11_FUS_G3,FUS,M,O9,5,1,444.8,24.43,15.22,10.520555555555555,188.2,8.726666666666668,82.53383333333333,2.387955,0.7102308333333334,33.0315,28.810354166666666,0.49206104166666664,0.6474708333333333,1,1,Growth,33.6,10.0,10.0,1692.89,0.0,1,0
11,P11_MO_G1,MO,M,O10,6,1,398.8,27.7,16.98,10.141935483870967,288.8,11.29032258064516,1705.0033333333336,53.21982704999999,1.0832638694444445,781.453125,779.0920833333333,1.0856867534722223,1.1087103333333332,1,1,Growth,0.0,0.0,0.0,1.75,0.0,1,1
11,P11_MO_G2,MO,M,O10,6,1,398.8,27.7,16.98,10.141935483870967,288.8,11.29032258064516,1705.0033333333336,53.21982704999999,1.0832638694444445,781.453125,779.0920833333333,1.0856867534722223,1.1087103333333332,1,1,Growth,0.3,1.0,1.0,21.65,0.0,1,1
11,P11_MO_G3,MO,M,O10,6,1,398.8,27.7,16.98,10.141935483870967,288.8,11.29032258064516,1705.0033333333336,53.21982704999999,1.0832638694444445,781.453125,779.0920833333333,1.0856867534722223,1.1087103333333332,1,1,Growth,3.6,6.0,4.0,103.15,2.0,1,1
11,P11_FUS_G1,FUS,M,O10,6,1,398.8,27.7,16.98,10.141935483870967,288.8,11.29032258064516,77.3835,2.9195848799999995,0.67345475,29.1351875,76.275625,0.5281754166666666,0.6392845833333334,1,1,Growth,1.4,1.0,0.0,21.38,1.0,1,0
11,P11_FUS_G2,FUS,M,O10,6,1,398.8,27.7,16.98,10.141935483870967,288.8,11.29032258064516,77.3835,2.9195848799999995,0.67345475,29.1351875,76.275625,0.5281754166666666,0.6392845833333334,1,1,Growth,0.0,0.0,0.0,1.0,0.0,1,0
11,P11_FUS_G3,FUS,M,O10,6,1,398.8,27.7,16.98,10.141935483870967,288.8,11.29032258064516,77.3835,2.9195848799999995,0.67345475,29.1351875,76.275625,0.5281754166666666,0.6392845833333334,1,1,Growth,0.7,1.0,1.0,242.15,0.0,1,0
11,P11_MO_G1,MO,M,O12,7,1,625.4,28.29,17.45,10.341397849462364,127.9,10.077419354838707,1577.5216666666668,50.308447799999996,1.05208685,669.7266666666667,847.7035416666666,1.0786173958333334,1.0938144166666668,1,1,Growth,2.0,3.0,3.0,96.32,0.0,1,1
11,P11_MO_G2,MO,M,O12,7,1,625.4,28.29,17.45,10.341397849462364,127.9,10.077419354838707,1577.5216666666668,50.308447799999996,1.05208685,669.7266666666667,847.7035416666666,1.0786173958333334,1.0938144166666668,1,1,Growth,3.3,5.0,2.0,69.89,3.0,1,1
11,P11_MO_G3,MO,M,O12,7,1,625.4,28.29,17.45,10.341397849462364,127.9,10.077419354838707,1577.5216666666668,50.308447799999996,1.05208685,669.7266666666667,847.7035416666666,1.0786173958333334,1.0938144166666668,1,1,Growth,1.9,1.0,1.0,14.5,0.0,1,1
11,P11_FUS_G1,FUS,M,O12,7,1,625.4,28.29,17.45,10.341397849462364,127.9,10.077419354838707,72.23316666666666,3.4512147599999996,0.6366786666666666,25.238874999999997,123.74089583333334,0.5642897916666666,0.6310983333333333,1,1,Growth,6.57,0.0,0.0,19.13,4.0,1,0
11,P11_FUS_G2,FUS,M,O12,7,1,625.4,28.29,17.45,10.341397849462364,127.9,10.077419354838707,72.23316666666666,3.4512147599999996,0.6366786666666666,25.238874999999997,123.74089583333334,0.5642897916666666,0.6310983333333333,1,1,Growth,0.0,0.0,0.0,0.0,0.0,1,0
11,P11_FUS_G3,FUS,M,O12,7,1,625.4,28.29,17.45,10.341397849462364,127.9,10.077419354838707,72.23316666666666,3.4512147599999996,0.6366786666666666,25.238874999999997,123.74089583333334,0.5642897916666666,0.6310983333333333,1,1,Growth,0.0,0.0,0.0,0.0,0.0,1,0
11,P11_MO_G1,MO,M,O13,8,1,384.6,28.3,18.44,10.964880952380952,82.2,10.859605911330046,1319.2091666666668,38.4755949,1.0561539249999998,486.70427083333334,549.7655803571429,1.0952947395833332,1.0710186369047618,1,1,Growth,0.0,0.0,0.0,0.0,0.0,1,1
11,P11_MO_G2,MO,M,O13,8,1,384.6,28.3,18.44,10.964880952380952,82.2,10.859605911330046,1319.2091666666668,38.4755949,1.0561539249999998,486.70427083333334,549.7655803571429,1.0952947395833332,1.0710186369047618,1,1,Growth,0.1,1.0,1.0,2.81,0.0,1,1
11,P11_MO_G3,MO,M,O13,8,1,384.6,28.3,18.44,10.964880952380952,82.2,10.859605911330046,1319.2091666666668,38.4755949,1.0561539249999998,486.70427083333334,549.7655803571429,1.0952947395833332,1.0710186369047618,1,1,Growth,0.1,1.0,1.0,9.0,0.0,1,1
11,P11_FUS_G1,FUS,M,O13,8,1,384.6,28.3,18.44,10.964880952380952,82.2,10.859605911330046,74.65858333333333,2.7920893799999997,0.6385324583333333,25.111104166666664,77.17282886904762,0.5553263541666666,0.6394401190476191,1,1,Growth,3.2,1.0,0.0,0.62,1.0,1,0
11,P11_FUS_G2,FUS,M,O13,8,1,384.6,28.3,18.44,10.964880952380952,82.2,10.859605911330046,74.65858333333333,2.7920893799999997,0.6385324583333333,25.111104166666664,77.17282886904762,0.5553263541666666,0.6394401190476191,1,1,Growth,0.0,0.0,0.0,0.0,0.0,1,0
11,P11_FUS_G3,FUS,M,O13,8,1,384.6,28.3,18.44,10.964880952380952,82.2,10.859605911330046,74.65858333333333,2.7920893799999997,0.6385324583333333,25.111104166666664,77.17282886904762,0.5553263541666666,0.6394401190476191,1,1,Growth,0.0,0.0,0.0,0.0,0.0,1,0
11,P11_MO_G1,MO,M,O15,9,1,699.6,27.02,16.29,11.759677419354839,95.3,11.606451612903225,1060.8966666666668,26.642742,1.0602209999999999,303.681875,251.82761904761907,1.1119720833333333,1.0482228571428571,1,1,Growth,10.5,12.0,8.0,164.55,4.0,1,1
11,P11_MO_G2,MO,M,O15,9,1,699.6,27.02,16.29,11.759677419354839,95.3,11.606451612903225,1060.8966666666668,26.642742,1.0602209999999999,303.681875,251.82761904761907,1.1119720833333333,1.0482228571428571,1,1,Growth,27.8,26.0,24.0,539.23,2.0,1,1
11,P11_MO_G3,MO,M,O15,9,1,699.6,27.02,16.29,11.759677419354839,95.3,11.606451612903225,1060.8966666666668,26.642742,1.0602209999999999,303.681875,251.82761904761907,1.1119720833333333,1.0482228571428571,1,1,Growth,9.4,10.0,8.0,157.0,2.0,1,1
11,P11_FUS_G1,FUS,M,O15,9,1,699.6,27.02,16.29,11.759677419354839,95.3,11.606451612903225,77.084,2.132964,0.6403862499999999,24.983333333333334,30.604761904761908,0.5463629166666667,0.6477819047619048,1,1,Growth,34.6,19.0,12.0,692.25,7.0,1,0
11,P11_FUS_G2,FUS,M,O15,9,1,699.6,27.02,16.29,11.759677419354839,95.3,11.606451612903225,77.084,2.132964,0.6403862499999999,24.983333333333334,30.604761904761908,0.5463629166666667,0.6477819047619048,1,1,Growth,0.0,2.0,2.0,0.0,0.0,1,0
11,P11_FUS_G3,FUS,M,O15,9,1,699.6,27.02,16.29,11.759677419354839,95.3,11.606451612903225,77.084,2.132964,0.6403862499999999,24.983333333333334,30.604761904761908,0.5463629166666667,0.6477819047619048,1,1,Growth,0.0,0.0,0.0,0.0,0.0,1,0
11,P11_MO_G1,MO,M,O17,10,1,508.8,27.73,16.19,12.576111111111112,163.9,10.340000000000002,799.5080222222223,19.434765328999998,1.0889678333333332,204.41720614583332,186.67474206349206,1.0415594791666667,1.058017619047619,1,1,Growth,5.0,5.0,3.0,149.25,2.0,1,1
11,P11_MO_G2,MO,M,O17,10,1,508.8,27.73,16.19,12.576111111111112,163.9,10.340000000000002,799.5080222222223,19.434765328999998,1.0889678333333332,204.41720614583332,186.67474206349206,1.0415594791666667,1.058017619047619,1,1,Growth,6.0,5.0,4.0,152.72,1.0,1,1
11,P11_MO_G3,MO,M,O17,10,1,508.8,27.73,16.19,12.576111111111112,163.9,10.340000000000002,799.5080222222223,19.434765328999998,1.0889678333333332,204.41720614583332,186.67474206349206,1.0415594791666667,1.058017619047619,1,1,Growth,2.6,5.0,3.0,66.94,2.0,1,1
11,P11_FUS_G1,FUS,M,O17,10,1,508.8,27.73,16.19,12.576111111111112,163.9,10.340000000000002,53.55433888888889,1.4964096199999999,0.6967120694444444,15.62109375,25.593096825396827,0.5926528125,0.6640030952380953,1,1,Growth,10.8,6.0,6.0,412.75,0.0,1,0
11,P11_FUS_G2,FUS,M,O17,10,1,508.8,27.73,16.19,12.576111111111112,163.9,10.340000000000002,53.55433888888889,1.4964096199999999,0.6967120694444444,15.62109375,25.593096825396827,0.5926528125,0.6640030952380953,1,1,Growth,16.2,9.0,8.0,159.0,1.0,1,0
11,P11_FUS_G3,FUS,M,O17,10,1,508.8,27.73,16.19,12.576111111111112,163.9,10.340000000000002,53.55433888888889,1.4964096199999999,0.6967120694444444,15.62109375,25.593096825396827,0.5926528125,0.6640030952380953,1,1,Growth,2.3,4.0,4.0,97.0,0.0,1,0
11,P11_MO_G1,MO,M,O18,11,1,257.35,20.67,12.78,13.238888888888889,111.4,6.282795698924733,538.1193777777778,12.226788657999998,1.1177146666666666,105.15253729166666,121.52186507936507,0.971146875,1.067812380952381,0,2,Transition,0.0,0.0,0.0,0.0,0.0,1,1
11,P11_MO_G2,MO,M,O18,11,1,257.35,20.67,12.78,13.238888888888889,111.4,6.282795698924733,538.1193777777778,12.226788657999998,1.1177146666666666,105.15253729166666,121.52186507936507,0.971146875,1.067812380952381,0,2,Transition,0.0,0.0,0.0,0.0,0.0,1,1
11,P11_MO_G3,MO,M,O18,11,1,257.35,20.67,12.78,13.238888888888889,111.4,6.282795698924733,538.1193777777778,12.226788657999998,1.1177146666666666,105.15253729166666,121.52186507936507,0.971146875,1.067812380952381,0,2,Transition,0.0,0.0,0.0,0.0,0.0,1,1
11,P11_FUS_G1,FUS,M,O18,11,1,257.35,20.67,12.78,13.238888888888889,111.4,6.282795698924733,30.02467777777778,0.8598552399999999,0.7530378888888889,6.258854166666667,20.581431746031747,0.6389427083333333,0.6802242857142857,0,2,Transition,0.0,0.0,0.0,0.0,0.0,1,0
11,P11_FUS_G2,FUS,M,O18,11,1,257.35,20.67,12.78,13.238888888888889,111.4,6.282795698924733,30.02467777777778,0.8598552399999999,0.7530378888888889,6.258854166666667,20.581431746031747,0.6389427083333333,0.6802242857142857,0,2,Transition,0.0,0.0,0.0,0.0,0.0,1,0
11,P11_FUS_G3,FUS,M,O18,11,1,257.35,20.67,12.78,13.238888888888889,111.4,6.282795698924733,30.02467777777778,0.8598552399999999,0.7530378888888889,6.258854166666667,20.581431746031747,0.6389427083333333,0.6802242857142857,0,2,Transition,0.0,0.0,0.0,0.0,0.0,1,0
11,P11_MO_G1,MO,M,O19,12,2,268.5,16.82,9.45,13.573333333333332,52.8,8.499999999999998,756.7875222222222,18.398935829,1.100986,216.80204989583336,213.92545634920634,1.0080453125,1.086895,0,0,Rest,0.0,0.0,0.0,0.0,0.0,1,1
11,P11_MO_G2,MO,M,O19,12,2,268.5,16.82,9.45,13.573333333333332,52.8,8.499999999999998,756.7875222222222,18.398935829,1.100986,216.80204989583336,213.92545634920634,1.0080453125,1.086895,0,0,Rest,0.0,0.0,0.0,0.0,14.0,1,1
11,P11_MO_G3,MO,M,O19,12,2,268.5,16.82,9.45,13.573333333333332,52.8,8.499999999999998,756.7875222222222,18.398935829,1.100986,216.80204989583336,213.92545634920634,1.0080453125,1.086895,0,0,Rest,0.0,0.0,0.0,0.0,26.0,1,1
11,P11_FUS_G1,FUS,M,O19,12,2,268.5,16.82,9.45,13.573333333333332,52.8,8.499999999999998,51.55939444444445,1.4373516199999998,0.7899986944444444,29.544947916666665,17.908811111111113,0.7436183854166667,0.7313225000000001,0,0,Rest,0.0,0.0,0.0,0.0,14.0,1,0
11,P11_FUS_G2,FUS,M,O19,12,2,268.5,16.82,9.45,13.573333333333332,52.8,8.499999999999998,51.55939444444445,1.4373516199999998,0.7899986944444444,29.544947916666665,17.908811111111113,0.7436183854166667,0.7313225000000001,0,0,Rest,0.0,0.0,0.0,0.0,6.0,1,0
11,P11_FUS_G3,FUS,M,O19,12,2,268.5,16.82,9.45,13.573333333333332,52.8,8.499999999999998,51.55939444444445,1.4373516199999998,0.7899986944444444,29.544947916666665,17.908811111111113,0.7436183854166667,0.7313225000000001,0,0,Rest,0.0,0.0,0.0,0.0,9.0,1,0
11,P11_MO_G1,MO,M,O20,13,2,332.9,20.05,12.15,13.431182795698925,128.5,6.55247311827957,975.4556666666666,24.571082999999998,1.0842573333333334,328.4515625,306.3290476190476,1.04494375,1.105977619047619,0,0,Rest,0.0,0.0,0.0,0.0,6.0,1,1
11,P11_MO_G2,MO,M,O20,13,2,332.9,20.05,12.15,13.431182795698925,128.5,6.55247311827957,975.4556666666666,24.571082999999998,1.0842573333333334,328.4515625,306.3290476190476,1.04494375,1.105977619047619,0,0,Rest,0.0,0.0,0.0,0.0,0.0,1,1
11,P11_MO_G3,MO,M,O20,13,2,332.9,20.05,12.15,13.431182795698925,128.5,6.55247311827957,975.4556666666666,24.571082999999998,1.0842573333333334,328.4515625,306.3290476190476,1.04494375,1.105977619047619,0,0,Rest,0.0,0.0,0.0,0.0,6.0,1,1
11,P11_FUS_G1,FUS,M,O20,13,2,332.9,20.05,12.15,13.431182795698925,128.5,6.55247311827957,73.09411111111112,2.0148479999999998,0.8269595,52.831041666666664,15.236190476190476,0.8482940625,0.7824207142857144,0,0,Rest,0.0,0.0,0.0,0.0,0.0,1,0
11,P11_FUS_G2,FUS,M,O20,13,2,332.9,20.05,12.15,13.431182795698925,128.5,6.55247311827957,73.09411111111112,2.0148479999999998,0.8269595,52.831041666666664,15.236190476190476,0.8482940625,0.7824207142857144,0,0,Rest,0.0,0.0,0.0,0.0,0.0,1,0
11,P11_FUS_G3,FUS,M,O20,13,2,332.9,20.05,12.15,13.431182795698925,128.5,6.55247311827957,73.09411111111112,2.0148479999999998,0.8269595,52.831041666666664,15.236190476190476,0.8482940625,0.7824207142857144,0,0,Rest,0.0,0.0,0.0,0.0,0.0,1,0
11,P11_MO_G1,MO,M,O21,14,2,254.2,17.54,8.85,12.861827956989247,55.4,11.245161290322583,869.3336666666667,23.399452124999996,1.0151901666666667,337.36972767857145,309.48209199134203,0.9661597321428572,1.065224604978355,0,0,Rest,0.0,0.0,0.0,0.0,0.0,1,1
11,P11_MO_G2,MO,M,O21,14,2,254.2,17.54,8.85,12.861827956989247,55.4,11.245161290322583,869.3336666666667,23.399452124999996,1.0151901666666667,337.36972767857145,309.48209199134203,0.9661597321428572,1.065224604978355,0,0,Rest,0.0,0.0,0.0,0.0,0.0,1,1
11,P11_MO_G3,MO,M,O21,14,2,254.2,17.54,8.85,12.861827956989247,55.4,11.245161290322583,869.3336666666667,23.399452124999996,1.0151901666666667,337.36972767857145,309.48209199134203,0.9661597321428572,1.065224604978355,0,0,Rest,0.0,0.0,0.0,0.0,0.0,1,1
11,P11_FUS_G1,FUS,M,O21,14,2,254.2,17.54,8.85,12.861827956989247,55.4,11.245161290322583,98.39322222222222,2.7628546049999994,0.8015988333333333,40.36328511904762,42.95580546536797,0.8185490550595238,0.8055517207792209,0,0,Rest,0.0,0.0,0.0,0.0,0.0,1,0
11,P11_FUS_G2,FUS,M,O21,14,2,254.2,17.54,8.85,12.861827956989247,55.4,11.245161290322583,98.39322222222222,2.7628546049999994,0.8015988333333333,40.36328511904762,42.95580546536797,0.8185490550595238,0.8055517207792209,0,0,Rest,0.0,0.0,0.0,0.0,0.0,1,0
11,P11_FUS_G3,FUS,M,O21,14,2,254.2,17.54,8.85,12.861827956989247,55.4,11.245161290322583,98.39322222222222,2.7628546049999994,0.8015988333333333,40.36328511904762,42.95580546536797,0.8185490550595238,0.8055517207792209,0,0,Rest,0.0,0.0,0.0,0.0,0.0,1,0
11,P11_MO_G1,MO,M,O22,15,2,359.8,22.05,11.17,12.09611111111111,135.4,10.541935483870969,763.2116666666666,22.227821249999998,0.946123,346.2878928571429,312.6351363636364,0.8873757142857143,1.024471590909091,0,0,Rest,1.1,10.0,0.0,0.0,10.0,1,1
11,P11_MO_G2,MO,M,O22,15,2,359.8,22.05,11.17,12.09611111111111,135.4,10.541935483870969,763.2116666666666,22.227821249999998,0.946123,346.2878928571429,312.6351363636364,0.8873757142857143,1.024471590909091,0,0,Rest,0.5,5.0,0.0,0.0,5.0,1,1
11,P11_MO_G3,MO,M,O22,15,2,359.8,22.05,11.17,12.09611111111111,135.4,10.541935483870969,763.2116666666666,22.227821249999998,0.946123,346.2878928571429,312.6351363636364,0.8873757142857143,1.024471590909091,0,0,Rest,0.6,5.0,0.0,0.0,5.0,1,1
11,P11_FUS_G1,FUS,M,O22,15,2,359.8,22.05,11.17,12.09611111111111,135.4,10.541935483870969,123.69233333333334,3.5108612099999994,0.7762381666666667,27.89552857142857,70.67542045454546,0.7888040476190477,0.8286827272727273,0,0,Rest,4.3,0.0,0.0,0.0,4.0,1,0
11,P11_FUS_G2,FUS,M,O22,15,2,359.8,22.05,11.17,12.09611111111111,135.4,10.541935483870969,123.69233333333334,3.5108612099999994,0.7762381666666667,27.89552857142857,70.67542045454546,0.7888040476190477,0.8286827272727273,0,0,Rest,0.1,0.0,0.0,0.0,2.0,1,0
11,P11_FUS_G3,FUS,M,O22,15,2,359.8,22.05,11.17,12.09611111111111,135.4,10.541935483870969,123.69233333333334,3.5108612099999994,0.7762381666666667,27.89552857142857,70.67542045454546,0.7888040476190477,0.8286827272727273,0,0,Rest,0.0,0.0,0.0,0.0,1.0,1,0
11,P11_MO_G1,MO,M,O24,16,2,456.0,23.82,13.0,11.275268817204301,168.5,11.658064516129032,653.3528333333334,18.470978024999997,0.9771891666666667,256.1499776785714,244.4850056818182,0.9689269196428572,1.0528023579545454,1,2,Transition,11.8,17.0,15.0,0.0,2.0,1,1
11,P11_MO_G2,MO,M,O24,16,2,456.0,23.82,13.0,11.275268817204301,168.5,11.658064516129032,653.3528333333334,18.470978024999997,0.9771891666666667,256.1499776785714,244.4850056818182,0.9689269196428572,1.0528023579545454,1,2,Transition,7.1,8.0,7.0,0.0,1.0,1,1
11,P11_MO_G3,MO,M,O24,16,2,456.0,23.82,13.0,11.275268817204301,168.5,11.658064516129032,653.3528333333334,18.470978024999997,0.9771891666666667,256.1499776785714,244.4850056818182,0.9689269196428572,1.0528023579545454,1,2,Transition,4.2,12.0,12.0,0.0,0.0,1,1
11,P11_FUS_G1,FUS,M,O24,16,2,456.0,23.82,13.0,11.275268817204301,168.5,11.658064516129032,113.35729166666667,3.2460577499999994,0.6530068333333333,24.833476785714282,63.56088731060606,0.5984275446428572,0.7441341761363636,1,2,Transition,42.7,0.0,0.0,0.0,0.0,1,0
11,P11_FUS_G2,FUS,M,O24,16,2,456.0,23.82,13.0,11.275268817204301,168.5,11.658064516129032,113.35729166666667,3.2460577499999994,0.6530068333333333,24.833476785714282,63.56088731060606,0.5984275446428572,0.7441341761363636,1,2,Transition,16.5,0.0,0.0,0.0,0.0,1,0
11,P11_FUS_G3,FUS,M,O24,16,2,456.0,23.82,13.0,11.275268817204301,168.5,11.658064516129032,113.35729166666667,3.2460577499999994,0.6530068333333333,24.833476785714282,63.56088731060606,0.5984275446428572,0.7441341761363636,1,2,Transition,13.1,0.0,0.0,0.0,0.0,1,0
11,P11_MO_G1,MO,M,O26,17,2,388.05,22.97,12.9,10.541111111111112,95.9,9.483333333333333,543.494,14.714134799999998,1.0082553333333333,166.01206249999998,176.334875,1.050478125,1.081133125,1,1,Growth,5.8,2.0,0.0,63.73,4.0,1,1
11,P11_MO_G2,MO,M,O26,17,2,388.05,22.97,12.9,10.541111111111112,95.9,9.483333333333333,543.494,14.714134799999998,1.0082553333333333,166.01206249999998,176.334875,1.050478125,1.081133125,1,1,Growth,4.3,0.0,0.0,53.32,0.0,1,1
11,P11_MO_G3,MO,M,O26,17,2,388.05,22.97,12.9,10.541111111111112,95.9,9.483333333333333,543.494,14.714134799999998,1.0082553333333333,166.01206249999998,176.334875,1.050478125,1.081133125,1,1,Growth,9.0,3.0,3.0,362.85,0.0,1,1
11,P11_FUS_G1,FUS,M,O26,17,2,388.05,22.97,12.9,10.541111111111112,95.9,9.483333333333333,103.02225,2.98125429,0.5297755,21.771424999999997,56.44635416666667,0.40805104166666667,0.659585625,1,1,Growth,21.3,0.0,0.0,376.47,0.0,1,0
11,P11_FUS_G2,FUS,M,O26,17,2,388.05,22.97,12.9,10.541111111111112,95.9,9.483333333333333,103.02225,2.98125429,0.5297755,21.771424999999997,56.44635416666667,0.40805104166666667,0.659585625,1,1,Growth,34.2,0.0,0.0,16.3,1.0,1,0
11,P11_FUS_G3,FUS,M,O26,17,2,388.05,22.97,12.9,10.541111111111112,95.9,9.483333333333333,103.02225,2.98125429,0.5297755,21.771424999999997,56.44635416666667,0.40805104166666667,0.659585625,1,1,Growth,28.8,0.0,0.0,817.07,0.0,1,0
11,P11_MO_G1,MO,M,O27,18,2,322.5,27.26,16.68,10.145698924731182,23.3,10.490322580645163,588.9449166666667,20.34104046,0.9725731666666666,234.0997395833333,440.4505625,0.9222220833333333,1.0517682291666666,0,2,Transition,0.4,0.0,0.0,0.94,0.0,1,1
11,P11_MO_G2,MO,M,O27,18,2,322.5,27.26,16.68,10.145698924731182,23.3,10.490322580645163,588.9449166666667,20.34104046,0.9725731666666666,234.0997395833333,440.4505625,0.9222220833333333,1.0517682291666666,0,2,Transition,1.1,0.0,0.0,0.18,0.0,1,1
11,P11_MO_G3,MO,M,O27,18,2,322.5,27.26,16.68,10.145698924731182,23.3,10.490322580645163,588.9449166666667,20.34104046,0.9725731666666666,234.0997395833333,440.4505625,0.9222220833333333,1.0517682291666666,0,2,Transition,0.5,0.0,0.0,8.95,0.0,1,1
11,P11_FUS_G1,FUS,M,O27,18,2,322.5,27.26,16.68,10.145698924731182,23.3,10.490322580645163,89.20676388888889,3.0331109649999997,0.5531994166666666,26.88743125,71.78180902777778,0.5250030208333333,0.6832235069444443,0,2,Transition,0.0,0.0,0.0,3.13,0.0,1,0
11,P11_FUS_G2,FUS,M,O27,18,2,322.5,27.26,16.68,10.145698924731182,23.3,10.490322580645163,89.20676388888889,3.0331109649999997,0.5531994166666666,26.88743125,71.78180902777778,0.5250030208333333,0.6832235069444443,0,2,Transition,0.0,0.0,0.0,693.82,0.0,1,0
11,P11_FUS_G3,FUS,M,O27,18,2,322.5,27.26,16.68,10.145698924731182,23.3,10.490322580645163,89.20676388888889,3.0331109649999997,0.5531994166666666,26.88743125,71.78180902777778,0.5250030208333333,0.6832235069444443,0,2,Transition,0.0,0.0,0.0,0.0,0.0,1,0
11,P11_MO_G1,MO,M,O29,19,2,779.8,28.02,17.42,10.325806451612904,187.5,9.98709677419355,634.3958333333334,25.96794612,0.9368909999999999,302.18741666666665,704.56625,0.7939660416666667,1.0224033333333333,0,0,Rest,0.0,0.0,0.0,0.0,0.0,1,1
11,P11_MO_G2,MO,M,O29,19,2,779.8,28.02,17.42,10.325806451612904,187.5,9.98709677419355,634.3958333333334,25.96794612,0.9368909999999999,302.18741666666665,704.56625,0.7939660416666667,1.0224033333333333,0,0,Rest,0.0,0.0,0.0,0.0,0.0,1,1
11,P11_MO_G3,MO,M,O29,19,2,779.8,28.02,17.42,10.325806451612904,187.5,9.98709677419355,634.3958333333334,25.96794612,0.9368909999999999,302.18741666666665,704.56625,0.7939660416666667,1.0224033333333333,0,0,Rest,0.0,0.0,0.0,0.0,0.0,1,1
11,P11_FUS_G1,FUS,M,O29,19,2,779.8,28.02,17.42,10.325806451612904,187.5,9.98709677419355,75.39127777777777,3.08496764,0.5766233333333333,32.0034375,87.11726388888889,0.6419549999999999,0.7068613888888888,0,0,Rest,0.0,0.0,0.0,0.0,0.0,1,0
11,P11_FUS_G2,FUS,M,O29,19,2,779.8,28.02,17.42,10.325806451612904,187.5,9.98709677419355,75.39127777777777,3.08496764,0.5766233333333333,32.0034375,87.11726388888889,0.6419549999999999,0.7068613888888888,0,0,Rest,0.0,0.0,0.0,0.0,0.0,1,0
11,P11_FUS_G3,FUS,M,O29,19,2,779.8,28.02,17.42,10.325806451612904,187.5,9.98709677419355,75.39127777777777,3.08496764,0.5766233333333333,32.0034375,87.11726388888889,0.6419549999999999,0.7068613888888888,0,0,Rest,0.0,0.0,0.0,0.0,0.0,1,0
11,P11_MO_G1,MO,M,O31,20,2,643.7,28.42,17.34,10.939880952380951,13.0,11.763178571428575,519.1779166666666,20.25661176,0.864286,244.32847023809524,538.8165113636363,0.7380058779761904,0.8837241666666666,1,2,Transition,0.0,0.0,0.0,0.0,0.0,1,1
11,P11_MO_G2,MO,M,O31,20,2,643.7,28.42,17.34,10.939880952380951,13.0,11.763178571428575,519.1779166666666,20.25661176,0.864286,244.32847023809524,538.8165113636363,0.7380058779761904,0.8837241666666666,1,2,Transition,0.0,0.0,0.0,0.0,0.0,1,1
11,P11_MO_G3,MO,M,O31,20,2,643.7,28.42,17.34,10.939880952380951,13.0,11.763178571428575,519.1779166666666,20.25661176,0.864286,244.32847023809524,538.8165113636363,0.7380058779761904,0.8837241666666666,1,2,Transition,0.0,0.0,0.0,0.0,0.0,1,1
11,P11_FUS_G1,FUS,M,O31,20,2,643.7,28.42,17.34,10.939880952380951,13.0,11.763178571428575,63.33105555555555,2.2653747895,0.616657,21.791160773809523,57.8394273989899,0.625140238095238,0.7060227398989898,1,2,Transition,0.0,0.0,0.0,0.0,0.0,1,0
11,P11_FUS_G2,FUS,M,O31,20,2,643.7,28.42,17.34,10.939880952380951,13.0,11.763178571428575,63.33105555555555,2.2653747895,0.616657,21.791160773809523,57.8394273989899,0.625140238095238,0.7060227398989898,1,2,Transition,3.4,4.0,4.0,0.0,0.0,1,0
11,P11_FUS_G3,FUS,M,O31,20,2,643.7,28.42,17.34,10.939880952380951,13.0,11.763178571428575,63.33105555555555,2.2653747895,0.616657,21.791160773809523,57.8394273989899,0.625140238095238,0.7060227398989898,1,2,Transition,6.7,7.0,7.0,22.24,0.0,1,0
11,P11_MO_G1,MO,M,O33,21,2,509.1,27.9,17.21,11.73225806451613,127.69999999999999,11.061290322580646,403.96,14.5452774,0.7916810000000001,186.46952380952382,373.0667727272727,0.6820457142857143,0.745045,1,1,Growth,0.0,0.0,0.0,0.0,0.0,1,1
11,P11_MO_G2,MO,M,O33,21,2,509.1,27.9,17.21,11.73225806451613,127.69999999999999,11.061290322580646,403.96,14.5452774,0.7916810000000001,186.46952380952382,373.0667727272727,0.6820457142857143,0.745045,1,1,Growth,7.3,26.0,9.0,53.47,17.0,1,1
11,P11_MO_G3,MO,M,O33,21,2,509.1,27.9,17.21,11.73225806451613,127.69999999999999,11.061290322580646,403.96,14.5452774,0.7916810000000001,186.46952380952382,373.0667727272727,0.6820457142857143,0.745045,1,1,Growth,0.0,0.0,0.0,0.0,0.0,1,1
11,P11_FUS_G1,FUS,M,O33,21,2,509.1,27.9,17.21,11.73225806451613,127.69999999999999,11.061290322580646,51.270833333333336,1.4457819389999997,0.6566906666666666,11.578884047619047,28.56159090909091,0.6083254761904762,0.7051840909090908,1,1,Growth,0.0,30.0,0.0,0.0,30.0,1,0
11,P11_FUS_G2,FUS,M,O33,21,2,509.1,27.9,17.21,11.73225806451613,127.69999999999999,11.061290322580646,51.270833333333336,1.4457819389999997,0.6566906666666666,11.578884047619047,28.56159090909091,0.6083254761904762,0.7051840909090908,1,1,Growth,14.2,105.0,19.0,214.23,86.0,1,0
11,P11_FUS_G3,FUS,M,O33,21,2,509.1,27.9,17.21,11.73225806451613,127.69999999999999,11.061290322580646,51.270833333333336,1.4457819389999997,0.6566906666666666,11.578884047619047,28.56159090909091,0.6083254761904762,0.7051840909090908,1,1,Growth,9.1,7.0,5.0,318.26,2.0,1,0
11,P11_MO_G1,MO,M,O35,22,2,501.15,25.0,16.32,12.550555555555555,194.0,7.8100000000000005,294.23741666666666,9.794062845,0.8190529166666667,115.70453221726191,237.7302792207792,0.7740194196428571,0.7850082142857142,1,1,Growth,0.0,0.0,0.0,0.0,0.0,1,1
11,P11_MO_G2,MO,M,O35,22,2,501.15,25.0,16.32,12.550555555555555,194.0,7.8100000000000005,294.23741666666666,9.794062845,0.8190529166666667,115.70453221726191,237.7302792207792,0.7740194196428571,0.7850082142857142,1,1,Growth,5.5,16.0,10.0,67.6,6.0,1,1
11,P11_MO_G3,MO,M,O35,22,2,501.15,25.0,16.32,12.550555555555555,194.0,7.8100000000000005,294.23741666666666,9.794062845,0.8190529166666667,115.70453221726191,237.7302792207792,0.7740194196428571,0.7850082142857142,1,1,Growth,0.0,0.0,0.0,0.0,0.0,1,1
11,P11_FUS_G1,FUS,M,O35,22,2,501.15,25.0,16.32,12.550555555555555,194.0,7.8100000000000005,56.19375,1.4463646094999998,0.7005171666666667,13.583049836309524,22.106589502164503,0.617539144345238,0.7611390692640693,1,1,Growth,0.0,0.0,0.0,0.0,0.0,1,0
11,P11_FUS_G2,FUS,M,O35,22,2,501.15,25.0,16.32,12.550555555555555,194.0,7.8100000000000005,56.19375,1.4463646094999998,0.7005171666666667,13.583049836309524,22.106589502164503,0.617539144345238,0.7611390692640693,1,1,Growth,0.0,2.0,1.0,0.0,1.0,1,0
11,P11_FUS_G3,FUS,M,O35,22,2,501.15,25.0,16.32,12.550555555555555,194.0,7.8100000000000005,56.19375,1.4463646094999998,0.7005171666666667,13.583049836309524,22.106589502164503,0.617539144345238,0.7611390692640693,1,1,Growth,0.5,0.0,0.0,30.96,0.0,1,0
11,P11_MO_G1,MO,M,O37,23,2,338.95,20.16,11.71,13.236979166666666,217.70000000000002,8.432258064516128,184.5148333333333,5.042848289999999,0.8464248333333334,44.939540625,102.39378571428571,0.865993125,0.8249714285714286,0,2,Transition,0.0,0.0,0.0,0.0,0.0,1,1
11,P11_MO_G2,MO,M,O37,23,2,338.95,20.16,11.71,13.236979166666666,217.70000000000002,8.432258064516128,184.5148333333333,5.042848289999999,0.8464248333333334,44.939540625,102.39378571428571,0.865993125,0.8249714285714286,0,2,Transition,0.8,3.0,3.0,29.87,0.0,1,1
11,P11_MO_G3,MO,M,O37,23,2,338.95,20.16,11.71,13.236979166666666,217.70000000000002,8.432258064516128,184.5148333333333,5.042848289999999,0.8464248333333334,44.939540625,102.39378571428571,0.865993125,0.8249714285714286,0,2,Transition,0.0,0.0,0.0,0.0,0.0,1,1
11,P11_FUS_G1,FUS,M,O37,23,2,338.95,20.16,11.71,13.236979166666666,217.70000000000002,8.432258064516128,61.11666666666667,1.4469472799999998,0.7443436666666667,15.587215624999999,15.651588095238097,0.6267528125,0.8170940476190477,0,2,Transition,0.0,0.0,0.0,0.0,0.0,1,0
11,P11_FUS_G2,FUS,M,O37,23,2,338.95,20.16,11.71,13.236979166666666,217.70000000000002,8.432258064516128,61.11666666666667,1.4469472799999998,0.7443436666666667,15.587215624999999,15.651588095238097,0.6267528125,0.8170940476190477,0,2,Transition,0.0,0.0,0.0,0.0,0.0,1,0
11,P11_FUS_G3,FUS,M,O37,23,2,338.95,20.16,11.71,13.236979166666666,217.70000000000002,8.432258064516128,61.11666666666667,1.4469472799999998,0.7443436666666667,15.587215624999999,15.651588095238097,0.6267528125,0.8170940476190477,0,2,Transition,0.0,0.0,0.0,0.0,0.0,1,0
11,P11_MO_G1,MO,M,O38,24,2,194.65,23.29,14.52,13.575,,,184.5148333333333,5.042848289999999,0.8464248333333334,44.939540625,102.39378571428571,0.865993125,0.8249714285714286,0,0,Rest,0.0,0.0,0.0,0.0,0.0,1,1
11,P11_MO_G2,MO,M,O38,24,2,194.65,23.29,14.52,13.575,,,184.5148333333333,5.042848289999999,0.8464248333333334,44.939540625,102.39378571428571,0.865993125,0.8249714285714286,0,0,Rest,0.0,0.0,0.0,0.0,0.0,1,1
11,P11_MO_G3,MO,M,O38,24,2,194.65,23.29,14.52,13.575,,,184.5148333333333,5.042848289999999,0.8464248333333334,44.939540625,102.39378571428571,0.865993125,0.8249714285714286,0,0,Rest,0.0,0.0,0.0,0.0,0.0,1,1
11,P11_FUS_G1,FUS,M,O38,24,2,194.65,23.29,14.52,13.575,,,61.11666666666667,1.4469472799999998,0.7443436666666667,15.587215624999999,15.651588095238097,0.6267528125,0.8170940476190477,0,0,Rest,0.0,0.0,0.0,0.0,0.0,1,0
11,P11_FUS_G2,FUS,M,O38,24,2,194.65,23.29,14.52,13.575,,,61.11666666666667,1.4469472799999998,0.7443436666666667,15.587215624999999,15.651588095238097,0.6267528125,0.8170940476190477,0,0,Rest,0.0,0.0,0.0,0.0,0.0,1,0
11,P11_FUS_G3,FUS,M,O38,24,2,194.65,23.29,14.52,13.575,,,61.11666666666667,1.4469472799999998,0.7443436666666667,15.587215624999999,15.651588095238097,0.6267528125,0.8170940476190477,0,0,Rest,0.0,0.0,0.0,0.0,0.0,1,0
12,P12_MO_G1,MO,M,O1,0,1,254.5,19.57,12.57,13.576666666666666,124.8,7.6,1474.3933333333332,39.508891999999996,1.1070321666666667,402.03898550724637,562.2480303030303,1.0804234782608695,1.1195831818181818,0,0,Rest,0.0,0.0,0.0,0.0,0.0,1,1
12,P12_MO_G2,MO,M,O1,0,1,254.5,19.57,12.57,13.576666666666666,124.8,7.6,1474.3933333333332,39.508891999999996,1.1070321666666667,402.03898550724637,562.2480303030303,1.0804234782608695,1.1195831818181818,0,0,Rest,0.0,0.0,0.0,0.0,0.0,1,1
12,P12_MO_G3,MO,M,O1,0,1,254.5,19.57,12.57,13.576666666666666,124.8,7.6,1474.3933333333332,39.508891999999996,1.1070321666666667,402.03898550724637,562.2480303030303,1.0804234782608695,1.1195831818181818,0,0,Rest,0.0,0.0,0.0,0.0,0.0,1,1
12,P12_FUS_G1,FUS,F,O1,0,1,254.5,19.57,12.57,13.576666666666666,124.8,7.6,168.69500000000002,5.280435,0.6713425555555556,47.088913043478264,120.765,0.7038765217391305,0.7234356060606061,0,0,Rest,0.0,16.0,9.0,0.0,7.0,0,0
12,P12_FUS_G2,FUS,F,O1,0,1,254.5,19.57,12.57,13.576666666666666,124.8,7.6,168.69500000000002,5.280435,0.6713425555555556,47.088913043478264,120.765,0.7038765217391305,0.7234356060606061,0,0,Rest,0.0,0.0,0.0,0.0,0.0,0,0
12,P12_FUS_G3,FUS,F,O1,0,1,254.5,19.57,12.57,13.576666666666666,124.8,7.6,168.69500000000002,5.280435,0.6713425555555556,47.088913043478264,120.765,0.7038765217391305,0.7234356060606061,0,0,Rest,0.0,0.0,0.0,0.0,0.0,0,0
12,P12_MO_G1,MO,M,O2,1,1,282.1,18.87,9.94,13.418279569892475,92.9,9.058064516129035,1474.3933333333332,39.508891999999996,1.1070321666666667,402.03898550724637,562.2480303030303,1.0804234782608695,1.1195831818181818,0,0,Rest,0.0,0.0,0.0,0.0,0.0,1,1
12,P12_MO_G2,MO,M,O2,1,1,282.1,18.87,9.94,13.418279569892475,92.9,9.058064516129035,1474.3933333333332,39.508891999999996,1.1070321666666667,402.03898550724637,562.2480303030303,1.0804234782608695,1.1195831818181818,0,0,Rest,0.0,0.0,0.0,0.0,0.0,1,1
12,P12_MO_G3,MO,M,O2,1,1,282.1,18.87,9.94,13.418279569892475,92.9,9.058064516129035,1474.3933333333332,39.508891999999996,1.1070321666666667,402.03898550724637,562.2480303030303,1.0804234782608695,1.1195831818181818,0,0,Rest,0.0,0.0,0.0,0.0,0.0,1,1
12,P12_FUS_G1,FUS,F,O2,1,1,282.1,18.87,9.94,13.418279569892475,92.9,9.058064516129035,168.69500000000002,5.280435,0.6713425555555556,47.088913043478264,120.765,0.7038765217391305,0.7234356060606061,0,0,Rest,0.0,0.0,0.0,0.0,1.0,0,0
12,P12_FUS_G2,FUS,F,O2,1,1,282.1,18.87,9.94,13.418279569892475,92.9,9.058064516129035,168.69500000000002,5.280435,0.6713425555555556,47.088913043478264,120.765,0.7038765217391305,0.7234356060606061,0,0,Rest,1.4,12.0,8.0,11.88,4.0,0,0
12,P12_FUS_G3,FUS,F,O2,1,1,282.1,18.87,9.94,13.418279569892475,92.9,9.058064516129035,168.69500000000002,5.280435,0.6713425555555556,47.088913043478264,120.765,0.7038765217391305,0.7234356060606061,0,0,Rest,1.3,11.0,8.0,5.27,3.0,0,0
12,P12_MO_G1,MO,M,O3,2,1,326.2,21.57,10.18,12.839247311827956,73.7,11.245161290322581,1474.3933333333332,39.508891999999996,1.1070321666666667,402.03898550724637,562.2480303030303,1.0804234782608695,1.1195831818181818,0,0,Rest,0.0,0.0,0.0,0.0,0.0,1,1
12,P12_MO_G2,MO,M,O3,2,1,326.2,21.57,10.18,12.839247311827956,73.7,11.245161290322581,1474.3933333333332,39.508891999999996,1.1070321666666667,402.03898550724637,562.2480303030303,1.0804234782608695,1.1195831818181818,0,0,Rest,0.0,0.0,0.0,0.0,0.0,1,1
12,P12_MO_G3,MO,M,O3,2,1,326.2,21.57,10.18,12.839247311827956,73.7,11.245161290322581,1474.3933333333332,39.508891999999996,1.1070321666666667,402.03898550724637,562.2480303030303,1.0804234782608695,1.1195831818181818,0,0,Rest,0.0,0.0,0.0,0.0,0.0,1,1
12,P12_FUS_G1,FUS,F,O3,2,1,326.2,21.57,10.18,12.839247311827956,73.7,11.245161290322581,168.69500000000002,5.280435,0.6713425555555556,47.088913043478264,120.765,0.7038765217391305,0.7234356060606061,0,0,Rest,0.1,1.0,1.0,0.01,0.0,0,0
12,P12_FUS_G2,FUS,F,O3,2,1,326.2,21.57,10.18,12.839247311827956,73.7,11.245161290322581,168.69500000000002,5.280435,0.6713425555555556,47.088913043478264,120.765,0.7038765217391305,0.7234356060606061,0,0,Rest,0.7,1.0,0.0,12.96,1.0,0,0
12,P12_FUS_G3,FUS,F,O3,2,1,326.2,21.57,10.18,12.839247311827956,73.7,11.245161290322581,168.69500000000002,5.280435,0.6713425555555556,47.088913043478264,120.765,0.7038765217391305,0.7234356060606061,0,0,Rest,0.9,2.0,2.0,20.71,0.0,0,0
12,P12_MO_G1,MO,M,O5,3,1,281.7,20.17,8.61,12.069444444444445,31.5,11.493333333333336,1474.3933333333332,39.508891999999996,1.1070321666666667,402.03898550724637,562.2480303030303,1.0804234782608695,1.1195831818181818,0,0,Rest,0.0,0.0,0.0,0.0,0.0,1,1
12,P12_MO_G2,MO,M,O5,3,1,281.7,20.17,8.61,12.069444444444445,31.5,11.493333333333336,1474.3933333333332,39.508891999999996,1.1070321666666667,402.03898550724637,562.2480303030303,1.0804234782608695,1.1195831818181818,0,0,Rest,0.0,0.0,0.0,0.0,0.0,1,1
12,P12_MO_G3,MO,M,O5,3,1,281.7,20.17,8.61,12.069444444444445,31.5,11.493333333333336,1474.3933333333332,39.508891999999996,1.1070321666666667,402.03898550724637,562.2480303030303,1.0804234782608695,1.1195831818181818,0,0,Rest,0.0,0.0,0.0,0.0,0.0,1,1
12,P12_FUS_G1,FUS,F,O5,3,1,281.7,20.17,8.61,12.069444444444445,31.5,11.493333333333336,168.69500000000002,5.280435,0.6713425555555556,47.088913043478264,120.765,0.7038765217391305,0.7234356060606061,0,0,Rest,17.5,21.0,6.0,454.51,15.0,0,0
12,P12_FUS_G2,FUS,F,O5,3,1,281.7,20.17,8.61,12.069444444444445,31.5,11.493333333333336,168.69500000000002,5.280435,0.6713425555555556,47.088913043478264,120.765,0.7038765217391305,0.7234356060606061,0,0,Rest,4.6,8.0,8.0,215.23,0.0,0,0
12,P12_FUS_G3,FUS,F,O5,3,1,281.7,20.17,8.61,12.069444444444445,31.5,11.493333333333336,168.69500000000002,5.280435,0.6713425555555556,47.088913043478264,120.765,0.7038765217391305,0.7234356060606061,0,0,Rest,6.2,9.0,6.0,292.36,3.0,0,0
12,P12_MO_G1,MO,M,O7,4,1,460.1,24.84,14.85,11.248924731182797,173.1,10.503225806451614,1653.4391666666666,47.820049149999996,1.1107365277777776,647.6092844202899,636.3643276515152,1.0865897946859904,1.1215947159090909,1,2,Transition,14.2,20.0,10.0,281.91,10.0,1,1
12,P12_MO_G2,MO,M,O7,4,1,460.1,24.84,14.85,11.248924731182797,173.1,10.503225806451614,1653.4391666666666,47.820049149999996,1.1107365277777776,647.6092844202899,636.3643276515152,1.0865897946859904,1.1215947159090909,1,2,Transition,12.6,20.0,11.0,268.54,9.0,1,1
12,P12_MO_G3,MO,M,O7,4,1,460.1,24.84,14.85,11.248924731182797,173.1,10.503225806451614,1653.4391666666666,47.820049149999996,1.1107365277777776,647.6092844202899,636.3643276515152,1.0865897946859904,1.1215947159090909,1,2,Transition,11.9,21.0,12.0,250.12,9.0,1,1
12,P12_FUS_G1,FUS,F,O7,4,1,460.1,24.84,14.85,11.248924731182797,173.1,10.503225806451614,125.61441666666667,3.834195,0.6907866944444445,40.06020652173913,74.78767708333334,0.5979687817028986,0.6854532196969697,1,2,Transition,29.1,18.0,14.0,428.89,4.0,0,0
12,P12_FUS_G2,FUS,F,O7,4,1,460.1,24.84,14.85,11.248924731182797,173.1,10.503225806451614,125.61441666666667,3.834195,0.6907866944444445,40.06020652173913,74.78767708333334,0.5979687817028986,0.6854532196969697,1,2,Transition,17.0,9.0,9.0,292.56,0.0,0,0
12,P12_FUS_G3,FUS,F,O7,4,1,460.1,24.84,14.85,11.248924731182797,173.1,10.503225806451614,125.61441666666667,3.834195,0.6907866944444445,40.06020652173913,74.78767708333334,0.5979687817028986,0.6854532196969697,1,2,Transition,16.9,11.0,11.0,381.89,0.0,0,0
12,P12_MO_G1,MO,M,O9,5,1,444.8,24.43,15.22,10.520555555555555,188.2,8.726666666666668,1832.4850000000001,56.131206299999995,1.1144408888888888,893.1795833333334,710.480625,1.092756111111111,1.12360625,1,1,Growth,11.3,12.0,10.0,452.29,2.0,1,1
12,P12_MO_G2,MO,M,O9,5,1,444.8,24.43,15.22,10.520555555555555,188.2,8.726666666666668,1832.4850000000001,56.131206299999995,1.1144408888888888,893.1795833333334,710.480625,1.092756111111111,1.12360625,1,1,Growth,9.8,11.0,10.0,358.97,1.0,1,1
12,P12_MO_G3,MO,M,O9,5,1,444.8,24.43,15.22,10.520555555555555,188.2,8.726666666666668,1832.4850000000001,56.131206299999995,1.1144408888888888,893.1795833333334,710.480625,1.092756111111111,1.12360625,1,1,Growth,8.7,9.0,9.0,332.88,0.0,1,1
12,P12_FUS_G1,FUS,F,O9,5,1,444.8,24.43,15.22,10.520555555555555,188.2,8.726666666666668,82.53383333333333,2.387955,0.7102308333333334,33.0315,28.810354166666666,0.49206104166666664,0.6474708333333333,1,1,Growth,24.0,8.0,8.0,1133.11,0.0,0,0
12,P12_FUS_G2,FUS,F,O9,5,1,444.8,24.43,15.22,10.520555555555555,188.2,8.726666666666668,82.53383333333333,2.387955,0.7102308333333334,33.0315,28.810354166666666,0.49206104166666664,0.6474708333333333,1,1,Growth,10.6,4.0,3.0,1033.71,1.0,0,0
12,P12_FUS_G3,FUS,F,O9,5,1,444.8,24.43,15.22,10.520555555555555,188.2,8.726666666666668,82.53383333333333,2.387955,0.7102308333333334,33.0315,28.810354166666666,0.49206104166666664,0.6474708333333333,1,1,Growth,10.3,3.0,2.0,810.38,1.0,0,0
12,P12_MO_G1,MO,M,O10,6,1,398.8,27.7,16.98,10.141935483870967,288.8,11.29032258064516,1705.0033333333336,53.21982704999999,1.0832638694444445,781.453125,779.0920833333333,1.0856867534722223,1.1087103333333332,1,1,Growth,1.0,1.0,1.0,67.65,0.0,1,1
12,P12_MO_G2,MO,M,O10,6,1,398.8,27.7,16.98,10.141935483870967,288.8,11.29032258064516,1705.0033333333336,53.21982704999999,1.0832638694444445,781.453125,779.0920833333333,1.0856867534722223,1.1087103333333332,1,1,Growth,0.3,1.0,1.0,38.54,0.0,1,1
12,P12_MO_G3,MO,M,O10,6,1,398.8,27.7,16.98,10.141935483870967,288.8,11.29032258064516,1705.0033333333336,53.21982704999999,1.0832638694444445,781.453125,779.0920833333333,1.0856867534722223,1.1087103333333332,1,1,Growth,0.2,1.0,1.0,43.0,0.0,1,1
12,P12_FUS_G1,FUS,F,O10,6,1,398.8,27.7,16.98,10.141935483870967,288.8,11.29032258064516,77.3835,2.9195848799999995,0.67345475,29.1351875,76.275625,0.5281754166666666,0.6392845833333334,1,1,Growth,3.5,1.0,0.0,105.25,1.0,0,0
12,P12_FUS_G2,FUS,F,O10,6,1,398.8,27.7,16.98,10.141935483870967,288.8,11.29032258064516,77.3835,2.9195848799999995,0.67345475,29.1351875,76.275625,0.5281754166666666,0.6392845833333334,1,1,Growth,6.0,7.0,0.0,31.75,7.0,0,0
12,P12_FUS_G3,FUS,F,O10,6,1,398.8,27.7,16.98,10.141935483870967,288.8,11.29032258064516,77.3835,2.9195848799999995,0.67345475,29.1351875,76.275625,0.5281754166666666,0.6392845833333334,1,1,Growth,12.3,10.0,0.0,0.0,13.0,0,0
12,P12_MO_G1,MO,M,O12,7,1,625.4,28.29,17.45,10.341397849462364,127.9,10.077419354838707,1577.5216666666668,50.308447799999996,1.05208685,669.7266666666667,847.7035416666666,1.0786173958333334,1.0938144166666668,1,1,Growth,23.6,22.0,11.0,183.05,11.0,1,1
12,P12_MO_G2,MO,M,O12,7,1,625.4,28.29,17.45,10.341397849462364,127.9,10.077419354838707,1577.5216666666668,50.308447799999996,1.05208685,669.7266666666667,847.7035416666666,1.0786173958333334,1.0938144166666668,1,1,Growth,0.2,0.0,0.0,0.0,0.0,1,1
12,P12_MO_G3,MO,M,O12,7,1,625.4,28.29,17.45,10.341397849462364,127.9,10.077419354838707,1577.5216666666668,50.308447799999996,1.05208685,669.7266666666667,847.7035416666666,1.0786173958333334,1.0938144166666668,1,1,Growth,0.2,0.0,0.0,3.25,0.0,1,1
12,P12_FUS_G1,FUS,F,O12,7,1,625.4,28.29,17.45,10.341397849462364,127.9,10.077419354838707,72.23316666666666,3.4512147599999996,0.6366786666666666,25.238874999999997,123.74089583333334,0.5642897916666666,0.6310983333333333,1,1,Growth,7.0,13.0,1.0,1.65,12.0,0,0
12,P12_FUS_G2,FUS,F,O12,7,1,625.4,28.29,17.45,10.341397849462364,127.9,10.077419354838707,72.23316666666666,3.4512147599999996,0.6366786666666666,25.238874999999997,123.74089583333334,0.5642897916666666,0.6310983333333333,1,1,Growth,25.1,18.0,9.0,303.96,9.0,0,0
12,P12_FUS_G3,FUS,F,O12,7,1,625.4,28.29,17.45,10.341397849462364,127.9,10.077419354838707,72.23316666666666,3.4512147599999996,0.6366786666666666,25.238874999999997,123.74089583333334,0.5642897916666666,0.6310983333333333,1,1,Growth,42.0,20.0,17.0,1036.36,3.0,0,0
12,P12_MO_G1,MO,M,O13,8,1,384.6,28.3,18.44,10.964880952380952,82.2,10.859605911330046,1319.2091666666668,38.4755949,1.0561539249999998,486.70427083333334,549.7655803571429,1.0952947395833332,1.0710186369047618,1,1,Growth,14.9,9.0,9.0,266.35,0.0,1,1
12,P12_MO_G2,MO,M,O13,8,1,384.6,28.3,18.44,10.964880952380952,82.2,10.859605911330046,1319.2091666666668,38.4755949,1.0561539249999998,486.70427083333334,549.7655803571429,1.0952947395833332,1.0710186369047618,1,1,Growth,10.1,14.0,4.0,19.56,10.0,1,1
12,P12_MO_G3,MO,M,O13,8,1,384.6,28.3,18.44,10.964880952380952,82.2,10.859605911330046,1319.2091666666668,38.4755949,1.0561539249999998,486.70427083333334,549.7655803571429,1.0952947395833332,1.0710186369047618,1,1,Growth,19.4,17.0,9.0,99.05,8.0,1,1
12,P12_FUS_G1,FUS,F,O13,8,1,384.6,28.3,18.44,10.964880952380952,82.2,10.859605911330046,74.65858333333333,2.7920893799999997,0.6385324583333333,25.111104166666664,77.17282886904762,0.5553263541666666,0.6394401190476191,1,1,Growth,0.0,0.0,0.0,0.0,0.0,0,0
12,P12_FUS_G2,FUS,F,O13,8,1,384.6,28.3,18.44,10.964880952380952,82.2,10.859605911330046,74.65858333333333,2.7920893799999997,0.6385324583333333,25.111104166666664,77.17282886904762,0.5553263541666666,0.6394401190476191,1,1,Growth,14.6,8.0,7.0,348.99,1.0,0,0
12,P12_FUS_G3,FUS,F,O13,8,1,384.6,28.3,18.44,10.964880952380952,82.2,10.859605911330046,74.65858333333333,2.7920893799999997,0.6385324583333333,25.111104166666664,77.17282886904762,0.5553263541666666,0.6394401190476191,1,1,Growth,7.5,4.0,4.0,632.09,0.0,0,0
12,P12_MO_G1,MO,M,O15,9,1,699.6,27.02,16.29,11.759677419354839,95.3,11.606451612903225,1060.8966666666668,26.642742,1.0602209999999999,303.681875,251.82761904761907,1.1119720833333333,1.0482228571428571,1,1,Growth,35.3,24.0,20.0,465.35,4.0,1,1
12,P12_MO_G2,MO,M,O15,9,1,699.6,27.02,16.29,11.759677419354839,95.3,11.606451612903225,1060.8966666666668,26.642742,1.0602209999999999,303.681875,251.82761904761907,1.1119720833333333,1.0482228571428571,1,1,Growth,14.0,15.0,11.0,279.14,4.0,1,1
12,P12_MO_G3,MO,M,O15,9,1,699.6,27.02,16.29,11.759677419354839,95.3,11.606451612903225,1060.8966666666668,26.642742,1.0602209999999999,303.681875,251.82761904761907,1.1119720833333333,1.0482228571428571,1,1,Growth,23.2,18.0,17.0,373.15,1.0,1,1
12,P12_FUS_G1,FUS,F,O15,9,1,699.6,27.02,16.29,11.759677419354839,95.3,11.606451612903225,77.084,2.132964,0.6403862499999999,24.983333333333334,30.604761904761908,0.5463629166666667,0.6477819047619048,1,1,Growth,16.6,16.0,7.0,144.28,9.0,0,0
12,P12_FUS_G2,FUS,F,O15,9,1,699.6,27.02,16.29,11.759677419354839,95.3,11.606451612903225,77.084,2.132964,0.6403862499999999,24.983333333333334,30.604761904761908,0.5463629166666667,0.6477819047619048,1,1,Growth,4.2,4.0,2.0,547.85,2.0,0,0
12,P12_FUS_G3,FUS,F,O15,9,1,699.6,27.02,16.29,11.759677419354839,95.3,11.606451612903225,77.084,2.132964,0.6403862499999999,24.983333333333334,30.604761904761908,0.5463629166666667,0.6477819047619048,1,1,Growth,29.1,26.0,13.0,701.81,13.0,0,0
12,P12_MO_G1,MO,M,O17,10,1,508.8,27.73,16.19,12.576111111111112,163.9,10.340000000000002,799.5080222222223,19.434765328999998,1.0889678333333332,204.41720614583332,186.67474206349206,1.0415594791666667,1.058017619047619,1,1,Growth,15.5,12.0,12.0,232.81,0.0,1,1
12,P12_MO_G2,MO,M,O17,10,1,508.8,27.73,16.19,12.576111111111112,163.9,10.340000000000002,799.5080222222223,19.434765328999998,1.0889678333333332,204.41720614583332,186.67474206349206,1.0415594791666667,1.058017619047619,1,1,Growth,1.6,3.0,3.0,42.11,0.0,1,1
12,P12_MO_G3,MO,M,O17,10,1,508.8,27.73,16.19,12.576111111111112,163.9,10.340000000000002,799.5080222222223,19.434765328999998,1.0889678333333332,204.41720614583332,186.67474206349206,1.0415594791666667,1.058017619047619,1,1,Growth,4.2,3.0,3.0,66.3,0.0,1,1
12,P12_FUS_G1,FUS,F,O17,10,1,508.8,27.73,16.19,12.576111111111112,163.9,10.340000000000002,53.55433888888889,1.4964096199999999,0.6967120694444444,15.62109375,25.593096825396827,0.5926528125,0.6640030952380953,1,1,Growth,0.5,1.0,0.0,46.37,1.0,0,0
12,P12_FUS_G2,FUS,F,O17,10,1,508.8,27.73,16.19,12.576111111111112,163.9,10.340000000000002,53.55433888888889,1.4964096199999999,0.6967120694444444,15.62109375,25.593096825396827,0.5926528125,0.6640030952380953,1,1,Growth,0.0,0.0,0.0,0.0,0.0,0,0
12,P12_FUS_G3,FUS,F,O17,10,1,508.8,27.73,16.19,12.576111111111112,163.9,10.340000000000002,53.55433888888889,1.4964096199999999,0.6967120694444444,15.62109375,25.593096825396827,0.5926528125,0.6640030952380953,1,1,Growth,2.7,5.0,5.0,378.54,0.0,0,0
12,P12_MO_G1,MO,M,O18,11,1,257.35,20.67,12.78,13.238888888888889,111.4,6.282795698924733,538.1193777777778,12.226788657999998,1.1177146666666666,105.15253729166666,121.52186507936507,0.971146875,1.067812380952381,0,2,Transition,0.0,0.0,0.0,0.0,0.0,1,1
12,P12_MO_G2,MO,M,O18,11,1,257.35,20.67,12.78,13.238888888888889,111.4,6.282795698924733,538.1193777777778,12.226788657999998,1.1177146666666666,105.15253729166666,121.52186507936507,0.971146875,1.067812380952381,0,2,Transition,0.0,0.0,0.0,0.0,0.0,1,1
12,P12_MO_G3,MO,M,O18,11,1,257.35,20.67,12.78,13.238888888888889,111.4,6.282795698924733,538.1193777777778,12.226788657999998,1.1177146666666666,105.15253729166666,121.52186507936507,0.971146875,1.067812380952381,0,2,Transition,0.0,0.0,0.0,0.0,0.0,1,1
12,P12_FUS_G1,FUS,F,O18,11,1,257.35,20.67,12.78,13.238888888888889,111.4,6.282795698924733,30.02467777777778,0.8598552399999999,0.7530378888888889,6.258854166666667,20.581431746031747,0.6389427083333333,0.6802242857142857,0,2,Transition,0.0,0.0,0.0,0.0,0.0,0,0
12,P12_FUS_G2,FUS,F,O18,11,1,257.35,20.67,12.78,13.238888888888889,111.4,6.282795698924733,30.02467777777778,0.8598552399999999,0.7530378888888889,6.258854166666667,20.581431746031747,0.6389427083333333,0.6802242857142857,0,2,Transition,0.0,0.0,0.0,0.0,0.0,0,0
12,P12_FUS_G3,FUS,F,O18,11,1,257.35,20.67,12.78,13.238888888888889,111.4,6.282795698924733,30.02467777777778,0.8598552399999999,0.7530378888888889,6.258854166666667,20.581431746031747,0.6389427083333333,0.6802242857142857,0,2,Transition,0.0,0.0,0.0,0.0,0.0,0,0
12,P12_MO_G1,MO,M,O19,12,2,268.5,16.82,9.45,13.573333333333332,52.8,8.499999999999998,756.7875222222222,18.398935829,1.100986,216.80204989583336,213.92545634920634,1.0080453125,1.086895,0,0,Rest,0.0,0.0,0.0,0.0,1.0,1,1
12,P12_MO_G2,MO,M,O19,12,2,268.5,16.82,9.45,13.573333333333332,52.8,8.499999999999998,756.7875222222222,18.398935829,1.100986,216.80204989583336,213.92545634920634,1.0080453125,1.086895,0,0,Rest,0.0,0.0,0.0,0.0,5.0,1,1
12,P12_MO_G3,MO,M,O19,12,2,268.5,16.82,9.45,13.573333333333332,52.8,8.499999999999998,756.7875222222222,18.398935829,1.100986,216.80204989583336,213.92545634920634,1.0080453125,1.086895,0,0,Rest,0.0,0.0,0.0,0.0,0.0,1,1
12,P12_FUS_G1,FUS,F,O19,12,2,268.5,16.82,9.45,13.573333333333332,52.8,8.499999999999998,51.55939444444445,1.4373516199999998,0.7899986944444444,29.544947916666665,17.908811111111113,0.7436183854166667,0.7313225000000001,0,0,Rest,0.0,0.0,0.0,0.0,0.0,0,0
12,P12_FUS_G2,FUS,F,O19,12,2,268.5,16.82,9.45,13.573333333333332,52.8,8.499999999999998,51.55939444444445,1.4373516199999998,0.7899986944444444,29.544947916666665,17.908811111111113,0.7436183854166667,0.7313225000000001,0,0,Rest,0.0,0.0,0.0,0.0,3.0,0,0
12,P12_FUS_G3,FUS,F,O19,12,2,268.5,16.82,9.45,13.573333333333332,52.8,8.499999999999998,51.55939444444445,1.4373516199999998,0.7899986944444444,29.544947916666665,17.908811111111113,0.7436183854166667,0.7313225000000001,0,0,Rest,0.0,0.0,0.0,0.0,2.0,0,0
12,P12_MO_G1,MO,M,O20,13,2,332.9,20.05,12.15,13.431182795698925,128.5,6.55247311827957,975.4556666666666,24.571082999999998,1.0842573333333334,328.4515625,306.3290476190476,1.04494375,1.105977619047619,0,0,Rest,0.0,0.0,0.0,0.0,16.0,1,1
12,P12_MO_G2,MO,M,O20,13,2,332.9,20.05,12.15,13.431182795698925,128.5,6.55247311827957,975.4556666666666,24.571082999999998,1.0842573333333334,328.4515625,306.3290476190476,1.04494375,1.105977619047619,0,0,Rest,0.0,0.0,0.0,0.0,4.0,1,1
12,P12_MO_G3,MO,M,O20,13,2,332.9,20.05,12.15,13.431182795698925,128.5,6.55247311827957,975.4556666666666,24.571082999999998,1.0842573333333334,328.4515625,306.3290476190476,1.04494375,1.105977619047619,0,0,Rest,0.0,0.0,0.0,0.0,9.0,1,1
12,P12_FUS_G1,FUS,F,O20,13,2,332.9,20.05,12.15,13.431182795698925,128.5,6.55247311827957,73.09411111111112,2.0148479999999998,0.8269595,52.831041666666664,15.236190476190476,0.8482940625,0.7824207142857144,0,0,Rest,0.0,0.0,0.0,0.0,0.0,0,0
12,P12_FUS_G2,FUS,F,O20,13,2,332.9,20.05,12.15,13.431182795698925,128.5,6.55247311827957,73.09411111111112,2.0148479999999998,0.8269595,52.831041666666664,15.236190476190476,0.8482940625,0.7824207142857144,0,0,Rest,0.0,0.0,0.0,0.0,3.0,0,0
12,P12_FUS_G3,FUS,F,O20,13,2,332.9,20.05,12.15,13.431182795698925,128.5,6.55247311827957,73.09411111111112,2.0148479999999998,0.8269595,52.831041666666664,15.236190476190476,0.8482940625,0.7824207142857144,0,0,Rest,0.0,0.0,0.0,0.0,1.0,0,0
12,P12_MO_G1,MO,M,O21,14,2,254.2,17.54,8.85,12.861827956989247,55.4,11.245161290322583,869.3336666666667,23.399452124999996,1.0151901666666667,337.36972767857145,309.48209199134203,0.9661597321428572,1.065224604978355,0,0,Rest,0.0,0.0,0.0,0.0,0.0,1,1
12,P12_MO_G2,MO,M,O21,14,2,254.2,17.54,8.85,12.861827956989247,55.4,11.245161290322583,869.3336666666667,23.399452124999996,1.0151901666666667,337.36972767857145,309.48209199134203,0.9661597321428572,1.065224604978355,0,0,Rest,0.0,0.0,0.0,0.0,0.0,1,1
12,P12_MO_G3,MO,M,O21,14,2,254.2,17.54,8.85,12.861827956989247,55.4,11.245161290322583,869.3336666666667,23.399452124999996,1.0151901666666667,337.36972767857145,309.48209199134203,0.9661597321428572,1.065224604978355,0,0,Rest,0.0,0.0,0.0,0.0,0.0,1,1
12,P12_FUS_G1,FUS,F,O21,14,2,254.2,17.54,8.85,12.861827956989247,55.4,11.245161290322583,98.39322222222222,2.7628546049999994,0.8015988333333333,40.36328511904762,42.95580546536797,0.8185490550595238,0.8055517207792209,0,0,Rest,0.0,0.0,0.0,0.0,0.0,0,0
12,P12_FUS_G2,FUS,F,O21,14,2,254.2,17.54,8.85,12.861827956989247,55.4,11.245161290322583,98.39322222222222,2.7628546049999994,0.8015988333333333,40.36328511904762,42.95580546536797,0.8185490550595238,0.8055517207792209,0,0,Rest,0.0,0.0,0.0,0.0,0.0,0,0
12,P12_FUS_G3,FUS,F,O21,14,2,254.2,17.54,8.85,12.861827956989247,55.4,11.245161290322583,98.39322222222222,2.7628546049999994,0.8015988333333333,40.36328511904762,42.95580546536797,0.8185490550595238,0.8055517207792209,0,0,Rest,0.0,0.0,0.0,0.0,0.0,0,0
12,P12_MO_G1,MO,M,O22,15,2,359.8,22.05,11.17,12.09611111111111,135.4,10.541935483870969,763.2116666666666,22.227821249999998,0.946123,346.2878928571429,312.6351363636364,0.8873757142857143,1.024471590909091,0,0,Rest,2.3,14.0,12.0,12.03,2.0,1,1
12,P12_MO_G2,MO,M,O22,15,2,359.8,22.05,11.17,12.09611111111111,135.4,10.541935483870969,763.2116666666666,22.227821249999998,0.946123,346.2878928571429,312.6351363636364,0.8873757142857143,1.024471590909091,0,0,Rest,1.7,14.0,7.0,3.94,7.0,1,1
12,P12_MO_G3,MO,M,O22,15,2,359.8,22.05,11.17,12.09611111111111,135.4,10.541935483870969,763.2116666666666,22.227821249999998,0.946123,346.2878928571429,312.6351363636364,0.8873757142857143,1.024471590909091,0,0,Rest,1.5,13.0,13.0,1.64,0.0,1,1
12,P12_FUS_G1,FUS,F,O22,15,2,359.8,22.05,11.17,12.09611111111111,135.4,10.541935483870969,123.69233333333334,3.5108612099999994,0.7762381666666667,27.89552857142857,70.67542045454546,0.7888040476190477,0.8286827272727273,0,0,Rest,0.0,0.0,0.0,0.0,12.0,0,0
12,P12_FUS_G2,FUS,F,O22,15,2,359.8,22.05,11.17,12.09611111111111,135.4,10.541935483870969,123.69233333333334,3.5108612099999994,0.7762381666666667,27.89552857142857,70.67542045454546,0.7888040476190477,0.8286827272727273,0,0,Rest,4.3,11.0,0.0,0.0,11.0,0,0
12,P12_FUS_G3,FUS,F,O22,15,2,359.8,22.05,11.17,12.09611111111111,135.4,10.541935483870969,123.69233333333334,3.5108612099999994,0.7762381666666667,27.89552857142857,70.67542045454546,0.7888040476190477,0.8286827272727273,0,0,Rest,0.9,9.0,0.0,0.0,21.0,0,0
12,P12_MO_G1,MO,M,O24,16,2,456.0,23.82,13.0,11.275268817204301,168.5,11.658064516129032,653.3528333333334,18.470978024999997,0.9771891666666667,256.1499776785714,244.4850056818182,0.9689269196428572,1.0528023579545454,1,2,Transition,13.1,6.0,6.0,0.0,0.0,1,1
12,P12_MO_G2,MO,M,O24,16,2,456.0,23.82,13.0,11.275268817204301,168.5,11.658064516129032,653.3528333333334,18.470978024999997,0.9771891666666667,256.1499776785714,244.4850056818182,0.9689269196428572,1.0528023579545454,1,2,Transition,4.0,7.0,7.0,0.0,0.0,1,1
12,P12_MO_G3,MO,M,O24,16,2,456.0,23.82,13.0,11.275268817204301,168.5,11.658064516129032,653.3528333333334,18.470978024999997,0.9771891666666667,256.1499776785714,244.4850056818182,0.9689269196428572,1.0528023579545454,1,2,Transition,4.9,10.0,11.0,0.0,0.0,1,1
12,P12_FUS_G1,FUS,F,O24,16,2,456.0,23.82,13.0,11.275268817204301,168.5,11.658064516129032,113.35729166666667,3.2460577499999994,0.6530068333333333,24.833476785714282,63.56088731060606,0.5984275446428572,0.7441341761363636,1,2,Transition,16.1,12.0,12.0,71.95,0.0,0,0
12,P12_FUS_G2,FUS,F,O24,16,2,456.0,23.82,13.0,11.275268817204301,168.5,11.658064516129032,113.35729166666667,3.2460577499999994,0.6530068333333333,24.833476785714282,63.56088731060606,0.5984275446428572,0.7441341761363636,1,2,Transition,15.2,9.0,8.0,180.6,1.0,0,0
12,P12_FUS_G3,FUS,F,O24,16,2,456.0,23.82,13.0,11.275268817204301,168.5,11.658064516129032,113.35729166666667,3.2460577499999994,0.6530068333333333,24.833476785714282,63.56088731060606,0.5984275446428572,0.7441341761363636,1,2,Transition,8.6,9.0,9.0,193.45,0.0,0,0
12,P12_MO_G1,MO,M,O26,17,2,388.05,22.97,12.9,10.541111111111112,95.9,9.483333333333333,543.494,14.714134799999998,1.0082553333333333,166.01206249999998,176.334875,1.050478125,1.081133125,1,1,Growth,19.8,4.0,3.0,396.44,1.0,1,1
12,P12_MO_G2,MO,M,O26,17,2,388.05,22.97,12.9,10.541111111111112,95.9,9.483333333333333,543.494,14.714134799999998,1.0082553333333333,166.01206249999998,176.334875,1.050478125,1.081133125,1,1,Growth,8.9,0.0,0.0,176.76,0.0,1,1
12,P12_MO_G3,MO,M,O26,17,2,388.05,22.97,12.9,10.541111111111112,95.9,9.483333333333333,543.494,14.714134799999998,1.0082553333333333,166.01206249999998,176.334875,1.050478125,1.081133125,1,1,Growth,8.9,0.0,0.0,181.46,0.0,1,1
12,P12_FUS_G1,FUS,F,O26,17,2,388.05,22.97,12.9,10.541111111111112,95.9,9.483333333333333,103.02225,2.98125429,0.5297755,21.771424999999997,56.44635416666667,0.40805104166666667,0.659585625,1,1,Growth,19.1,6.0,0.0,0.0,8.0,0,0
12,P12_FUS_G2,FUS,F,O26,17,2,388.05,22.97,12.9,10.541111111111112,95.9,9.483333333333333,103.02225,2.98125429,0.5297755,21.771424999999997,56.44635416666667,0.40805104166666667,0.659585625,1,1,Growth,8.7,1.0,1.0,291.86,0.0,0,0
12,P12_FUS_G3,FUS,F,O26,17,2,388.05,22.97,12.9,10.541111111111112,95.9,9.483333333333333,103.02225,2.98125429,0.5297755,21.771424999999997,56.44635416666667,0.40805104166666667,0.659585625,1,1,Growth,4.4,0.0,0.0,0.0,2.0,0,0
12,P12_MO_G1,MO,M,O27,18,2,322.5,27.26,16.68,10.145698924731182,23.3,10.490322580645163,588.9449166666667,20.34104046,0.9725731666666666,234.0997395833333,440.4505625,0.9222220833333333,1.0517682291666666,0,2,Transition,0.0,0.0,0.0,1.92,0.0,1,1
12,P12_MO_G2,MO,M,O27,18,2,322.5,27.26,16.68,10.145698924731182,23.3,10.490322580645163,588.9449166666667,20.34104046,0.9725731666666666,234.0997395833333,440.4505625,0.9222220833333333,1.0517682291666666,0,2,Transition,0.0,0.0,0.0,0.0,0.0,1,1
12,P12_MO_G3,MO,M,O27,18,2,322.5,27.26,16.68,10.145698924731182,23.3,10.490322580645163,588.9449166666667,20.34104046,0.9725731666666666,234.0997395833333,440.4505625,0.9222220833333333,1.0517682291666666,0,2,Transition,0.1,0.0,0.0,6.22,0.0,1,1
12,P12_FUS_G1,FUS,F,O27,18,2,322.5,27.26,16.68,10.145698924731182,23.3,10.490322580645163,89.20676388888889,3.0331109649999997,0.5531994166666666,26.88743125,71.78180902777778,0.5250030208333333,0.6832235069444443,0,2,Transition,0.0,2.0,2.0,531.38,0.0,0,0
12,P12_FUS_G2,FUS,F,O27,18,2,322.5,27.26,16.68,10.145698924731182,23.3,10.490322580645163,89.20676388888889,3.0331109649999997,0.5531994166666666,26.88743125,71.78180902777778,0.5250030208333333,0.6832235069444443,0,2,Transition,0.0,0.0,0.0,0.0,0.0,0,0
12,P12_FUS_G3,FUS,F,O27,18,2,322.5,27.26,16.68,10.145698924731182,23.3,10.490322580645163,89.20676388888889,3.0331109649999997,0.5531994166666666,26.88743125,71.78180902777778,0.5250030208333333,0.6832235069444443,0,2,Transition,0.0,0.0,0.0,1114.42,0.0,0,0
12,P12_MO_G1,MO,M,O29,19,2,779.8,28.02,17.42,10.325806451612904,187.5,9.98709677419355,634.3958333333334,25.96794612,0.9368909999999999,302.18741666666665,704.56625,0.7939660416666667,1.0224033333333333,0,0,Rest,0.0,0.0,0.0,0.0,0.0,1,1
12,P12_MO_G2,MO,M,O29,19,2,779.8,28.02,17.42,10.325806451612904,187.5,9.98709677419355,634.3958333333334,25.96794612,0.9368909999999999,302.18741666666665,704.56625,0.7939660416666667,1.0224033333333333,0,0,Rest,0.0,0.0,0.0,0.0,0.0,1,1
12,P12_MO_G3,MO,M,O29,19,2,779.8,28.02,17.42,10.325806451612904,187.5,9.98709677419355,634.3958333333334,25.96794612,0.9368909999999999,302.18741666666665,704.56625,0.7939660416666667,1.0224033333333333,0,0,Rest,0.0,0.0,0.0,0.0,0.0,1,1
12,P12_FUS_G1,FUS,F,O29,19,2,779.8,28.02,17.42,10.325806451612904,187.5,9.98709677419355,75.39127777777777,3.08496764,0.5766233333333333,32.0034375,87.11726388888889,0.6419549999999999,0.7068613888888888,0,0,Rest,0.0,0.0,0.0,0.0,0.0,0,0
12,P12_FUS_G2,FUS,F,O29,19,2,779.8,28.02,17.42,10.325806451612904,187.5,9.98709677419355,75.39127777777777,3.08496764,0.5766233333333333,32.0034375,87.11726388888889,0.6419549999999999,0.7068613888888888,0,0,Rest,0.0,0.0,0.0,0.0,0.0,0,0
12,P12_FUS_G3,FUS,F,O29,19,2,779.8,28.02,17.42,10.325806451612904,187.5,9.98709677419355,75.39127777777777,3.08496764,0.5766233333333333,32.0034375,87.11726388888889,0.6419549999999999,0.7068613888888888,0,0,Rest,0.0,0.0,0.0,0.0,0.0,0,0
12,P12_MO_G1,MO,M,O31,20,2,643.7,28.42,17.34,10.939880952380951,13.0,11.763178571428575,519.1779166666666,20.25661176,0.864286,244.32847023809524,538.8165113636363,0.7380058779761904,0.8837241666666666,1,2,Transition,1.0,10.0,10.0,0.0,0.0,1,1
12,P12_MO_G2,MO,M,O31,20,2,643.7,28.42,17.34,10.939880952380951,13.0,11.763178571428575,519.1779166666666,20.25661176,0.864286,244.32847023809524,538.8165113636363,0.7380058779761904,0.8837241666666666,1,2,Transition,0.0,0.0,0.0,0.0,0.0,1,1
12,P12_MO_G3,MO,M,O31,20,2,643.7,28.42,17.34,10.939880952380951,13.0,11.763178571428575,519.1779166666666,20.25661176,0.864286,244.32847023809524,538.8165113636363,0.7380058779761904,0.8837241666666666,1,2,Transition,0.0,0.0,0.0,0.0,0.0,1,1
12,P12_FUS_G1,FUS,F,O31,20,2,643.7,28.42,17.34,10.939880952380951,13.0,11.763178571428575,63.33105555555555,2.2653747895,0.616657,21.791160773809523,57.8394273989899,0.625140238095238,0.7060227398989898,1,2,Transition,0.0,0.0,0.0,7.2,0.0,0,0
12,P12_FUS_G2,FUS,F,O31,20,2,643.7,28.42,17.34,10.939880952380951,13.0,11.763178571428575,63.33105555555555,2.2653747895,0.616657,21.791160773809523,57.8394273989899,0.625140238095238,0.7060227398989898,1,2,Transition,0.0,0.0,0.0,0.0,0.0,0,0
12,P12_FUS_G3,FUS,F,O31,20,2,643.7,28.42,17.34,10.939880952380951,13.0,11.763178571428575,63.33105555555555,2.2653747895,0.616657,21.791160773809523,57.8394273989899,0.625140238095238,0.7060227398989898,1,2,Transition,0.0,0.0,0.0,0.0,0.0,0,0
12,P12_MO_G1,MO,M,O33,21,2,509.1,27.9,17.21,11.73225806451613,127.69999999999999,11.061290322580646,403.96,14.5452774,0.7916810000000001,186.46952380952382,373.0667727272727,0.6820457142857143,0.745045,1,1,Growth,0.0,31.0,21.0,0.0,10.0,1,1
12,P12_MO_G2,MO,M,O33,21,2,509.1,27.9,17.21,11.73225806451613,127.69999999999999,11.061290322580646,403.96,14.5452774,0.7916810000000001,186.46952380952382,373.0667727272727,0.6820457142857143,0.745045,1,1,Growth,6.4,19.0,11.0,88.75,8.0,1,1
12,P12_MO_G3,MO,M,O33,21,2,509.1,27.9,17.21,11.73225806451613,127.69999999999999,11.061290322580646,403.96,14.5452774,0.7916810000000001,186.46952380952382,373.0667727272727,0.6820457142857143,0.745045,1,1,Growth,0.0,0.0,0.0,0.0,0.0,1,1
12,P12_FUS_G1,FUS,F,O33,21,2,509.1,27.9,17.21,11.73225806451613,127.69999999999999,11.061290322580646,51.270833333333336,1.4457819389999997,0.6566906666666666,11.578884047619047,28.56159090909091,0.6083254761904762,0.7051840909090908,1,1,Growth,8.4,7.0,7.0,0.0,0.0,0,0
12,P12_FUS_G2,FUS,F,O33,21,2,509.1,27.9,17.21,11.73225806451613,127.69999999999999,11.061290322580646,51.270833333333336,1.4457819389999997,0.6566906666666666,11.578884047619047,28.56159090909091,0.6083254761904762,0.7051840909090908,1,1,Growth,0.0,0.0,0.0,0.0,0.0,0,0
12,P12_FUS_G3,FUS,F,O33,21,2,509.1,27.9,17.21,11.73225806451613,127.69999999999999,11.061290322580646,51.270833333333336,1.4457819389999997,0.6566906666666666,11.578884047619047,28.56159090909091,0.6083254761904762,0.7051840909090908,1,1,Growth,0.0,0.0,0.0,0.0,0.0,0,0
12,P12_MO_G1,MO,M,O35,22,2,501.15,25.0,16.32,12.550555555555555,194.0,7.8100000000000005,294.23741666666666,9.794062845,0.8190529166666667,115.70453221726191,237.7302792207792,0.7740194196428571,0.7850082142857142,1,1,Growth,0.0,4.0,4.0,0.0,0.0,1,1
12,P12_MO_G2,MO,M,O35,22,2,501.15,25.0,16.32,12.550555555555555,194.0,7.8100000000000005,294.23741666666666,9.794062845,0.8190529166666667,115.70453221726191,237.7302792207792,0.7740194196428571,0.7850082142857142,1,1,Growth,1.3,1.0,0.0,65.19,1.0,1,1
12,P12_MO_G3,MO,M,O35,22,2,501.15,25.0,16.32,12.550555555555555,194.0,7.8100000000000005,294.23741666666666,9.794062845,0.8190529166666667,115.70453221726191,237.7302792207792,0.7740194196428571,0.7850082142857142,1,1,Growth,0.0,0.0,0.0,0.0,0.0,1,1
12,P12_FUS_G1,FUS,F,O35,22,2,501.15,25.0,16.32,12.550555555555555,194.0,7.8100000000000005,56.19375,1.4463646094999998,0.7005171666666667,13.583049836309524,22.106589502164503,0.617539144345238,0.7611390692640693,1,1,Growth,0.0,0.0,0.0,0.0,0.0,0,0
12,P12_FUS_G2,FUS,F,O35,22,2,501.15,25.0,16.32,12.550555555555555,194.0,7.8100000000000005,56.19375,1.4463646094999998,0.7005171666666667,13.583049836309524,22.106589502164503,0.617539144345238,0.7611390692640693,1,1,Growth,0.0,0.0,0.0,0.0,0.0,0,0
12,P12_FUS_G3,FUS,F,O35,22,2,501.15,25.0,16.32,12.550555555555555,194.0,7.8100000000000005,56.19375,1.4463646094999998,0.7005171666666667,13.583049836309524,22.106589502164503,0.617539144345238,0.7611390692640693,1,1,Growth,1.0,17.0,6.0,0.0,11.0,0,0
12,P12_MO_G1,MO,M,O37,23,2,338.95,20.16,11.71,13.236979166666666,217.70000000000002,8.432258064516128,184.5148333333333,5.042848289999999,0.8464248333333334,44.939540625,102.39378571428571,0.865993125,0.8249714285714286,0,2,Transition,0.0,0.0,0.0,0.0,0.0,1,1
12,P12_MO_G2,MO,M,O37,23,2,338.95,20.16,11.71,13.236979166666666,217.70000000000002,8.432258064516128,184.5148333333333,5.042848289999999,0.8464248333333334,44.939540625,102.39378571428571,0.865993125,0.8249714285714286,0,2,Transition,0.0,0.0,0.0,0.0,0.0,1,1
12,P12_MO_G3,MO,M,O37,23,2,338.95,20.16,11.71,13.236979166666666,217.70000000000002,8.432258064516128,184.5148333333333,5.042848289999999,0.8464248333333334,44.939540625,102.39378571428571,0.865993125,0.8249714285714286,0,2,Transition,0.0,0.0,0.0,0.0,0.0,1,1
12,P12_FUS_G1,FUS,F,O37,23,2,338.95,20.16,11.71,13.236979166666666,217.70000000000002,8.432258064516128,61.11666666666667,1.4469472799999998,0.7443436666666667,15.587215624999999,15.651588095238097,0.6267528125,0.8170940476190477,0,2,Transition,0.0,0.0,0.0,0.0,0.0,0,0
12,P12_FUS_G2,FUS,F,O37,23,2,338.95,20.16,11.71,13.236979166666666,217.70000000000002,8.432258064516128,61.11666666666667,1.4469472799999998,0.7443436666666667,15.587215624999999,15.651588095238097,0.6267528125,0.8170940476190477,0,2,Transition,0.0,0.0,0.0,0.0,0.0,0,0
12,P12_FUS_G3,FUS,F,O37,23,2,338.95,20.16,11.71,13.236979166666666,217.70000000000002,8.432258064516128,61.11666666666667,1.4469472799999998,0.7443436666666667,15.587215624999999,15.651588095238097,0.6267528125,0.8170940476190477,0,2,Transition,0.0,0.0,0.0,0.0,0.0,0,0
12,P12_MO_G1,MO,M,O38,24,2,194.65,23.29,14.52,13.575,,,184.5148333333333,5.042848289999999,0.8464248333333334,44.939540625,102.39378571428571,0.865993125,0.8249714285714286,0,0,Rest,0.0,0.0,0.0,0.0,0.0,1,1
12,P12_MO_G2,MO,M,O38,24,2,194.65,23.29,14.52,13.575,,,184.5148333333333,5.042848289999999,0.8464248333333334,44.939540625,102.39378571428571,0.865993125,0.8249714285714286,0,0,Rest,0.0,0.0,0.0,0.0,0.0,1,1
12,P12_MO_G3,MO,M,O38,24,2,194.65,23.29,14.52,13.575,,,184.5148333333333,5.042848289999999,0.8464248333333334,44.939540625,102.39378571428571,0.865993125,0.8249714285714286,0,0,Rest,0.0,0.0,0.0,0.0,0.0,1,1
12,P12_FUS_G1,FUS,F,O38,24,2,194.65,23.29,14.52,13.575,,,61.11666666666667,1.4469472799999998,0.7443436666666667,15.587215624999999,15.651588095238097,0.6267528125,0.8170940476190477,0,0,Rest,0.0,0.0,0.0,0.0,0.0,0,0
12,P12_FUS_G2,FUS,F,O38,24,2,194.65,23.29,14.52,13.575,,,61.11666666666667,1.4469472799999998,0.7443436666666667,15.587215624999999,15.651588095238097,0.6267528125,0.8170940476190477,0,0,Rest,0.0,0.0,0.0,0.0,0.0,0,0
12,P12_FUS_G3,FUS,F,O38,24,2,194.65,23.29,14.52,13.575,,,61.11666666666667,1.4469472799999998,0.7443436666666667,15.587215624999999,15.651588095238097,0.6267528125,0.8170940476190477,0,0,Rest,0.0,0.0,0.0,0.0,0.0,0,0
13,P13_MO_G1,MO,M,O1,0,1,254.5,19.57,12.57,13.576666666666666,124.8,7.6,1474.3933333333332,39.508891999999996,1.1070321666666667,402.03898550724637,562.2480303030303,1.0804234782608695,1.1195831818181818,0,0,Rest,0.0,0.0,0.0,0.0,0.0,1,1
13,P13_MO_G2,MO,M,O1,0,1,254.5,19.57,12.57,13.576666666666666,124.8,7.6,1474.3933333333332,39.508891999999996,1.1070321666666667,402.03898550724637,562.2480303030303,1.0804234782608695,1.1195831818181818,0,0,Rest,0.0,0.0,0.0,0.0,0.0,1,1
13,P13_MO_G3,MO,M,O1,0,1,254.5,19.57,12.57,13.576666666666666,124.8,7.6,1474.3933333333332,39.508891999999996,1.1070321666666667,402.03898550724637,562.2480303030303,1.0804234782608695,1.1195831818181818,0,0,Rest,0.0,0.0,0.0,0.0,0.0,1,1
13,P13_FUS_G1,FUS,F,O1,0,1,254.5,19.57,12.57,13.576666666666666,124.8,7.6,168.69500000000002,5.280435,0.6713425555555556,47.088913043478264,120.765,0.7038765217391305,0.7234356060606061,0,0,Rest,0.0,11.0,8.0,0.0,3.0,0,0
13,P13_FUS_G2,FUS,F,O1,0,1,254.5,19.57,12.57,13.576666666666666,124.8,7.6,168.69500000000002,5.280435,0.6713425555555556,47.088913043478264,120.765,0.7038765217391305,0.7234356060606061,0,0,Rest,0.0,0.0,0.0,0.0,0.0,0,0
13,P13_FUS_G3,FUS,F,O1,0,1,254.5,19.57,12.57,13.576666666666666,124.8,7.6,168.69500000000002,5.280435,0.6713425555555556,47.088913043478264,120.765,0.7038765217391305,0.7234356060606061,0,0,Rest,0.0,0.0,0.0,0.0,0.0,0,0
13,P13_MO_G1,MO,M,O2,1,1,282.1,18.87,9.94,13.418279569892475,92.9,9.058064516129035,1474.3933333333332,39.508891999999996,1.1070321666666667,402.03898550724637,562.2480303030303,1.0804234782608695,1.1195831818181818,0,0,Rest,0.0,0.0,0.0,0.0,0.0,1,1
13,P13_MO_G2,MO,M,O2,1,1,282.1,18.87,9.94,13.418279569892475,92.9,9.058064516129035,1474.3933333333332,39.508891999999996,1.1070321666666667,402.03898550724637,562.2480303030303,1.0804234782608695,1.1195831818181818,0,0,Rest,0.0,0.0,0.0,0.0,0.0,1,1
13,P13_MO_G3,MO,M,O2,1,1,282.1,18.87,9.94,13.418279569892475,92.9,9.058064516129035,1474.3933333333332,39.508891999999996,1.1070321666666667,402.03898550724637,562.2480303030303,1.0804234782608695,1.1195831818181818,0,0,Rest,0.0,0.0,0.0,0.0,0.0,1,1
13,P13_FUS_G1,FUS,F,O2,1,1,282.1,18.87,9.94,13.418279569892475,92.9,9.058064516129035,168.69500000000002,5.280435,0.6713425555555556,47.088913043478264,120.765,0.7038765217391305,0.7234356060606061,0,0,Rest,2.3,4.0,5.0,50.24,0.0,0,0
13,P13_FUS_G2,FUS,F,O2,1,1,282.1,18.87,9.94,13.418279569892475,92.9,9.058064516129035,168.69500000000002,5.280435,0.6713425555555556,47.088913043478264,120.765,0.7038765217391305,0.7234356060606061,0,0,Rest,0.0,0.0,0.0,0.0,0.0,0,0
13,P13_FUS_G3,FUS,F,O2,1,1,282.1,18.87,9.94,13.418279569892475,92.9,9.058064516129035,168.69500000000002,5.280435,0.6713425555555556,47.088913043478264,120.765,0.7038765217391305,0.7234356060606061,0,0,Rest,0.0,0.0,0.0,0.0,0.0,0,0
13,P13_MO_G1,MO,M,O3,2,1,326.2,21.57,10.18,12.839247311827956,73.7,11.245161290322581,1474.3933333333332,39.508891999999996,1.1070321666666667,402.03898550724637,562.2480303030303,1.0804234782608695,1.1195831818181818,0,0,Rest,0.0,0.0,0.0,0.0,0.0,1,1
13,P13_MO_G2,MO,M,O3,2,1,326.2,21.57,10.18,12.839247311827956,73.7,11.245161290322581,1474.3933333333332,39.508891999999996,1.1070321666666667,402.03898550724637,562.2480303030303,1.0804234782608695,1.1195831818181818,0,0,Rest,0.0,0.0,0.0,0.0,0.0,1,1
13,P13_MO_G3,MO,M,O3,2,1,326.2,21.57,10.18,12.839247311827956,73.7,11.245161290322581,1474.3933333333332,39.508891999999996,1.1070321666666667,402.03898550724637,562.2480303030303,1.0804234782608695,1.1195831818181818,0,0,Rest,0.0,0.0,0.0,0.0,0.0,1,1
13,P13_FUS_G1,FUS,F,O3,2,1,326.2,21.57,10.18,12.839247311827956,73.7,11.245161290322581,168.69500000000002,5.280435,0.6713425555555556,47.088913043478264,120.765,0.7038765217391305,0.7234356060606061,0,0,Rest,0.2,1.0,0.0,74.34,2.0,0,0
13,P13_FUS_G2,FUS,F,O3,2,1,326.2,21.57,10.18,12.839247311827956,73.7,11.245161290322581,168.69500000000002,5.280435,0.6713425555555556,47.088913043478264,120.765,0.7038765217391305,0.7234356060606061,0,0,Rest,0.0,0.0,0.0,0.0,0.0,0,0
13,P13_FUS_G3,FUS,F,O3,2,1,326.2,21.57,10.18,12.839247311827956,73.7,11.245161290322581,168.69500000000002,5.280435,0.6713425555555556,47.088913043478264,120.765,0.7038765217391305,0.7234356060606061,0,0,Rest,0.0,0.0,0.0,0.0,0.0,0,0
13,P13_MO_G1,MO,M,O5,3,1,281.7,20.17,8.61,12.069444444444445,31.5,11.493333333333336,1474.3933333333332,39.508891999999996,1.1070321666666667,402.03898550724637,562.2480303030303,1.0804234782608695,1.1195831818181818,0,0,Rest,4.3,13.0,5.0,25.91,8.0,1,1
13,P13_MO_G2,MO,M,O5,3,1,281.7,20.17,8.61,12.069444444444445,31.5,11.493333333333336,1474.3933333333332,39.508891999999996,1.1070321666666667,402.03898550724637,562.2480303030303,1.0804234782608695,1.1195831818181818,0,0,Rest,5.0,18.0,12.0,102.45,6.0,1,1
13,P13_MO_G3,MO,M,O5,3,1,281.7,20.17,8.61,12.069444444444445,31.5,11.493333333333336,1474.3933333333332,39.508891999999996,1.1070321666666667,402.03898550724637,562.2480303030303,1.0804234782608695,1.1195831818181818,0,0,Rest,0.0,0.0,0.0,0.0,0.0,1,1
13,P13_FUS_G1,FUS,F,O5,3,1,281.7,20.17,8.61,12.069444444444445,31.5,11.493333333333336,168.69500000000002,5.280435,0.6713425555555556,47.088913043478264,120.765,0.7038765217391305,0.7234356060606061,0,0,Rest,16.0,4.0,0.0,117.81,6.0,0,0
13,P13_FUS_G2,FUS,F,O5,3,1,281.7,20.17,8.61,12.069444444444445,31.5,11.493333333333336,168.69500000000002,5.280435,0.6713425555555556,47.088913043478264,120.765,0.7038765217391305,0.7234356060606061,0,0,Rest,0.0,0.0,0.0,0.0,0.0,0,0
13,P13_FUS_G3,FUS,F,O5,3,1,281.7,20.17,8.61,12.069444444444445,31.5,11.493333333333336,168.69500000000002,5.280435,0.6713425555555556,47.088913043478264,120.765,0.7038765217391305,0.7234356060606061,0,0,Rest,0.0,0.0,0.0,0.0,0.0,0,0
13,P13_MO_G1,MO,M,O7,4,1,460.1,24.84,14.85,11.248924731182797,173.1,10.503225806451614,1653.4391666666666,47.820049149999996,1.1107365277777776,647.6092844202899,636.3643276515152,1.0865897946859904,1.1215947159090909,1,2,Transition,11.7,9.0,9.0,530.08,0.0,1,1
13,P13_MO_G2,MO,M,O7,4,1,460.1,24.84,14.85,11.248924731182797,173.1,10.503225806451614,1653.4391666666666,47.820049149999996,1.1107365277777776,647.6092844202899,636.3643276515152,1.0865897946859904,1.1215947159090909,1,2,Transition,11.7,11.0,6.0,494.27,5.0,1,1
13,P13_MO_G3,MO,M,O7,4,1,460.1,24.84,14.85,11.248924731182797,173.1,10.503225806451614,1653.4391666666666,47.820049149999996,1.1107365277777776,647.6092844202899,636.3643276515152,1.0865897946859904,1.1215947159090909,1,2,Transition,18.7,29.0,20.0,686.0,9.0,1,1
13,P13_FUS_G1,FUS,F,O7,4,1,460.1,24.84,14.85,11.248924731182797,173.1,10.503225806451614,125.61441666666667,3.834195,0.6907866944444445,40.06020652173913,74.78767708333334,0.5979687817028986,0.6854532196969697,1,2,Transition,9.7,12.0,12.0,22.33,0.0,0,0
13,P13_FUS_G2,FUS,F,O7,4,1,460.1,24.84,14.85,11.248924731182797,173.1,10.503225806451614,125.61441666666667,3.834195,0.6907866944444445,40.06020652173913,74.78767708333334,0.5979687817028986,0.6854532196969697,1,2,Transition,20.0,16.0,6.0,101.74,10.0,0,0
13,P13_FUS_G3,FUS,F,O7,4,1,460.1,24.84,14.85,11.248924731182797,173.1,10.503225806451614,125.61441666666667,3.834195,0.6907866944444445,40.06020652173913,74.78767708333334,0.5979687817028986,0.6854532196969697,1,2,Transition,5.3,9.0,5.0,74.5,4.0,0,0
13,P13_MO_G1,MO,M,O9,5,1,444.8,24.43,15.22,10.520555555555555,188.2,8.726666666666668,1832.4850000000001,56.131206299999995,1.1144408888888888,893.1795833333334,710.480625,1.092756111111111,1.12360625,1,1,Growth,14.8,11.0,11.0,523.15,0.0,1,1
13,P13_MO_G2,MO,M,O9,5,1,444.8,24.43,15.22,10.520555555555555,188.2,8.726666666666668,1832.4850000000001,56.131206299999995,1.1144408888888888,893.1795833333334,710.480625,1.092756111111111,1.12360625,1,1,Growth,15.1,8.0,8.0,410.9,0.0,1,1
13,P13_MO_G3,MO,M,O9,5,1,444.8,24.43,15.22,10.520555555555555,188.2,8.726666666666668,1832.4850000000001,56.131206299999995,1.1144408888888888,893.1795833333334,710.480625,1.092756111111111,1.12360625,1,1,Growth,19.1,11.0,9.0,952.45,2.0,1,1
13,P13_FUS_G1,FUS,F,O9,5,1,444.8,24.43,15.22,10.520555555555555,188.2,8.726666666666668,82.53383333333333,2.387955,0.7102308333333334,33.0315,28.810354166666666,0.49206104166666664,0.6474708333333333,1,1,Growth,2.4,0.0,0.0,395.81,1.0,0,0
13,P13_FUS_G2,FUS,F,O9,5,1,444.8,24.43,15.22,10.520555555555555,188.2,8.726666666666668,82.53383333333333,2.387955,0.7102308333333334,33.0315,28.810354166666666,0.49206104166666664,0.6474708333333333,1,1,Growth,11.1,4.0,3.0,287.06,1.0,0,0
13,P13_FUS_G3,FUS,F,O9,5,1,444.8,24.43,15.22,10.520555555555555,188.2,8.726666666666668,82.53383333333333,2.387955,0.7102308333333334,33.0315,28.810354166666666,0.49206104166666664,0.6474708333333333,1,1,Growth,0.2,0.0,0.0,49.51,2.0,0,0
13,P13_MO_G1,MO,M,O10,6,1,398.8,27.7,16.98,10.141935483870967,288.8,11.29032258064516,1705.0033333333336,53.21982704999999,1.0832638694444445,781.453125,779.0920833333333,1.0856867534722223,1.1087103333333332,1,1,Growth,0.0,0.0,0.0,10.85,0.0,1,1
13,P13_MO_G2,MO,M,O10,6,1,398.8,27.7,16.98,10.141935483870967,288.8,11.29032258064516,1705.0033333333336,53.21982704999999,1.0832638694444445,781.453125,779.0920833333333,1.0856867534722223,1.1087103333333332,1,1,Growth,1.1,0.0,0.0,25.5,0.0,1,1
13,P13_MO_G3,MO,M,O10,6,1,398.8,27.7,16.98,10.141935483870967,288.8,11.29032258064516,1705.0033333333336,53.21982704999999,1.0832638694444445,781.453125,779.0920833333333,1.0856867534722223,1.1087103333333332,1,1,Growth,0.6,1.0,1.0,78.7,0.0,1,1
13,P13_FUS_G1,FUS,F,O10,6,1,398.8,27.7,16.98,10.141935483870967,288.8,11.29032258064516,77.3835,2.9195848799999995,0.67345475,29.1351875,76.275625,0.5281754166666666,0.6392845833333334,1,1,Growth,0.0,0.0,0.0,9.0,0.0,0,0
13,P13_FUS_G2,FUS,F,O10,6,1,398.8,27.7,16.98,10.141935483870967,288.8,11.29032258064516,77.3835,2.9195848799999995,0.67345475,29.1351875,76.275625,0.5281754166666666,0.6392845833333334,1,1,Growth,5.4,6.0,1.0,22.9,5.0,0,0
13,P13_FUS_G3,FUS,F,O10,6,1,398.8,27.7,16.98,10.141935483870967,288.8,11.29032258064516,77.3835,2.9195848799999995,0.67345475,29.1351875,76.275625,0.5281754166666666,0.6392845833333334,1,1,Growth,1.0,0.0,0.0,0.0,0.0,0,0
13,P13_MO_G1,MO,M,O12,7,1,625.4,28.29,17.45,10.341397849462364,127.9,10.077419354838707,1577.5216666666668,50.308447799999996,1.05208685,669.7266666666667,847.7035416666666,1.0786173958333334,1.0938144166666668,1,1,Growth,0.0,0.0,0.0,0.0,0.0,1,1
13,P13_MO_G2,MO,M,O12,7,1,625.4,28.29,17.45,10.341397849462364,127.9,10.077419354838707,1577.5216666666668,50.308447799999996,1.05208685,669.7266666666667,847.7035416666666,1.0786173958333334,1.0938144166666668,1,1,Growth,26.1,22.0,7.0,77.76,15.0,1,1
13,P13_MO_G3,MO,M,O12,7,1,625.4,28.29,17.45,10.341397849462364,127.9,10.077419354838707,1577.5216666666668,50.308447799999996,1.05208685,669.7266666666667,847.7035416666666,1.0786173958333334,1.0938144166666668,1,1,Growth,0.7,0.0,0.0,2.5,0.0,1,1
13,P13_FUS_G1,FUS,F,O12,7,1,625.4,28.29,17.45,10.341397849462364,127.9,10.077419354838707,72.23316666666666,3.4512147599999996,0.6366786666666666,25.238874999999997,123.74089583333334,0.5642897916666666,0.6310983333333333,1,1,Growth,0.0,0.0,0.0,4.25,0.0,0,0
13,P13_FUS_G2,FUS,F,O12,7,1,625.4,28.29,17.45,10.341397849462364,127.9,10.077419354838707,72.23316666666666,3.4512147599999996,0.6366786666666666,25.238874999999997,123.74089583333334,0.5642897916666666,0.6310983333333333,1,1,Growth,39.5,18.0,13.0,210.0,5.0,0,0
13,P13_FUS_G3,FUS,F,O12,7,1,625.4,28.29,17.45,10.341397849462364,127.9,10.077419354838707,72.23316666666666,3.4512147599999996,0.6366786666666666,25.238874999999997,123.74089583333334,0.5642897916666666,0.6310983333333333,1,1,Growth,0.0,0.0,0.0,6.99,0.0,0,0
13,P13_MO_G1,MO,M,O13,8,1,384.6,28.3,18.44,10.964880952380952,82.2,10.859605911330046,1319.2091666666668,38.4755949,1.0561539249999998,486.70427083333334,549.7655803571429,1.0952947395833332,1.0710186369047618,1,1,Growth,0.1,1.0,1.0,31.6,0.0,1,1
13,P13_MO_G2,MO,M,O13,8,1,384.6,28.3,18.44,10.964880952380952,82.2,10.859605911330046,1319.2091666666668,38.4755949,1.0561539249999998,486.70427083333334,549.7655803571429,1.0952947395833332,1.0710186369047618,1,1,Growth,12.2,8.0,7.0,91.49,1.0,1,1
13,P13_MO_G3,MO,M,O13,8,1,384.6,28.3,18.44,10.964880952380952,82.2,10.859605911330046,1319.2091666666668,38.4755949,1.0561539249999998,486.70427083333334,549.7655803571429,1.0952947395833332,1.0710186369047618,1,1,Growth,0.2,1.0,1.0,33.5,0.0,1,1
13,P13_FUS_G1,FUS,F,O13,8,1,384.6,28.3,18.44,10.964880952380952,82.2,10.859605911330046,74.65858333333333,2.7920893799999997,0.6385324583333333,25.111104166666664,77.17282886904762,0.5553263541666666,0.6394401190476191,1,1,Growth,0.0,0.0,0.0,0.0,0.0,0,0
13,P13_FUS_G2,FUS,F,O13,8,1,384.6,28.3,18.44,10.964880952380952,82.2,10.859605911330046,74.65858333333333,2.7920893799999997,0.6385324583333333,25.111104166666664,77.17282886904762,0.5553263541666666,0.6394401190476191,1,1,Growth,25.8,8.0,7.0,131.2,1.0,0,0
13,P13_FUS_G3,FUS,F,O13,8,1,384.6,28.3,18.44,10.964880952380952,82.2,10.859605911330046,74.65858333333333,2.7920893799999997,0.6385324583333333,25.111104166666664,77.17282886904762,0.5553263541666666,0.6394401190476191,1,1,Growth,0.0,0.0,0.0,0.0,0.0,0,0
13,P13_MO_G1,MO,M,O15,9,1,699.6,27.02,16.29,11.759677419354839,95.3,11.606451612903225,1060.8966666666668,26.642742,1.0602209999999999,303.681875,251.82761904761907,1.1119720833333333,1.0482228571428571,1,1,Growth,24.3,24.0,23.0,200.49,1.0,1,1
13,P13_MO_G2,MO,M,O15,9,1,699.6,27.02,16.29,11.759677419354839,95.3,11.606451612903225,1060.8966666666668,26.642742,1.0602209999999999,303.681875,251.82761904761907,1.1119720833333333,1.0482228571428571,1,1,Growth,27.3,31.0,26.0,338.74,5.0,1,1
13,P13_MO_G3,MO,M,O15,9,1,699.6,27.02,16.29,11.759677419354839,95.3,11.606451612903225,1060.8966666666668,26.642742,1.0602209999999999,303.681875,251.82761904761907,1.1119720833333333,1.0482228571428571,1,1,Growth,0.0,0.0,0.0,0.0,0.0,1,1
13,P13_FUS_G1,FUS,F,O15,9,1,699.6,27.02,16.29,11.759677419354839,95.3,11.606451612903225,77.084,2.132964,0.6403862499999999,24.983333333333334,30.604761904761908,0.5463629166666667,0.6477819047619048,1,1,Growth,4.0,0.0,0.0,512.25,0.0,0,0
13,P13_FUS_G2,FUS,F,O15,9,1,699.6,27.02,16.29,11.759677419354839,95.3,11.606451612903225,77.084,2.132964,0.6403862499999999,24.983333333333334,30.604761904761908,0.5463629166666667,0.6477819047619048,1,1,Growth,28.8,20.0,18.0,388.25,2.0,0,0
13,P13_FUS_G3,FUS,F,O15,9,1,699.6,27.02,16.29,11.759677419354839,95.3,11.606451612903225,77.084,2.132964,0.6403862499999999,24.983333333333334,30.604761904761908,0.5463629166666667,0.6477819047619048,1,1,Growth,7.5,0.0,0.0,335.7,0.0,0,0
13,P13_MO_G1,MO,M,O17,10,1,508.8,27.73,16.19,12.576111111111112,163.9,10.340000000000002,799.5080222222223,19.434765328999998,1.0889678333333332,204.41720614583332,186.67474206349206,1.0415594791666667,1.058017619047619,1,1,Growth,8.7,9.0,8.0,105.13,1.0,1,1
13,P13_MO_G2,MO,M,O17,10,1,508.8,27.73,16.19,12.576111111111112,163.9,10.340000000000002,799.5080222222223,19.434765328999998,1.0889678333333332,204.41720614583332,186.67474206349206,1.0415594791666667,1.058017619047619,1,1,Growth,14.6,17.0,4.0,95.58,13.0,1,1
13,P13_MO_G3,MO,M,O17,10,1,508.8,27.73,16.19,12.576111111111112,163.9,10.340000000000002,799.5080222222223,19.434765328999998,1.0889678333333332,204.41720614583332,186.67474206349206,1.0415594791666667,1.058017619047619,1,1,Growth,8.1,10.0,3.0,16.3,7.0,1,1
13,P13_FUS_G1,FUS,F,O17,10,1,508.8,27.73,16.19,12.576111111111112,163.9,10.340000000000002,53.55433888888889,1.4964096199999999,0.6967120694444444,15.62109375,25.593096825396827,0.5926528125,0.6640030952380953,1,1,Growth,0.0,0.0,0.0,0.0,0.0,0,0
13,P13_FUS_G2,FUS,F,O17,10,1,508.8,27.73,16.19,12.576111111111112,163.9,10.340000000000002,53.55433888888889,1.4964096199999999,0.6967120694444444,15.62109375,25.593096825396827,0.5926528125,0.6640030952380953,1,1,Growth,18.8,9.0,8.0,373.0,1.0,0,0
13,P13_FUS_G3,FUS,F,O17,10,1,508.8,27.73,16.19,12.576111111111112,163.9,10.340000000000002,53.55433888888889,1.4964096199999999,0.6967120694444444,15.62109375,25.593096825396827,0.5926528125,0.6640030952380953,1,1,Growth,0.0,0.0,0.0,0.0,0.0,0,0
13,P13_MO_G1,MO,M,O18,11,1,257.35,20.67,12.78,13.238888888888889,111.4,6.282795698924733,538.1193777777778,12.226788657999998,1.1177146666666666,105.15253729166666,121.52186507936507,0.971146875,1.067812380952381,0,2,Transition,0.0,0.0,0.0,0.0,0.0,1,1
13,P13_MO_G2,MO,M,O18,11,1,257.35,20.67,12.78,13.238888888888889,111.4,6.282795698924733,538.1193777777778,12.226788657999998,1.1177146666666666,105.15253729166666,121.52186507936507,0.971146875,1.067812380952381,0,2,Transition,0.0,0.0,0.0,0.0,0.0,1,1
13,P13_MO_G3,MO,M,O18,11,1,257.35,20.67,12.78,13.238888888888889,111.4,6.282795698924733,538.1193777777778,12.226788657999998,1.1177146666666666,105.15253729166666,121.52186507936507,0.971146875,1.067812380952381,0,2,Transition,0.0,0.0,0.0,0.0,0.0,1,1
13,P13_FUS_G1,FUS,F,O18,11,1,257.35,20.67,12.78,13.238888888888889,111.4,6.282795698924733,30.02467777777778,0.8598552399999999,0.7530378888888889,6.258854166666667,20.581431746031747,0.6389427083333333,0.6802242857142857,0,2,Transition,0.0,0.0,0.0,0.0,0.0,0,0
13,P13_FUS_G2,FUS,F,O18,11,1,257.35,20.67,12.78,13.238888888888889,111.4,6.282795698924733,30.02467777777778,0.8598552399999999,0.7530378888888889,6.258854166666667,20.581431746031747,0.6389427083333333,0.6802242857142857,0,2,Transition,0.0,0.0,0.0,0.0,0.0,0,0
13,P13_FUS_G3,FUS,F,O18,11,1,257.35,20.67,12.78,13.238888888888889,111.4,6.282795698924733,30.02467777777778,0.8598552399999999,0.7530378888888889,6.258854166666667,20.581431746031747,0.6389427083333333,0.6802242857142857,0,2,Transition,0.0,0.0,0.0,0.0,0.0,0,0
13,P13_MO_G1,MO,M,O19,12,2,268.5,16.82,9.45,13.573333333333332,52.8,8.499999999999998,756.7875222222222,18.398935829,1.100986,216.80204989583336,213.92545634920634,1.0080453125,1.086895,0,0,Rest,0.0,0.0,0.0,0.0,5.0,1,1
13,P13_MO_G2,MO,M,O19,12,2,268.5,16.82,9.45,13.573333333333332,52.8,8.499999999999998,756.7875222222222,18.398935829,1.100986,216.80204989583336,213.92545634920634,1.0080453125,1.086895,0,0,Rest,0.0,0.0,0.0,0.0,23.0,1,1
13,P13_MO_G3,MO,M,O19,12,2,268.5,16.82,9.45,13.573333333333332,52.8,8.499999999999998,756.7875222222222,18.398935829,1.100986,216.80204989583336,213.92545634920634,1.0080453125,1.086895,0,0,Rest,0.0,0.0,0.0,0.0,19.0,1,1
13,P13_FUS_G1,FUS,F,O19,12,2,268.5,16.82,9.45,13.573333333333332,52.8,8.499999999999998,51.55939444444445,1.4373516199999998,0.7899986944444444,29.544947916666665,17.908811111111113,0.7436183854166667,0.7313225000000001,0,0,Rest,0.0,0.0,0.0,0.0,3.0,0,0
13,P13_FUS_G2,FUS,F,O19,12,2,268.5,16.82,9.45,13.573333333333332,52.8,8.499999999999998,51.55939444444445,1.4373516199999998,0.7899986944444444,29.544947916666665,17.908811111111113,0.7436183854166667,0.7313225000000001,0,0,Rest,0.0,0.0,0.0,0.0,14.0,0,0
13,P13_FUS_G3,FUS,F,O19,12,2,268.5,16.82,9.45,13.573333333333332,52.8,8.499999999999998,51.55939444444445,1.4373516199999998,0.7899986944444444,29.544947916666665,17.908811111111113,0.7436183854166667,0.7313225000000001,0,0,Rest,0.0,0.0,0.0,0.0,0.0,0,0
13,P13_MO_G1,MO,M,O20,13,2,332.9,20.05,12.15,13.431182795698925,128.5,6.55247311827957,975.4556666666666,24.571082999999998,1.0842573333333334,328.4515625,306.3290476190476,1.04494375,1.105977619047619,0,0,Rest,0.0,0.0,0.0,0.0,1.0,1,1
13,P13_MO_G2,MO,M,O20,13,2,332.9,20.05,12.15,13.431182795698925,128.5,6.55247311827957,975.4556666666666,24.571082999999998,1.0842573333333334,328.4515625,306.3290476190476,1.04494375,1.105977619047619,0,0,Rest,0.0,0.0,0.0,0.0,2.0,1,1
13,P13_MO_G3,MO,M,O20,13,2,332.9,20.05,12.15,13.431182795698925,128.5,6.55247311827957,975.4556666666666,24.571082999999998,1.0842573333333334,328.4515625,306.3290476190476,1.04494375,1.105977619047619,0,0,Rest,0.0,0.0,0.0,0.0,0.0,1,1
13,P13_FUS_G1,FUS,F,O20,13,2,332.9,20.05,12.15,13.431182795698925,128.5,6.55247311827957,73.09411111111112,2.0148479999999998,0.8269595,52.831041666666664,15.236190476190476,0.8482940625,0.7824207142857144,0,0,Rest,0.0,0.0,0.0,0.0,0.0,0,0
13,P13_FUS_G2,FUS,F,O20,13,2,332.9,20.05,12.15,13.431182795698925,128.5,6.55247311827957,73.09411111111112,2.0148479999999998,0.8269595,52.831041666666664,15.236190476190476,0.8482940625,0.7824207142857144,0,0,Rest,0.0,0.0,0.0,0.0,0.0,0,0
13,P13_FUS_G3,FUS,F,O20,13,2,332.9,20.05,12.15,13.431182795698925,128.5,6.55247311827957,73.09411111111112,2.0148479999999998,0.8269595,52.831041666666664,15.236190476190476,0.8482940625,0.7824207142857144,0,0,Rest,0.0,0.0,0.0,0.0,0.0,0,0
13,P13_MO_G1,MO,M,O21,14,2,254.2,17.54,8.85,12.861827956989247,55.4,11.245161290322583,869.3336666666667,23.399452124999996,1.0151901666666667,337.36972767857145,309.48209199134203,0.9661597321428572,1.065224604978355,0,0,Rest,0.0,0.0,0.0,0.0,0.0,1,1
13,P13_MO_G2,MO,M,O21,14,2,254.2,17.54,8.85,12.861827956989247,55.4,11.245161290322583,869.3336666666667,23.399452124999996,1.0151901666666667,337.36972767857145,309.48209199134203,0.9661597321428572,1.065224604978355,0,0,Rest,0.0,0.0,0.0,0.0,0.0,1,1
13,P13_MO_G3,MO,M,O21,14,2,254.2,17.54,8.85,12.861827956989247,55.4,11.245161290322583,869.3336666666667,23.399452124999996,1.0151901666666667,337.36972767857145,309.48209199134203,0.9661597321428572,1.065224604978355,0,0,Rest,0.0,0.0,0.0,0.0,0.0,1,1
13,P13_FUS_G1,FUS,F,O21,14,2,254.2,17.54,8.85,12.861827956989247,55.4,11.245161290322583,98.39322222222222,2.7628546049999994,0.8015988333333333,40.36328511904762,42.95580546536797,0.8185490550595238,0.8055517207792209,0,0,Rest,0.0,0.0,0.0,0.0,0.0,0,0
13,P13_FUS_G2,FUS,F,O21,14,2,254.2,17.54,8.85,12.861827956989247,55.4,11.245161290322583,98.39322222222222,2.7628546049999994,0.8015988333333333,40.36328511904762,42.95580546536797,0.8185490550595238,0.8055517207792209,0,0,Rest,0.0,0.0,0.0,0.0,0.0,0,0
13,P13_FUS_G3,FUS,F,O21,14,2,254.2,17.54,8.85,12.861827956989247,55.4,11.245161290322583,98.39322222222222,2.7628546049999994,0.8015988333333333,40.36328511904762,42.95580546536797,0.8185490550595238,0.8055517207792209,0,0,Rest,0.0,0.0,0.0,0.0,0.0,0,0
13,P13_MO_G1,MO,M,O22,15,2,359.8,22.05,11.17,12.09611111111111,135.4,10.541935483870969,763.2116666666666,22.227821249999998,0.946123,346.2878928571429,312.6351363636364,0.8873757142857143,1.024471590909091,0,0,Rest,1.7,18.0,14.0,8.63,4.0,1,1
13,P13_MO_G2,MO,M,O22,15,2,359.8,22.05,11.17,12.09611111111111,135.4,10.541935483870969,763.2116666666666,22.227821249999998,0.946123,346.2878928571429,312.6351363636364,0.8873757142857143,1.024471590909091,0,0,Rest,0.0,0.0,0.0,0.0,0.0,1,1
13,P13_MO_G3,MO,M,O22,15,2,359.8,22.05,11.17,12.09611111111111,135.4,10.541935483870969,763.2116666666666,22.227821249999998,0.946123,346.2878928571429,312.6351363636364,0.8873757142857143,1.024471590909091,0,0,Rest,1.91,16.0,16.0,3.44,0.0,1,1
13,P13_FUS_G1,FUS,F,O22,15,2,359.8,22.05,11.17,12.09611111111111,135.4,10.541935483870969,123.69233333333334,3.5108612099999994,0.7762381666666667,27.89552857142857,70.67542045454546,0.7888040476190477,0.8286827272727273,0,0,Rest,0.4,4.0,4.0,2.48,0.0,0,0
13,P13_FUS_G2,FUS,F,O22,15,2,359.8,22.05,11.17,12.09611111111111,135.4,10.541935483870969,123.69233333333334,3.5108612099999994,0.7762381666666667,27.89552857142857,70.67542045454546,0.7888040476190477,0.8286827272727273,0,0,Rest,4.7,13.0,9.0,0.0,4.0,0,0
13,P13_FUS_G3,FUS,F,O22,15,2,359.8,22.05,11.17,12.09611111111111,135.4,10.541935483870969,123.69233333333334,3.5108612099999994,0.7762381666666667,27.89552857142857,70.67542045454546,0.7888040476190477,0.8286827272727273,0,0,Rest,0.0,0.0,0.0,0.0,0.0,0,0
13,P13_MO_G1,MO,M,O24,16,2,456.0,23.82,13.0,11.275268817204301,168.5,11.658064516129032,653.3528333333334,18.470978024999997,0.9771891666666667,256.1499776785714,244.4850056818182,0.9689269196428572,1.0528023579545454,1,2,Transition,2.5,6.0,4.0,0.0,2.0,1,1
13,P13_MO_G2,MO,M,O24,16,2,456.0,23.82,13.0,11.275268817204301,168.5,11.658064516129032,653.3528333333334,18.470978024999997,0.9771891666666667,256.1499776785714,244.4850056818182,0.9689269196428572,1.0528023579545454,1,2,Transition,2.3,19.0,11.0,0.0,8.0,1,1
13,P13_MO_G3,MO,M,O24,16,2,456.0,23.82,13.0,11.275268817204301,168.5,11.658064516129032,653.3528333333334,18.470978024999997,0.9771891666666667,256.1499776785714,244.4850056818182,0.9689269196428572,1.0528023579545454,1,2,Transition,5.59,8.0,8.0,0.0,0.0,1,1
13,P13_FUS_G1,FUS,F,O24,16,2,456.0,23.82,13.0,11.275268817204301,168.5,11.658064516129032,113.35729166666667,3.2460577499999994,0.6530068333333333,24.833476785714282,63.56088731060606,0.5984275446428572,0.7441341761363636,1,2,Transition,19.3,9.0,9.0,195.78,0.0,0,0
13,P13_FUS_G2,FUS,F,O24,16,2,456.0,23.82,13.0,11.275268817204301,168.5,11.658064516129032,113.35729166666667,3.2460577499999994,0.6530068333333333,24.833476785714282,63.56088731060606,0.5984275446428572,0.7441341761363636,1,2,Transition,25.9,8.0,8.0,0.0,0.0,0,0
13,P13_FUS_G3,FUS,F,O24,16,2,456.0,23.82,13.0,11.275268817204301,168.5,11.658064516129032,113.35729166666667,3.2460577499999994,0.6530068333333333,24.833476785714282,63.56088731060606,0.5984275446428572,0.7441341761363636,1,2,Transition,6.8,5.0,3.0,0.0,2.0,0,0
13,P13_MO_G1,MO,M,O26,17,2,388.05,22.97,12.9,10.541111111111112,95.9,9.483333333333333,543.494,14.714134799999998,1.0082553333333333,166.01206249999998,176.334875,1.050478125,1.081133125,1,1,Growth,12.5,10.0,8.0,218.08,2.0,1,1
13,P13_MO_G2,MO,M,O26,17,2,388.05,22.97,12.9,10.541111111111112,95.9,9.483333333333333,543.494,14.714134799999998,1.0082553333333333,166.01206249999998,176.334875,1.050478125,1.081133125,1,1,Growth,2.3,6.0,6.0,0.0,0.0,1,1
13,P13_MO_G3,MO,M,O26,17,2,388.05,22.97,12.9,10.541111111111112,95.9,9.483333333333333,543.494,14.714134799999998,1.0082553333333333,166.01206249999998,176.334875,1.050478125,1.081133125,1,1,Growth,39.6,9.0,9.0,723.33,0.0,1,1
13,P13_FUS_G1,FUS,F,O26,17,2,388.05,22.97,12.9,10.541111111111112,95.9,9.483333333333333,103.02225,2.98125429,0.5297755,21.771424999999997,56.44635416666667,0.40805104166666667,0.659585625,1,1,Growth,16.3,1.0,1.0,718.58,0.0,0,0
13,P13_FUS_G2,FUS,F,O26,17,2,388.05,22.97,12.9,10.541111111111112,95.9,9.483333333333333,103.02225,2.98125429,0.5297755,21.771424999999997,56.44635416666667,0.40805104166666667,0.659585625,1,1,Growth,3.6,1.0,1.0,431.55,0.0,0,0
13,P13_FUS_G3,FUS,F,O26,17,2,388.05,22.97,12.9,10.541111111111112,95.9,9.483333333333333,103.02225,2.98125429,0.5297755,21.771424999999997,56.44635416666667,0.40805104166666667,0.659585625,1,1,Growth,0.1,0.0,0.0,9.92,0.0,0,0
13,P13_MO_G1,MO,M,O27,18,2,322.5,27.26,16.68,10.145698924731182,23.3,10.490322580645163,588.9449166666667,20.34104046,0.9725731666666666,234.0997395833333,440.4505625,0.9222220833333333,1.0517682291666666,0,2,Transition,0.6,0.0,0.0,36.24,0.0,1,1
13,P13_MO_G2,MO,M,O27,18,2,322.5,27.26,16.68,10.145698924731182,23.3,10.490322580645163,588.9449166666667,20.34104046,0.9725731666666666,234.0997395833333,440.4505625,0.9222220833333333,1.0517682291666666,0,2,Transition,0.0,0.0,0.0,0.0,0.0,1,1
13,P13_MO_G3,MO,M,O27,18,2,322.5,27.26,16.68,10.145698924731182,23.3,10.490322580645163,588.9449166666667,20.34104046,0.9725731666666666,234.0997395833333,440.4505625,0.9222220833333333,1.0517682291666666,0,2,Transition,0.0,0.0,0.0,57.46,0.0,1,1
13,P13_FUS_G1,FUS,F,O27,18,2,322.5,27.26,16.68,10.145698924731182,23.3,10.490322580645163,89.20676388888889,3.0331109649999997,0.5531994166666666,26.88743125,71.78180902777778,0.5250030208333333,0.6832235069444443,0,2,Transition,0.0,0.0,0.0,131.3,0.0,0,0
13,P13_FUS_G2,FUS,F,O27,18,2,322.5,27.26,16.68,10.145698924731182,23.3,10.490322580645163,89.20676388888889,3.0331109649999997,0.5531994166666666,26.88743125,71.78180902777778,0.5250030208333333,0.6832235069444443,0,2,Transition,0.0,0.0,0.0,0.0,0.0,0,0
13,P13_FUS_G3,FUS,F,O27,18,2,322.5,27.26,16.68,10.145698924731182,23.3,10.490322580645163,89.20676388888889,3.0331109649999997,0.5531994166666666,26.88743125,71.78180902777778,0.5250030208333333,0.6832235069444443,0,2,Transition,0.0,0.0,0.0,0.78,0.0,0,0
13,P13_MO_G1,MO,M,O29,19,2,779.8,28.02,17.42,10.325806451612904,187.5,9.98709677419355,634.3958333333334,25.96794612,0.9368909999999999,302.18741666666665,704.56625,0.7939660416666667,1.0224033333333333,0,0,Rest,0.0,0.0,0.0,0.0,0.0,1,1
13,P13_MO_G2,MO,M,O29,19,2,779.8,28.02,17.42,10.325806451612904,187.5,9.98709677419355,634.3958333333334,25.96794612,0.9368909999999999,302.18741666666665,704.56625,0.7939660416666667,1.0224033333333333,0,0,Rest,0.0,0.0,0.0,0.0,0.0,1,1
13,P13_MO_G3,MO,M,O29,19,2,779.8,28.02,17.42,10.325806451612904,187.5,9.98709677419355,634.3958333333334,25.96794612,0.9368909999999999,302.18741666666665,704.56625,0.7939660416666667,1.0224033333333333,0,0,Rest,0.0,0.0,0.0,0.0,0.0,1,1
13,P13_FUS_G1,FUS,F,O29,19,2,779.8,28.02,17.42,10.325806451612904,187.5,9.98709677419355,75.39127777777777,3.08496764,0.5766233333333333,32.0034375,87.11726388888889,0.6419549999999999,0.7068613888888888,0,0,Rest,0.0,0.0,0.0,0.0,0.0,0,0
13,P13_FUS_G2,FUS,F,O29,19,2,779.8,28.02,17.42,10.325806451612904,187.5,9.98709677419355,75.39127777777777,3.08496764,0.5766233333333333,32.0034375,87.11726388888889,0.6419549999999999,0.7068613888888888,0,0,Rest,0.0,0.0,0.0,0.0,0.0,0,0
13,P13_FUS_G3,FUS,F,O29,19,2,779.8,28.02,17.42,10.325806451612904,187.5,9.98709677419355,75.39127777777777,3.08496764,0.5766233333333333,32.0034375,87.11726388888889,0.6419549999999999,0.7068613888888888,0,0,Rest,0.0,0.0,0.0,0.0,0.0,0,0
13,P13_MO_G1,MO,M,O31,20,2,643.7,28.42,17.34,10.939880952380951,13.0,11.763178571428575,519.1779166666666,20.25661176,0.864286,244.32847023809524,538.8165113636363,0.7380058779761904,0.8837241666666666,1,2,Transition,0.0,0.0,0.0,0.0,1.0,1,1
13,P13_MO_G2,MO,M,O31,20,2,643.7,28.42,17.34,10.939880952380951,13.0,11.763178571428575,519.1779166666666,20.25661176,0.864286,244.32847023809524,538.8165113636363,0.7380058779761904,0.8837241666666666,1,2,Transition,0.0,0.0,0.0,0.0,0.0,1,1
13,P13_MO_G3,MO,M,O31,20,2,643.7,28.42,17.34,10.939880952380951,13.0,11.763178571428575,519.1779166666666,20.25661176,0.864286,244.32847023809524,538.8165113636363,0.7380058779761904,0.8837241666666666,1,2,Transition,0.0,0.0,0.0,0.0,0.0,1,1
13,P13_FUS_G1,FUS,F,O31,20,2,643.7,28.42,17.34,10.939880952380951,13.0,11.763178571428575,63.33105555555555,2.2653747895,0.616657,21.791160773809523,57.8394273989899,0.625140238095238,0.7060227398989898,1,2,Transition,0.0,0.0,0.0,0.0,0.0,0,0
13,P13_FUS_G2,FUS,F,O31,20,2,643.7,28.42,17.34,10.939880952380951,13.0,11.763178571428575,63.33105555555555,2.2653747895,0.616657,21.791160773809523,57.8394273989899,0.625140238095238,0.7060227398989898,1,2,Transition,0.0,0.0,0.0,0.0,0.0,0,0
13,P13_FUS_G3,FUS,F,O31,20,2,643.7,28.42,17.34,10.939880952380951,13.0,11.763178571428575,63.33105555555555,2.2653747895,0.616657,21.791160773809523,57.8394273989899,0.625140238095238,0.7060227398989898,1,2,Transition,0.0,0.0,0.0,0.0,0.0,0,0
13,P13_MO_G1,MO,M,O33,21,2,509.1,27.9,17.21,11.73225806451613,127.69999999999999,11.061290322580646,403.96,14.5452774,0.7916810000000001,186.46952380952382,373.0667727272727,0.6820457142857143,0.745045,1,1,Growth,0.0,0.0,0.0,0.0,0.0,1,1
13,P13_MO_G2,MO,M,O33,21,2,509.1,27.9,17.21,11.73225806451613,127.69999999999999,11.061290322580646,403.96,14.5452774,0.7916810000000001,186.46952380952382,373.0667727272727,0.6820457142857143,0.745045,1,1,Growth,0.0,26.0,16.0,0.0,10.0,1,1
13,P13_MO_G3,MO,M,O33,21,2,509.1,27.9,17.21,11.73225806451613,127.69999999999999,11.061290322580646,403.96,14.5452774,0.7916810000000001,186.46952380952382,373.0667727272727,0.6820457142857143,0.745045,1,1,Growth,9.1,24.0,18.0,127.09,6.0,1,1
13,P13_FUS_G1,FUS,F,O33,21,2,509.1,27.9,17.21,11.73225806451613,127.69999999999999,11.061290322580646,51.270833333333336,1.4457819389999997,0.6566906666666666,11.578884047619047,28.56159090909091,0.6083254761904762,0.7051840909090908,1,1,Growth,18.3,16.0,4.0,142.15,12.0,0,0
13,P13_FUS_G2,FUS,F,O33,21,2,509.1,27.9,17.21,11.73225806451613,127.69999999999999,11.061290322580646,51.270833333333336,1.4457819389999997,0.6566906666666666,11.578884047619047,28.56159090909091,0.6083254761904762,0.7051840909090908,1,1,Growth,0.0,0.0,0.0,0.0,0.0,0,0
13,P13_FUS_G3,FUS,F,O33,21,2,509.1,27.9,17.21,11.73225806451613,127.69999999999999,11.061290322580646,51.270833333333336,1.4457819389999997,0.6566906666666666,11.578884047619047,28.56159090909091,0.6083254761904762,0.7051840909090908,1,1,Growth,0.0,48.0,0.0,0.0,48.0,0,0
13,P13_MO_G1,MO,M,O35,22,2,501.15,25.0,16.32,12.550555555555555,194.0,7.8100000000000005,294.23741666666666,9.794062845,0.8190529166666667,115.70453221726191,237.7302792207792,0.7740194196428571,0.7850082142857142,1,1,Growth,0.0,0.0,0.0,0.0,0.0,1,1
13,P13_MO_G2,MO,M,O35,22,2,501.15,25.0,16.32,12.550555555555555,194.0,7.8100000000000005,294.23741666666666,9.794062845,0.8190529166666667,115.70453221726191,237.7302792207792,0.7740194196428571,0.7850082142857142,1,1,Growth,0.0,1.0,1.0,0.0,0.0,1,1
13,P13_MO_G3,MO,M,O35,22,2,501.15,25.0,16.32,12.550555555555555,194.0,7.8100000000000005,294.23741666666666,9.794062845,0.8190529166666667,115.70453221726191,237.7302792207792,0.7740194196428571,0.7850082142857142,1,1,Growth,9.5,6.0,6.0,122.92,0.0,1,1
13,P13_FUS_G1,FUS,F,O35,22,2,501.15,25.0,16.32,12.550555555555555,194.0,7.8100000000000005,56.19375,1.4463646094999998,0.7005171666666667,13.583049836309524,22.106589502164503,0.617539144345238,0.7611390692640693,1,1,Growth,4.7,0.0,0.0,317.94,0.0,0,0
13,P13_FUS_G2,FUS,F,O35,22,2,501.15,25.0,16.32,12.550555555555555,194.0,7.8100000000000005,56.19375,1.4463646094999998,0.7005171666666667,13.583049836309524,22.106589502164503,0.617539144345238,0.7611390692640693,1,1,Growth,0.0,0.0,0.0,0.0,0.0,0,0
13,P13_FUS_G3,FUS,F,O35,22,2,501.15,25.0,16.32,12.550555555555555,194.0,7.8100000000000005,56.19375,1.4463646094999998,0.7005171666666667,13.583049836309524,22.106589502164503,0.617539144345238,0.7611390692640693,1,1,Growth,0.0,0.0,0.0,0.0,0.0,0,0
13,P13_MO_G1,MO,M,O37,23,2,338.95,20.16,11.71,13.236979166666666,217.70000000000002,8.432258064516128,184.5148333333333,5.042848289999999,0.8464248333333334,44.939540625,102.39378571428571,0.865993125,0.8249714285714286,0,2,Transition,0.0,0.0,0.0,0.0,0.0,1,1
13,P13_MO_G2,MO,M,O37,23,2,338.95,20.16,11.71,13.236979166666666,217.70000000000002,8.432258064516128,184.5148333333333,5.042848289999999,0.8464248333333334,44.939540625,102.39378571428571,0.865993125,0.8249714285714286,0,2,Transition,0.0,0.0,0.0,0.0,0.0,1,1
13,P13_MO_G3,MO,M,O37,23,2,338.95,20.16,11.71,13.236979166666666,217.70000000000002,8.432258064516128,184.5148333333333,5.042848289999999,0.8464248333333334,44.939540625,102.39378571428571,0.865993125,0.8249714285714286,0,2,Transition,0.0,0.0,0.0,0.0,0.0,1,1
13,P13_FUS_G1,FUS,F,O37,23,2,338.95,20.16,11.71,13.236979166666666,217.70000000000002,8.432258064516128,61.11666666666667,1.4469472799999998,0.7443436666666667,15.587215624999999,15.651588095238097,0.6267528125,0.8170940476190477,0,2,Transition,0.0,0.0,0.0,14.15,0.0,0,0
13,P13_FUS_G2,FUS,F,O37,23,2,338.95,20.16,11.71,13.236979166666666,217.70000000000002,8.432258064516128,61.11666666666667,1.4469472799999998,0.7443436666666667,15.587215624999999,15.651588095238097,0.6267528125,0.8170940476190477,0,2,Transition,0.0,0.0,0.0,0.0,0.0,0,0
13,P13_FUS_G3,FUS,F,O37,23,2,338.95,20.16,11.71,13.236979166666666,217.70000000000002,8.432258064516128,61.11666666666667,1.4469472799999998,0.7443436666666667,15.587215624999999,15.651588095238097,0.6267528125,0.8170940476190477,0,2,Transition,0.0,0.0,0.0,0.0,0.0,0,0
13,P13_MO_G1,MO,M,O38,24,2,194.65,23.29,14.52,13.575,,,184.5148333333333,5.042848289999999,0.8464248333333334,44.939540625,102.39378571428571,0.865993125,0.8249714285714286,0,0,Rest,0.0,0.0,0.0,0.0,0.0,1,1
13,P13_MO_G2,MO,M,O38,24,2,194.65,23.29,14.52,13.575,,,184.5148333333333,5.042848289999999,0.8464248333333334,44.939540625,102.39378571428571,0.865993125,0.8249714285714286,0,0,Rest,0.0,0.0,0.0,0.0,0.0,1,1
13,P13_MO_G3,MO,M,O38,24,2,194.65,23.29,14.52,13.575,,,184.5148333333333,5.042848289999999,0.8464248333333334,44.939540625,102.39378571428571,0.865993125,0.8249714285714286,0,0,Rest,0.0,0.0,0.0,0.0,0.0,1,1
13,P13_FUS_G1,FUS,F,O38,24,2,194.65,23.29,14.52,13.575,,,61.11666666666667,1.4469472799999998,0.7443436666666667,15.587215624999999,15.651588095238097,0.6267528125,0.8170940476190477,0,0,Rest,0.0,0.0,0.0,0.0,0.0,0,0
13,P13_FUS_G2,FUS,F,O38,24,2,194.65,23.29,14.52,13.575,,,61.11666666666667,1.4469472799999998,0.7443436666666667,15.587215624999999,15.651588095238097,0.6267528125,0.8170940476190477,0,0,Rest,0.0,0.0,0.0,0.0,0.0,0,0
13,P13_FUS_G3,FUS,F,O38,24,2,194.65,23.29,14.52,13.575,,,61.11666666666667,1.4469472799999998,0.7443436666666667,15.587215624999999,15.651588095238097,0.6267528125,0.8170940476190477,0,0,Rest,0.0,0.0,0.0,0.0,0.0,0,0
14,P14_MO_G1,MO,M,O1,0,1,254.5,19.57,12.57,13.576666666666666,124.8,7.6,1474.3933333333332,39.508891999999996,1.1070321666666667,402.03898550724637,562.2480303030303,1.0804234782608695,1.1195831818181818,0,0,Rest,0.0,0.0,0.0,0.0,0.0,1,1
14,P14_MO_G2,MO,M,O1,0,1,254.5,19.57,12.57,13.576666666666666,124.8,7.6,1474.3933333333332,39.508891999999996,1.1070321666666667,402.03898550724637,562.2480303030303,1.0804234782608695,1.1195831818181818,0,0,Rest,0.0,0.0,0.0,0.0,0.0,1,1
14,P14_MO_G3,MO,M,O1,0,1,254.5,19.57,12.57,13.576666666666666,124.8,7.6,1474.3933333333332,39.508891999999996,1.1070321666666667,402.03898550724637,562.2480303030303,1.0804234782608695,1.1195831818181818,0,0,Rest,0.0,0.0,0.0,0.0,0.0,1,1
14,P14_FUS_G1,FUS,F,O1,0,1,254.5,19.57,12.57,13.576666666666666,124.8,7.6,168.69500000000002,5.280435,0.6713425555555556,47.088913043478264,120.765,0.7038765217391305,0.7234356060606061,0,0,Rest,0.0,0.0,0.0,0.0,0.0,0,0
14,P14_FUS_G2,FUS,F,O1,0,1,254.5,19.57,12.57,13.576666666666666,124.8,7.6,168.69500000000002,5.280435,0.6713425555555556,47.088913043478264,120.765,0.7038765217391305,0.7234356060606061,0,0,Rest,0.0,0.0,0.0,0.0,0.0,0,0
14,P14_FUS_G3,FUS,F,O1,0,1,254.5,19.57,12.57,13.576666666666666,124.8,7.6,168.69500000000002,5.280435,0.6713425555555556,47.088913043478264,120.765,0.7038765217391305,0.7234356060606061,0,0,Rest,0.0,0.0,0.0,0.0,0.0,0,0
14,P14_MO_G1,MO,M,O2,1,1,282.1,18.87,9.94,13.418279569892475,92.9,9.058064516129035,1474.3933333333332,39.508891999999996,1.1070321666666667,402.03898550724637,562.2480303030303,1.0804234782608695,1.1195831818181818,0,0,Rest,0.0,0.0,0.0,0.0,0.0,1,1
14,P14_MO_G2,MO,M,O2,1,1,282.1,18.87,9.94,13.418279569892475,92.9,9.058064516129035,1474.3933333333332,39.508891999999996,1.1070321666666667,402.03898550724637,562.2480303030303,1.0804234782608695,1.1195831818181818,0,0,Rest,0.0,0.0,0.0,0.0,0.0,1,1
14,P14_MO_G3,MO,M,O2,1,1,282.1,18.87,9.94,13.418279569892475,92.9,9.058064516129035,1474.3933333333332,39.508891999999996,1.1070321666666667,402.03898550724637,562.2480303030303,1.0804234782608695,1.1195831818181818,0,0,Rest,0.0,0.0,0.0,0.0,0.0,1,1
14,P14_FUS_G1,FUS,F,O2,1,1,282.1,18.87,9.94,13.418279569892475,92.9,9.058064516129035,168.69500000000002,5.280435,0.6713425555555556,47.088913043478264,120.765,0.7038765217391305,0.7234356060606061,0,0,Rest,0.0,0.0,0.0,0.0,0.0,0,0
14,P14_FUS_G2,FUS,F,O2,1,1,282.1,18.87,9.94,13.418279569892475,92.9,9.058064516129035,168.69500000000002,5.280435,0.6713425555555556,47.088913043478264,120.765,0.7038765217391305,0.7234356060606061,0,0,Rest,0.0,0.0,0.0,0.0,0.0,0,0
14,P14_FUS_G3,FUS,F,O2,1,1,282.1,18.87,9.94,13.418279569892475,92.9,9.058064516129035,168.69500000000002,5.280435,0.6713425555555556,47.088913043478264,120.765,0.7038765217391305,0.7234356060606061,0,0,Rest,0.0,0.0,0.0,0.0,0.0,0,0
14,P14_MO_G1,MO,M,O3,2,1,326.2,21.57,10.18,12.839247311827956,73.7,11.245161290322581,1474.3933333333332,39.508891999999996,1.1070321666666667,402.03898550724637,562.2480303030303,1.0804234782608695,1.1195831818181818,0,0,Rest,0.0,0.0,0.0,0.0,0.0,1,1
14,P14_MO_G2,MO,M,O3,2,1,326.2,21.57,10.18,12.839247311827956,73.7,11.245161290322581,1474.3933333333332,39.508891999999996,1.1070321666666667,402.03898550724637,562.2480303030303,1.0804234782608695,1.1195831818181818,0,0,Rest,0.0,0.0,0.0,0.0,0.0,1,1
14,P14_MO_G3,MO,M,O3,2,1,326.2,21.57,10.18,12.839247311827956,73.7,11.245161290322581,1474.3933333333332,39.508891999999996,1.1070321666666667,402.03898550724637,562.2480303030303,1.0804234782608695,1.1195831818181818,0,0,Rest,0.0,0.0,0.0,0.0,0.0,1,1
14,P14_FUS_G1,FUS,F,O3,2,1,326.2,21.57,10.18,12.839247311827956,73.7,11.245161290322581,168.69500000000002,5.280435,0.6713425555555556,47.088913043478264,120.765,0.7038765217391305,0.7234356060606061,0,0,Rest,3.0,15.0,7.0,8.39,8.0,0,0
14,P14_FUS_G2,FUS,F,O3,2,1,326.2,21.57,10.18,12.839247311827956,73.7,11.245161290322581,168.69500000000002,5.280435,0.6713425555555556,47.088913043478264,120.765,0.7038765217391305,0.7234356060606061,0,0,Rest,6.4,12.0,7.0,23.0,5.0,0,0
14,P14_FUS_G3,FUS,F,O3,2,1,326.2,21.57,10.18,12.839247311827956,73.7,11.245161290322581,168.69500000000002,5.280435,0.6713425555555556,47.088913043478264,120.765,0.7038765217391305,0.7234356060606061,0,0,Rest,0.0,0.0,0.0,0.0,0.0,0,0
14,P14_MO_G1,MO,M,O5,3,1,281.7,20.17,8.61,12.069444444444445,31.5,11.493333333333336,1474.3933333333332,39.508891999999996,1.1070321666666667,402.03898550724637,562.2480303030303,1.0804234782608695,1.1195831818181818,0,0,Rest,0.0,0.0,0.0,0.0,0.0,1,1
14,P14_MO_G2,MO,M,O5,3,1,281.7,20.17,8.61,12.069444444444445,31.5,11.493333333333336,1474.3933333333332,39.508891999999996,1.1070321666666667,402.03898550724637,562.2480303030303,1.0804234782608695,1.1195831818181818,0,0,Rest,0.0,0.0,0.0,0.0,0.0,1,1
14,P14_MO_G3,MO,M,O5,3,1,281.7,20.17,8.61,12.069444444444445,31.5,11.493333333333336,1474.3933333333332,39.508891999999996,1.1070321666666667,402.03898550724637,562.2480303030303,1.0804234782608695,1.1195831818181818,0,0,Rest,0.0,0.0,0.0,0.0,0.0,1,1
14,P14_FUS_G1,FUS,F,O5,3,1,281.7,20.17,8.61,12.069444444444445,31.5,11.493333333333336,168.69500000000002,5.280435,0.6713425555555556,47.088913043478264,120.765,0.7038765217391305,0.7234356060606061,0,0,Rest,5.7,7.0,5.0,158.78,2.0,0,0
14,P14_FUS_G2,FUS,F,O5,3,1,281.7,20.17,8.61,12.069444444444445,31.5,11.493333333333336,168.69500000000002,5.280435,0.6713425555555556,47.088913043478264,120.765,0.7038765217391305,0.7234356060606061,0,0,Rest,4.7,4.0,4.0,148.86,0.0,0,0
14,P14_FUS_G3,FUS,F,O5,3,1,281.7,20.17,8.61,12.069444444444445,31.5,11.493333333333336,168.69500000000002,5.280435,0.6713425555555556,47.088913043478264,120.765,0.7038765217391305,0.7234356060606061,0,0,Rest,4.7,7.0,4.0,19.77,3.0,0,0
14,P14_MO_G1,MO,M,O7,4,1,460.1,24.84,14.85,11.248924731182797,173.1,10.503225806451614,1653.4391666666666,47.820049149999996,1.1107365277777776,647.6092844202899,636.3643276515152,1.0865897946859904,1.1215947159090909,1,2,Transition,15.7,26.0,18.0,876.15,8.0,1,1
14,P14_MO_G2,MO,M,O7,4,1,460.1,24.84,14.85,11.248924731182797,173.1,10.503225806451614,1653.4391666666666,47.820049149999996,1.1107365277777776,647.6092844202899,636.3643276515152,1.0865897946859904,1.1215947159090909,1,2,Transition,20.6,41.0,23.0,766.48,18.0,1,1
14,P14_MO_G3,MO,M,O7,4,1,460.1,24.84,14.85,11.248924731182797,173.1,10.503225806451614,1653.4391666666666,47.820049149999996,1.1107365277777776,647.6092844202899,636.3643276515152,1.0865897946859904,1.1215947159090909,1,2,Transition,8.7,17.0,10.0,178.85,7.0,1,1
14,P14_FUS_G1,FUS,F,O7,4,1,460.1,24.84,14.85,11.248924731182797,173.1,10.503225806451614,125.61441666666667,3.834195,0.6907866944444445,40.06020652173913,74.78767708333334,0.5979687817028986,0.6854532196969697,1,2,Transition,9.3,7.0,6.0,199.88,1.0,0,0
14,P14_FUS_G2,FUS,F,O7,4,1,460.1,24.84,14.85,11.248924731182797,173.1,10.503225806451614,125.61441666666667,3.834195,0.6907866944444445,40.06020652173913,74.78767708333334,0.5979687817028986,0.6854532196969697,1,2,Transition,8.5,8.0,8.0,199.59,0.0,0,0
14,P14_FUS_G3,FUS,F,O7,4,1,460.1,24.84,14.85,11.248924731182797,173.1,10.503225806451614,125.61441666666667,3.834195,0.6907866944444445,40.06020652173913,74.78767708333334,0.5979687817028986,0.6854532196969697,1,2,Transition,5.8,2.0,2.0,190.81,0.0,0,0
14,P14_MO_G1,MO,M,O9,5,1,444.8,24.43,15.22,10.520555555555555,188.2,8.726666666666668,1832.4850000000001,56.131206299999995,1.1144408888888888,893.1795833333334,710.480625,1.092756111111111,1.12360625,1,1,Growth,10.3,14.0,14.0,349.49,0.0,1,1
14,P14_MO_G2,MO,M,O9,5,1,444.8,24.43,15.22,10.520555555555555,188.2,8.726666666666668,1832.4850000000001,56.131206299999995,1.1144408888888888,893.1795833333334,710.480625,1.092756111111111,1.12360625,1,1,Growth,8.2,12.0,10.0,472.63,2.0,1,1
14,P14_MO_G3,MO,M,O9,5,1,444.8,24.43,15.22,10.520555555555555,188.2,8.726666666666668,1832.4850000000001,56.131206299999995,1.1144408888888888,893.1795833333334,710.480625,1.092756111111111,1.12360625,1,1,Growth,8.4,11.0,11.0,435.42,0.0,1,1
14,P14_FUS_G1,FUS,F,O9,5,1,444.8,24.43,15.22,10.520555555555555,188.2,8.726666666666668,82.53383333333333,2.387955,0.7102308333333334,33.0315,28.810354166666666,0.49206104166666664,0.6474708333333333,1,1,Growth,8.5,15.0,14.0,460.75,1.0,0,0
14,P14_FUS_G2,FUS,F,O9,5,1,444.8,24.43,15.22,10.520555555555555,188.2,8.726666666666668,82.53383333333333,2.387955,0.7102308333333334,33.0315,28.810354166666666,0.49206104166666664,0.6474708333333333,1,1,Growth,9.7,4.0,4.0,522.4,0.0,0,0
14,P14_FUS_G3,FUS,F,O9,5,1,444.8,24.43,15.22,10.520555555555555,188.2,8.726666666666668,82.53383333333333,2.387955,0.7102308333333334,33.0315,28.810354166666666,0.49206104166666664,0.6474708333333333,1,1,Growth,3.0,2.0,2.0,118.5,0.0,0,0
14,P14_MO_G1,MO,M,O10,6,1,398.8,27.7,16.98,10.141935483870967,288.8,11.29032258064516,1705.0033333333336,53.21982704999999,1.0832638694444445,781.453125,779.0920833333333,1.0856867534722223,1.1087103333333332,1,1,Growth,0.5,1.0,1.0,108.95,0.0,1,1
14,P14_MO_G2,MO,M,O10,6,1,398.8,27.7,16.98,10.141935483870967,288.8,11.29032258064516,1705.0033333333336,53.21982704999999,1.0832638694444445,781.453125,779.0920833333333,1.0856867534722223,1.1087103333333332,1,1,Growth,0.3,1.0,1.0,35.15,0.0,1,1
14,P14_MO_G3,MO,M,O10,6,1,398.8,27.7,16.98,10.141935483870967,288.8,11.29032258064516,1705.0033333333336,53.21982704999999,1.0832638694444445,781.453125,779.0920833333333,1.0856867534722223,1.1087103333333332,1,1,Growth,0.7,1.0,1.0,62.38,0.0,1,1
14,P14_FUS_G1,FUS,F,O10,6,1,398.8,27.7,16.98,10.141935483870967,288.8,11.29032258064516,77.3835,2.9195848799999995,0.67345475,29.1351875,76.275625,0.5281754166666666,0.6392845833333334,1,1,Growth,3.0,0.0,0.0,60.25,0.0,0,0
14,P14_FUS_G2,FUS,F,O10,6,1,398.8,27.7,16.98,10.141935483870967,288.8,11.29032258064516,77.3835,2.9195848799999995,0.67345475,29.1351875,76.275625,0.5281754166666666,0.6392845833333334,1,1,Growth,1.5,0.0,0.0,31.85,0.0,0,0
14,P14_FUS_G3,FUS,F,O10,6,1,398.8,27.7,16.98,10.141935483870967,288.8,11.29032258064516,77.3835,2.9195848799999995,0.67345475,29.1351875,76.275625,0.5281754166666666,0.6392845833333334,1,1,Growth,0.0,0.0,0.0,0.0,0.0,0,0
14,P14_MO_G1,MO,M,O12,7,1,625.4,28.29,17.45,10.341397849462364,127.9,10.077419354838707,1577.5216666666668,50.308447799999996,1.05208685,669.7266666666667,847.7035416666666,1.0786173958333334,1.0938144166666668,1,1,Growth,0.2,1.0,1.0,45.0,0.0,1,1
14,P14_MO_G2,MO,M,O12,7,1,625.4,28.29,17.45,10.341397849462364,127.9,10.077419354838707,1577.5216666666668,50.308447799999996,1.05208685,669.7266666666667,847.7035416666666,1.0786173958333334,1.0938144166666668,1,1,Growth,0.0,0.0,0.0,0.0,0.0,1,1
14,P14_MO_G3,MO,M,O12,7,1,625.4,28.29,17.45,10.341397849462364,127.9,10.077419354838707,1577.5216666666668,50.308447799999996,1.05208685,669.7266666666667,847.7035416666666,1.0786173958333334,1.0938144166666668,1,1,Growth,0.0,0.0,0.0,0.0,0.0,1,1
14,P14_FUS_G1,FUS,F,O12,7,1,625.4,28.29,17.45,10.341397849462364,127.9,10.077419354838707,72.23316666666666,3.4512147599999996,0.6366786666666666,25.238874999999997,123.74089583333334,0.5642897916666666,0.6310983333333333,1,1,Growth,0.0,0.0,0.0,6.75,0.0,0,0
14,P14_FUS_G2,FUS,F,O12,7,1,625.4,28.29,17.45,10.341397849462364,127.9,10.077419354838707,72.23316666666666,3.4512147599999996,0.6366786666666666,25.238874999999997,123.74089583333334,0.5642897916666666,0.6310983333333333,1,1,Growth,0.0,0.0,0.0,2.5,0.0,0,0
14,P14_FUS_G3,FUS,F,O12,7,1,625.4,28.29,17.45,10.341397849462364,127.9,10.077419354838707,72.23316666666666,3.4512147599999996,0.6366786666666666,25.238874999999997,123.74089583333334,0.5642897916666666,0.6310983333333333,1,1,Growth,0.0,0.0,0.0,0.0,0.0,0,0
14,P14_MO_G1,MO,M,O13,8,1,384.6,28.3,18.44,10.964880952380952,82.2,10.859605911330046,1319.2091666666668,38.4755949,1.0561539249999998,486.70427083333334,549.7655803571429,1.0952947395833332,1.0710186369047618,1,1,Growth,9.8,13.0,3.0,25.0,10.0,1,1
14,P14_MO_G2,MO,M,O13,8,1,384.6,28.3,18.44,10.964880952380952,82.2,10.859605911330046,1319.2091666666668,38.4755949,1.0561539249999998,486.70427083333334,549.7655803571429,1.0952947395833332,1.0710186369047618,1,1,Growth,6.9,18.0,2.0,16.3,16.0,1,1
14,P14_MO_G3,MO,M,O13,8,1,384.6,28.3,18.44,10.964880952380952,82.2,10.859605911330046,1319.2091666666668,38.4755949,1.0561539249999998,486.70427083333334,549.7655803571429,1.0952947395833332,1.0710186369047618,1,1,Growth,0.0,0.0,0.0,0.0,0.0,1,1
14,P14_FUS_G1,FUS,F,O13,8,1,384.6,28.3,18.44,10.964880952380952,82.2,10.859605911330046,74.65858333333333,2.7920893799999997,0.6385324583333333,25.111104166666664,77.17282886904762,0.5553263541666666,0.6394401190476191,1,1,Growth,0.0,0.0,0.0,0.0,0.0,0,0
14,P14_FUS_G2,FUS,F,O13,8,1,384.6,28.3,18.44,10.964880952380952,82.2,10.859605911330046,74.65858333333333,2.7920893799999997,0.6385324583333333,25.111104166666664,77.17282886904762,0.5553263541666666,0.6394401190476191,1,1,Growth,0.0,0.0,0.0,0.0,0.0,0,0
14,P14_FUS_G3,FUS,F,O13,8,1,384.6,28.3,18.44,10.964880952380952,82.2,10.859605911330046,74.65858333333333,2.7920893799999997,0.6385324583333333,25.111104166666664,77.17282886904762,0.5553263541666666,0.6394401190476191,1,1,Growth,0.0,0.0,0.0,0.0,0.0,0,0
14,P14_MO_G1,MO,M,O15,9,1,699.6,27.02,16.29,11.759677419354839,95.3,11.606451612903225,1060.8966666666668,26.642742,1.0602209999999999,303.681875,251.82761904761907,1.1119720833333333,1.0482228571428571,1,1,Growth,21.1,18.0,18.0,552.3,0.0,1,1
14,P14_MO_G2,MO,M,O15,9,1,699.6,27.02,16.29,11.759677419354839,95.3,11.606451612903225,1060.8966666666668,26.642742,1.0602209999999999,303.681875,251.82761904761907,1.1119720833333333,1.0482228571428571,1,1,Growth,12.3,15.0,12.0,203.98,3.0,1,1
14,P14_MO_G3,MO,M,O15,9,1,699.6,27.02,16.29,11.759677419354839,95.3,11.606451612903225,1060.8966666666668,26.642742,1.0602209999999999,303.681875,251.82761904761907,1.1119720833333333,1.0482228571428571,1,1,Growth,14.3,12.0,6.0,111.85,6.0,1,1
14,P14_FUS_G1,FUS,F,O15,9,1,699.6,27.02,16.29,11.759677419354839,95.3,11.606451612903225,77.084,2.132964,0.6403862499999999,24.983333333333334,30.604761904761908,0.5463629166666667,0.6477819047619048,1,1,Growth,2.7,1.0,0.0,0.0,1.0,0,0
14,P14_FUS_G2,FUS,F,O15,9,1,699.6,27.02,16.29,11.759677419354839,95.3,11.606451612903225,77.084,2.132964,0.6403862499999999,24.983333333333334,30.604761904761908,0.5463629166666667,0.6477819047619048,1,1,Growth,6.7,13.0,2.0,17.5,11.0,0,0
14,P14_FUS_G3,FUS,F,O15,9,1,699.6,27.02,16.29,11.759677419354839,95.3,11.606451612903225,77.084,2.132964,0.6403862499999999,24.983333333333334,30.604761904761908,0.5463629166666667,0.6477819047619048,1,1,Growth,12.4,7.0,3.0,53.25,4.0,0,0
14,P14_MO_G1,MO,M,O17,10,1,508.8,27.73,16.19,12.576111111111112,163.9,10.340000000000002,799.5080222222223,19.434765328999998,1.0889678333333332,204.41720614583332,186.67474206349206,1.0415594791666667,1.058017619047619,1,1,Growth,0.5,0.0,0.0,24.9,0.0,1,1
14,P14_MO_G2,MO,M,O17,10,1,508.8,27.73,16.19,12.576111111111112,163.9,10.340000000000002,799.5080222222223,19.434765328999998,1.0889678333333332,204.41720614583332,186.67474206349206,1.0415594791666667,1.058017619047619,1,1,Growth,0.3,3.0,3.0,29.95,0.0,1,1
14,P14_MO_G3,MO,M,O17,10,1,508.8,27.73,16.19,12.576111111111112,163.9,10.340000000000002,799.5080222222223,19.434765328999998,1.0889678333333332,204.41720614583332,186.67474206349206,1.0415594791666667,1.058017619047619,1,1,Growth,1.7,2.0,2.0,51.3,0.0,1,1
14,P14_FUS_G1,FUS,F,O17,10,1,508.8,27.73,16.19,12.576111111111112,163.9,10.340000000000002,53.55433888888889,1.4964096199999999,0.6967120694444444,15.62109375,25.593096825396827,0.5926528125,0.6640030952380953,1,1,Growth,0.0,0.0,0.0,0.0,0.0,0,0
14,P14_FUS_G2,FUS,F,O17,10,1,508.8,27.73,16.19,12.576111111111112,163.9,10.340000000000002,53.55433888888889,1.4964096199999999,0.6967120694444444,15.62109375,25.593096825396827,0.5926528125,0.6640030952380953,1,1,Growth,0.2,2.0,0.0,0.0,2.0,0,0
14,P14_FUS_G3,FUS,F,O17,10,1,508.8,27.73,16.19,12.576111111111112,163.9,10.340000000000002,53.55433888888889,1.4964096199999999,0.6967120694444444,15.62109375,25.593096825396827,0.5926528125,0.6640030952380953,1,1,Growth,2.8,5.0,1.0,21.25,4.0,0,0
14,P14_MO_G1,MO,M,O18,11,1,257.35,20.67,12.78,13.238888888888889,111.4,6.282795698924733,538.1193777777778,12.226788657999998,1.1177146666666666,105.15253729166666,121.52186507936507,0.971146875,1.067812380952381,0,2,Transition,0.0,0.0,0.0,0.0,0.0,1,1
14,P14_MO_G2,MO,M,O18,11,1,257.35,20.67,12.78,13.238888888888889,111.4,6.282795698924733,538.1193777777778,12.226788657999998,1.1177146666666666,105.15253729166666,121.52186507936507,0.971146875,1.067812380952381,0,2,Transition,0.0,0.0,0.0,0.0,0.0,1,1
14,P14_MO_G3,MO,M,O18,11,1,257.35,20.67,12.78,13.238888888888889,111.4,6.282795698924733,538.1193777777778,12.226788657999998,1.1177146666666666,105.15253729166666,121.52186507936507,0.971146875,1.067812380952381,0,2,Transition,0.0,0.0,0.0,0.0,0.0,1,1
14,P14_FUS_G1,FUS,F,O18,11,1,257.35,20.67,12.78,13.238888888888889,111.4,6.282795698924733,30.02467777777778,0.8598552399999999,0.7530378888888889,6.258854166666667,20.581431746031747,0.6389427083333333,0.6802242857142857,0,2,Transition,0.0,0.0,0.0,0.0,0.0,0,0
14,P14_FUS_G2,FUS,F,O18,11,1,257.35,20.67,12.78,13.238888888888889,111.4,6.282795698924733,30.02467777777778,0.8598552399999999,0.7530378888888889,6.258854166666667,20.581431746031747,0.6389427083333333,0.6802242857142857,0,2,Transition,0.0,0.0,0.0,0.0,0.0,0,0
14,P14_FUS_G3,FUS,F,O18,11,1,257.35,20.67,12.78,13.238888888888889,111.4,6.282795698924733,30.02467777777778,0.8598552399999999,0.7530378888888889,6.258854166666667,20.581431746031747,0.6389427083333333,0.6802242857142857,0,2,Transition,0.0,0.0,0.0,0.0,0.0,0,0
14,P14_MO_G1,MO,M,O19,12,2,268.5,16.82,9.45,13.573333333333332,52.8,8.499999999999998,756.7875222222222,18.398935829,1.100986,216.80204989583336,213.92545634920634,1.0080453125,1.086895,0,0,Rest,0.0,0.0,0.0,0.0,5.0,1,1
14,P14_MO_G2,MO,M,O19,12,2,268.5,16.82,9.45,13.573333333333332,52.8,8.499999999999998,756.7875222222222,18.398935829,1.100986,216.80204989583336,213.92545634920634,1.0080453125,1.086895,0,0,Rest,0.0,0.0,0.0,0.0,9.0,1,1
14,P14_MO_G3,MO,M,O19,12,2,268.5,16.82,9.45,13.573333333333332,52.8,8.499999999999998,756.7875222222222,18.398935829,1.100986,216.80204989583336,213.92545634920634,1.0080453125,1.086895,0,0,Rest,0.0,0.0,0.0,0.0,4.0,1,1
14,P14_FUS_G1,FUS,F,O19,12,2,268.5,16.82,9.45,13.573333333333332,52.8,8.499999999999998,51.55939444444445,1.4373516199999998,0.7899986944444444,29.544947916666665,17.908811111111113,0.7436183854166667,0.7313225000000001,0,0,Rest,0.0,0.0,0.0,0.0,5.0,0,0
14,P14_FUS_G2,FUS,F,O19,12,2,268.5,16.82,9.45,13.573333333333332,52.8,8.499999999999998,51.55939444444445,1.4373516199999998,0.7899986944444444,29.544947916666665,17.908811111111113,0.7436183854166667,0.7313225000000001,0,0,Rest,0.0,0.0,0.0,0.0,0.0,0,0
14,P14_FUS_G3,FUS,F,O19,12,2,268.5,16.82,9.45,13.573333333333332,52.8,8.499999999999998,51.55939444444445,1.4373516199999998,0.7899986944444444,29.544947916666665,17.908811111111113,0.7436183854166667,0.7313225000000001,0,0,Rest,0.0,0.0,0.0,0.0,0.0,0,0
14,P14_MO_G1,MO,M,O20,13,2,332.9,20.05,12.15,13.431182795698925,128.5,6.55247311827957,975.4556666666666,24.571082999999998,1.0842573333333334,328.4515625,306.3290476190476,1.04494375,1.105977619047619,0,0,Rest,0.0,0.0,0.0,0.0,7.0,1,1
14,P14_MO_G2,MO,M,O20,13,2,332.9,20.05,12.15,13.431182795698925,128.5,6.55247311827957,975.4556666666666,24.571082999999998,1.0842573333333334,328.4515625,306.3290476190476,1.04494375,1.105977619047619,0,0,Rest,0.0,0.0,0.0,0.0,15.0,1,1
14,P14_MO_G3,MO,M,O20,13,2,332.9,20.05,12.15,13.431182795698925,128.5,6.55247311827957,975.4556666666666,24.571082999999998,1.0842573333333334,328.4515625,306.3290476190476,1.04494375,1.105977619047619,0,0,Rest,0.0,0.0,0.0,0.0,0.0,1,1
14,P14_FUS_G1,FUS,F,O20,13,2,332.9,20.05,12.15,13.431182795698925,128.5,6.55247311827957,73.09411111111112,2.0148479999999998,0.8269595,52.831041666666664,15.236190476190476,0.8482940625,0.7824207142857144,0,0,Rest,0.0,0.0,0.0,0.0,8.0,0,0
14,P14_FUS_G2,FUS,F,O20,13,2,332.9,20.05,12.15,13.431182795698925,128.5,6.55247311827957,73.09411111111112,2.0148479999999998,0.8269595,52.831041666666664,15.236190476190476,0.8482940625,0.7824207142857144,0,0,Rest,0.0,0.0,0.0,0.0,6.0,0,0
14,P14_FUS_G3,FUS,F,O20,13,2,332.9,20.05,12.15,13.431182795698925,128.5,6.55247311827957,73.09411111111112,2.0148479999999998,0.8269595,52.831041666666664,15.236190476190476,0.8482940625,0.7824207142857144,0,0,Rest,0.0,0.0,0.0,0.0,5.0,0,0
14,P14_MO_G1,MO,M,O21,14,2,254.2,17.54,8.85,12.861827956989247,55.4,11.245161290322583,869.3336666666667,23.399452124999996,1.0151901666666667,337.36972767857145,309.48209199134203,0.9661597321428572,1.065224604978355,0,0,Rest,0.0,0.0,0.0,0.0,0.0,1,1
14,P14_MO_G2,MO,M,O21,14,2,254.2,17.54,8.85,12.861827956989247,55.4,11.245161290322583,869.3336666666667,23.399452124999996,1.0151901666666667,337.36972767857145,309.48209199134203,0.9661597321428572,1.065224604978355,0,0,Rest,0.0,0.0,0.0,0.0,0.0,1,1
14,P14_MO_G3,MO,M,O21,14,2,254.2,17.54,8.85,12.861827956989247,55.4,11.245161290322583,869.3336666666667,23.399452124999996,1.0151901666666667,337.36972767857145,309.48209199134203,0.9661597321428572,1.065224604978355,0,0,Rest,0.0,0.0,0.0,0.0,0.0,1,1
14,P14_FUS_G1,FUS,F,O21,14,2,254.2,17.54,8.85,12.861827956989247,55.4,11.245161290322583,98.39322222222222,2.7628546049999994,0.8015988333333333,40.36328511904762,42.95580546536797,0.8185490550595238,0.8055517207792209,0,0,Rest,0.0,0.0,0.0,0.0,0.0,0,0
14,P14_FUS_G2,FUS,F,O21,14,2,254.2,17.54,8.85,12.861827956989247,55.4,11.245161290322583,98.39322222222222,2.7628546049999994,0.8015988333333333,40.36328511904762,42.95580546536797,0.8185490550595238,0.8055517207792209,0,0,Rest,0.0,0.0,0.0,0.0,0.0,0,0
14,P14_FUS_G3,FUS,F,O21,14,2,254.2,17.54,8.85,12.861827956989247,55.4,11.245161290322583,98.39322222222222,2.7628546049999994,0.8015988333333333,40.36328511904762,42.95580546536797,0.8185490550595238,0.8055517207792209,0,0,Rest,0.0,0.0,0.0,0.0,0.0,0,0
14,P14_MO_G1,MO,M,O22,15,2,359.8,22.05,11.17,12.09611111111111,135.4,10.541935483870969,763.2116666666666,22.227821249999998,0.946123,346.2878928571429,312.6351363636364,0.8873757142857143,1.024471590909091,0,0,Rest,0.0,0.0,0.0,0.0,0.0,1,1
14,P14_MO_G2,MO,M,O22,15,2,359.8,22.05,11.17,12.09611111111111,135.4,10.541935483870969,763.2116666666666,22.227821249999998,0.946123,346.2878928571429,312.6351363636364,0.8873757142857143,1.024471590909091,0,0,Rest,1.6,15.0,0.0,5.34,15.0,1,1
14,P14_MO_G3,MO,M,O22,15,2,359.8,22.05,11.17,12.09611111111111,135.4,10.541935483870969,763.2116666666666,22.227821249999998,0.946123,346.2878928571429,312.6351363636364,0.8873757142857143,1.024471590909091,0,0,Rest,0.0,0.0,0.0,0.0,0.0,1,1
14,P14_FUS_G1,FUS,F,O22,15,2,359.8,22.05,11.17,12.09611111111111,135.4,10.541935483870969,123.69233333333334,3.5108612099999994,0.7762381666666667,27.89552857142857,70.67542045454546,0.7888040476190477,0.8286827272727273,0,0,Rest,0.3,3.0,3.0,5.7,0.0,0,0
14,P14_FUS_G2,FUS,F,O22,15,2,359.8,22.05,11.17,12.09611111111111,135.4,10.541935483870969,123.69233333333334,3.5108612099999994,0.7762381666666667,27.89552857142857,70.67542045454546,0.7888040476190477,0.8286827272727273,0,0,Rest,2.3,5.0,3.0,12.75,2.0,0,0
14,P14_FUS_G3,FUS,F,O22,15,2,359.8,22.05,11.17,12.09611111111111,135.4,10.541935483870969,123.69233333333334,3.5108612099999994,0.7762381666666667,27.89552857142857,70.67542045454546,0.7888040476190477,0.8286827272727273,0,0,Rest,6.1,11.0,7.0,40.5,4.0,0,0
14,P14_MO_G1,MO,M,O24,16,2,456.0,23.82,13.0,11.275268817204301,168.5,11.658064516129032,653.3528333333334,18.470978024999997,0.9771891666666667,256.1499776785714,244.4850056818182,0.9689269196428572,1.0528023579545454,1,2,Transition,4.6,20.0,17.0,0.0,3.0,1,1
14,P14_MO_G2,MO,M,O24,16,2,456.0,23.82,13.0,11.275268817204301,168.5,11.658064516129032,653.3528333333334,18.470978024999997,0.9771891666666667,256.1499776785714,244.4850056818182,0.9689269196428572,1.0528023579545454,1,2,Transition,1.3,5.0,5.0,0.0,0.0,1,1
14,P14_MO_G3,MO,M,O24,16,2,456.0,23.82,13.0,11.275268817204301,168.5,11.658064516129032,653.3528333333334,18.470978024999997,0.9771891666666667,256.1499776785714,244.4850056818182,0.9689269196428572,1.0528023579545454,1,2,Transition,3.9,18.0,13.0,0.0,5.0,1,1
14,P14_FUS_G1,FUS,F,O24,16,2,456.0,23.82,13.0,11.275268817204301,168.5,11.658064516129032,113.35729166666667,3.2460577499999994,0.6530068333333333,24.833476785714282,63.56088731060606,0.5984275446428572,0.7441341761363636,1,2,Transition,22.0,9.0,9.0,272.86,0.0,0,0
14,P14_FUS_G2,FUS,F,O24,16,2,456.0,23.82,13.0,11.275268817204301,168.5,11.658064516129032,113.35729166666667,3.2460577499999994,0.6530068333333333,24.833476785714282,63.56088731060606,0.5984275446428572,0.7441341761363636,1,2,Transition,4.3,2.0,2.0,182.5,0.0,0,0
14,P14_FUS_G3,FUS,F,O24,16,2,456.0,23.82,13.0,11.275268817204301,168.5,11.658064516129032,113.35729166666667,3.2460577499999994,0.6530068333333333,24.833476785714282,63.56088731060606,0.5984275446428572,0.7441341761363636,1,2,Transition,23.6,11.0,11.0,470.78,0.0,0,0
14,P14_MO_G1,MO,M,O26,17,2,388.05,22.97,12.9,10.541111111111112,95.9,9.483333333333333,543.494,14.714134799999998,1.0082553333333333,166.01206249999998,176.334875,1.050478125,1.081133125,1,1,Growth,14.9,1.0,1.0,223.84,0.0,1,1
14,P14_MO_G2,MO,M,O26,17,2,388.05,22.97,12.9,10.541111111111112,95.9,9.483333333333333,543.494,14.714134799999998,1.0082553333333333,166.01206249999998,176.334875,1.050478125,1.081133125,1,1,Growth,13.4,15.0,10.0,342.84,5.0,1,1
14,P14_MO_G3,MO,M,O26,17,2,388.05,22.97,12.9,10.541111111111112,95.9,9.483333333333333,543.494,14.714134799999998,1.0082553333333333,166.01206249999998,176.334875,1.050478125,1.081133125,1,1,Growth,12.1,0.0,0.0,232.68,0.0,1,1
14,P14_FUS_G1,FUS,F,O26,17,2,388.05,22.97,12.9,10.541111111111112,95.9,9.483333333333333,103.02225,2.98125429,0.5297755,21.771424999999997,56.44635416666667,0.40805104166666667,0.659585625,1,1,Growth,13.5,4.0,4.0,585.4,0.0,0,0
14,P14_FUS_G2,FUS,F,O26,17,2,388.05,22.97,12.9,10.541111111111112,95.9,9.483333333333333,103.02225,2.98125429,0.5297755,21.771424999999997,56.44635416666667,0.40805104166666667,0.659585625,1,1,Growth,10.2,3.0,1.0,0.0,2.0,0,0
14,P14_FUS_G3,FUS,F,O26,17,2,388.05,22.97,12.9,10.541111111111112,95.9,9.483333333333333,103.02225,2.98125429,0.5297755,21.771424999999997,56.44635416666667,0.40805104166666667,0.659585625,1,1,Growth,8.9,0.0,0.0,487.28,0.0,0,0
14,P14_MO_G1,MO,M,O27,18,2,322.5,27.26,16.68,10.145698924731182,23.3,10.490322580645163,588.9449166666667,20.34104046,0.9725731666666666,234.0997395833333,440.4505625,0.9222220833333333,1.0517682291666666,0,2,Transition,0.0,0.0,0.0,0.0,0.0,1,1
14,P14_MO_G2,MO,M,O27,18,2,322.5,27.26,16.68,10.145698924731182,23.3,10.490322580645163,588.9449166666667,20.34104046,0.9725731666666666,234.0997395833333,440.4505625,0.9222220833333333,1.0517682291666666,0,2,Transition,0.1,1.0,1.0,27.33,0.0,1,1
14,P14_MO_G3,MO,M,O27,18,2,322.5,27.26,16.68,10.145698924731182,23.3,10.490322580645163,588.9449166666667,20.34104046,0.9725731666666666,234.0997395833333,440.4505625,0.9222220833333333,1.0517682291666666,0,2,Transition,0.0,0.0,0.0,0.0,0.0,1,1
14,P14_FUS_G1,FUS,F,O27,18,2,322.5,27.26,16.68,10.145698924731182,23.3,10.490322580645163,89.20676388888889,3.0331109649999997,0.5531994166666666,26.88743125,71.78180902777778,0.5250030208333333,0.6832235069444443,0,2,Transition,0.6,0.0,0.0,115.09,0.0,0,0
14,P14_FUS_G2,FUS,F,O27,18,2,322.5,27.26,16.68,10.145698924731182,23.3,10.490322580645163,89.20676388888889,3.0331109649999997,0.5531994166666666,26.88743125,71.78180902777778,0.5250030208333333,0.6832235069444443,0,2,Transition,0.0,0.0,0.0,244.9,0.0,0,0
14,P14_FUS_G3,FUS,F,O27,18,2,322.5,27.26,16.68,10.145698924731182,23.3,10.490322580645163,89.20676388888889,3.0331109649999997,0.5531994166666666,26.88743125,71.78180902777778,0.5250030208333333,0.6832235069444443,0,2,Transition,0.3,0.0,0.0,18.63,0.0,0,0
14,P14_MO_G1,MO,M,O29,19,2,779.8,28.02,17.42,10.325806451612904,187.5,9.98709677419355,634.3958333333334,25.96794612,0.9368909999999999,302.18741666666665,704.56625,0.7939660416666667,1.0224033333333333,0,0,Rest,0.0,0.0,0.0,0.0,0.0,1,1
14,P14_MO_G2,MO,M,O29,19,2,779.8,28.02,17.42,10.325806451612904,187.5,9.98709677419355,634.3958333333334,25.96794612,0.9368909999999999,302.18741666666665,704.56625,0.7939660416666667,1.0224033333333333,0,0,Rest,0.0,0.0,0.0,0.0,0.0,1,1
14,P14_MO_G3,MO,M,O29,19,2,779.8,28.02,17.42,10.325806451612904,187.5,9.98709677419355,634.3958333333334,25.96794612,0.9368909999999999,302.18741666666665,704.56625,0.7939660416666667,1.0224033333333333,0,0,Rest,0.0,0.0,0.0,0.0,0.0,1,1
14,P14_FUS_G1,FUS,F,O29,19,2,779.8,28.02,17.42,10.325806451612904,187.5,9.98709677419355,75.39127777777777,3.08496764,0.5766233333333333,32.0034375,87.11726388888889,0.6419549999999999,0.7068613888888888,0,0,Rest,0.0,0.0,0.0,0.0,0.0,0,0
14,P14_FUS_G2,FUS,F,O29,19,2,779.8,28.02,17.42,10.325806451612904,187.5,9.98709677419355,75.39127777777777,3.08496764,0.5766233333333333,32.0034375,87.11726388888889,0.6419549999999999,0.7068613888888888,0,0,Rest,0.0,0.0,0.0,0.0,0.0,0,0
14,P14_FUS_G3,FUS,F,O29,19,2,779.8,28.02,17.42,10.325806451612904,187.5,9.98709677419355,75.39127777777777,3.08496764,0.5766233333333333,32.0034375,87.11726388888889,0.6419549999999999,0.7068613888888888,0,0,Rest,0.0,0.0,0.0,0.0,0.0,0,0
14,P14_MO_G1,MO,M,O31,20,2,643.7,28.42,17.34,10.939880952380951,13.0,11.763178571428575,519.1779166666666,20.25661176,0.864286,244.32847023809524,538.8165113636363,0.7380058779761904,0.8837241666666666,1,2,Transition,0.0,0.0,0.0,0.0,0.0,1,1
14,P14_MO_G2,MO,M,O31,20,2,643.7,28.42,17.34,10.939880952380951,13.0,11.763178571428575,519.1779166666666,20.25661176,0.864286,244.32847023809524,538.8165113636363,0.7380058779761904,0.8837241666666666,1,2,Transition,0.0,0.0,0.0,0.0,0.0,1,1
14,P14_MO_G3,MO,M,O31,20,2,643.7,28.42,17.34,10.939880952380951,13.0,11.763178571428575,519.1779166666666,20.25661176,0.864286,244.32847023809524,538.8165113636363,0.7380058779761904,0.8837241666666666,1,2,Transition,0.0,0.0,0.0,0.0,0.0,1,1
14,P14_FUS_G1,FUS,F,O31,20,2,643.7,28.42,17.34,10.939880952380951,13.0,11.763178571428575,63.33105555555555,2.2653747895,0.616657,21.791160773809523,57.8394273989899,0.625140238095238,0.7060227398989898,1,2,Transition,16.2,11.0,11.0,87.96,0.0,0,0
14,P14_FUS_G2,FUS,F,O31,20,2,643.7,28.42,17.34,10.939880952380951,13.0,11.763178571428575,63.33105555555555,2.2653747895,0.616657,21.791160773809523,57.8394273989899,0.625140238095238,0.7060227398989898,1,2,Transition,0.0,0.0,0.0,0.0,0.0,0,0
14,P14_FUS_G3,FUS,F,O31,20,2,643.7,28.42,17.34,10.939880952380951,13.0,11.763178571428575,63.33105555555555,2.2653747895,0.616657,21.791160773809523,57.8394273989899,0.625140238095238,0.7060227398989898,1,2,Transition,12.1,4.0,4.0,33.11,0.0,0,0
14,P14_MO_G1,MO,M,O33,21,2,509.1,27.9,17.21,11.73225806451613,127.69999999999999,11.061290322580646,403.96,14.5452774,0.7916810000000001,186.46952380952382,373.0667727272727,0.6820457142857143,0.745045,1,1,Growth,0.0,0.0,0.0,0.0,0.0,1,1
14,P14_MO_G2,MO,M,O33,21,2,509.1,27.9,17.21,11.73225806451613,127.69999999999999,11.061290322580646,403.96,14.5452774,0.7916810000000001,186.46952380952382,373.0667727272727,0.6820457142857143,0.745045,1,1,Growth,0.0,0.0,0.0,0.0,0.0,1,1
14,P14_MO_G3,MO,M,O33,21,2,509.1,27.9,17.21,11.73225806451613,127.69999999999999,11.061290322580646,403.96,14.5452774,0.7916810000000001,186.46952380952382,373.0667727272727,0.6820457142857143,0.745045,1,1,Growth,0.0,0.0,0.0,0.0,0.0,1,1
14,P14_FUS_G1,FUS,F,O33,21,2,509.1,27.9,17.21,11.73225806451613,127.69999999999999,11.061290322580646,51.270833333333336,1.4457819389999997,0.6566906666666666,11.578884047619047,28.56159090909091,0.6083254761904762,0.7051840909090908,1,1,Growth,11.9,12.0,7.0,265.6,5.0,0,0
14,P14_FUS_G2,FUS,F,O33,21,2,509.1,27.9,17.21,11.73225806451613,127.69999999999999,11.061290322580646,51.270833333333336,1.4457819389999997,0.6566906666666666,11.578884047619047,28.56159090909091,0.6083254761904762,0.7051840909090908,1,1,Growth,0.0,0.0,0.0,0.0,0.0,0,0
14,P14_FUS_G3,FUS,F,O33,21,2,509.1,27.9,17.21,11.73225806451613,127.69999999999999,11.061290322580646,51.270833333333336,1.4457819389999997,0.6566906666666666,11.578884047619047,28.56159090909091,0.6083254761904762,0.7051840909090908,1,1,Growth,0.0,10.0,0.0,0.0,10.0,0,0
14,P14_MO_G1,MO,M,O35,22,2,501.15,25.0,16.32,12.550555555555555,194.0,7.8100000000000005,294.23741666666666,9.794062845,0.8190529166666667,115.70453221726191,237.7302792207792,0.7740194196428571,0.7850082142857142,1,1,Growth,0.0,0.0,0.0,0.0,0.0,1,1
14,P14_MO_G2,MO,M,O35,22,2,501.15,25.0,16.32,12.550555555555555,194.0,7.8100000000000005,294.23741666666666,9.794062845,0.8190529166666667,115.70453221726191,237.7302792207792,0.7740194196428571,0.7850082142857142,1,1,Growth,0.0,0.0,0.0,0.0,0.0,1,1
14,P14_MO_G3,MO,M,O35,22,2,501.15,25.0,16.32,12.550555555555555,194.0,7.8100000000000005,294.23741666666666,9.794062845,0.8190529166666667,115.70453221726191,237.7302792207792,0.7740194196428571,0.7850082142857142,1,1,Growth,0.0,0.0,0.0,0.0,0.0,1,1
14,P14_FUS_G1,FUS,F,O35,22,2,501.15,25.0,16.32,12.550555555555555,194.0,7.8100000000000005,56.19375,1.4463646094999998,0.7005171666666667,13.583049836309524,22.106589502164503,0.617539144345238,0.7611390692640693,1,1,Growth,0.0,2.0,0.0,0.0,2.0,0,0
14,P14_FUS_G2,FUS,F,O35,22,2,501.15,25.0,16.32,12.550555555555555,194.0,7.8100000000000005,56.19375,1.4463646094999998,0.7005171666666667,13.583049836309524,22.106589502164503,0.617539144345238,0.7611390692640693,1,1,Growth,0.0,0.0,0.0,0.0,0.0,0,0
14,P14_FUS_G3,FUS,F,O35,22,2,501.15,25.0,16.32,12.550555555555555,194.0,7.8100000000000005,56.19375,1.4463646094999998,0.7005171666666667,13.583049836309524,22.106589502164503,0.617539144345238,0.7611390692640693,1,1,Growth,5.1,4.0,4.0,268.93,0.0,0,0
14,P14_MO_G1,MO,M,O37,23,2,338.95,20.16,11.71,13.236979166666666,217.70000000000002,8.432258064516128,184.5148333333333,5.042848289999999,0.8464248333333334,44.939540625,102.39378571428571,0.865993125,0.8249714285714286,0,2,Transition,0.0,0.0,0.0,0.0,0.0,1,1
14,P14_MO_G2,MO,M,O37,23,2,338.95,20.16,11.71,13.236979166666666,217.70000000000002,8.432258064516128,184.5148333333333,5.042848289999999,0.8464248333333334,44.939540625,102.39378571428571,0.865993125,0.8249714285714286,0,2,Transition,0.0,0.0,0.0,0.0,0.0,1,1
14,P14_MO_G3,MO,M,O37,23,2,338.95,20.16,11.71,13.236979166666666,217.70000000000002,8.432258064516128,184.5148333333333,5.042848289999999,0.8464248333333334,44.939540625,102.39378571428571,0.865993125,0.8249714285714286,0,2,Transition,0.0,0.0,0.0,0.0,0.0,1,1
14,P14_FUS_G1,FUS,F,O37,23,2,338.95,20.16,11.71,13.236979166666666,217.70000000000002,8.432258064516128,61.11666666666667,1.4469472799999998,0.7443436666666667,15.587215624999999,15.651588095238097,0.6267528125,0.8170940476190477,0,2,Transition,2.2,1.0,1.0,248.44,0.0,0,0
14,P14_FUS_G2,FUS,F,O37,23,2,338.95,20.16,11.71,13.236979166666666,217.70000000000002,8.432258064516128,61.11666666666667,1.4469472799999998,0.7443436666666667,15.587215624999999,15.651588095238097,0.6267528125,0.8170940476190477,0,2,Transition,0.0,0.0,0.0,0.0,0.0,0,0
14,P14_FUS_G3,FUS,F,O37,23,2,338.95,20.16,11.71,13.236979166666666,217.70000000000002,8.432258064516128,61.11666666666667,1.4469472799999998,0.7443436666666667,15.587215624999999,15.651588095238097,0.6267528125,0.8170940476190477,0,2,Transition,0.2,0.0,0.0,36.52,0.0,0,0
14,P14_MO_G1,MO,M,O38,24,2,194.65,23.29,14.52,13.575,,,184.5148333333333,5.042848289999999,0.8464248333333334,44.939540625,102.39378571428571,0.865993125,0.8249714285714286,0,0,Rest,0.0,0.0,0.0,0.0,0.0,1,1
14,P14_MO_G2,MO,M,O38,24,2,194.65,23.29,14.52,13.575,,,184.5148333333333,5.042848289999999,0.8464248333333334,44.939540625,102.39378571428571,0.865993125,0.8249714285714286,0,0,Rest,0.0,0.0,0.0,0.0,0.0,1,1
14,P14_MO_G3,MO,M,O38,24,2,194.65,23.29,14.52,13.575,,,184.5148333333333,5.042848289999999,0.8464248333333334,44.939540625,102.39378571428571,0.865993125,0.8249714285714286,0,0,Rest,0.0,0.0,0.0,0.0,0.0,1,1
14,P14_FUS_G1,FUS,F,O38,24,2,194.65,23.29,14.52,13.575,,,61.11666666666667,1.4469472799999998,0.7443436666666667,15.587215624999999,15.651588095238097,0.6267528125,0.8170940476190477,0,0,Rest,0.0,0.0,0.0,0.0,0.0,0,0
14,P14_FUS_G2,FUS,F,O38,24,2,194.65,23.29,14.52,13.575,,,61.11666666666667,1.4469472799999998,0.7443436666666667,15.587215624999999,15.651588095238097,0.6267528125,0.8170940476190477,0,0,Rest,0.0,0.0,0.0,0.0,0.0,0,0
14,P14_FUS_G3,FUS,F,O38,24,2,194.65,23.29,14.52,13.575,,,61.11666666666667,1.4469472799999998,0.7443436666666667,15.587215624999999,15.651588095238097,0.6267528125,0.8170940476190477,0,0,Rest,0.0,0.0,0.0,0.0,0.0,0,0
15,P15_MO_G1,MO,M,O1,0,1,254.5,19.57,12.57,13.576666666666666,124.8,7.6,1474.3933333333332,39.508891999999996,1.1070321666666667,402.03898550724637,562.2480303030303,1.0804234782608695,1.1195831818181818,0,0,Rest,0.0,0.0,0.0,0.0,0.0,1,1
15,P15_MO_G2,MO,M,O1,0,1,254.5,19.57,12.57,13.576666666666666,124.8,7.6,1474.3933333333332,39.508891999999996,1.1070321666666667,402.03898550724637,562.2480303030303,1.0804234782608695,1.1195831818181818,0,0,Rest,0.0,0.0,0.0,0.0,0.0,1,1
15,P15_MO_G3,MO,M,O1,0,1,254.5,19.57,12.57,13.576666666666666,124.8,7.6,1474.3933333333332,39.508891999999996,1.1070321666666667,402.03898550724637,562.2480303030303,1.0804234782608695,1.1195831818181818,0,0,Rest,0.0,0.0,0.0,0.0,0.0,1,1
15,P15_FUS_G1,FUS,F,O1,0,1,254.5,19.57,12.57,13.576666666666666,124.8,7.6,168.69500000000002,5.280435,0.6713425555555556,47.088913043478264,120.765,0.7038765217391305,0.7234356060606061,0,0,Rest,0.0,0.0,0.0,0.0,0.0,0,0
15,P15_FUS_G2,FUS,F,O1,0,1,254.5,19.57,12.57,13.576666666666666,124.8,7.6,168.69500000000002,5.280435,0.6713425555555556,47.088913043478264,120.765,0.7038765217391305,0.7234356060606061,0,0,Rest,0.0,0.0,0.0,0.0,0.0,0,0
15,P15_FUS_G3,FUS,F,O1,0,1,254.5,19.57,12.57,13.576666666666666,124.8,7.6,168.69500000000002,5.280435,0.6713425555555556,47.088913043478264,120.765,0.7038765217391305,0.7234356060606061,0,0,Rest,0.0,0.0,0.0,0.0,0.0,0,0
15,P15_MO_G1,MO,M,O2,1,1,282.1,18.87,9.94,13.418279569892475,92.9,9.058064516129035,1474.3933333333332,39.508891999999996,1.1070321666666667,402.03898550724637,562.2480303030303,1.0804234782608695,1.1195831818181818,0,0,Rest,0.0,0.0,0.0,0.0,0.0,1,1
15,P15_MO_G2,MO,M,O2,1,1,282.1,18.87,9.94,13.418279569892475,92.9,9.058064516129035,1474.3933333333332,39.508891999999996,1.1070321666666667,402.03898550724637,562.2480303030303,1.0804234782608695,1.1195831818181818,0,0,Rest,0.0,0.0,0.0,0.0,0.0,1,1
15,P15_MO_G3,MO,M,O2,1,1,282.1,18.87,9.94,13.418279569892475,92.9,9.058064516129035,1474.3933333333332,39.508891999999996,1.1070321666666667,402.03898550724637,562.2480303030303,1.0804234782608695,1.1195831818181818,0,0,Rest,0.0,0.0,0.0,0.0,0.0,1,1
15,P15_FUS_G1,FUS,F,O2,1,1,282.1,18.87,9.94,13.418279569892475,92.9,9.058064516129035,168.69500000000002,5.280435,0.6713425555555556,47.088913043478264,120.765,0.7038765217391305,0.7234356060606061,0,0,Rest,0.8,6.0,3.0,1.58,3.0,0,0
15,P15_FUS_G2,FUS,F,O2,1,1,282.1,18.87,9.94,13.418279569892475,92.9,9.058064516129035,168.69500000000002,5.280435,0.6713425555555556,47.088913043478264,120.765,0.7038765217391305,0.7234356060606061,0,0,Rest,1.5,11.0,7.0,3.32,4.0,0,0
15,P15_FUS_G3,FUS,F,O2,1,1,282.1,18.87,9.94,13.418279569892475,92.9,9.058064516129035,168.69500000000002,5.280435,0.6713425555555556,47.088913043478264,120.765,0.7038765217391305,0.7234356060606061,0,0,Rest,0.0,0.0,0.0,0.0,0.0,0,0
15,P15_MO_G1,MO,M,O3,2,1,326.2,21.57,10.18,12.839247311827956,73.7,11.245161290322581,1474.3933333333332,39.508891999999996,1.1070321666666667,402.03898550724637,562.2480303030303,1.0804234782608695,1.1195831818181818,0,0,Rest,0.0,0.0,0.0,0.0,0.0,1,1
15,P15_MO_G2,MO,M,O3,2,1,326.2,21.57,10.18,12.839247311827956,73.7,11.245161290322581,1474.3933333333332,39.508891999999996,1.1070321666666667,402.03898550724637,562.2480303030303,1.0804234782608695,1.1195831818181818,0,0,Rest,0.0,0.0,0.0,0.0,0.0,1,1
15,P15_MO_G3,MO,M,O3,2,1,326.2,21.57,10.18,12.839247311827956,73.7,11.245161290322581,1474.3933333333332,39.508891999999996,1.1070321666666667,402.03898550724637,562.2480303030303,1.0804234782608695,1.1195831818181818,0,0,Rest,0.0,0.0,0.0,0.0,0.0,1,1
15,P15_FUS_G1,FUS,F,O3,2,1,326.2,21.57,10.18,12.839247311827956,73.7,11.245161290322581,168.69500000000002,5.280435,0.6713425555555556,47.088913043478264,120.765,0.7038765217391305,0.7234356060606061,0,0,Rest,5.1,5.0,4.0,31.24,1.0,0,0
15,P15_FUS_G2,FUS,F,O3,2,1,326.2,21.57,10.18,12.839247311827956,73.7,11.245161290322581,168.69500000000002,5.280435,0.6713425555555556,47.088913043478264,120.765,0.7038765217391305,0.7234356060606061,0,0,Rest,0.9,0.0,0.0,21.28,0.0,0,0
15,P15_FUS_G3,FUS,F,O3,2,1,326.2,21.57,10.18,12.839247311827956,73.7,11.245161290322581,168.69500000000002,5.280435,0.6713425555555556,47.088913043478264,120.765,0.7038765217391305,0.7234356060606061,0,0,Rest,0.0,0.0,0.0,0.0,0.0,0,0
15,P15_MO_G1,MO,M,O5,3,1,281.7,20.17,8.61,12.069444444444445,31.5,11.493333333333336,1474.3933333333332,39.508891999999996,1.1070321666666667,402.03898550724637,562.2480303030303,1.0804234782608695,1.1195831818181818,0,0,Rest,0.0,0.0,0.0,0.0,0.0,1,1
15,P15_MO_G2,MO,M,O5,3,1,281.7,20.17,8.61,12.069444444444445,31.5,11.493333333333336,1474.3933333333332,39.508891999999996,1.1070321666666667,402.03898550724637,562.2480303030303,1.0804234782608695,1.1195831818181818,0,0,Rest,0.0,0.0,0.0,0.0,0.0,1,1
15,P15_MO_G3,MO,M,O5,3,1,281.7,20.17,8.61,12.069444444444445,31.5,11.493333333333336,1474.3933333333332,39.508891999999996,1.1070321666666667,402.03898550724637,562.2480303030303,1.0804234782608695,1.1195831818181818,0,0,Rest,0.0,0.0,0.0,0.0,0.0,1,1
15,P15_FUS_G1,FUS,F,O5,3,1,281.7,20.17,8.61,12.069444444444445,31.5,11.493333333333336,168.69500000000002,5.280435,0.6713425555555556,47.088913043478264,120.765,0.7038765217391305,0.7234356060606061,0,0,Rest,4.0,1.0,1.0,93.68,0.0,0,0
15,P15_FUS_G2,FUS,F,O5,3,1,281.7,20.17,8.61,12.069444444444445,31.5,11.493333333333336,168.69500000000002,5.280435,0.6713425555555556,47.088913043478264,120.765,0.7038765217391305,0.7234356060606061,0,0,Rest,6.2,1.0,1.0,140.25,0.0,0,0
15,P15_FUS_G3,FUS,F,O5,3,1,281.7,20.17,8.61,12.069444444444445,31.5,11.493333333333336,168.69500000000002,5.280435,0.6713425555555556,47.088913043478264,120.765,0.7038765217391305,0.7234356060606061,0,0,Rest,0.0,0.0,0.0,0.0,0.0,0,0
15,P15_MO_G1,MO,M,O7,4,1,460.1,24.84,14.85,11.248924731182797,173.1,10.503225806451614,1653.4391666666666,47.820049149999996,1.1107365277777776,647.6092844202899,636.3643276515152,1.0865897946859904,1.1215947159090909,1,2,Transition,15.4,15.0,12.0,368.7,3.0,1,1
15,P15_MO_G2,MO,M,O7,4,1,460.1,24.84,14.85,11.248924731182797,173.1,10.503225806451614,1653.4391666666666,47.820049149999996,1.1107365277777776,647.6092844202899,636.3643276515152,1.0865897946859904,1.1215947159090909,1,2,Transition,13.9,17.0,12.0,468.1,5.0,1,1
15,P15_MO_G3,MO,M,O7,4,1,460.1,24.84,14.85,11.248924731182797,173.1,10.503225806451614,1653.4391666666666,47.820049149999996,1.1107365277777776,647.6092844202899,636.3643276515152,1.0865897946859904,1.1215947159090909,1,2,Transition,16.5,30.0,12.0,509.8,18.0,1,1
15,P15_FUS_G1,FUS,F,O7,4,1,460.1,24.84,14.85,11.248924731182797,173.1,10.503225806451614,125.61441666666667,3.834195,0.6907866944444445,40.06020652173913,74.78767708333334,0.5979687817028986,0.6854532196969697,1,2,Transition,8.2,8.0,8.0,101.44,0.0,0,0
15,P15_FUS_G2,FUS,F,O7,4,1,460.1,24.84,14.85,11.248924731182797,173.1,10.503225806451614,125.61441666666667,3.834195,0.6907866944444445,40.06020652173913,74.78767708333334,0.5979687817028986,0.6854532196969697,1,2,Transition,19.5,7.0,7.0,341.01,0.0,0,0
15,P15_FUS_G3,FUS,F,O7,4,1,460.1,24.84,14.85,11.248924731182797,173.1,10.503225806451614,125.61441666666667,3.834195,0.6907866944444445,40.06020652173913,74.78767708333334,0.5979687817028986,0.6854532196969697,1,2,Transition,22.7,28.0,20.0,312.74,8.0,0,0
15,P15_MO_G1,MO,M,O9,5,1,444.8,24.43,15.22,10.520555555555555,188.2,8.726666666666668,1832.4850000000001,56.131206299999995,1.1144408888888888,893.1795833333334,710.480625,1.092756111111111,1.12360625,1,1,Growth,15.2,5.0,5.0,554.55,0.0,1,1
15,P15_MO_G2,MO,M,O9,5,1,444.8,24.43,15.22,10.520555555555555,188.2,8.726666666666668,1832.4850000000001,56.131206299999995,1.1144408888888888,893.1795833333334,710.480625,1.092756111111111,1.12360625,1,1,Growth,27.0,13.0,13.0,1201.15,0.0,1,1
15,P15_MO_G3,MO,M,O9,5,1,444.8,24.43,15.22,10.520555555555555,188.2,8.726666666666668,1832.4850000000001,56.131206299999995,1.1144408888888888,893.1795833333334,710.480625,1.092756111111111,1.12360625,1,1,Growth,16.5,9.0,9.0,838.28,0.0,1,1
15,P15_FUS_G1,FUS,F,O9,5,1,444.8,24.43,15.22,10.520555555555555,188.2,8.726666666666668,82.53383333333333,2.387955,0.7102308333333334,33.0315,28.810354166666666,0.49206104166666664,0.6474708333333333,1,1,Growth,4.2,3.0,2.0,169.78,1.0,0,0
15,P15_FUS_G2,FUS,F,O9,5,1,444.8,24.43,15.22,10.520555555555555,188.2,8.726666666666668,82.53383333333333,2.387955,0.7102308333333334,33.0315,28.810354166666666,0.49206104166666664,0.6474708333333333,1,1,Growth,2.8,0.0,0.0,250.1,0.0,0,0
15,P15_FUS_G3,FUS,F,O9,5,1,444.8,24.43,15.22,10.520555555555555,188.2,8.726666666666668,82.53383333333333,2.387955,0.7102308333333334,33.0315,28.810354166666666,0.49206104166666664,0.6474708333333333,1,1,Growth,10.4,0.0,0.0,606.17,1.0,0,0
15,P15_MO_G1,MO,M,O10,6,1,398.8,27.7,16.98,10.141935483870967,288.8,11.29032258064516,1705.0033333333336,53.21982704999999,1.0832638694444445,781.453125,779.0920833333333,1.0856867534722223,1.1087103333333332,1,1,Growth,0.3,1.0,1.0,103.1,0.0,1,1
15,P15_MO_G2,MO,M,O10,6,1,398.8,27.7,16.98,10.141935483870967,288.8,11.29032258064516,1705.0033333333336,53.21982704999999,1.0832638694444445,781.453125,779.0920833333333,1.0856867534722223,1.1087103333333332,1,1,Growth,9.0,7.0,7.0,601.35,0.0,1,1
15,P15_MO_G3,MO,M,O10,6,1,398.8,27.7,16.98,10.141935483870967,288.8,11.29032258064516,1705.0033333333336,53.21982704999999,1.0832638694444445,781.453125,779.0920833333333,1.0856867534722223,1.1087103333333332,1,1,Growth,0.3,0.0,0.0,64.12,0.0,1,1
15,P15_FUS_G1,FUS,F,O10,6,1,398.8,27.7,16.98,10.141935483870967,288.8,11.29032258064516,77.3835,2.9195848799999995,0.67345475,29.1351875,76.275625,0.5281754166666666,0.6392845833333334,1,1,Growth,0.1,0.0,0.0,11.65,0.0,0,0
15,P15_FUS_G2,FUS,F,O10,6,1,398.8,27.7,16.98,10.141935483870967,288.8,11.29032258064516,77.3835,2.9195848799999995,0.67345475,29.1351875,76.275625,0.5281754166666666,0.6392845833333334,1,1,Growth,0.0,0.0,0.0,14.5,0.0,0,0
15,P15_FUS_G3,FUS,F,O10,6,1,398.8,27.7,16.98,10.141935483870967,288.8,11.29032258064516,77.3835,2.9195848799999995,0.67345475,29.1351875,76.275625,0.5281754166666666,0.6392845833333334,1,1,Growth,0.0,0.0,0.0,24.4,0.0,0,0
15,P15_MO_G1,MO,M,O12,7,1,625.4,28.29,17.45,10.341397849462364,127.9,10.077419354838707,1577.5216666666668,50.308447799999996,1.05208685,669.7266666666667,847.7035416666666,1.0786173958333334,1.0938144166666668,1,1,Growth,23.4,20.0,13.0,483.65,7.0,1,1
15,P15_MO_G2,MO,M,O12,7,1,625.4,28.29,17.45,10.341397849462364,127.9,10.077419354838707,1577.5216666666668,50.308447799999996,1.05208685,669.7266666666667,847.7035416666666,1.0786173958333334,1.0938144166666668,1,1,Growth,43.0,22.0,18.0,751.94,4.0,1,1
15,P15_MO_G3,MO,M,O12,7,1,625.4,28.29,17.45,10.341397849462364,127.9,10.077419354838707,1577.5216666666668,50.308447799999996,1.05208685,669.7266666666667,847.7035416666666,1.0786173958333334,1.0938144166666668,1,1,Growth,0.0,0.0,0.0,0.0,0.0,1,1
15,P15_FUS_G1,FUS,F,O12,7,1,625.4,28.29,17.45,10.341397849462364,127.9,10.077419354838707,72.23316666666666,3.4512147599999996,0.6366786666666666,25.238874999999997,123.74089583333334,0.5642897916666666,0.6310983333333333,1,1,Growth,0.0,0.0,0.0,0.0,0.0,0,0
15,P15_FUS_G2,FUS,F,O12,7,1,625.4,28.29,17.45,10.341397849462364,127.9,10.077419354838707,72.23316666666666,3.4512147599999996,0.6366786666666666,25.238874999999997,123.74089583333334,0.5642897916666666,0.6310983333333333,1,1,Growth,0.0,0.0,0.0,0.0,0.0,0,0
15,P15_FUS_G3,FUS,F,O12,7,1,625.4,28.29,17.45,10.341397849462364,127.9,10.077419354838707,72.23316666666666,3.4512147599999996,0.6366786666666666,25.238874999999997,123.74089583333334,0.5642897916666666,0.6310983333333333,1,1,Growth,0.5,0.0,0.0,0.0,0.0,0,0
15,P15_MO_G1,MO,M,O13,8,1,384.6,28.3,18.44,10.964880952380952,82.2,10.859605911330046,1319.2091666666668,38.4755949,1.0561539249999998,486.70427083333334,549.7655803571429,1.0952947395833332,1.0710186369047618,1,1,Growth,15.4,5.0,4.0,308.85,1.0,1,1
15,P15_MO_G2,MO,M,O13,8,1,384.6,28.3,18.44,10.964880952380952,82.2,10.859605911330046,1319.2091666666668,38.4755949,1.0561539249999998,486.70427083333334,549.7655803571429,1.0952947395833332,1.0710186369047618,1,1,Growth,22.5,10.0,10.0,738.06,0.0,1,1
15,P15_MO_G3,MO,M,O13,8,1,384.6,28.3,18.44,10.964880952380952,82.2,10.859605911330046,1319.2091666666668,38.4755949,1.0561539249999998,486.70427083333334,549.7655803571429,1.0952947395833332,1.0710186369047618,1,1,Growth,7.8,13.0,6.0,165.65,7.0,1,1
15,P15_FUS_G1,FUS,F,O13,8,1,384.6,28.3,18.44,10.964880952380952,82.2,10.859605911330046,74.65858333333333,2.7920893799999997,0.6385324583333333,25.111104166666664,77.17282886904762,0.5553263541666666,0.6394401190476191,1,1,Growth,0.0,0.0,0.0,0.0,0.0,0,0
15,P15_FUS_G2,FUS,F,O13,8,1,384.6,28.3,18.44,10.964880952380952,82.2,10.859605911330046,74.65858333333333,2.7920893799999997,0.6385324583333333,25.111104166666664,77.17282886904762,0.5553263541666666,0.6394401190476191,1,1,Growth,0.0,0.0,0.0,0.0,0.0,0,0
15,P15_FUS_G3,FUS,F,O13,8,1,384.6,28.3,18.44,10.964880952380952,82.2,10.859605911330046,74.65858333333333,2.7920893799999997,0.6385324583333333,25.111104166666664,77.17282886904762,0.5553263541666666,0.6394401190476191,1,1,Growth,0.3,1.0,1.0,115.5,0.0,0,0
15,P15_MO_G1,MO,M,O15,9,1,699.6,27.02,16.29,11.759677419354839,95.3,11.606451612903225,1060.8966666666668,26.642742,1.0602209999999999,303.681875,251.82761904761907,1.1119720833333333,1.0482228571428571,1,1,Growth,5.3,3.0,0.0,43.2,3.0,1,1
15,P15_MO_G2,MO,M,O15,9,1,699.6,27.02,16.29,11.759677419354839,95.3,11.606451612903225,1060.8966666666668,26.642742,1.0602209999999999,303.681875,251.82761904761907,1.1119720833333333,1.0482228571428571,1,1,Growth,45.9,25.0,25.0,1517.18,0.0,1,1
15,P15_MO_G3,MO,M,O15,9,1,699.6,27.02,16.29,11.759677419354839,95.3,11.606451612903225,1060.8966666666668,26.642742,1.0602209999999999,303.681875,251.82761904761907,1.1119720833333333,1.0482228571428571,1,1,Growth,1.0,0.0,0.0,78.05,0.0,1,1
15,P15_FUS_G1,FUS,F,O15,9,1,699.6,27.02,16.29,11.759677419354839,95.3,11.606451612903225,77.084,2.132964,0.6403862499999999,24.983333333333334,30.604761904761908,0.5463629166666667,0.6477819047619048,1,1,Growth,7.4,5.0,4.0,85.5,1.0,0,0
15,P15_FUS_G2,FUS,F,O15,9,1,699.6,27.02,16.29,11.759677419354839,95.3,11.606451612903225,77.084,2.132964,0.6403862499999999,24.983333333333334,30.604761904761908,0.5463629166666667,0.6477819047619048,1,1,Growth,6.6,10.0,5.0,14.0,5.0,0,0
15,P15_FUS_G3,FUS,F,O15,9,1,699.6,27.02,16.29,11.759677419354839,95.3,11.606451612903225,77.084,2.132964,0.6403862499999999,24.983333333333334,30.604761904761908,0.5463629166666667,0.6477819047619048,1,1,Growth,16.1,19.0,15.0,188.38,4.0,0,0
15,P15_MO_G1,MO,M,O17,10,1,508.8,27.73,16.19,12.576111111111112,163.9,10.340000000000002,799.5080222222223,19.434765328999998,1.0889678333333332,204.41720614583332,186.67474206349206,1.0415594791666667,1.058017619047619,1,1,Growth,21.0,16.0,11.0,514.93,5.0,1,1
15,P15_MO_G2,MO,M,O17,10,1,508.8,27.73,16.19,12.576111111111112,163.9,10.340000000000002,799.5080222222223,19.434765328999998,1.0889678333333332,204.41720614583332,186.67474206349206,1.0415594791666667,1.058017619047619,1,1,Growth,11.1,11.0,7.0,407.3,4.0,1,1
15,P15_MO_G3,MO,M,O17,10,1,508.8,27.73,16.19,12.576111111111112,163.9,10.340000000000002,799.5080222222223,19.434765328999998,1.0889678333333332,204.41720614583332,186.67474206349206,1.0415594791666667,1.058017619047619,1,1,Growth,13.5,16.0,7.0,143.5,9.0,1,1
15,P15_FUS_G1,FUS,F,O17,10,1,508.8,27.73,16.19,12.576111111111112,163.9,10.340000000000002,53.55433888888889,1.4964096199999999,0.6967120694444444,15.62109375,25.593096825396827,0.5926528125,0.6640030952380953,1,1,Growth,0.0,0.0,0.0,0.75,0.0,0,0
15,P15_FUS_G2,FUS,F,O17,10,1,508.8,27.73,16.19,12.576111111111112,163.9,10.340000000000002,53.55433888888889,1.4964096199999999,0.6967120694444444,15.62109375,25.593096825396827,0.5926528125,0.6640030952380953,1,1,Growth,1.5,1.0,1.0,31.5,0.0,0,0
15,P15_FUS_G3,FUS,F,O17,10,1,508.8,27.73,16.19,12.576111111111112,163.9,10.340000000000002,53.55433888888889,1.4964096199999999,0.6967120694444444,15.62109375,25.593096825396827,0.5926528125,0.6640030952380953,1,1,Growth,2.1,1.0,1.0,84.05,0.0,0,0
15,P15_MO_G1,MO,M,O18,11,1,257.35,20.67,12.78,13.238888888888889,111.4,6.282795698924733,538.1193777777778,12.226788657999998,1.1177146666666666,105.15253729166666,121.52186507936507,0.971146875,1.067812380952381,0,2,Transition,0.0,0.0,0.0,0.0,0.0,1,1
15,P15_MO_G2,MO,M,O18,11,1,257.35,20.67,12.78,13.238888888888889,111.4,6.282795698924733,538.1193777777778,12.226788657999998,1.1177146666666666,105.15253729166666,121.52186507936507,0.971146875,1.067812380952381,0,2,Transition,0.0,0.0,0.0,0.0,0.0,1,1
15,P15_MO_G3,MO,M,O18,11,1,257.35,20.67,12.78,13.238888888888889,111.4,6.282795698924733,538.1193777777778,12.226788657999998,1.1177146666666666,105.15253729166666,121.52186507936507,0.971146875,1.067812380952381,0,2,Transition,0.0,0.0,0.0,0.0,0.0,1,1
15,P15_FUS_G1,FUS,F,O18,11,1,257.35,20.67,12.78,13.238888888888889,111.4,6.282795698924733,30.02467777777778,0.8598552399999999,0.7530378888888889,6.258854166666667,20.581431746031747,0.6389427083333333,0.6802242857142857,0,2,Transition,0.0,0.0,0.0,0.0,0.0,0,0
15,P15_FUS_G2,FUS,F,O18,11,1,257.35,20.67,12.78,13.238888888888889,111.4,6.282795698924733,30.02467777777778,0.8598552399999999,0.7530378888888889,6.258854166666667,20.581431746031747,0.6389427083333333,0.6802242857142857,0,2,Transition,0.0,0.0,0.0,0.0,0.0,0,0
15,P15_FUS_G3,FUS,F,O18,11,1,257.35,20.67,12.78,13.238888888888889,111.4,6.282795698924733,30.02467777777778,0.8598552399999999,0.7530378888888889,6.258854166666667,20.581431746031747,0.6389427083333333,0.6802242857142857,0,2,Transition,0.0,0.0,0.0,0.0,0.0,0,0
15,P15_MO_G1,MO,M,O19,12,2,268.5,16.82,9.45,13.573333333333332,52.8,8.499999999999998,756.7875222222222,18.398935829,1.100986,216.80204989583336,213.92545634920634,1.0080453125,1.086895,0,0,Rest,0.0,0.0,0.0,0.0,16.0,1,1
15,P15_MO_G2,MO,M,O19,12,2,268.5,16.82,9.45,13.573333333333332,52.8,8.499999999999998,756.7875222222222,18.398935829,1.100986,216.80204989583336,213.92545634920634,1.0080453125,1.086895,0,0,Rest,0.0,0.0,0.0,0.0,16.0,1,1
15,P15_MO_G3,MO,M,O19,12,2,268.5,16.82,9.45,13.573333333333332,52.8,8.499999999999998,756.7875222222222,18.398935829,1.100986,216.80204989583336,213.92545634920634,1.0080453125,1.086895,0,0,Rest,0.0,0.0,0.0,0.0,0.0,1,1
15,P15_FUS_G1,FUS,F,O19,12,2,268.5,16.82,9.45,13.573333333333332,52.8,8.499999999999998,51.55939444444445,1.4373516199999998,0.7899986944444444,29.544947916666665,17.908811111111113,0.7436183854166667,0.7313225000000001,0,0,Rest,0.0,0.0,0.0,0.0,15.0,0,0
15,P15_FUS_G2,FUS,F,O19,12,2,268.5,16.82,9.45,13.573333333333332,52.8,8.499999999999998,51.55939444444445,1.4373516199999998,0.7899986944444444,29.544947916666665,17.908811111111113,0.7436183854166667,0.7313225000000001,0,0,Rest,0.0,0.0,0.0,0.0,0.0,0,0
15,P15_FUS_G3,FUS,F,O19,12,2,268.5,16.82,9.45,13.573333333333332,52.8,8.499999999999998,51.55939444444445,1.4373516199999998,0.7899986944444444,29.544947916666665,17.908811111111113,0.7436183854166667,0.7313225000000001,0,0,Rest,0.0,0.0,0.0,0.0,6.0,0,0
15,P15_MO_G1,MO,M,O20,13,2,332.9,20.05,12.15,13.431182795698925,128.5,6.55247311827957,975.4556666666666,24.571082999999998,1.0842573333333334,328.4515625,306.3290476190476,1.04494375,1.105977619047619,0,0,Rest,0.0,0.0,0.0,0.0,0.0,1,1
15,P15_MO_G2,MO,M,O20,13,2,332.9,20.05,12.15,13.431182795698925,128.5,6.55247311827957,975.4556666666666,24.571082999999998,1.0842573333333334,328.4515625,306.3290476190476,1.04494375,1.105977619047619,0,0,Rest,0.0,0.0,0.0,0.0,6.0,1,1
15,P15_MO_G3,MO,M,O20,13,2,332.9,20.05,12.15,13.431182795698925,128.5,6.55247311827957,975.4556666666666,24.571082999999998,1.0842573333333334,328.4515625,306.3290476190476,1.04494375,1.105977619047619,0,0,Rest,0.0,0.0,0.0,0.0,7.0,1,1
15,P15_FUS_G1,FUS,F,O20,13,2,332.9,20.05,12.15,13.431182795698925,128.5,6.55247311827957,73.09411111111112,2.0148479999999998,0.8269595,52.831041666666664,15.236190476190476,0.8482940625,0.7824207142857144,0,0,Rest,0.0,0.0,0.0,0.0,0.0,0,0
15,P15_FUS_G2,FUS,F,O20,13,2,332.9,20.05,12.15,13.431182795698925,128.5,6.55247311827957,73.09411111111112,2.0148479999999998,0.8269595,52.831041666666664,15.236190476190476,0.8482940625,0.7824207142857144,0,0,Rest,0.0,0.0,0.0,0.0,8.0,0,0
15,P15_FUS_G3,FUS,F,O20,13,2,332.9,20.05,12.15,13.431182795698925,128.5,6.55247311827957,73.09411111111112,2.0148479999999998,0.8269595,52.831041666666664,15.236190476190476,0.8482940625,0.7824207142857144,0,0,Rest,0.0,0.0,0.0,0.0,0.0,0,0
15,P15_MO_G1,MO,M,O21,14,2,254.2,17.54,8.85,12.861827956989247,55.4,11.245161290322583,869.3336666666667,23.399452124999996,1.0151901666666667,337.36972767857145,309.48209199134203,0.9661597321428572,1.065224604978355,0,0,Rest,0.0,0.0,0.0,0.0,0.0,1,1
15,P15_MO_G2,MO,M,O21,14,2,254.2,17.54,8.85,12.861827956989247,55.4,11.245161290322583,869.3336666666667,23.399452124999996,1.0151901666666667,337.36972767857145,309.48209199134203,0.9661597321428572,1.065224604978355,0,0,Rest,0.0,0.0,0.0,0.0,0.0,1,1
15,P15_MO_G3,MO,M,O21,14,2,254.2,17.54,8.85,12.861827956989247,55.4,11.245161290322583,869.3336666666667,23.399452124999996,1.0151901666666667,337.36972767857145,309.48209199134203,0.9661597321428572,1.065224604978355,0,0,Rest,0.0,0.0,0.0,0.0,0.0,1,1
15,P15_FUS_G1,FUS,F,O21,14,2,254.2,17.54,8.85,12.861827956989247,55.4,11.245161290322583,98.39322222222222,2.7628546049999994,0.8015988333333333,40.36328511904762,42.95580546536797,0.8185490550595238,0.8055517207792209,0,0,Rest,0.0,0.0,0.0,0.0,0.0,0,0
15,P15_FUS_G2,FUS,F,O21,14,2,254.2,17.54,8.85,12.861827956989247,55.4,11.245161290322583,98.39322222222222,2.7628546049999994,0.8015988333333333,40.36328511904762,42.95580546536797,0.8185490550595238,0.8055517207792209,0,0,Rest,0.0,0.0,0.0,0.0,0.0,0,0
15,P15_FUS_G3,FUS,F,O21,14,2,254.2,17.54,8.85,12.861827956989247,55.4,11.245161290322583,98.39322222222222,2.7628546049999994,0.8015988333333333,40.36328511904762,42.95580546536797,0.8185490550595238,0.8055517207792209,0,0,Rest,0.0,0.0,0.0,0.0,0.0,0,0
15,P15_MO_G1,MO,M,O22,15,2,359.8,22.05,11.17,12.09611111111111,135.4,10.541935483870969,763.2116666666666,22.227821249999998,0.946123,346.2878928571429,312.6351363636364,0.8873757142857143,1.024471590909091,0,0,Rest,2.0,10.0,5.0,18.7,5.0,1,1
15,P15_MO_G2,MO,M,O22,15,2,359.8,22.05,11.17,12.09611111111111,135.4,10.541935483870969,763.2116666666666,22.227821249999998,0.946123,346.2878928571429,312.6351363636364,0.8873757142857143,1.024471590909091,0,0,Rest,0.0,0.0,0.0,0.0,0.0,1,1
15,P15_MO_G3,MO,M,O22,15,2,359.8,22.05,11.17,12.09611111111111,135.4,10.541935483870969,763.2116666666666,22.227821249999998,0.946123,346.2878928571429,312.6351363636364,0.8873757142857143,1.024471590909091,0,0,Rest,0.9,0.0,0.0,3.1,0.0,1,1
15,P15_FUS_G1,FUS,F,O22,15,2,359.8,22.05,11.17,12.09611111111111,135.4,10.541935483870969,123.69233333333334,3.5108612099999994,0.7762381666666667,27.89552857142857,70.67542045454546,0.7888040476190477,0.8286827272727273,0,0,Rest,1.5,10.0,2.0,5.5,8.0,0,0
15,P15_FUS_G2,FUS,F,O22,15,2,359.8,22.05,11.17,12.09611111111111,135.4,10.541935483870969,123.69233333333334,3.5108612099999994,0.7762381666666667,27.89552857142857,70.67542045454546,0.7888040476190477,0.8286827272727273,0,0,Rest,4.2,8.0,5.0,21.6,3.0,0,0
15,P15_FUS_G3,FUS,F,O22,15,2,359.8,22.05,11.17,12.09611111111111,135.4,10.541935483870969,123.69233333333334,3.5108612099999994,0.7762381666666667,27.89552857142857,70.67542045454546,0.7888040476190477,0.8286827272727273,0,0,Rest,5.1,9.0,6.0,37.53,3.0,0,0
15,P15_MO_G1,MO,M,O24,16,2,456.0,23.82,13.0,11.275268817204301,168.5,11.658064516129032,653.3528333333334,18.470978024999997,0.9771891666666667,256.1499776785714,244.4850056818182,0.9689269196428572,1.0528023579545454,1,2,Transition,0.0,9.0,4.0,0.0,5.0,1,1
15,P15_MO_G2,MO,M,O24,16,2,456.0,23.82,13.0,11.275268817204301,168.5,11.658064516129032,653.3528333333334,18.470978024999997,0.9771891666666667,256.1499776785714,244.4850056818182,0.9689269196428572,1.0528023579545454,1,2,Transition,0.0,18.0,14.0,0.0,4.0,1,1
15,P15_MO_G3,MO,M,O24,16,2,456.0,23.82,13.0,11.275268817204301,168.5,11.658064516129032,653.3528333333334,18.470978024999997,0.9771891666666667,256.1499776785714,244.4850056818182,0.9689269196428572,1.0528023579545454,1,2,Transition,0.0,12.0,9.0,0.0,3.0,1,1
15,P15_FUS_G1,FUS,F,O24,16,2,456.0,23.82,13.0,11.275268817204301,168.5,11.658064516129032,113.35729166666667,3.2460577499999994,0.6530068333333333,24.833476785714282,63.56088731060606,0.5984275446428572,0.7441341761363636,1,2,Transition,11.8,8.0,8.0,160.84,0.0,0,0
15,P15_FUS_G2,FUS,F,O24,16,2,456.0,23.82,13.0,11.275268817204301,168.5,11.658064516129032,113.35729166666667,3.2460577499999994,0.6530068333333333,24.833476785714282,63.56088731060606,0.5984275446428572,0.7441341761363636,1,2,Transition,20.5,8.0,6.0,304.8,2.0,0,0
15,P15_FUS_G3,FUS,F,O24,16,2,456.0,23.82,13.0,11.275268817204301,168.5,11.658064516129032,113.35729166666667,3.2460577499999994,0.6530068333333333,24.833476785714282,63.56088731060606,0.5984275446428572,0.7441341761363636,1,2,Transition,22.7,6.0,5.0,533.09,1.0,0,0
15,P15_MO_G1,MO,M,O26,17,2,388.05,22.97,12.9,10.541111111111112,95.9,9.483333333333333,543.494,14.714134799999998,1.0082553333333333,166.01206249999998,176.334875,1.050478125,1.081133125,1,1,Growth,17.4,3.0,3.0,482.41,0.0,1,1
15,P15_MO_G2,MO,M,O26,17,2,388.05,22.97,12.9,10.541111111111112,95.9,9.483333333333333,543.494,14.714134799999998,1.0082553333333333,166.01206249999998,176.334875,1.050478125,1.081133125,1,1,Growth,18.5,2.0,2.0,256.9,0.0,1,1
15,P15_MO_G3,MO,M,O26,17,2,388.05,22.97,12.9,10.541111111111112,95.9,9.483333333333333,543.494,14.714134799999998,1.0082553333333333,166.01206249999998,176.334875,1.050478125,1.081133125,1,1,Growth,8.0,0.0,0.0,171.43,0.0,1,1
15,P15_FUS_G1,FUS,F,O26,17,2,388.05,22.97,12.9,10.541111111111112,95.9,9.483333333333333,103.02225,2.98125429,0.5297755,21.771424999999997,56.44635416666667,0.40805104166666667,0.659585625,1,1,Growth,25.7,3.0,2.0,404.58,1.0,0,0
15,P15_FUS_G2,FUS,F,O26,17,2,388.05,22.97,12.9,10.541111111111112,95.9,9.483333333333333,103.02225,2.98125429,0.5297755,21.771424999999997,56.44635416666667,0.40805104166666667,0.659585625,1,1,Growth,20.8,4.0,3.0,467.77,1.0,0,0
15,P15_FUS_G3,FUS,F,O26,17,2,388.05,22.97,12.9,10.541111111111112,95.9,9.483333333333333,103.02225,2.98125429,0.5297755,21.771424999999997,56.44635416666667,0.40805104166666667,0.659585625,1,1,Growth,11.2,2.0,2.0,466.88,0.0,0,0
15,P15_MO_G1,MO,M,O27,18,2,322.5,27.26,16.68,10.145698924731182,23.3,10.490322580645163,588.9449166666667,20.34104046,0.9725731666666666,234.0997395833333,440.4505625,0.9222220833333333,1.0517682291666666,0,2,Transition,0.0,0.0,0.0,27.65,0.0,1,1
15,P15_MO_G2,MO,M,O27,18,2,322.5,27.26,16.68,10.145698924731182,23.3,10.490322580645163,588.9449166666667,20.34104046,0.9725731666666666,234.0997395833333,440.4505625,0.9222220833333333,1.0517682291666666,0,2,Transition,0.0,0.0,0.0,0.0,0.0,1,1
15,P15_MO_G3,MO,M,O27,18,2,322.5,27.26,16.68,10.145698924731182,23.3,10.490322580645163,588.9449166666667,20.34104046,0.9725731666666666,234.0997395833333,440.4505625,0.9222220833333333,1.0517682291666666,0,2,Transition,0.0,0.0,0.0,0.0,0.0,1,1
15,P15_FUS_G1,FUS,F,O27,18,2,322.5,27.26,16.68,10.145698924731182,23.3,10.490322580645163,89.20676388888889,3.0331109649999997,0.5531994166666666,26.88743125,71.78180902777778,0.5250030208333333,0.6832235069444443,0,2,Transition,0.1,0.0,0.0,13.28,0.0,0,0
15,P15_FUS_G2,FUS,F,O27,18,2,322.5,27.26,16.68,10.145698924731182,23.3,10.490322580645163,89.20676388888889,3.0331109649999997,0.5531994166666666,26.88743125,71.78180902777778,0.5250030208333333,0.6832235069444443,0,2,Transition,1.0,0.0,0.0,36.75,0.0,0,0
15,P15_FUS_G3,FUS,F,O27,18,2,322.5,27.26,16.68,10.145698924731182,23.3,10.490322580645163,89.20676388888889,3.0331109649999997,0.5531994166666666,26.88743125,71.78180902777778,0.5250030208333333,0.6832235069444443,0,2,Transition,0.3,0.0,0.0,16.21,0.0,0,0
15,P15_MO_G1,MO,M,O29,19,2,779.8,28.02,17.42,10.325806451612904,187.5,9.98709677419355,634.3958333333334,25.96794612,0.9368909999999999,302.18741666666665,704.56625,0.7939660416666667,1.0224033333333333,0,0,Rest,0.0,0.0,0.0,0.0,0.0,1,1
15,P15_MO_G2,MO,M,O29,19,2,779.8,28.02,17.42,10.325806451612904,187.5,9.98709677419355,634.3958333333334,25.96794612,0.9368909999999999,302.18741666666665,704.56625,0.7939660416666667,1.0224033333333333,0,0,Rest,0.0,0.0,0.0,0.0,0.0,1,1
15,P15_MO_G3,MO,M,O29,19,2,779.8,28.02,17.42,10.325806451612904,187.5,9.98709677419355,634.3958333333334,25.96794612,0.9368909999999999,302.18741666666665,704.56625,0.7939660416666667,1.0224033333333333,0,0,Rest,0.0,0.0,0.0,0.0,0.0,1,1
15,P15_FUS_G1,FUS,F,O29,19,2,779.8,28.02,17.42,10.325806451612904,187.5,9.98709677419355,75.39127777777777,3.08496764,0.5766233333333333,32.0034375,87.11726388888889,0.6419549999999999,0.7068613888888888,0,0,Rest,0.0,0.0,0.0,0.0,0.0,0,0
15,P15_FUS_G2,FUS,F,O29,19,2,779.8,28.02,17.42,10.325806451612904,187.5,9.98709677419355,75.39127777777777,3.08496764,0.5766233333333333,32.0034375,87.11726388888889,0.6419549999999999,0.7068613888888888,0,0,Rest,0.0,0.0,0.0,0.0,0.0,0,0
15,P15_FUS_G3,FUS,F,O29,19,2,779.8,28.02,17.42,10.325806451612904,187.5,9.98709677419355,75.39127777777777,3.08496764,0.5766233333333333,32.0034375,87.11726388888889,0.6419549999999999,0.7068613888888888,0,0,Rest,0.0,0.0,0.0,0.0,0.0,0,0
15,P15_MO_G1,MO,M,O31,20,2,643.7,28.42,17.34,10.939880952380951,13.0,11.763178571428575,519.1779166666666,20.25661176,0.864286,244.32847023809524,538.8165113636363,0.7380058779761904,0.8837241666666666,1,2,Transition,0.0,0.0,0.0,0.0,0.0,1,1
15,P15_MO_G2,MO,M,O31,20,2,643.7,28.42,17.34,10.939880952380951,13.0,11.763178571428575,519.1779166666666,20.25661176,0.864286,244.32847023809524,538.8165113636363,0.7380058779761904,0.8837241666666666,1,2,Transition,0.0,0.0,0.0,0.0,0.0,1,1
15,P15_MO_G3,MO,M,O31,20,2,643.7,28.42,17.34,10.939880952380951,13.0,11.763178571428575,519.1779166666666,20.25661176,0.864286,244.32847023809524,538.8165113636363,0.7380058779761904,0.8837241666666666,1,2,Transition,0.0,0.0,0.0,0.0,0.0,1,1
15,P15_FUS_G1,FUS,F,O31,20,2,643.7,28.42,17.34,10.939880952380951,13.0,11.763178571428575,63.33105555555555,2.2653747895,0.616657,21.791160773809523,57.8394273989899,0.625140238095238,0.7060227398989898,1,2,Transition,0.0,0.0,0.0,0.0,0.0,0,0
15,P15_FUS_G2,FUS,F,O31,20,2,643.7,28.42,17.34,10.939880952380951,13.0,11.763178571428575,63.33105555555555,2.2653747895,0.616657,21.791160773809523,57.8394273989899,0.625140238095238,0.7060227398989898,1,2,Transition,6.3,4.0,4.0,0.0,0.0,0,0
15,P15_FUS_G3,FUS,F,O31,20,2,643.7,28.42,17.34,10.939880952380951,13.0,11.763178571428575,63.33105555555555,2.2653747895,0.616657,21.791160773809523,57.8394273989899,0.625140238095238,0.7060227398989898,1,2,Transition,0.0,0.0,0.0,0.0,0.0,0,0
15,P15_MO_G1,MO,M,O33,21,2,509.1,27.9,17.21,11.73225806451613,127.69999999999999,11.061290322580646,403.96,14.5452774,0.7916810000000001,186.46952380952382,373.0667727272727,0.6820457142857143,0.745045,1,1,Growth,0.0,0.0,0.0,0.0,0.0,1,1
15,P15_MO_G2,MO,M,O33,21,2,509.1,27.9,17.21,11.73225806451613,127.69999999999999,11.061290322580646,403.96,14.5452774,0.7916810000000001,186.46952380952382,373.0667727272727,0.6820457142857143,0.745045,1,1,Growth,0.0,39.0,13.0,0.0,26.0,1,1
15,P15_MO_G3,MO,M,O33,21,2,509.1,27.9,17.21,11.73225806451613,127.69999999999999,11.061290322580646,403.96,14.5452774,0.7916810000000001,186.46952380952382,373.0667727272727,0.6820457142857143,0.745045,1,1,Growth,0.0,0.0,0.0,0.0,0.0,1,1
15,P15_FUS_G1,FUS,F,O33,21,2,509.1,27.9,17.21,11.73225806451613,127.69999999999999,11.061290322580646,51.270833333333336,1.4457819389999997,0.6566906666666666,11.578884047619047,28.56159090909091,0.6083254761904762,0.7051840909090908,1,1,Growth,0.0,1.0,0.0,0.0,1.0,0,0
15,P15_FUS_G2,FUS,F,O33,21,2,509.1,27.9,17.21,11.73225806451613,127.69999999999999,11.061290322580646,51.270833333333336,1.4457819389999997,0.6566906666666666,11.578884047619047,28.56159090909091,0.6083254761904762,0.7051840909090908,1,1,Growth,11.1,10.0,5.0,42.35,5.0,0,0
15,P15_FUS_G3,FUS,F,O33,21,2,509.1,27.9,17.21,11.73225806451613,127.69999999999999,11.061290322580646,51.270833333333336,1.4457819389999997,0.6566906666666666,11.578884047619047,28.56159090909091,0.6083254761904762,0.7051840909090908,1,1,Growth,1.8,5.0,3.0,17.28,2.0,0,0
15,P15_MO_G1,MO,M,O35,22,2,501.15,25.0,16.32,12.550555555555555,194.0,7.8100000000000005,294.23741666666666,9.794062845,0.8190529166666667,115.70453221726191,237.7302792207792,0.7740194196428571,0.7850082142857142,1,1,Growth,0.0,0.0,0.0,0.0,0.0,1,1
15,P15_MO_G2,MO,M,O35,22,2,501.15,25.0,16.32,12.550555555555555,194.0,7.8100000000000005,294.23741666666666,9.794062845,0.8190529166666667,115.70453221726191,237.7302792207792,0.7740194196428571,0.7850082142857142,1,1,Growth,0.0,1.0,1.0,0.0,0.0,1,1
15,P15_MO_G3,MO,M,O35,22,2,501.15,25.0,16.32,12.550555555555555,194.0,7.8100000000000005,294.23741666666666,9.794062845,0.8190529166666667,115.70453221726191,237.7302792207792,0.7740194196428571,0.7850082142857142,1,1,Growth,0.0,0.0,0.0,0.0,0.0,1,1
15,P15_FUS_G1,FUS,F,O35,22,2,501.15,25.0,16.32,12.550555555555555,194.0,7.8100000000000005,56.19375,1.4463646094999998,0.7005171666666667,13.583049836309524,22.106589502164503,0.617539144345238,0.7611390692640693,1,1,Growth,0.0,0.0,0.0,0.0,0.0,0,0
15,P15_FUS_G2,FUS,F,O35,22,2,501.15,25.0,16.32,12.550555555555555,194.0,7.8100000000000005,56.19375,1.4463646094999998,0.7005171666666667,13.583049836309524,22.106589502164503,0.617539144345238,0.7611390692640693,1,1,Growth,5.8,3.0,3.0,256.98,0.0,0,0
15,P15_FUS_G3,FUS,F,O35,22,2,501.15,25.0,16.32,12.550555555555555,194.0,7.8100000000000005,56.19375,1.4463646094999998,0.7005171666666667,13.583049836309524,22.106589502164503,0.617539144345238,0.7611390692640693,1,1,Growth,3.3,2.0,1.0,114.32,1.0,0,0
15,P15_MO_G1,MO,M,O37,23,2,338.95,20.16,11.71,13.236979166666666,217.70000000000002,8.432258064516128,184.5148333333333,5.042848289999999,0.8464248333333334,44.939540625,102.39378571428571,0.865993125,0.8249714285714286,0,2,Transition,0.0,0.0,0.0,0.0,0.0,1,1
15,P15_MO_G2,MO,M,O37,23,2,338.95,20.16,11.71,13.236979166666666,217.70000000000002,8.432258064516128,184.5148333333333,5.042848289999999,0.8464248333333334,44.939540625,102.39378571428571,0.865993125,0.8249714285714286,0,2,Transition,0.0,14.0,5.0,0.0,9.0,1,1
15,P15_MO_G3,MO,M,O37,23,2,338.95,20.16,11.71,13.236979166666666,217.70000000000002,8.432258064516128,184.5148333333333,5.042848289999999,0.8464248333333334,44.939540625,102.39378571428571,0.865993125,0.8249714285714286,0,2,Transition,0.0,0.0,0.0,0.0,0.0,1,1
15,P15_FUS_G1,FUS,F,O37,23,2,338.95,20.16,11.71,13.236979166666666,217.70000000000002,8.432258064516128,61.11666666666667,1.4469472799999998,0.7443436666666667,15.587215624999999,15.651588095238097,0.6267528125,0.8170940476190477,0,2,Transition,0.0,0.0,0.0,0.0,0.0,0,0
15,P15_FUS_G2,FUS,F,O37,23,2,338.95,20.16,11.71,13.236979166666666,217.70000000000002,8.432258064516128,61.11666666666667,1.4469472799999998,0.7443436666666667,15.587215624999999,15.651588095238097,0.6267528125,0.8170940476190477,0,2,Transition,5.7,4.0,4.0,17.45,0.0,0,0
15,P15_FUS_G3,FUS,F,O37,23,2,338.95,20.16,11.71,13.236979166666666,217.70000000000002,8.432258064516128,61.11666666666667,1.4469472799999998,0.7443436666666667,15.587215624999999,15.651588095238097,0.6267528125,0.8170940476190477,0,2,Transition,0.4,0.0,0.0,12.17,0.0,0,0
15,P15_MO_G1,MO,M,O38,24,2,194.65,23.29,14.52,13.575,,,184.5148333333333,5.042848289999999,0.8464248333333334,44.939540625,102.39378571428571,0.865993125,0.8249714285714286,0,0,Rest,0.0,0.0,0.0,0.0,0.0,1,1
15,P15_MO_G2,MO,M,O38,24,2,194.65,23.29,14.52,13.575,,,184.5148333333333,5.042848289999999,0.8464248333333334,44.939540625,102.39378571428571,0.865993125,0.8249714285714286,0,0,Rest,0.0,0.0,0.0,0.0,0.0,1,1
15,P15_MO_G3,MO,M,O38,24,2,194.65,23.29,14.52,13.575,,,184.5148333333333,5.042848289999999,0.8464248333333334,44.939540625,102.39378571428571,0.865993125,0.8249714285714286,0,0,Rest,0.0,0.0,0.0,0.0,0.0,1,1
15,P15_FUS_G1,FUS,F,O38,24,2,194.65,23.29,14.52,13.575,,,61.11666666666667,1.4469472799999998,0.7443436666666667,15.587215624999999,15.651588095238097,0.6267528125,0.8170940476190477,0,0,Rest,0.0,0.0,0.0,0.0,0.0,0,0
15,P15_FUS_G2,FUS,F,O38,24,2,194.65,23.29,14.52,13.575,,,61.11666666666667,1.4469472799999998,0.7443436666666667,15.587215624999999,15.651588095238097,0.6267528125,0.8170940476190477,0,0,Rest,0.0,0.0,0.0,0.0,0.0,0,0
15,P15_FUS_G3,FUS,F,O38,24,2,194.65,23.29,14.52,13.575,,,61.11666666666667,1.4469472799999998,0.7443436666666667,15.587215624999999,15.651588095238097,0.6267528125,0.8170940476190477,0,0,Rest,0.0,0.0,0.0,0.0,0.0,0,0
